ISO-10303-21;
HEADER;
/* Generated by software containing ST-Developer
 * from STEP Tools, Inc. (www.steptools.com) 
 */
/* OPTION: using custom renumber hook */

FILE_DESCRIPTION(
/* description */ (
'CAx-IF Rec.Pracs.---Representation and Presentation of Product Manufa
cturing Information (PMI)---4.0---2014-10-13',
'CAx-IF Rec.Pracs.---3D Tessellated Geometry---0.4---2014-09-14','2;1'),

/* implementation_level */ '2;1');

FILE_NAME(
/* name */ 'Wires_x4',
/* time_stamp */ '2026-05-24T21:07:35+03:00',
/* author */ (''),
/* organization */ (''),
/* preprocessor_version */ 'ST-DEVELOPER v19.4',
/* originating_system */ 'SIEMENS PLM Software NX2212.9120',
/* authorisation */ $);

FILE_SCHEMA (('AP242_MANAGED_MODEL_BASED_3D_ENGINEERING_MIM_LF { 1 0 10303 442 3 1 4 }'));
ENDSEC;

DATA;
#10=DEFAULT_MODEL_GEOMETRIC_VIEW('','',#53,#27,'','',#3177,*);
#11=MECHANICAL_DESIGN_AND_DRAUGHTING_RELATIONSHIP('','',#19,#20);
#12=MECHANICAL_DESIGN_AND_DRAUGHTING_RELATIONSHIP('','',#21,#20);
#13=MECHANICAL_DESIGN_AND_DRAUGHTING_RELATIONSHIP('','',#22,#20);
#14=MECHANICAL_DESIGN_AND_DRAUGHTING_RELATIONSHIP('','',#23,#20);
#15=MECHANICAL_DESIGN_AND_DRAUGHTING_RELATIONSHIP('','',#24,#20);
#16=MECHANICAL_DESIGN_AND_DRAUGHTING_RELATIONSHIP('','',#25,#20);
#17=MECHANICAL_DESIGN_AND_DRAUGHTING_RELATIONSHIP('','',#26,#20);
#18=MECHANICAL_DESIGN_AND_DRAUGHTING_RELATIONSHIP('','',#27,#20);
#19=DRAUGHTING_MODEL('Top',(#46,#37),#3172);
#20=DRAUGHTING_MODEL('',(#38),#3172);
#21=DRAUGHTING_MODEL('Front',(#47,#39),#3172);
#22=DRAUGHTING_MODEL('Right',(#48,#40),#3172);
#23=DRAUGHTING_MODEL('Back',(#49,#41),#3172);
#24=DRAUGHTING_MODEL('Bottom',(#50,#42),#3172);
#25=DRAUGHTING_MODEL('Left',(#51,#43),#3172);
#26=DRAUGHTING_MODEL('Isometric',(#52,#44),#3172);
#27=DRAUGHTING_MODEL('Trimetric',(#53,#45),#3172);
#28=REPRESENTATION_MAP(#1747,#71);
#29=REPRESENTATION_MAP(#1747,#71);
#30=REPRESENTATION_MAP(#1747,#71);
#31=REPRESENTATION_MAP(#1747,#71);
#32=REPRESENTATION_MAP(#1747,#71);
#33=REPRESENTATION_MAP(#1747,#71);
#34=REPRESENTATION_MAP(#1747,#71);
#35=REPRESENTATION_MAP(#1747,#71);
#36=REPRESENTATION_MAP(#1747,#71);
#37=MAPPED_ITEM('',#28,#1747);
#38=MAPPED_ITEM('',#29,#1747);
#39=MAPPED_ITEM('',#30,#1747);
#40=MAPPED_ITEM('',#31,#1747);
#41=MAPPED_ITEM('',#32,#1747);
#42=MAPPED_ITEM('',#33,#1747);
#43=MAPPED_ITEM('',#34,#1747);
#44=MAPPED_ITEM('',#35,#1747);
#45=MAPPED_ITEM('',#36,#1747);
#46=CAMERA_MODEL_D3('Top',#2048,#54);
#47=CAMERA_MODEL_D3('Front',#2050,#55);
#48=CAMERA_MODEL_D3('Right',#2052,#56);
#49=CAMERA_MODEL_D3('Back',#2054,#57);
#50=CAMERA_MODEL_D3('Bottom',#2056,#58);
#51=CAMERA_MODEL_D3('Left',#2058,#59);
#52=CAMERA_MODEL_D3('Isometric',#2060,#60);
#53=CAMERA_MODEL_D3('Trimetric',#2062,#61);
#54=VIEW_VOLUME(.PARALLEL.,#3148,67.7204284667969,0.,.F.,0.,.F.,.F.,#62);
#55=VIEW_VOLUME(.PARALLEL.,#3151,67.7204284667969,0.,.F.,0.,.F.,.F.,#63);
#56=VIEW_VOLUME(.PARALLEL.,#3154,41.3659858703613,0.,.F.,0.,.F.,.F.,#64);
#57=VIEW_VOLUME(.PARALLEL.,#3157,67.7204284667969,0.,.F.,0.,.F.,.F.,#65);
#58=VIEW_VOLUME(.PARALLEL.,#3160,67.7204246520996,0.,.F.,0.,.F.,.F.,#66);
#59=VIEW_VOLUME(.PARALLEL.,#3163,41.3659858703613,0.,.F.,0.,.F.,.F.,#67);
#60=VIEW_VOLUME(.PARALLEL.,#3166,74.2813476056122,0.,.F.,0.,.F.,.F.,#68);
#61=VIEW_VOLUME(.PARALLEL.,#3169,54.4884199812995,0.,.F.,0.,.F.,.F.,#69);
#62=PLANAR_BOX('',33.7691982936094,33.7691982936094,#2049);
#63=PLANAR_BOX('',33.7691982936094,33.7691982936094,#2051);
#64=PLANAR_BOX('',20.6273972432376,20.6273972432376,#2053);
#65=PLANAR_BOX('',33.7691982936094,33.7691982936094,#2055);
#66=PLANAR_BOX('',33.7691963913877,33.7691963913877,#2057);
#67=PLANAR_BOX('',20.6273972432376,20.6273972432376,#2059);
#68=PLANAR_BOX('',37.0408400183161,37.0408400183161,#2061);
#69=PLANAR_BOX('',27.1709778085077,27.1709778085077,#2063);
#70=SHAPE_REPRESENTATION_RELATIONSHIP('','',#1746,#71);
#71=ADVANCED_BREP_SHAPE_REPRESENTATION('',(#1741,#1742,#1743,#1744),#3172);
#72=PLANE('',#1841);
#73=PLANE('',#1842);
#74=PLANE('',#1912);
#75=PLANE('',#1913);
#76=PLANE('',#1987);
#77=PLANE('',#1988);
#78=PLANE('',#2046);
#79=PLANE('',#2047);
#80=ORIENTED_EDGE('',*,*,#376,.T.);
#81=ORIENTED_EDGE('',*,*,#377,.F.);
#82=ORIENTED_EDGE('',*,*,#378,.T.);
#83=ORIENTED_EDGE('',*,*,#376,.F.);
#84=ORIENTED_EDGE('',*,*,#379,.T.);
#85=ORIENTED_EDGE('',*,*,#378,.F.);
#86=ORIENTED_EDGE('',*,*,#380,.T.);
#87=ORIENTED_EDGE('',*,*,#379,.F.);
#88=ORIENTED_EDGE('',*,*,#381,.T.);
#89=ORIENTED_EDGE('',*,*,#380,.F.);
#90=ORIENTED_EDGE('',*,*,#382,.T.);
#91=ORIENTED_EDGE('',*,*,#381,.F.);
#92=ORIENTED_EDGE('',*,*,#383,.T.);
#93=ORIENTED_EDGE('',*,*,#382,.F.);
#94=ORIENTED_EDGE('',*,*,#384,.T.);
#95=ORIENTED_EDGE('',*,*,#383,.F.);
#96=ORIENTED_EDGE('',*,*,#385,.T.);
#97=ORIENTED_EDGE('',*,*,#384,.F.);
#98=ORIENTED_EDGE('',*,*,#386,.T.);
#99=ORIENTED_EDGE('',*,*,#385,.F.);
#100=ORIENTED_EDGE('',*,*,#387,.T.);
#101=ORIENTED_EDGE('',*,*,#386,.F.);
#102=ORIENTED_EDGE('',*,*,#388,.T.);
#103=ORIENTED_EDGE('',*,*,#387,.F.);
#104=ORIENTED_EDGE('',*,*,#389,.T.);
#105=ORIENTED_EDGE('',*,*,#388,.F.);
#106=ORIENTED_EDGE('',*,*,#390,.T.);
#107=ORIENTED_EDGE('',*,*,#389,.F.);
#108=ORIENTED_EDGE('',*,*,#391,.T.);
#109=ORIENTED_EDGE('',*,*,#390,.F.);
#110=ORIENTED_EDGE('',*,*,#392,.T.);
#111=ORIENTED_EDGE('',*,*,#391,.F.);
#112=ORIENTED_EDGE('',*,*,#393,.T.);
#113=ORIENTED_EDGE('',*,*,#392,.F.);
#114=ORIENTED_EDGE('',*,*,#394,.T.);
#115=ORIENTED_EDGE('',*,*,#393,.F.);
#116=ORIENTED_EDGE('',*,*,#395,.T.);
#117=ORIENTED_EDGE('',*,*,#394,.F.);
#118=ORIENTED_EDGE('',*,*,#396,.T.);
#119=ORIENTED_EDGE('',*,*,#395,.F.);
#120=ORIENTED_EDGE('',*,*,#397,.T.);
#121=ORIENTED_EDGE('',*,*,#396,.F.);
#122=ORIENTED_EDGE('',*,*,#398,.T.);
#123=ORIENTED_EDGE('',*,*,#397,.F.);
#124=ORIENTED_EDGE('',*,*,#399,.T.);
#125=ORIENTED_EDGE('',*,*,#398,.F.);
#126=ORIENTED_EDGE('',*,*,#400,.T.);
#127=ORIENTED_EDGE('',*,*,#399,.F.);
#128=ORIENTED_EDGE('',*,*,#401,.T.);
#129=ORIENTED_EDGE('',*,*,#400,.F.);
#130=ORIENTED_EDGE('',*,*,#402,.T.);
#131=ORIENTED_EDGE('',*,*,#401,.F.);
#132=ORIENTED_EDGE('',*,*,#403,.T.);
#133=ORIENTED_EDGE('',*,*,#402,.F.);
#134=ORIENTED_EDGE('',*,*,#404,.T.);
#135=ORIENTED_EDGE('',*,*,#403,.F.);
#136=ORIENTED_EDGE('',*,*,#405,.T.);
#137=ORIENTED_EDGE('',*,*,#404,.F.);
#138=ORIENTED_EDGE('',*,*,#406,.T.);
#139=ORIENTED_EDGE('',*,*,#405,.F.);
#140=ORIENTED_EDGE('',*,*,#407,.T.);
#141=ORIENTED_EDGE('',*,*,#406,.F.);
#142=ORIENTED_EDGE('',*,*,#408,.T.);
#143=ORIENTED_EDGE('',*,*,#407,.F.);
#144=ORIENTED_EDGE('',*,*,#409,.T.);
#145=ORIENTED_EDGE('',*,*,#408,.F.);
#146=ORIENTED_EDGE('',*,*,#410,.T.);
#147=ORIENTED_EDGE('',*,*,#409,.F.);
#148=ORIENTED_EDGE('',*,*,#411,.T.);
#149=ORIENTED_EDGE('',*,*,#410,.F.);
#150=ORIENTED_EDGE('',*,*,#412,.T.);
#151=ORIENTED_EDGE('',*,*,#411,.F.);
#152=ORIENTED_EDGE('',*,*,#413,.T.);
#153=ORIENTED_EDGE('',*,*,#412,.F.);
#154=ORIENTED_EDGE('',*,*,#414,.T.);
#155=ORIENTED_EDGE('',*,*,#413,.F.);
#156=ORIENTED_EDGE('',*,*,#415,.T.);
#157=ORIENTED_EDGE('',*,*,#414,.F.);
#158=ORIENTED_EDGE('',*,*,#416,.T.);
#159=ORIENTED_EDGE('',*,*,#415,.F.);
#160=ORIENTED_EDGE('',*,*,#417,.T.);
#161=ORIENTED_EDGE('',*,*,#416,.F.);
#162=ORIENTED_EDGE('',*,*,#418,.T.);
#163=ORIENTED_EDGE('',*,*,#417,.F.);
#164=ORIENTED_EDGE('',*,*,#419,.T.);
#165=ORIENTED_EDGE('',*,*,#418,.F.);
#166=ORIENTED_EDGE('',*,*,#420,.T.);
#167=ORIENTED_EDGE('',*,*,#419,.F.);
#168=ORIENTED_EDGE('',*,*,#421,.T.);
#169=ORIENTED_EDGE('',*,*,#420,.F.);
#170=ORIENTED_EDGE('',*,*,#421,.F.);
#171=ORIENTED_EDGE('',*,*,#422,.T.);
#172=ORIENTED_EDGE('',*,*,#377,.T.);
#173=ORIENTED_EDGE('',*,*,#422,.F.);
#174=ORIENTED_EDGE('',*,*,#423,.T.);
#175=ORIENTED_EDGE('',*,*,#424,.F.);
#176=ORIENTED_EDGE('',*,*,#425,.T.);
#177=ORIENTED_EDGE('',*,*,#423,.F.);
#178=ORIENTED_EDGE('',*,*,#426,.T.);
#179=ORIENTED_EDGE('',*,*,#425,.F.);
#180=ORIENTED_EDGE('',*,*,#427,.T.);
#181=ORIENTED_EDGE('',*,*,#426,.F.);
#182=ORIENTED_EDGE('',*,*,#428,.T.);
#183=ORIENTED_EDGE('',*,*,#427,.F.);
#184=ORIENTED_EDGE('',*,*,#429,.T.);
#185=ORIENTED_EDGE('',*,*,#428,.F.);
#186=ORIENTED_EDGE('',*,*,#430,.T.);
#187=ORIENTED_EDGE('',*,*,#429,.F.);
#188=ORIENTED_EDGE('',*,*,#431,.T.);
#189=ORIENTED_EDGE('',*,*,#430,.F.);
#190=ORIENTED_EDGE('',*,*,#432,.T.);
#191=ORIENTED_EDGE('',*,*,#431,.F.);
#192=ORIENTED_EDGE('',*,*,#433,.T.);
#193=ORIENTED_EDGE('',*,*,#432,.F.);
#194=ORIENTED_EDGE('',*,*,#434,.T.);
#195=ORIENTED_EDGE('',*,*,#433,.F.);
#196=ORIENTED_EDGE('',*,*,#435,.T.);
#197=ORIENTED_EDGE('',*,*,#434,.F.);
#198=ORIENTED_EDGE('',*,*,#436,.T.);
#199=ORIENTED_EDGE('',*,*,#435,.F.);
#200=ORIENTED_EDGE('',*,*,#437,.T.);
#201=ORIENTED_EDGE('',*,*,#436,.F.);
#202=ORIENTED_EDGE('',*,*,#438,.T.);
#203=ORIENTED_EDGE('',*,*,#437,.F.);
#204=ORIENTED_EDGE('',*,*,#439,.T.);
#205=ORIENTED_EDGE('',*,*,#438,.F.);
#206=ORIENTED_EDGE('',*,*,#440,.T.);
#207=ORIENTED_EDGE('',*,*,#439,.F.);
#208=ORIENTED_EDGE('',*,*,#441,.T.);
#209=ORIENTED_EDGE('',*,*,#440,.F.);
#210=ORIENTED_EDGE('',*,*,#442,.T.);
#211=ORIENTED_EDGE('',*,*,#441,.F.);
#212=ORIENTED_EDGE('',*,*,#443,.T.);
#213=ORIENTED_EDGE('',*,*,#442,.F.);
#214=ORIENTED_EDGE('',*,*,#444,.T.);
#215=ORIENTED_EDGE('',*,*,#443,.F.);
#216=ORIENTED_EDGE('',*,*,#445,.T.);
#217=ORIENTED_EDGE('',*,*,#444,.F.);
#218=ORIENTED_EDGE('',*,*,#446,.T.);
#219=ORIENTED_EDGE('',*,*,#445,.F.);
#220=ORIENTED_EDGE('',*,*,#447,.T.);
#221=ORIENTED_EDGE('',*,*,#446,.F.);
#222=ORIENTED_EDGE('',*,*,#448,.T.);
#223=ORIENTED_EDGE('',*,*,#447,.F.);
#224=ORIENTED_EDGE('',*,*,#449,.T.);
#225=ORIENTED_EDGE('',*,*,#448,.F.);
#226=ORIENTED_EDGE('',*,*,#450,.T.);
#227=ORIENTED_EDGE('',*,*,#449,.F.);
#228=ORIENTED_EDGE('',*,*,#451,.T.);
#229=ORIENTED_EDGE('',*,*,#450,.F.);
#230=ORIENTED_EDGE('',*,*,#452,.T.);
#231=ORIENTED_EDGE('',*,*,#451,.F.);
#232=ORIENTED_EDGE('',*,*,#453,.T.);
#233=ORIENTED_EDGE('',*,*,#452,.F.);
#234=ORIENTED_EDGE('',*,*,#454,.T.);
#235=ORIENTED_EDGE('',*,*,#453,.F.);
#236=ORIENTED_EDGE('',*,*,#455,.T.);
#237=ORIENTED_EDGE('',*,*,#454,.F.);
#238=ORIENTED_EDGE('',*,*,#456,.T.);
#239=ORIENTED_EDGE('',*,*,#455,.F.);
#240=ORIENTED_EDGE('',*,*,#456,.F.);
#241=ORIENTED_EDGE('',*,*,#457,.T.);
#242=ORIENTED_EDGE('',*,*,#424,.T.);
#243=ORIENTED_EDGE('',*,*,#457,.F.);
#244=ORIENTED_EDGE('',*,*,#458,.T.);
#245=ORIENTED_EDGE('',*,*,#459,.F.);
#246=ORIENTED_EDGE('',*,*,#460,.T.);
#247=ORIENTED_EDGE('',*,*,#458,.F.);
#248=ORIENTED_EDGE('',*,*,#461,.T.);
#249=ORIENTED_EDGE('',*,*,#460,.F.);
#250=ORIENTED_EDGE('',*,*,#462,.T.);
#251=ORIENTED_EDGE('',*,*,#461,.F.);
#252=ORIENTED_EDGE('',*,*,#463,.T.);
#253=ORIENTED_EDGE('',*,*,#462,.F.);
#254=ORIENTED_EDGE('',*,*,#464,.T.);
#255=ORIENTED_EDGE('',*,*,#463,.F.);
#256=ORIENTED_EDGE('',*,*,#465,.T.);
#257=ORIENTED_EDGE('',*,*,#464,.F.);
#258=ORIENTED_EDGE('',*,*,#466,.T.);
#259=ORIENTED_EDGE('',*,*,#465,.F.);
#260=ORIENTED_EDGE('',*,*,#467,.T.);
#261=ORIENTED_EDGE('',*,*,#466,.F.);
#262=ORIENTED_EDGE('',*,*,#468,.T.);
#263=ORIENTED_EDGE('',*,*,#467,.F.);
#264=ORIENTED_EDGE('',*,*,#469,.T.);
#265=ORIENTED_EDGE('',*,*,#468,.F.);
#266=ORIENTED_EDGE('',*,*,#470,.T.);
#267=ORIENTED_EDGE('',*,*,#469,.F.);
#268=ORIENTED_EDGE('',*,*,#471,.T.);
#269=ORIENTED_EDGE('',*,*,#470,.F.);
#270=ORIENTED_EDGE('',*,*,#472,.T.);
#271=ORIENTED_EDGE('',*,*,#471,.F.);
#272=ORIENTED_EDGE('',*,*,#473,.T.);
#273=ORIENTED_EDGE('',*,*,#472,.F.);
#274=ORIENTED_EDGE('',*,*,#474,.T.);
#275=ORIENTED_EDGE('',*,*,#473,.F.);
#276=ORIENTED_EDGE('',*,*,#475,.T.);
#277=ORIENTED_EDGE('',*,*,#474,.F.);
#278=ORIENTED_EDGE('',*,*,#476,.T.);
#279=ORIENTED_EDGE('',*,*,#475,.F.);
#280=ORIENTED_EDGE('',*,*,#477,.T.);
#281=ORIENTED_EDGE('',*,*,#476,.F.);
#282=ORIENTED_EDGE('',*,*,#478,.T.);
#283=ORIENTED_EDGE('',*,*,#477,.F.);
#284=ORIENTED_EDGE('',*,*,#479,.T.);
#285=ORIENTED_EDGE('',*,*,#478,.F.);
#286=ORIENTED_EDGE('',*,*,#480,.T.);
#287=ORIENTED_EDGE('',*,*,#479,.F.);
#288=ORIENTED_EDGE('',*,*,#481,.T.);
#289=ORIENTED_EDGE('',*,*,#480,.F.);
#290=ORIENTED_EDGE('',*,*,#482,.T.);
#291=ORIENTED_EDGE('',*,*,#481,.F.);
#292=ORIENTED_EDGE('',*,*,#483,.T.);
#293=ORIENTED_EDGE('',*,*,#482,.F.);
#294=ORIENTED_EDGE('',*,*,#484,.T.);
#295=ORIENTED_EDGE('',*,*,#483,.F.);
#296=ORIENTED_EDGE('',*,*,#485,.T.);
#297=ORIENTED_EDGE('',*,*,#484,.F.);
#298=ORIENTED_EDGE('',*,*,#486,.T.);
#299=ORIENTED_EDGE('',*,*,#485,.F.);
#300=ORIENTED_EDGE('',*,*,#487,.T.);
#301=ORIENTED_EDGE('',*,*,#486,.F.);
#302=ORIENTED_EDGE('',*,*,#488,.T.);
#303=ORIENTED_EDGE('',*,*,#487,.F.);
#304=ORIENTED_EDGE('',*,*,#489,.T.);
#305=ORIENTED_EDGE('',*,*,#488,.F.);
#306=ORIENTED_EDGE('',*,*,#490,.T.);
#307=ORIENTED_EDGE('',*,*,#489,.F.);
#308=ORIENTED_EDGE('',*,*,#491,.T.);
#309=ORIENTED_EDGE('',*,*,#490,.F.);
#310=ORIENTED_EDGE('',*,*,#492,.T.);
#311=ORIENTED_EDGE('',*,*,#491,.F.);
#312=ORIENTED_EDGE('',*,*,#493,.T.);
#313=ORIENTED_EDGE('',*,*,#492,.F.);
#314=ORIENTED_EDGE('',*,*,#493,.F.);
#315=ORIENTED_EDGE('',*,*,#494,.T.);
#316=ORIENTED_EDGE('',*,*,#459,.T.);
#317=ORIENTED_EDGE('',*,*,#494,.F.);
#318=ORIENTED_EDGE('',*,*,#495,.T.);
#319=ORIENTED_EDGE('',*,*,#496,.F.);
#320=ORIENTED_EDGE('',*,*,#497,.T.);
#321=ORIENTED_EDGE('',*,*,#495,.F.);
#322=ORIENTED_EDGE('',*,*,#498,.T.);
#323=ORIENTED_EDGE('',*,*,#497,.F.);
#324=ORIENTED_EDGE('',*,*,#499,.T.);
#325=ORIENTED_EDGE('',*,*,#498,.F.);
#326=ORIENTED_EDGE('',*,*,#500,.T.);
#327=ORIENTED_EDGE('',*,*,#499,.F.);
#328=ORIENTED_EDGE('',*,*,#501,.T.);
#329=ORIENTED_EDGE('',*,*,#500,.F.);
#330=ORIENTED_EDGE('',*,*,#502,.T.);
#331=ORIENTED_EDGE('',*,*,#501,.F.);
#332=ORIENTED_EDGE('',*,*,#503,.T.);
#333=ORIENTED_EDGE('',*,*,#502,.F.);
#334=ORIENTED_EDGE('',*,*,#504,.T.);
#335=ORIENTED_EDGE('',*,*,#503,.F.);
#336=ORIENTED_EDGE('',*,*,#505,.T.);
#337=ORIENTED_EDGE('',*,*,#504,.F.);
#338=ORIENTED_EDGE('',*,*,#506,.T.);
#339=ORIENTED_EDGE('',*,*,#505,.F.);
#340=ORIENTED_EDGE('',*,*,#507,.T.);
#341=ORIENTED_EDGE('',*,*,#506,.F.);
#342=ORIENTED_EDGE('',*,*,#508,.T.);
#343=ORIENTED_EDGE('',*,*,#507,.F.);
#344=ORIENTED_EDGE('',*,*,#509,.T.);
#345=ORIENTED_EDGE('',*,*,#508,.F.);
#346=ORIENTED_EDGE('',*,*,#510,.T.);
#347=ORIENTED_EDGE('',*,*,#509,.F.);
#348=ORIENTED_EDGE('',*,*,#511,.T.);
#349=ORIENTED_EDGE('',*,*,#510,.F.);
#350=ORIENTED_EDGE('',*,*,#512,.T.);
#351=ORIENTED_EDGE('',*,*,#511,.F.);
#352=ORIENTED_EDGE('',*,*,#513,.T.);
#353=ORIENTED_EDGE('',*,*,#512,.F.);
#354=ORIENTED_EDGE('',*,*,#514,.T.);
#355=ORIENTED_EDGE('',*,*,#513,.F.);
#356=ORIENTED_EDGE('',*,*,#515,.T.);
#357=ORIENTED_EDGE('',*,*,#514,.F.);
#358=ORIENTED_EDGE('',*,*,#516,.T.);
#359=ORIENTED_EDGE('',*,*,#515,.F.);
#360=ORIENTED_EDGE('',*,*,#517,.T.);
#361=ORIENTED_EDGE('',*,*,#516,.F.);
#362=ORIENTED_EDGE('',*,*,#518,.T.);
#363=ORIENTED_EDGE('',*,*,#517,.F.);
#364=ORIENTED_EDGE('',*,*,#519,.T.);
#365=ORIENTED_EDGE('',*,*,#518,.F.);
#366=ORIENTED_EDGE('',*,*,#520,.T.);
#367=ORIENTED_EDGE('',*,*,#519,.F.);
#368=ORIENTED_EDGE('',*,*,#521,.T.);
#369=ORIENTED_EDGE('',*,*,#520,.F.);
#370=ORIENTED_EDGE('',*,*,#522,.T.);
#371=ORIENTED_EDGE('',*,*,#521,.F.);
#372=ORIENTED_EDGE('',*,*,#522,.F.);
#373=ORIENTED_EDGE('',*,*,#523,.T.);
#374=ORIENTED_EDGE('',*,*,#496,.T.);
#375=ORIENTED_EDGE('',*,*,#523,.F.);
#376=EDGE_CURVE('',#524,#524,#672,.T.);
#377=EDGE_CURVE('',#525,#525,#673,.T.);
#378=EDGE_CURVE('',#526,#526,#674,.T.);
#379=EDGE_CURVE('',#527,#527,#675,.T.);
#380=EDGE_CURVE('',#528,#528,#676,.T.);
#381=EDGE_CURVE('',#529,#529,#677,.T.);
#382=EDGE_CURVE('',#530,#530,#678,.T.);
#383=EDGE_CURVE('',#531,#531,#679,.T.);
#384=EDGE_CURVE('',#532,#532,#680,.T.);
#385=EDGE_CURVE('',#533,#533,#681,.T.);
#386=EDGE_CURVE('',#534,#534,#682,.T.);
#387=EDGE_CURVE('',#535,#535,#683,.T.);
#388=EDGE_CURVE('',#536,#536,#684,.T.);
#389=EDGE_CURVE('',#537,#537,#685,.T.);
#390=EDGE_CURVE('',#538,#538,#686,.T.);
#391=EDGE_CURVE('',#539,#539,#687,.T.);
#392=EDGE_CURVE('',#540,#540,#688,.T.);
#393=EDGE_CURVE('',#541,#541,#689,.T.);
#394=EDGE_CURVE('',#542,#542,#690,.T.);
#395=EDGE_CURVE('',#543,#543,#691,.T.);
#396=EDGE_CURVE('',#544,#544,#692,.T.);
#397=EDGE_CURVE('',#545,#545,#693,.T.);
#398=EDGE_CURVE('',#546,#546,#694,.T.);
#399=EDGE_CURVE('',#547,#547,#695,.T.);
#400=EDGE_CURVE('',#548,#548,#696,.T.);
#401=EDGE_CURVE('',#549,#549,#697,.T.);
#402=EDGE_CURVE('',#550,#550,#698,.T.);
#403=EDGE_CURVE('',#551,#551,#699,.T.);
#404=EDGE_CURVE('',#552,#552,#700,.T.);
#405=EDGE_CURVE('',#553,#553,#701,.T.);
#406=EDGE_CURVE('',#554,#554,#702,.T.);
#407=EDGE_CURVE('',#555,#555,#703,.T.);
#408=EDGE_CURVE('',#556,#556,#704,.T.);
#409=EDGE_CURVE('',#557,#557,#705,.T.);
#410=EDGE_CURVE('',#558,#558,#706,.T.);
#411=EDGE_CURVE('',#559,#559,#707,.T.);
#412=EDGE_CURVE('',#560,#560,#708,.T.);
#413=EDGE_CURVE('',#561,#561,#709,.T.);
#414=EDGE_CURVE('',#562,#562,#710,.T.);
#415=EDGE_CURVE('',#563,#563,#711,.T.);
#416=EDGE_CURVE('',#564,#564,#712,.T.);
#417=EDGE_CURVE('',#565,#565,#713,.T.);
#418=EDGE_CURVE('',#566,#566,#714,.T.);
#419=EDGE_CURVE('',#567,#567,#715,.T.);
#420=EDGE_CURVE('',#568,#568,#716,.T.);
#421=EDGE_CURVE('',#569,#569,#717,.T.);
#422=EDGE_CURVE('',#570,#570,#718,.T.);
#423=EDGE_CURVE('',#571,#571,#719,.T.);
#424=EDGE_CURVE('',#572,#572,#720,.T.);
#425=EDGE_CURVE('',#573,#573,#721,.T.);
#426=EDGE_CURVE('',#574,#574,#722,.T.);
#427=EDGE_CURVE('',#575,#575,#723,.T.);
#428=EDGE_CURVE('',#576,#576,#724,.T.);
#429=EDGE_CURVE('',#577,#577,#725,.T.);
#430=EDGE_CURVE('',#578,#578,#726,.T.);
#431=EDGE_CURVE('',#579,#579,#727,.T.);
#432=EDGE_CURVE('',#580,#580,#728,.T.);
#433=EDGE_CURVE('',#581,#581,#729,.T.);
#434=EDGE_CURVE('',#582,#582,#730,.T.);
#435=EDGE_CURVE('',#583,#583,#731,.T.);
#436=EDGE_CURVE('',#584,#584,#732,.T.);
#437=EDGE_CURVE('',#585,#585,#733,.T.);
#438=EDGE_CURVE('',#586,#586,#734,.T.);
#439=EDGE_CURVE('',#587,#587,#735,.T.);
#440=EDGE_CURVE('',#588,#588,#736,.T.);
#441=EDGE_CURVE('',#589,#589,#737,.T.);
#442=EDGE_CURVE('',#590,#590,#738,.T.);
#443=EDGE_CURVE('',#591,#591,#739,.T.);
#444=EDGE_CURVE('',#592,#592,#740,.T.);
#445=EDGE_CURVE('',#593,#593,#741,.T.);
#446=EDGE_CURVE('',#594,#594,#742,.T.);
#447=EDGE_CURVE('',#595,#595,#743,.T.);
#448=EDGE_CURVE('',#596,#596,#744,.T.);
#449=EDGE_CURVE('',#597,#597,#745,.T.);
#450=EDGE_CURVE('',#598,#598,#746,.T.);
#451=EDGE_CURVE('',#599,#599,#747,.T.);
#452=EDGE_CURVE('',#600,#600,#748,.T.);
#453=EDGE_CURVE('',#601,#601,#749,.T.);
#454=EDGE_CURVE('',#602,#602,#750,.T.);
#455=EDGE_CURVE('',#603,#603,#751,.T.);
#456=EDGE_CURVE('',#604,#604,#752,.T.);
#457=EDGE_CURVE('',#605,#605,#753,.T.);
#458=EDGE_CURVE('',#606,#606,#754,.T.);
#459=EDGE_CURVE('',#607,#607,#755,.T.);
#460=EDGE_CURVE('',#608,#608,#756,.T.);
#461=EDGE_CURVE('',#609,#609,#757,.T.);
#462=EDGE_CURVE('',#610,#610,#758,.T.);
#463=EDGE_CURVE('',#611,#611,#759,.T.);
#464=EDGE_CURVE('',#612,#612,#760,.T.);
#465=EDGE_CURVE('',#613,#613,#761,.T.);
#466=EDGE_CURVE('',#614,#614,#762,.T.);
#467=EDGE_CURVE('',#615,#615,#763,.T.);
#468=EDGE_CURVE('',#616,#616,#764,.T.);
#469=EDGE_CURVE('',#617,#617,#765,.T.);
#470=EDGE_CURVE('',#618,#618,#766,.T.);
#471=EDGE_CURVE('',#619,#619,#767,.T.);
#472=EDGE_CURVE('',#620,#620,#768,.T.);
#473=EDGE_CURVE('',#621,#621,#769,.T.);
#474=EDGE_CURVE('',#622,#622,#770,.T.);
#475=EDGE_CURVE('',#623,#623,#771,.T.);
#476=EDGE_CURVE('',#624,#624,#772,.T.);
#477=EDGE_CURVE('',#625,#625,#773,.T.);
#478=EDGE_CURVE('',#626,#626,#774,.T.);
#479=EDGE_CURVE('',#627,#627,#775,.T.);
#480=EDGE_CURVE('',#628,#628,#776,.T.);
#481=EDGE_CURVE('',#629,#629,#777,.T.);
#482=EDGE_CURVE('',#630,#630,#778,.T.);
#483=EDGE_CURVE('',#631,#631,#779,.T.);
#484=EDGE_CURVE('',#632,#632,#780,.T.);
#485=EDGE_CURVE('',#633,#633,#781,.T.);
#486=EDGE_CURVE('',#634,#634,#782,.T.);
#487=EDGE_CURVE('',#635,#635,#783,.T.);
#488=EDGE_CURVE('',#636,#636,#784,.T.);
#489=EDGE_CURVE('',#637,#637,#785,.T.);
#490=EDGE_CURVE('',#638,#638,#786,.T.);
#491=EDGE_CURVE('',#639,#639,#787,.T.);
#492=EDGE_CURVE('',#640,#640,#788,.T.);
#493=EDGE_CURVE('',#641,#641,#789,.T.);
#494=EDGE_CURVE('',#642,#642,#790,.T.);
#495=EDGE_CURVE('',#643,#643,#791,.T.);
#496=EDGE_CURVE('',#644,#644,#792,.T.);
#497=EDGE_CURVE('',#645,#645,#793,.T.);
#498=EDGE_CURVE('',#646,#646,#794,.T.);
#499=EDGE_CURVE('',#647,#647,#795,.T.);
#500=EDGE_CURVE('',#648,#648,#796,.T.);
#501=EDGE_CURVE('',#649,#649,#797,.T.);
#502=EDGE_CURVE('',#650,#650,#798,.T.);
#503=EDGE_CURVE('',#651,#651,#799,.T.);
#504=EDGE_CURVE('',#652,#652,#800,.T.);
#505=EDGE_CURVE('',#653,#653,#801,.T.);
#506=EDGE_CURVE('',#654,#654,#802,.T.);
#507=EDGE_CURVE('',#655,#655,#803,.T.);
#508=EDGE_CURVE('',#656,#656,#804,.T.);
#509=EDGE_CURVE('',#657,#657,#805,.T.);
#510=EDGE_CURVE('',#658,#658,#806,.T.);
#511=EDGE_CURVE('',#659,#659,#807,.T.);
#512=EDGE_CURVE('',#660,#660,#808,.T.);
#513=EDGE_CURVE('',#661,#661,#809,.T.);
#514=EDGE_CURVE('',#662,#662,#810,.T.);
#515=EDGE_CURVE('',#663,#663,#811,.T.);
#516=EDGE_CURVE('',#664,#664,#812,.T.);
#517=EDGE_CURVE('',#665,#665,#813,.T.);
#518=EDGE_CURVE('',#666,#666,#814,.T.);
#519=EDGE_CURVE('',#667,#667,#815,.T.);
#520=EDGE_CURVE('',#668,#668,#816,.T.);
#521=EDGE_CURVE('',#669,#669,#817,.T.);
#522=EDGE_CURVE('',#670,#670,#818,.T.);
#523=EDGE_CURVE('',#671,#671,#819,.T.);
#524=VERTEX_POINT('',#2701);
#525=VERTEX_POINT('',#2703);
#526=VERTEX_POINT('',#2706);
#527=VERTEX_POINT('',#2709);
#528=VERTEX_POINT('',#2712);
#529=VERTEX_POINT('',#2715);
#530=VERTEX_POINT('',#2718);
#531=VERTEX_POINT('',#2721);
#532=VERTEX_POINT('',#2724);
#533=VERTEX_POINT('',#2727);
#534=VERTEX_POINT('',#2730);
#535=VERTEX_POINT('',#2733);
#536=VERTEX_POINT('',#2736);
#537=VERTEX_POINT('',#2739);
#538=VERTEX_POINT('',#2742);
#539=VERTEX_POINT('',#2745);
#540=VERTEX_POINT('',#2748);
#541=VERTEX_POINT('',#2751);
#542=VERTEX_POINT('',#2754);
#543=VERTEX_POINT('',#2757);
#544=VERTEX_POINT('',#2760);
#545=VERTEX_POINT('',#2763);
#546=VERTEX_POINT('',#2766);
#547=VERTEX_POINT('',#2769);
#548=VERTEX_POINT('',#2772);
#549=VERTEX_POINT('',#2775);
#550=VERTEX_POINT('',#2778);
#551=VERTEX_POINT('',#2781);
#552=VERTEX_POINT('',#2784);
#553=VERTEX_POINT('',#2787);
#554=VERTEX_POINT('',#2790);
#555=VERTEX_POINT('',#2793);
#556=VERTEX_POINT('',#2796);
#557=VERTEX_POINT('',#2799);
#558=VERTEX_POINT('',#2802);
#559=VERTEX_POINT('',#2805);
#560=VERTEX_POINT('',#2808);
#561=VERTEX_POINT('',#2811);
#562=VERTEX_POINT('',#2814);
#563=VERTEX_POINT('',#2817);
#564=VERTEX_POINT('',#2820);
#565=VERTEX_POINT('',#2823);
#566=VERTEX_POINT('',#2826);
#567=VERTEX_POINT('',#2829);
#568=VERTEX_POINT('',#2832);
#569=VERTEX_POINT('',#2835);
#570=VERTEX_POINT('',#2838);
#571=VERTEX_POINT('',#2843);
#572=VERTEX_POINT('',#2845);
#573=VERTEX_POINT('',#2848);
#574=VERTEX_POINT('',#2851);
#575=VERTEX_POINT('',#2854);
#576=VERTEX_POINT('',#2857);
#577=VERTEX_POINT('',#2860);
#578=VERTEX_POINT('',#2863);
#579=VERTEX_POINT('',#2866);
#580=VERTEX_POINT('',#2869);
#581=VERTEX_POINT('',#2872);
#582=VERTEX_POINT('',#2875);
#583=VERTEX_POINT('',#2878);
#584=VERTEX_POINT('',#2881);
#585=VERTEX_POINT('',#2884);
#586=VERTEX_POINT('',#2887);
#587=VERTEX_POINT('',#2890);
#588=VERTEX_POINT('',#2893);
#589=VERTEX_POINT('',#2896);
#590=VERTEX_POINT('',#2899);
#591=VERTEX_POINT('',#2902);
#592=VERTEX_POINT('',#2905);
#593=VERTEX_POINT('',#2908);
#594=VERTEX_POINT('',#2911);
#595=VERTEX_POINT('',#2914);
#596=VERTEX_POINT('',#2917);
#597=VERTEX_POINT('',#2920);
#598=VERTEX_POINT('',#2923);
#599=VERTEX_POINT('',#2926);
#600=VERTEX_POINT('',#2929);
#601=VERTEX_POINT('',#2932);
#602=VERTEX_POINT('',#2935);
#603=VERTEX_POINT('',#2938);
#604=VERTEX_POINT('',#2941);
#605=VERTEX_POINT('',#2944);
#606=VERTEX_POINT('',#2949);
#607=VERTEX_POINT('',#2951);
#608=VERTEX_POINT('',#2954);
#609=VERTEX_POINT('',#2957);
#610=VERTEX_POINT('',#2960);
#611=VERTEX_POINT('',#2963);
#612=VERTEX_POINT('',#2966);
#613=VERTEX_POINT('',#2969);
#614=VERTEX_POINT('',#2972);
#615=VERTEX_POINT('',#2975);
#616=VERTEX_POINT('',#2978);
#617=VERTEX_POINT('',#2981);
#618=VERTEX_POINT('',#2984);
#619=VERTEX_POINT('',#2987);
#620=VERTEX_POINT('',#2990);
#621=VERTEX_POINT('',#2993);
#622=VERTEX_POINT('',#2996);
#623=VERTEX_POINT('',#2999);
#624=VERTEX_POINT('',#3002);
#625=VERTEX_POINT('',#3005);
#626=VERTEX_POINT('',#3008);
#627=VERTEX_POINT('',#3011);
#628=VERTEX_POINT('',#3014);
#629=VERTEX_POINT('',#3017);
#630=VERTEX_POINT('',#3020);
#631=VERTEX_POINT('',#3023);
#632=VERTEX_POINT('',#3026);
#633=VERTEX_POINT('',#3029);
#634=VERTEX_POINT('',#3032);
#635=VERTEX_POINT('',#3035);
#636=VERTEX_POINT('',#3038);
#637=VERTEX_POINT('',#3041);
#638=VERTEX_POINT('',#3044);
#639=VERTEX_POINT('',#3047);
#640=VERTEX_POINT('',#3050);
#641=VERTEX_POINT('',#3053);
#642=VERTEX_POINT('',#3056);
#643=VERTEX_POINT('',#3061);
#644=VERTEX_POINT('',#3063);
#645=VERTEX_POINT('',#3066);
#646=VERTEX_POINT('',#3069);
#647=VERTEX_POINT('',#3072);
#648=VERTEX_POINT('',#3075);
#649=VERTEX_POINT('',#3078);
#650=VERTEX_POINT('',#3081);
#651=VERTEX_POINT('',#3084);
#652=VERTEX_POINT('',#3087);
#653=VERTEX_POINT('',#3090);
#654=VERTEX_POINT('',#3093);
#655=VERTEX_POINT('',#3096);
#656=VERTEX_POINT('',#3099);
#657=VERTEX_POINT('',#3102);
#658=VERTEX_POINT('',#3105);
#659=VERTEX_POINT('',#3108);
#660=VERTEX_POINT('',#3111);
#661=VERTEX_POINT('',#3114);
#662=VERTEX_POINT('',#3117);
#663=VERTEX_POINT('',#3120);
#664=VERTEX_POINT('',#3123);
#665=VERTEX_POINT('',#3126);
#666=VERTEX_POINT('',#3129);
#667=VERTEX_POINT('',#3132);
#668=VERTEX_POINT('',#3135);
#669=VERTEX_POINT('',#3138);
#670=VERTEX_POINT('',#3141);
#671=VERTEX_POINT('',#3144);
#672=CIRCLE('',#1749,0.4);
#673=CIRCLE('',#1750,0.4);
#674=CIRCLE('',#1752,0.4);
#675=CIRCLE('',#1754,0.4);
#676=CIRCLE('',#1756,0.4);
#677=CIRCLE('',#1758,0.4);
#678=CIRCLE('',#1760,0.4);
#679=CIRCLE('',#1762,0.4);
#680=CIRCLE('',#1764,0.4);
#681=CIRCLE('',#1766,0.4);
#682=CIRCLE('',#1768,0.4);
#683=CIRCLE('',#1770,0.4);
#684=CIRCLE('',#1772,0.4);
#685=CIRCLE('',#1774,0.4);
#686=CIRCLE('',#1776,0.4);
#687=CIRCLE('',#1778,0.4);
#688=CIRCLE('',#1780,0.4);
#689=CIRCLE('',#1782,0.4);
#690=CIRCLE('',#1784,0.4);
#691=CIRCLE('',#1786,0.4);
#692=CIRCLE('',#1788,0.4);
#693=CIRCLE('',#1790,0.4);
#694=CIRCLE('',#1792,0.4);
#695=CIRCLE('',#1794,0.4);
#696=CIRCLE('',#1796,0.4);
#697=CIRCLE('',#1798,0.4);
#698=CIRCLE('',#1800,0.4);
#699=CIRCLE('',#1802,0.4);
#700=CIRCLE('',#1804,0.4);
#701=CIRCLE('',#1806,0.4);
#702=CIRCLE('',#1808,0.4);
#703=CIRCLE('',#1810,0.4);
#704=CIRCLE('',#1812,0.4);
#705=CIRCLE('',#1814,0.4);
#706=CIRCLE('',#1816,0.4);
#707=CIRCLE('',#1818,0.4);
#708=CIRCLE('',#1820,0.4);
#709=CIRCLE('',#1822,0.4);
#710=CIRCLE('',#1824,0.4);
#711=CIRCLE('',#1826,0.4);
#712=CIRCLE('',#1828,0.4);
#713=CIRCLE('',#1830,0.4);
#714=CIRCLE('',#1832,0.4);
#715=CIRCLE('',#1834,0.4);
#716=CIRCLE('',#1836,0.4);
#717=CIRCLE('',#1838,0.4);
#718=CIRCLE('',#1840,0.4);
#719=CIRCLE('',#1844,0.4);
#720=CIRCLE('',#1845,0.4);
#721=CIRCLE('',#1847,0.4);
#722=CIRCLE('',#1849,0.4);
#723=CIRCLE('',#1851,0.4);
#724=CIRCLE('',#1853,0.4);
#725=CIRCLE('',#1855,0.4);
#726=CIRCLE('',#1857,0.4);
#727=CIRCLE('',#1859,0.4);
#728=CIRCLE('',#1861,0.4);
#729=CIRCLE('',#1863,0.4);
#730=CIRCLE('',#1865,0.4);
#731=CIRCLE('',#1867,0.4);
#732=CIRCLE('',#1869,0.4);
#733=CIRCLE('',#1871,0.4);
#734=CIRCLE('',#1873,0.4);
#735=CIRCLE('',#1875,0.4);
#736=CIRCLE('',#1877,0.4);
#737=CIRCLE('',#1879,0.4);
#738=CIRCLE('',#1881,0.4);
#739=CIRCLE('',#1883,0.4);
#740=CIRCLE('',#1885,0.4);
#741=CIRCLE('',#1887,0.4);
#742=CIRCLE('',#1889,0.4);
#743=CIRCLE('',#1891,0.4);
#744=CIRCLE('',#1893,0.4);
#745=CIRCLE('',#1895,0.4);
#746=CIRCLE('',#1897,0.4);
#747=CIRCLE('',#1899,0.4);
#748=CIRCLE('',#1901,0.4);
#749=CIRCLE('',#1903,0.4);
#750=CIRCLE('',#1905,0.4);
#751=CIRCLE('',#1907,0.4);
#752=CIRCLE('',#1909,0.4);
#753=CIRCLE('',#1911,0.4);
#754=CIRCLE('',#1915,0.4);
#755=CIRCLE('',#1916,0.4);
#756=CIRCLE('',#1918,0.4);
#757=CIRCLE('',#1920,0.4);
#758=CIRCLE('',#1922,0.4);
#759=CIRCLE('',#1924,0.4);
#760=CIRCLE('',#1926,0.4);
#761=CIRCLE('',#1928,0.4);
#762=CIRCLE('',#1930,0.4);
#763=CIRCLE('',#1932,0.4);
#764=CIRCLE('',#1934,0.4);
#765=CIRCLE('',#1936,0.4);
#766=CIRCLE('',#1938,0.4);
#767=CIRCLE('',#1940,0.4);
#768=CIRCLE('',#1942,0.4);
#769=CIRCLE('',#1944,0.4);
#770=CIRCLE('',#1946,0.4);
#771=CIRCLE('',#1948,0.4);
#772=CIRCLE('',#1950,0.4);
#773=CIRCLE('',#1952,0.4);
#774=CIRCLE('',#1954,0.4);
#775=CIRCLE('',#1956,0.4);
#776=CIRCLE('',#1958,0.4);
#777=CIRCLE('',#1960,0.4);
#778=CIRCLE('',#1962,0.4);
#779=CIRCLE('',#1964,0.4);
#780=CIRCLE('',#1966,0.4);
#781=CIRCLE('',#1968,0.4);
#782=CIRCLE('',#1970,0.4);
#783=CIRCLE('',#1972,0.4);
#784=CIRCLE('',#1974,0.4);
#785=CIRCLE('',#1976,0.4);
#786=CIRCLE('',#1978,0.4);
#787=CIRCLE('',#1980,0.4);
#788=CIRCLE('',#1982,0.4);
#789=CIRCLE('',#1984,0.4);
#790=CIRCLE('',#1986,0.4);
#791=CIRCLE('',#1990,0.4);
#792=CIRCLE('',#1991,0.4);
#793=CIRCLE('',#1993,0.4);
#794=CIRCLE('',#1995,0.4);
#795=CIRCLE('',#1997,0.4);
#796=CIRCLE('',#1999,0.4);
#797=CIRCLE('',#2001,0.4);
#798=CIRCLE('',#2003,0.4);
#799=CIRCLE('',#2005,0.4);
#800=CIRCLE('',#2007,0.4);
#801=CIRCLE('',#2009,0.4);
#802=CIRCLE('',#2011,0.4);
#803=CIRCLE('',#2013,0.4);
#804=CIRCLE('',#2015,0.4);
#805=CIRCLE('',#2017,0.4);
#806=CIRCLE('',#2019,0.4);
#807=CIRCLE('',#2021,0.4);
#808=CIRCLE('',#2023,0.4);
#809=CIRCLE('',#2025,0.4);
#810=CIRCLE('',#2027,0.4);
#811=CIRCLE('',#2029,0.4);
#812=CIRCLE('',#2031,0.4);
#813=CIRCLE('',#2033,0.4);
#814=CIRCLE('',#2035,0.4);
#815=CIRCLE('',#2037,0.4);
#816=CIRCLE('',#2039,0.4);
#817=CIRCLE('',#2041,0.4);
#818=CIRCLE('',#2043,0.4);
#819=CIRCLE('',#2045,0.4);
#820=EDGE_LOOP('',(#80));
#821=EDGE_LOOP('',(#81));
#822=EDGE_LOOP('',(#82));
#823=EDGE_LOOP('',(#83));
#824=EDGE_LOOP('',(#84));
#825=EDGE_LOOP('',(#85));
#826=EDGE_LOOP('',(#86));
#827=EDGE_LOOP('',(#87));
#828=EDGE_LOOP('',(#88));
#829=EDGE_LOOP('',(#89));
#830=EDGE_LOOP('',(#90));
#831=EDGE_LOOP('',(#91));
#832=EDGE_LOOP('',(#92));
#833=EDGE_LOOP('',(#93));
#834=EDGE_LOOP('',(#94));
#835=EDGE_LOOP('',(#95));
#836=EDGE_LOOP('',(#96));
#837=EDGE_LOOP('',(#97));
#838=EDGE_LOOP('',(#98));
#839=EDGE_LOOP('',(#99));
#840=EDGE_LOOP('',(#100));
#841=EDGE_LOOP('',(#101));
#842=EDGE_LOOP('',(#102));
#843=EDGE_LOOP('',(#103));
#844=EDGE_LOOP('',(#104));
#845=EDGE_LOOP('',(#105));
#846=EDGE_LOOP('',(#106));
#847=EDGE_LOOP('',(#107));
#848=EDGE_LOOP('',(#108));
#849=EDGE_LOOP('',(#109));
#850=EDGE_LOOP('',(#110));
#851=EDGE_LOOP('',(#111));
#852=EDGE_LOOP('',(#112));
#853=EDGE_LOOP('',(#113));
#854=EDGE_LOOP('',(#114));
#855=EDGE_LOOP('',(#115));
#856=EDGE_LOOP('',(#116));
#857=EDGE_LOOP('',(#117));
#858=EDGE_LOOP('',(#118));
#859=EDGE_LOOP('',(#119));
#860=EDGE_LOOP('',(#120));
#861=EDGE_LOOP('',(#121));
#862=EDGE_LOOP('',(#122));
#863=EDGE_LOOP('',(#123));
#864=EDGE_LOOP('',(#124));
#865=EDGE_LOOP('',(#125));
#866=EDGE_LOOP('',(#126));
#867=EDGE_LOOP('',(#127));
#868=EDGE_LOOP('',(#128));
#869=EDGE_LOOP('',(#129));
#870=EDGE_LOOP('',(#130));
#871=EDGE_LOOP('',(#131));
#872=EDGE_LOOP('',(#132));
#873=EDGE_LOOP('',(#133));
#874=EDGE_LOOP('',(#134));
#875=EDGE_LOOP('',(#135));
#876=EDGE_LOOP('',(#136));
#877=EDGE_LOOP('',(#137));
#878=EDGE_LOOP('',(#138));
#879=EDGE_LOOP('',(#139));
#880=EDGE_LOOP('',(#140));
#881=EDGE_LOOP('',(#141));
#882=EDGE_LOOP('',(#142));
#883=EDGE_LOOP('',(#143));
#884=EDGE_LOOP('',(#144));
#885=EDGE_LOOP('',(#145));
#886=EDGE_LOOP('',(#146));
#887=EDGE_LOOP('',(#147));
#888=EDGE_LOOP('',(#148));
#889=EDGE_LOOP('',(#149));
#890=EDGE_LOOP('',(#150));
#891=EDGE_LOOP('',(#151));
#892=EDGE_LOOP('',(#152));
#893=EDGE_LOOP('',(#153));
#894=EDGE_LOOP('',(#154));
#895=EDGE_LOOP('',(#155));
#896=EDGE_LOOP('',(#156));
#897=EDGE_LOOP('',(#157));
#898=EDGE_LOOP('',(#158));
#899=EDGE_LOOP('',(#159));
#900=EDGE_LOOP('',(#160));
#901=EDGE_LOOP('',(#161));
#902=EDGE_LOOP('',(#162));
#903=EDGE_LOOP('',(#163));
#904=EDGE_LOOP('',(#164));
#905=EDGE_LOOP('',(#165));
#906=EDGE_LOOP('',(#166));
#907=EDGE_LOOP('',(#167));
#908=EDGE_LOOP('',(#168));
#909=EDGE_LOOP('',(#169));
#910=EDGE_LOOP('',(#170));
#911=EDGE_LOOP('',(#171));
#912=EDGE_LOOP('',(#172));
#913=EDGE_LOOP('',(#173));
#914=EDGE_LOOP('',(#174));
#915=EDGE_LOOP('',(#175));
#916=EDGE_LOOP('',(#176));
#917=EDGE_LOOP('',(#177));
#918=EDGE_LOOP('',(#178));
#919=EDGE_LOOP('',(#179));
#920=EDGE_LOOP('',(#180));
#921=EDGE_LOOP('',(#181));
#922=EDGE_LOOP('',(#182));
#923=EDGE_LOOP('',(#183));
#924=EDGE_LOOP('',(#184));
#925=EDGE_LOOP('',(#185));
#926=EDGE_LOOP('',(#186));
#927=EDGE_LOOP('',(#187));
#928=EDGE_LOOP('',(#188));
#929=EDGE_LOOP('',(#189));
#930=EDGE_LOOP('',(#190));
#931=EDGE_LOOP('',(#191));
#932=EDGE_LOOP('',(#192));
#933=EDGE_LOOP('',(#193));
#934=EDGE_LOOP('',(#194));
#935=EDGE_LOOP('',(#195));
#936=EDGE_LOOP('',(#196));
#937=EDGE_LOOP('',(#197));
#938=EDGE_LOOP('',(#198));
#939=EDGE_LOOP('',(#199));
#940=EDGE_LOOP('',(#200));
#941=EDGE_LOOP('',(#201));
#942=EDGE_LOOP('',(#202));
#943=EDGE_LOOP('',(#203));
#944=EDGE_LOOP('',(#204));
#945=EDGE_LOOP('',(#205));
#946=EDGE_LOOP('',(#206));
#947=EDGE_LOOP('',(#207));
#948=EDGE_LOOP('',(#208));
#949=EDGE_LOOP('',(#209));
#950=EDGE_LOOP('',(#210));
#951=EDGE_LOOP('',(#211));
#952=EDGE_LOOP('',(#212));
#953=EDGE_LOOP('',(#213));
#954=EDGE_LOOP('',(#214));
#955=EDGE_LOOP('',(#215));
#956=EDGE_LOOP('',(#216));
#957=EDGE_LOOP('',(#217));
#958=EDGE_LOOP('',(#218));
#959=EDGE_LOOP('',(#219));
#960=EDGE_LOOP('',(#220));
#961=EDGE_LOOP('',(#221));
#962=EDGE_LOOP('',(#222));
#963=EDGE_LOOP('',(#223));
#964=EDGE_LOOP('',(#224));
#965=EDGE_LOOP('',(#225));
#966=EDGE_LOOP('',(#226));
#967=EDGE_LOOP('',(#227));
#968=EDGE_LOOP('',(#228));
#969=EDGE_LOOP('',(#229));
#970=EDGE_LOOP('',(#230));
#971=EDGE_LOOP('',(#231));
#972=EDGE_LOOP('',(#232));
#973=EDGE_LOOP('',(#233));
#974=EDGE_LOOP('',(#234));
#975=EDGE_LOOP('',(#235));
#976=EDGE_LOOP('',(#236));
#977=EDGE_LOOP('',(#237));
#978=EDGE_LOOP('',(#238));
#979=EDGE_LOOP('',(#239));
#980=EDGE_LOOP('',(#240));
#981=EDGE_LOOP('',(#241));
#982=EDGE_LOOP('',(#242));
#983=EDGE_LOOP('',(#243));
#984=EDGE_LOOP('',(#244));
#985=EDGE_LOOP('',(#245));
#986=EDGE_LOOP('',(#246));
#987=EDGE_LOOP('',(#247));
#988=EDGE_LOOP('',(#248));
#989=EDGE_LOOP('',(#249));
#990=EDGE_LOOP('',(#250));
#991=EDGE_LOOP('',(#251));
#992=EDGE_LOOP('',(#252));
#993=EDGE_LOOP('',(#253));
#994=EDGE_LOOP('',(#254));
#995=EDGE_LOOP('',(#255));
#996=EDGE_LOOP('',(#256));
#997=EDGE_LOOP('',(#257));
#998=EDGE_LOOP('',(#258));
#999=EDGE_LOOP('',(#259));
#1000=EDGE_LOOP('',(#260));
#1001=EDGE_LOOP('',(#261));
#1002=EDGE_LOOP('',(#262));
#1003=EDGE_LOOP('',(#263));
#1004=EDGE_LOOP('',(#264));
#1005=EDGE_LOOP('',(#265));
#1006=EDGE_LOOP('',(#266));
#1007=EDGE_LOOP('',(#267));
#1008=EDGE_LOOP('',(#268));
#1009=EDGE_LOOP('',(#269));
#1010=EDGE_LOOP('',(#270));
#1011=EDGE_LOOP('',(#271));
#1012=EDGE_LOOP('',(#272));
#1013=EDGE_LOOP('',(#273));
#1014=EDGE_LOOP('',(#274));
#1015=EDGE_LOOP('',(#275));
#1016=EDGE_LOOP('',(#276));
#1017=EDGE_LOOP('',(#277));
#1018=EDGE_LOOP('',(#278));
#1019=EDGE_LOOP('',(#279));
#1020=EDGE_LOOP('',(#280));
#1021=EDGE_LOOP('',(#281));
#1022=EDGE_LOOP('',(#282));
#1023=EDGE_LOOP('',(#283));
#1024=EDGE_LOOP('',(#284));
#1025=EDGE_LOOP('',(#285));
#1026=EDGE_LOOP('',(#286));
#1027=EDGE_LOOP('',(#287));
#1028=EDGE_LOOP('',(#288));
#1029=EDGE_LOOP('',(#289));
#1030=EDGE_LOOP('',(#290));
#1031=EDGE_LOOP('',(#291));
#1032=EDGE_LOOP('',(#292));
#1033=EDGE_LOOP('',(#293));
#1034=EDGE_LOOP('',(#294));
#1035=EDGE_LOOP('',(#295));
#1036=EDGE_LOOP('',(#296));
#1037=EDGE_LOOP('',(#297));
#1038=EDGE_LOOP('',(#298));
#1039=EDGE_LOOP('',(#299));
#1040=EDGE_LOOP('',(#300));
#1041=EDGE_LOOP('',(#301));
#1042=EDGE_LOOP('',(#302));
#1043=EDGE_LOOP('',(#303));
#1044=EDGE_LOOP('',(#304));
#1045=EDGE_LOOP('',(#305));
#1046=EDGE_LOOP('',(#306));
#1047=EDGE_LOOP('',(#307));
#1048=EDGE_LOOP('',(#308));
#1049=EDGE_LOOP('',(#309));
#1050=EDGE_LOOP('',(#310));
#1051=EDGE_LOOP('',(#311));
#1052=EDGE_LOOP('',(#312));
#1053=EDGE_LOOP('',(#313));
#1054=EDGE_LOOP('',(#314));
#1055=EDGE_LOOP('',(#315));
#1056=EDGE_LOOP('',(#316));
#1057=EDGE_LOOP('',(#317));
#1058=EDGE_LOOP('',(#318));
#1059=EDGE_LOOP('',(#319));
#1060=EDGE_LOOP('',(#320));
#1061=EDGE_LOOP('',(#321));
#1062=EDGE_LOOP('',(#322));
#1063=EDGE_LOOP('',(#323));
#1064=EDGE_LOOP('',(#324));
#1065=EDGE_LOOP('',(#325));
#1066=EDGE_LOOP('',(#326));
#1067=EDGE_LOOP('',(#327));
#1068=EDGE_LOOP('',(#328));
#1069=EDGE_LOOP('',(#329));
#1070=EDGE_LOOP('',(#330));
#1071=EDGE_LOOP('',(#331));
#1072=EDGE_LOOP('',(#332));
#1073=EDGE_LOOP('',(#333));
#1074=EDGE_LOOP('',(#334));
#1075=EDGE_LOOP('',(#335));
#1076=EDGE_LOOP('',(#336));
#1077=EDGE_LOOP('',(#337));
#1078=EDGE_LOOP('',(#338));
#1079=EDGE_LOOP('',(#339));
#1080=EDGE_LOOP('',(#340));
#1081=EDGE_LOOP('',(#341));
#1082=EDGE_LOOP('',(#342));
#1083=EDGE_LOOP('',(#343));
#1084=EDGE_LOOP('',(#344));
#1085=EDGE_LOOP('',(#345));
#1086=EDGE_LOOP('',(#346));
#1087=EDGE_LOOP('',(#347));
#1088=EDGE_LOOP('',(#348));
#1089=EDGE_LOOP('',(#349));
#1090=EDGE_LOOP('',(#350));
#1091=EDGE_LOOP('',(#351));
#1092=EDGE_LOOP('',(#352));
#1093=EDGE_LOOP('',(#353));
#1094=EDGE_LOOP('',(#354));
#1095=EDGE_LOOP('',(#355));
#1096=EDGE_LOOP('',(#356));
#1097=EDGE_LOOP('',(#357));
#1098=EDGE_LOOP('',(#358));
#1099=EDGE_LOOP('',(#359));
#1100=EDGE_LOOP('',(#360));
#1101=EDGE_LOOP('',(#361));
#1102=EDGE_LOOP('',(#362));
#1103=EDGE_LOOP('',(#363));
#1104=EDGE_LOOP('',(#364));
#1105=EDGE_LOOP('',(#365));
#1106=EDGE_LOOP('',(#366));
#1107=EDGE_LOOP('',(#367));
#1108=EDGE_LOOP('',(#368));
#1109=EDGE_LOOP('',(#369));
#1110=EDGE_LOOP('',(#370));
#1111=EDGE_LOOP('',(#371));
#1112=EDGE_LOOP('',(#372));
#1113=EDGE_LOOP('',(#373));
#1114=EDGE_LOOP('',(#374));
#1115=EDGE_LOOP('',(#375));
#1116=FACE_BOUND('',#820,.T.);
#1117=FACE_BOUND('',#821,.T.);
#1118=FACE_BOUND('',#822,.T.);
#1119=FACE_BOUND('',#823,.T.);
#1120=FACE_BOUND('',#824,.T.);
#1121=FACE_BOUND('',#825,.T.);
#1122=FACE_BOUND('',#826,.T.);
#1123=FACE_BOUND('',#827,.T.);
#1124=FACE_BOUND('',#828,.T.);
#1125=FACE_BOUND('',#829,.T.);
#1126=FACE_BOUND('',#830,.T.);
#1127=FACE_BOUND('',#831,.T.);
#1128=FACE_BOUND('',#832,.T.);
#1129=FACE_BOUND('',#833,.T.);
#1130=FACE_BOUND('',#834,.T.);
#1131=FACE_BOUND('',#835,.T.);
#1132=FACE_BOUND('',#836,.T.);
#1133=FACE_BOUND('',#837,.T.);
#1134=FACE_BOUND('',#838,.T.);
#1135=FACE_BOUND('',#839,.T.);
#1136=FACE_BOUND('',#840,.T.);
#1137=FACE_BOUND('',#841,.T.);
#1138=FACE_BOUND('',#842,.T.);
#1139=FACE_BOUND('',#843,.T.);
#1140=FACE_BOUND('',#844,.T.);
#1141=FACE_BOUND('',#845,.T.);
#1142=FACE_BOUND('',#846,.T.);
#1143=FACE_BOUND('',#847,.T.);
#1144=FACE_BOUND('',#848,.T.);
#1145=FACE_BOUND('',#849,.T.);
#1146=FACE_BOUND('',#850,.T.);
#1147=FACE_BOUND('',#851,.T.);
#1148=FACE_BOUND('',#852,.T.);
#1149=FACE_BOUND('',#853,.T.);
#1150=FACE_BOUND('',#854,.T.);
#1151=FACE_BOUND('',#855,.T.);
#1152=FACE_BOUND('',#856,.T.);
#1153=FACE_BOUND('',#857,.T.);
#1154=FACE_BOUND('',#858,.T.);
#1155=FACE_BOUND('',#859,.T.);
#1156=FACE_BOUND('',#860,.T.);
#1157=FACE_BOUND('',#861,.T.);
#1158=FACE_BOUND('',#862,.T.);
#1159=FACE_BOUND('',#863,.T.);
#1160=FACE_BOUND('',#864,.T.);
#1161=FACE_BOUND('',#865,.T.);
#1162=FACE_BOUND('',#866,.T.);
#1163=FACE_BOUND('',#867,.T.);
#1164=FACE_BOUND('',#868,.T.);
#1165=FACE_BOUND('',#869,.T.);
#1166=FACE_BOUND('',#870,.T.);
#1167=FACE_BOUND('',#871,.T.);
#1168=FACE_BOUND('',#872,.T.);
#1169=FACE_BOUND('',#873,.T.);
#1170=FACE_BOUND('',#874,.T.);
#1171=FACE_BOUND('',#875,.T.);
#1172=FACE_BOUND('',#876,.T.);
#1173=FACE_BOUND('',#877,.T.);
#1174=FACE_BOUND('',#878,.T.);
#1175=FACE_BOUND('',#879,.T.);
#1176=FACE_BOUND('',#880,.T.);
#1177=FACE_BOUND('',#881,.T.);
#1178=FACE_BOUND('',#882,.T.);
#1179=FACE_BOUND('',#883,.T.);
#1180=FACE_BOUND('',#884,.T.);
#1181=FACE_BOUND('',#885,.T.);
#1182=FACE_BOUND('',#886,.T.);
#1183=FACE_BOUND('',#887,.T.);
#1184=FACE_BOUND('',#888,.T.);
#1185=FACE_BOUND('',#889,.T.);
#1186=FACE_BOUND('',#890,.T.);
#1187=FACE_BOUND('',#891,.T.);
#1188=FACE_BOUND('',#892,.T.);
#1189=FACE_BOUND('',#893,.T.);
#1190=FACE_BOUND('',#894,.T.);
#1191=FACE_BOUND('',#895,.T.);
#1192=FACE_BOUND('',#896,.T.);
#1193=FACE_BOUND('',#897,.T.);
#1194=FACE_BOUND('',#898,.T.);
#1195=FACE_BOUND('',#899,.T.);
#1196=FACE_BOUND('',#900,.T.);
#1197=FACE_BOUND('',#901,.T.);
#1198=FACE_BOUND('',#902,.T.);
#1199=FACE_BOUND('',#903,.T.);
#1200=FACE_BOUND('',#904,.T.);
#1201=FACE_BOUND('',#905,.T.);
#1202=FACE_BOUND('',#906,.T.);
#1203=FACE_BOUND('',#907,.T.);
#1204=FACE_BOUND('',#908,.T.);
#1205=FACE_BOUND('',#909,.T.);
#1206=FACE_BOUND('',#910,.T.);
#1207=FACE_BOUND('',#911,.T.);
#1208=FACE_BOUND('',#912,.T.);
#1209=FACE_BOUND('',#913,.T.);
#1210=FACE_BOUND('',#914,.T.);
#1211=FACE_BOUND('',#915,.T.);
#1212=FACE_BOUND('',#916,.T.);
#1213=FACE_BOUND('',#917,.T.);
#1214=FACE_BOUND('',#918,.T.);
#1215=FACE_BOUND('',#919,.T.);
#1216=FACE_BOUND('',#920,.T.);
#1217=FACE_BOUND('',#921,.T.);
#1218=FACE_BOUND('',#922,.T.);
#1219=FACE_BOUND('',#923,.T.);
#1220=FACE_BOUND('',#924,.T.);
#1221=FACE_BOUND('',#925,.T.);
#1222=FACE_BOUND('',#926,.T.);
#1223=FACE_BOUND('',#927,.T.);
#1224=FACE_BOUND('',#928,.T.);
#1225=FACE_BOUND('',#929,.T.);
#1226=FACE_BOUND('',#930,.T.);
#1227=FACE_BOUND('',#931,.T.);
#1228=FACE_BOUND('',#932,.T.);
#1229=FACE_BOUND('',#933,.T.);
#1230=FACE_BOUND('',#934,.T.);
#1231=FACE_BOUND('',#935,.T.);
#1232=FACE_BOUND('',#936,.T.);
#1233=FACE_BOUND('',#937,.T.);
#1234=FACE_BOUND('',#938,.T.);
#1235=FACE_BOUND('',#939,.T.);
#1236=FACE_BOUND('',#940,.T.);
#1237=FACE_BOUND('',#941,.T.);
#1238=FACE_BOUND('',#942,.T.);
#1239=FACE_BOUND('',#943,.T.);
#1240=FACE_BOUND('',#944,.T.);
#1241=FACE_BOUND('',#945,.T.);
#1242=FACE_BOUND('',#946,.T.);
#1243=FACE_BOUND('',#947,.T.);
#1244=FACE_BOUND('',#948,.T.);
#1245=FACE_BOUND('',#949,.T.);
#1246=FACE_BOUND('',#950,.T.);
#1247=FACE_BOUND('',#951,.T.);
#1248=FACE_BOUND('',#952,.T.);
#1249=FACE_BOUND('',#953,.T.);
#1250=FACE_BOUND('',#954,.T.);
#1251=FACE_BOUND('',#955,.T.);
#1252=FACE_BOUND('',#956,.T.);
#1253=FACE_BOUND('',#957,.T.);
#1254=FACE_BOUND('',#958,.T.);
#1255=FACE_BOUND('',#959,.T.);
#1256=FACE_BOUND('',#960,.T.);
#1257=FACE_BOUND('',#961,.T.);
#1258=FACE_BOUND('',#962,.T.);
#1259=FACE_BOUND('',#963,.T.);
#1260=FACE_BOUND('',#964,.T.);
#1261=FACE_BOUND('',#965,.T.);
#1262=FACE_BOUND('',#966,.T.);
#1263=FACE_BOUND('',#967,.T.);
#1264=FACE_BOUND('',#968,.T.);
#1265=FACE_BOUND('',#969,.T.);
#1266=FACE_BOUND('',#970,.T.);
#1267=FACE_BOUND('',#971,.T.);
#1268=FACE_BOUND('',#972,.T.);
#1269=FACE_BOUND('',#973,.T.);
#1270=FACE_BOUND('',#974,.T.);
#1271=FACE_BOUND('',#975,.T.);
#1272=FACE_BOUND('',#976,.T.);
#1273=FACE_BOUND('',#977,.T.);
#1274=FACE_BOUND('',#978,.T.);
#1275=FACE_BOUND('',#979,.T.);
#1276=FACE_BOUND('',#980,.T.);
#1277=FACE_BOUND('',#981,.T.);
#1278=FACE_BOUND('',#982,.T.);
#1279=FACE_BOUND('',#983,.T.);
#1280=FACE_BOUND('',#984,.T.);
#1281=FACE_BOUND('',#985,.T.);
#1282=FACE_BOUND('',#986,.T.);
#1283=FACE_BOUND('',#987,.T.);
#1284=FACE_BOUND('',#988,.T.);
#1285=FACE_BOUND('',#989,.T.);
#1286=FACE_BOUND('',#990,.T.);
#1287=FACE_BOUND('',#991,.T.);
#1288=FACE_BOUND('',#992,.T.);
#1289=FACE_BOUND('',#993,.T.);
#1290=FACE_BOUND('',#994,.T.);
#1291=FACE_BOUND('',#995,.T.);
#1292=FACE_BOUND('',#996,.T.);
#1293=FACE_BOUND('',#997,.T.);
#1294=FACE_BOUND('',#998,.T.);
#1295=FACE_BOUND('',#999,.T.);
#1296=FACE_BOUND('',#1000,.T.);
#1297=FACE_BOUND('',#1001,.T.);
#1298=FACE_BOUND('',#1002,.T.);
#1299=FACE_BOUND('',#1003,.T.);
#1300=FACE_BOUND('',#1004,.T.);
#1301=FACE_BOUND('',#1005,.T.);
#1302=FACE_BOUND('',#1006,.T.);
#1303=FACE_BOUND('',#1007,.T.);
#1304=FACE_BOUND('',#1008,.T.);
#1305=FACE_BOUND('',#1009,.T.);
#1306=FACE_BOUND('',#1010,.T.);
#1307=FACE_BOUND('',#1011,.T.);
#1308=FACE_BOUND('',#1012,.T.);
#1309=FACE_BOUND('',#1013,.T.);
#1310=FACE_BOUND('',#1014,.T.);
#1311=FACE_BOUND('',#1015,.T.);
#1312=FACE_BOUND('',#1016,.T.);
#1313=FACE_BOUND('',#1017,.T.);
#1314=FACE_BOUND('',#1018,.T.);
#1315=FACE_BOUND('',#1019,.T.);
#1316=FACE_BOUND('',#1020,.T.);
#1317=FACE_BOUND('',#1021,.T.);
#1318=FACE_BOUND('',#1022,.T.);
#1319=FACE_BOUND('',#1023,.T.);
#1320=FACE_BOUND('',#1024,.T.);
#1321=FACE_BOUND('',#1025,.T.);
#1322=FACE_BOUND('',#1026,.T.);
#1323=FACE_BOUND('',#1027,.T.);
#1324=FACE_BOUND('',#1028,.T.);
#1325=FACE_BOUND('',#1029,.T.);
#1326=FACE_BOUND('',#1030,.T.);
#1327=FACE_BOUND('',#1031,.T.);
#1328=FACE_BOUND('',#1032,.T.);
#1329=FACE_BOUND('',#1033,.T.);
#1330=FACE_BOUND('',#1034,.T.);
#1331=FACE_BOUND('',#1035,.T.);
#1332=FACE_BOUND('',#1036,.T.);
#1333=FACE_BOUND('',#1037,.T.);
#1334=FACE_BOUND('',#1038,.T.);
#1335=FACE_BOUND('',#1039,.T.);
#1336=FACE_BOUND('',#1040,.T.);
#1337=FACE_BOUND('',#1041,.T.);
#1338=FACE_BOUND('',#1042,.T.);
#1339=FACE_BOUND('',#1043,.T.);
#1340=FACE_BOUND('',#1044,.T.);
#1341=FACE_BOUND('',#1045,.T.);
#1342=FACE_BOUND('',#1046,.T.);
#1343=FACE_BOUND('',#1047,.T.);
#1344=FACE_BOUND('',#1048,.T.);
#1345=FACE_BOUND('',#1049,.T.);
#1346=FACE_BOUND('',#1050,.T.);
#1347=FACE_BOUND('',#1051,.T.);
#1348=FACE_BOUND('',#1052,.T.);
#1349=FACE_BOUND('',#1053,.T.);
#1350=FACE_BOUND('',#1054,.T.);
#1351=FACE_BOUND('',#1055,.T.);
#1352=FACE_BOUND('',#1056,.T.);
#1353=FACE_BOUND('',#1057,.T.);
#1354=FACE_BOUND('',#1058,.T.);
#1355=FACE_BOUND('',#1059,.T.);
#1356=FACE_BOUND('',#1060,.T.);
#1357=FACE_BOUND('',#1061,.T.);
#1358=FACE_BOUND('',#1062,.T.);
#1359=FACE_BOUND('',#1063,.T.);
#1360=FACE_BOUND('',#1064,.T.);
#1361=FACE_BOUND('',#1065,.T.);
#1362=FACE_BOUND('',#1066,.T.);
#1363=FACE_BOUND('',#1067,.T.);
#1364=FACE_BOUND('',#1068,.T.);
#1365=FACE_BOUND('',#1069,.T.);
#1366=FACE_BOUND('',#1070,.T.);
#1367=FACE_BOUND('',#1071,.T.);
#1368=FACE_BOUND('',#1072,.T.);
#1369=FACE_BOUND('',#1073,.T.);
#1370=FACE_BOUND('',#1074,.T.);
#1371=FACE_BOUND('',#1075,.T.);
#1372=FACE_BOUND('',#1076,.T.);
#1373=FACE_BOUND('',#1077,.T.);
#1374=FACE_BOUND('',#1078,.T.);
#1375=FACE_BOUND('',#1079,.T.);
#1376=FACE_BOUND('',#1080,.T.);
#1377=FACE_BOUND('',#1081,.T.);
#1378=FACE_BOUND('',#1082,.T.);
#1379=FACE_BOUND('',#1083,.T.);
#1380=FACE_BOUND('',#1084,.T.);
#1381=FACE_BOUND('',#1085,.T.);
#1382=FACE_BOUND('',#1086,.T.);
#1383=FACE_BOUND('',#1087,.T.);
#1384=FACE_BOUND('',#1088,.T.);
#1385=FACE_BOUND('',#1089,.T.);
#1386=FACE_BOUND('',#1090,.T.);
#1387=FACE_BOUND('',#1091,.T.);
#1388=FACE_BOUND('',#1092,.T.);
#1389=FACE_BOUND('',#1093,.T.);
#1390=FACE_BOUND('',#1094,.T.);
#1391=FACE_BOUND('',#1095,.T.);
#1392=FACE_BOUND('',#1096,.T.);
#1393=FACE_BOUND('',#1097,.T.);
#1394=FACE_BOUND('',#1098,.T.);
#1395=FACE_BOUND('',#1099,.T.);
#1396=FACE_BOUND('',#1100,.T.);
#1397=FACE_BOUND('',#1101,.T.);
#1398=FACE_BOUND('',#1102,.T.);
#1399=FACE_BOUND('',#1103,.T.);
#1400=FACE_BOUND('',#1104,.T.);
#1401=FACE_BOUND('',#1105,.T.);
#1402=FACE_BOUND('',#1106,.T.);
#1403=FACE_BOUND('',#1107,.T.);
#1404=FACE_BOUND('',#1108,.T.);
#1405=FACE_BOUND('',#1109,.T.);
#1406=FACE_BOUND('',#1110,.T.);
#1407=FACE_BOUND('',#1111,.T.);
#1408=FACE_BOUND('',#1112,.T.);
#1409=FACE_BOUND('',#1113,.T.);
#1410=FACE_BOUND('',#1114,.T.);
#1411=FACE_BOUND('',#1115,.T.);
#1412=TOROIDAL_SURFACE('',#1748,1.87720646913484,0.4);
#1413=TOROIDAL_SURFACE('',#1751,3.36204981139949,0.4);
#1414=TOROIDAL_SURFACE('',#1753,6.13970383326243,0.4);
#1415=TOROIDAL_SURFACE('',#1755,39.8855813382825,0.4);
#1416=TOROIDAL_SURFACE('',#1757,12.5474170438312,0.4);
#1417=TOROIDAL_SURFACE('',#1759,5.4342283482917,0.4);
#1418=TOROIDAL_SURFACE('',#1761,5.65414950568399,0.4);
#1419=TOROIDAL_SURFACE('',#1763,8.93728744163128,0.4);
#1420=TOROIDAL_SURFACE('',#1765,8.60239116559604,0.4);
#1421=TOROIDAL_SURFACE('',#1767,5.2786113086368,0.4);
#1422=TOROIDAL_SURFACE('',#1769,5.53453483253546,0.4);
#1423=TOROIDAL_SURFACE('',#1771,15.2793815481104,0.4);
#1424=TOROIDAL_SURFACE('',#1773,36.4443222065831,0.4);
#1425=TOROIDAL_SURFACE('',#1775,12.1655097606691,0.4);
#1426=TOROIDAL_SURFACE('',#1777,8.43900135403671,0.4);
#1427=TOROIDAL_SURFACE('',#1779,6.85063263160973,0.4);
#1428=TOROIDAL_SURFACE('',#1781,8.40688302625033,0.4);
#1429=TOROIDAL_SURFACE('',#1783,33.7481571294893,0.4);
#1430=TOROIDAL_SURFACE('',#1785,43.2436514258385,0.4);
#1431=TOROIDAL_SURFACE('',#1787,8.70927268311646,0.4);
#1432=TOROIDAL_SURFACE('',#1789,7.02061746935278,0.4);
#1433=TOROIDAL_SURFACE('',#1791,8.74277172694305,0.4);
#1434=TOROIDAL_SURFACE('',#1793,11.7529377399227,0.4);
#1435=TOROIDAL_SURFACE('',#1795,17.2391395533009,0.4);
#1436=TOROIDAL_SURFACE('',#1797,17.1486890093351,0.4);
#1437=TOROIDAL_SURFACE('',#1799,19.6552336587104,0.4);
#1438=TOROIDAL_SURFACE('',#1801,7.13812812232537,0.4);
#1439=TOROIDAL_SURFACE('',#1803,4.9189395009966,0.4);
#1440=TOROIDAL_SURFACE('',#1805,8.0115336476081,0.4);
#1441=TOROIDAL_SURFACE('',#1807,31.880308517172,0.4);
#1442=TOROIDAL_SURFACE('',#1809,45.7752935958002,0.4);
#1443=TOROIDAL_SURFACE('',#1811,14.5295360330664,0.4);
#1444=TOROIDAL_SURFACE('',#1813,9.07315557604499,0.4);
#1445=TOROIDAL_SURFACE('',#1815,4.0377261246723,0.4);
#1446=TOROIDAL_SURFACE('',#1817,3.30670319802538,0.4);
#1447=TOROIDAL_SURFACE('',#1819,5.43393127678039,0.4);
#1448=TOROIDAL_SURFACE('',#1821,11.2646430787645,0.4);
#1449=TOROIDAL_SURFACE('',#1823,4.70828377316196,0.4);
#1450=TOROIDAL_SURFACE('',#1825,1.93385169535628,0.4);
#1451=TOROIDAL_SURFACE('',#1827,1.30185884967994,0.4);
#1452=TOROIDAL_SURFACE('',#1829,2.09103494880103,0.4);
#1453=TOROIDAL_SURFACE('',#1831,7.08590460296436,0.4);
#1454=TOROIDAL_SURFACE('',#1833,14.1236858573089,0.4);
#1455=TOROIDAL_SURFACE('',#1835,18.6557655113194,0.4);
#1456=TOROIDAL_SURFACE('',#1837,9.89387298679242,0.4);
#1457=TOROIDAL_SURFACE('',#1839,2.32167107838232,0.4);
#1458=TOROIDAL_SURFACE('',#1843,5.16247625710372,0.4);
#1459=TOROIDAL_SURFACE('',#1846,14.0163708708518,0.4);
#1460=TOROIDAL_SURFACE('',#1848,17.5010705677837,0.4);
#1461=TOROIDAL_SURFACE('',#1850,28.3095945253884,0.4);
#1462=TOROIDAL_SURFACE('',#1852,34.3436869497569,0.4);
#1463=TOROIDAL_SURFACE('',#1854,35.7874331995009,0.4);
#1464=TOROIDAL_SURFACE('',#1856,31.8681903247261,0.4);
#1465=TOROIDAL_SURFACE('',#1858,10.7257338205467,0.4);
#1466=TOROIDAL_SURFACE('',#1860,6.27553880645316,0.4);
#1467=TOROIDAL_SURFACE('',#1862,2.08960101591053,0.4);
#1468=TOROIDAL_SURFACE('',#1864,1.42251838586391,0.4);
#1469=TOROIDAL_SURFACE('',#1866,2.75515491223051,0.4);
#1470=TOROIDAL_SURFACE('',#1868,7.48188233926989,0.4);
#1471=TOROIDAL_SURFACE('',#1870,39.6949976974448,0.4);
#1472=TOROIDAL_SURFACE('',#1872,31.8757096445741,0.4);
#1473=TOROIDAL_SURFACE('',#1874,38.2650174025478,0.4);
#1474=TOROIDAL_SURFACE('',#1876,21.7355080181106,0.4);
#1475=TOROIDAL_SURFACE('',#1878,7.81947956580262,0.4);
#1476=TOROIDAL_SURFACE('',#1880,5.95042646215936,0.4);
#1477=TOROIDAL_SURFACE('',#1882,7.1505939431611,0.4);
#1478=TOROIDAL_SURFACE('',#1884,11.0980947443281,0.4);
#1479=TOROIDAL_SURFACE('',#1886,40.0920945304939,0.4);
#1480=TOROIDAL_SURFACE('',#1888,88.8668960176596,0.4);
#1481=TOROIDAL_SURFACE('',#1890,27.4921284205492,0.4);
#1482=TOROIDAL_SURFACE('',#1892,24.9343270310156,0.4);
#1483=TOROIDAL_SURFACE('',#1894,21.9195627334683,0.4);
#1484=TOROIDAL_SURFACE('',#1896,12.606733908304,0.4);
#1485=TOROIDAL_SURFACE('',#1898,20.1137482891414,0.4);
#1486=TOROIDAL_SURFACE('',#1900,26.1124481447505,0.4);
#1487=TOROIDAL_SURFACE('',#1902,3.81930304539409,0.4);
#1488=TOROIDAL_SURFACE('',#1904,3.19212952030416,0.4);
#1489=TOROIDAL_SURFACE('',#1906,6.07779393760286,0.4);
#1490=TOROIDAL_SURFACE('',#1908,10.1907069962679,0.4);
#1491=TOROIDAL_SURFACE('',#1910,23.4627951474875,0.4);
#1492=TOROIDAL_SURFACE('',#1914,1.31829406547649,0.4);
#1493=TOROIDAL_SURFACE('',#1917,3.25449861656105,0.4);
#1494=TOROIDAL_SURFACE('',#1919,4.61249049583188,0.4);
#1495=TOROIDAL_SURFACE('',#1921,8.96247065668005,0.4);
#1496=TOROIDAL_SURFACE('',#1923,12.4053519018543,0.4);
#1497=TOROIDAL_SURFACE('',#1925,21.0329392045643,0.4);
#1498=TOROIDAL_SURFACE('',#1927,22.6616291103523,0.4);
#1499=TOROIDAL_SURFACE('',#1929,11.2429345777709,0.4);
#1500=TOROIDAL_SURFACE('',#1931,7.7683665050297,0.4);
#1501=TOROIDAL_SURFACE('',#1933,1.96701620586379,0.4);
#1502=TOROIDAL_SURFACE('',#1935,0.795815843793479,0.4);
#1503=TOROIDAL_SURFACE('',#1937,0.493721351895234,0.4);
#1504=TOROIDAL_SURFACE('',#1939,0.992818271934209,0.4);
#1505=TOROIDAL_SURFACE('',#1941,4.79788845777658,0.4);
#1506=TOROIDAL_SURFACE('',#1943,9.55569601681248,0.4);
#1507=TOROIDAL_SURFACE('',#1945,16.9956277996206,0.4);
#1508=TOROIDAL_SURFACE('',#1947,9.57421803713835,0.4);
#1509=TOROIDAL_SURFACE('',#1949,3.50808974225325,0.4);
#1510=TOROIDAL_SURFACE('',#1951,3.16178898972784,0.4);
#1511=TOROIDAL_SURFACE('',#1953,6.15817647147615,0.4);
#1512=TOROIDAL_SURFACE('',#1955,10.0232646926714,0.4);
#1513=TOROIDAL_SURFACE('',#1957,16.9896357761697,0.4);
#1514=TOROIDAL_SURFACE('',#1959,14.9239208414427,0.4);
#1515=TOROIDAL_SURFACE('',#1961,6.74531890512122,0.4);
#1516=TOROIDAL_SURFACE('',#1963,5.78725679077,0.4);
#1517=TOROIDAL_SURFACE('',#1965,30.9868303439422,0.4);
#1518=TOROIDAL_SURFACE('',#1967,16.6546885437429,0.4);
#1519=TOROIDAL_SURFACE('',#1969,22.3419232531457,0.4);
#1520=TOROIDAL_SURFACE('',#1971,33.1994425604094,0.4);
#1521=TOROIDAL_SURFACE('',#1973,52.7958055471903,0.4);
#1522=TOROIDAL_SURFACE('',#1975,50.5463604391842,0.4);
#1523=TOROIDAL_SURFACE('',#1977,25.363851442508,0.4);
#1524=TOROIDAL_SURFACE('',#1979,15.5989762707951,0.4);
#1525=TOROIDAL_SURFACE('',#1981,6.1311730631352,0.4);
#1526=TOROIDAL_SURFACE('',#1983,5.50941047720499,0.4);
#1527=TOROIDAL_SURFACE('',#1985,30.9679567068942,0.4);
#1528=TOROIDAL_SURFACE('',#1989,5.49146783460999,0.4);
#1529=TOROIDAL_SURFACE('',#1992,5.00998194291155,0.4);
#1530=TOROIDAL_SURFACE('',#1994,5.53833924933599,0.4);
#1531=TOROIDAL_SURFACE('',#1996,9.04026496634611,0.4);
#1532=TOROIDAL_SURFACE('',#1998,14.522788870557,0.4);
#1533=TOROIDAL_SURFACE('',#2000,51.1172927933688,0.4);
#1534=TOROIDAL_SURFACE('',#2002,14.7393649792568,0.4);
#1535=TOROIDAL_SURFACE('',#2004,4.38197509513742,0.4);
#1536=TOROIDAL_SURFACE('',#2006,3.11309268277899,0.4);
#1537=TOROIDAL_SURFACE('',#2008,4.09855896164325,0.4);
#1538=TOROIDAL_SURFACE('',#2010,7.25151011738296,0.4);
#1539=TOROIDAL_SURFACE('',#2012,20.1403298656505,0.4);
#1540=TOROIDAL_SURFACE('',#2014,18.3917791101418,0.4);
#1541=TOROIDAL_SURFACE('',#2016,13.9151099529334,0.4);
#1542=TOROIDAL_SURFACE('',#2018,15.8825381220632,0.4);
#1543=TOROIDAL_SURFACE('',#2020,31.9991449593792,0.4);
#1544=TOROIDAL_SURFACE('',#2022,22.3030603013761,0.4);
#1545=TOROIDAL_SURFACE('',#2024,6.75515483738788,0.4);
#1546=TOROIDAL_SURFACE('',#2026,4.79232418486958,0.4);
#1547=TOROIDAL_SURFACE('',#2028,6.22434808098048,0.4);
#1548=TOROIDAL_SURFACE('',#2030,13.119451101949,0.4);
#1549=TOROIDAL_SURFACE('',#2032,8.67622641740657,0.4);
#1550=TOROIDAL_SURFACE('',#2034,4.6146146230971,0.4);
#1551=TOROIDAL_SURFACE('',#2036,3.87892513363013,0.4);
#1552=TOROIDAL_SURFACE('',#2038,5.60538523514326,0.4);
#1553=TOROIDAL_SURFACE('',#2040,37.0667201785878,0.4);
#1554=TOROIDAL_SURFACE('',#2042,5.59632072563036,0.4);
#1555=TOROIDAL_SURFACE('',#2044,1.30941148386244,0.4);
#1556=ADVANCED_FACE('',(#1116,#1117),#1412,.T.);
#1557=ADVANCED_FACE('',(#1118,#1119),#1413,.T.);
#1558=ADVANCED_FACE('',(#1120,#1121),#1414,.T.);
#1559=ADVANCED_FACE('',(#1122,#1123),#1415,.T.);
#1560=ADVANCED_FACE('',(#1124,#1125),#1416,.T.);
#1561=ADVANCED_FACE('',(#1126,#1127),#1417,.T.);
#1562=ADVANCED_FACE('',(#1128,#1129),#1418,.T.);
#1563=ADVANCED_FACE('',(#1130,#1131),#1419,.T.);
#1564=ADVANCED_FACE('',(#1132,#1133),#1420,.T.);
#1565=ADVANCED_FACE('',(#1134,#1135),#1421,.T.);
#1566=ADVANCED_FACE('',(#1136,#1137),#1422,.T.);
#1567=ADVANCED_FACE('',(#1138,#1139),#1423,.T.);
#1568=ADVANCED_FACE('',(#1140,#1141),#1424,.T.);
#1569=ADVANCED_FACE('',(#1142,#1143),#1425,.T.);
#1570=ADVANCED_FACE('',(#1144,#1145),#1426,.T.);
#1571=ADVANCED_FACE('',(#1146,#1147),#1427,.T.);
#1572=ADVANCED_FACE('',(#1148,#1149),#1428,.T.);
#1573=ADVANCED_FACE('',(#1150,#1151),#1429,.T.);
#1574=ADVANCED_FACE('',(#1152,#1153),#1430,.T.);
#1575=ADVANCED_FACE('',(#1154,#1155),#1431,.T.);
#1576=ADVANCED_FACE('',(#1156,#1157),#1432,.T.);
#1577=ADVANCED_FACE('',(#1158,#1159),#1433,.T.);
#1578=ADVANCED_FACE('',(#1160,#1161),#1434,.T.);
#1579=ADVANCED_FACE('',(#1162,#1163),#1435,.T.);
#1580=ADVANCED_FACE('',(#1164,#1165),#1436,.T.);
#1581=ADVANCED_FACE('',(#1166,#1167),#1437,.T.);
#1582=ADVANCED_FACE('',(#1168,#1169),#1438,.T.);
#1583=ADVANCED_FACE('',(#1170,#1171),#1439,.T.);
#1584=ADVANCED_FACE('',(#1172,#1173),#1440,.T.);
#1585=ADVANCED_FACE('',(#1174,#1175),#1441,.T.);
#1586=ADVANCED_FACE('',(#1176,#1177),#1442,.T.);
#1587=ADVANCED_FACE('',(#1178,#1179),#1443,.T.);
#1588=ADVANCED_FACE('',(#1180,#1181),#1444,.T.);
#1589=ADVANCED_FACE('',(#1182,#1183),#1445,.T.);
#1590=ADVANCED_FACE('',(#1184,#1185),#1446,.T.);
#1591=ADVANCED_FACE('',(#1186,#1187),#1447,.T.);
#1592=ADVANCED_FACE('',(#1188,#1189),#1448,.T.);
#1593=ADVANCED_FACE('',(#1190,#1191),#1449,.T.);
#1594=ADVANCED_FACE('',(#1192,#1193),#1450,.T.);
#1595=ADVANCED_FACE('',(#1194,#1195),#1451,.T.);
#1596=ADVANCED_FACE('',(#1196,#1197),#1452,.T.);
#1597=ADVANCED_FACE('',(#1198,#1199),#1453,.T.);
#1598=ADVANCED_FACE('',(#1200,#1201),#1454,.T.);
#1599=ADVANCED_FACE('',(#1202,#1203),#1455,.T.);
#1600=ADVANCED_FACE('',(#1204,#1205),#1456,.T.);
#1601=ADVANCED_FACE('',(#1206,#1207),#1457,.T.);
#1602=ADVANCED_FACE('',(#1208),#72,.T.);
#1603=ADVANCED_FACE('',(#1209),#73,.F.);
#1604=ADVANCED_FACE('',(#1210,#1211),#1458,.T.);
#1605=ADVANCED_FACE('',(#1212,#1213),#1459,.T.);
#1606=ADVANCED_FACE('',(#1214,#1215),#1460,.T.);
#1607=ADVANCED_FACE('',(#1216,#1217),#1461,.T.);
#1608=ADVANCED_FACE('',(#1218,#1219),#1462,.T.);
#1609=ADVANCED_FACE('',(#1220,#1221),#1463,.T.);
#1610=ADVANCED_FACE('',(#1222,#1223),#1464,.T.);
#1611=ADVANCED_FACE('',(#1224,#1225),#1465,.T.);
#1612=ADVANCED_FACE('',(#1226,#1227),#1466,.T.);
#1613=ADVANCED_FACE('',(#1228,#1229),#1467,.T.);
#1614=ADVANCED_FACE('',(#1230,#1231),#1468,.T.);
#1615=ADVANCED_FACE('',(#1232,#1233),#1469,.T.);
#1616=ADVANCED_FACE('',(#1234,#1235),#1470,.T.);
#1617=ADVANCED_FACE('',(#1236,#1237),#1471,.T.);
#1618=ADVANCED_FACE('',(#1238,#1239),#1472,.T.);
#1619=ADVANCED_FACE('',(#1240,#1241),#1473,.T.);
#1620=ADVANCED_FACE('',(#1242,#1243),#1474,.T.);
#1621=ADVANCED_FACE('',(#1244,#1245),#1475,.T.);
#1622=ADVANCED_FACE('',(#1246,#1247),#1476,.T.);
#1623=ADVANCED_FACE('',(#1248,#1249),#1477,.T.);
#1624=ADVANCED_FACE('',(#1250,#1251),#1478,.T.);
#1625=ADVANCED_FACE('',(#1252,#1253),#1479,.T.);
#1626=ADVANCED_FACE('',(#1254,#1255),#1480,.T.);
#1627=ADVANCED_FACE('',(#1256,#1257),#1481,.T.);
#1628=ADVANCED_FACE('',(#1258,#1259),#1482,.T.);
#1629=ADVANCED_FACE('',(#1260,#1261),#1483,.T.);
#1630=ADVANCED_FACE('',(#1262,#1263),#1484,.T.);
#1631=ADVANCED_FACE('',(#1264,#1265),#1485,.T.);
#1632=ADVANCED_FACE('',(#1266,#1267),#1486,.T.);
#1633=ADVANCED_FACE('',(#1268,#1269),#1487,.T.);
#1634=ADVANCED_FACE('',(#1270,#1271),#1488,.T.);
#1635=ADVANCED_FACE('',(#1272,#1273),#1489,.T.);
#1636=ADVANCED_FACE('',(#1274,#1275),#1490,.T.);
#1637=ADVANCED_FACE('',(#1276,#1277),#1491,.T.);
#1638=ADVANCED_FACE('',(#1278),#74,.T.);
#1639=ADVANCED_FACE('',(#1279),#75,.F.);
#1640=ADVANCED_FACE('',(#1280,#1281),#1492,.T.);
#1641=ADVANCED_FACE('',(#1282,#1283),#1493,.T.);
#1642=ADVANCED_FACE('',(#1284,#1285),#1494,.T.);
#1643=ADVANCED_FACE('',(#1286,#1287),#1495,.T.);
#1644=ADVANCED_FACE('',(#1288,#1289),#1496,.T.);
#1645=ADVANCED_FACE('',(#1290,#1291),#1497,.T.);
#1646=ADVANCED_FACE('',(#1292,#1293),#1498,.T.);
#1647=ADVANCED_FACE('',(#1294,#1295),#1499,.T.);
#1648=ADVANCED_FACE('',(#1296,#1297),#1500,.T.);
#1649=ADVANCED_FACE('',(#1298,#1299),#1501,.T.);
#1650=ADVANCED_FACE('',(#1300,#1301),#1502,.T.);
#1651=ADVANCED_FACE('',(#1302,#1303),#1503,.T.);
#1652=ADVANCED_FACE('',(#1304,#1305),#1504,.T.);
#1653=ADVANCED_FACE('',(#1306,#1307),#1505,.T.);
#1654=ADVANCED_FACE('',(#1308,#1309),#1506,.T.);
#1655=ADVANCED_FACE('',(#1310,#1311),#1507,.T.);
#1656=ADVANCED_FACE('',(#1312,#1313),#1508,.T.);
#1657=ADVANCED_FACE('',(#1314,#1315),#1509,.T.);
#1658=ADVANCED_FACE('',(#1316,#1317),#1510,.T.);
#1659=ADVANCED_FACE('',(#1318,#1319),#1511,.T.);
#1660=ADVANCED_FACE('',(#1320,#1321),#1512,.T.);
#1661=ADVANCED_FACE('',(#1322,#1323),#1513,.T.);
#1662=ADVANCED_FACE('',(#1324,#1325),#1514,.T.);
#1663=ADVANCED_FACE('',(#1326,#1327),#1515,.T.);
#1664=ADVANCED_FACE('',(#1328,#1329),#1516,.T.);
#1665=ADVANCED_FACE('',(#1330,#1331),#1517,.T.);
#1666=ADVANCED_FACE('',(#1332,#1333),#1518,.T.);
#1667=ADVANCED_FACE('',(#1334,#1335),#1519,.T.);
#1668=ADVANCED_FACE('',(#1336,#1337),#1520,.T.);
#1669=ADVANCED_FACE('',(#1338,#1339),#1521,.T.);
#1670=ADVANCED_FACE('',(#1340,#1341),#1522,.T.);
#1671=ADVANCED_FACE('',(#1342,#1343),#1523,.T.);
#1672=ADVANCED_FACE('',(#1344,#1345),#1524,.T.);
#1673=ADVANCED_FACE('',(#1346,#1347),#1525,.T.);
#1674=ADVANCED_FACE('',(#1348,#1349),#1526,.T.);
#1675=ADVANCED_FACE('',(#1350,#1351),#1527,.T.);
#1676=ADVANCED_FACE('',(#1352),#76,.T.);
#1677=ADVANCED_FACE('',(#1353),#77,.F.);
#1678=ADVANCED_FACE('',(#1354,#1355),#1528,.T.);
#1679=ADVANCED_FACE('',(#1356,#1357),#1529,.T.);
#1680=ADVANCED_FACE('',(#1358,#1359),#1530,.T.);
#1681=ADVANCED_FACE('',(#1360,#1361),#1531,.T.);
#1682=ADVANCED_FACE('',(#1362,#1363),#1532,.T.);
#1683=ADVANCED_FACE('',(#1364,#1365),#1533,.T.);
#1684=ADVANCED_FACE('',(#1366,#1367),#1534,.T.);
#1685=ADVANCED_FACE('',(#1368,#1369),#1535,.T.);
#1686=ADVANCED_FACE('',(#1370,#1371),#1536,.T.);
#1687=ADVANCED_FACE('',(#1372,#1373),#1537,.T.);
#1688=ADVANCED_FACE('',(#1374,#1375),#1538,.T.);
#1689=ADVANCED_FACE('',(#1376,#1377),#1539,.T.);
#1690=ADVANCED_FACE('',(#1378,#1379),#1540,.T.);
#1691=ADVANCED_FACE('',(#1380,#1381),#1541,.T.);
#1692=ADVANCED_FACE('',(#1382,#1383),#1542,.T.);
#1693=ADVANCED_FACE('',(#1384,#1385),#1543,.T.);
#1694=ADVANCED_FACE('',(#1386,#1387),#1544,.T.);
#1695=ADVANCED_FACE('',(#1388,#1389),#1545,.T.);
#1696=ADVANCED_FACE('',(#1390,#1391),#1546,.T.);
#1697=ADVANCED_FACE('',(#1392,#1393),#1547,.T.);
#1698=ADVANCED_FACE('',(#1394,#1395),#1548,.T.);
#1699=ADVANCED_FACE('',(#1396,#1397),#1549,.T.);
#1700=ADVANCED_FACE('',(#1398,#1399),#1550,.T.);
#1701=ADVANCED_FACE('',(#1400,#1401),#1551,.T.);
#1702=ADVANCED_FACE('',(#1402,#1403),#1552,.T.);
#1703=ADVANCED_FACE('',(#1404,#1405),#1553,.T.);
#1704=ADVANCED_FACE('',(#1406,#1407),#1554,.T.);
#1705=ADVANCED_FACE('',(#1408,#1409),#1555,.T.);
#1706=ADVANCED_FACE('',(#1410),#78,.T.);
#1707=ADVANCED_FACE('',(#1411),#79,.F.);
#1708=CLOSED_SHELL('',(#1556,#1557,#1558,#1559,#1560,#1561,#1562,#1563,
#1564,#1565,#1566,#1567,#1568,#1569,#1570,#1571,#1572,#1573,#1574,#1575,
#1576,#1577,#1578,#1579,#1580,#1581,#1582,#1583,#1584,#1585,#1586,#1587,
#1588,#1589,#1590,#1591,#1592,#1593,#1594,#1595,#1596,#1597,#1598,#1599,
#1600,#1601,#1602,#1603));
#1709=CLOSED_SHELL('',(#1604,#1605,#1606,#1607,#1608,#1609,#1610,#1611,
#1612,#1613,#1614,#1615,#1616,#1617,#1618,#1619,#1620,#1621,#1622,#1623,
#1624,#1625,#1626,#1627,#1628,#1629,#1630,#1631,#1632,#1633,#1634,#1635,
#1636,#1637,#1638,#1639));
#1710=CLOSED_SHELL('',(#1640,#1641,#1642,#1643,#1644,#1645,#1646,#1647,
#1648,#1649,#1650,#1651,#1652,#1653,#1654,#1655,#1656,#1657,#1658,#1659,
#1660,#1661,#1662,#1663,#1664,#1665,#1666,#1667,#1668,#1669,#1670,#1671,
#1672,#1673,#1674,#1675,#1676,#1677));
#1711=CLOSED_SHELL('',(#1678,#1679,#1680,#1681,#1682,#1683,#1684,#1685,
#1686,#1687,#1688,#1689,#1690,#1691,#1692,#1693,#1694,#1695,#1696,#1697,
#1698,#1699,#1700,#1701,#1702,#1703,#1704,#1705,#1706,#1707));
#1712=STYLED_ITEM('',(#1716),#1741);
#1713=STYLED_ITEM('',(#1717),#1742);
#1714=STYLED_ITEM('',(#1718),#1743);
#1715=STYLED_ITEM('',(#1719),#1744);
#1716=PRESENTATION_STYLE_ASSIGNMENT((#1720));
#1717=PRESENTATION_STYLE_ASSIGNMENT((#1721));
#1718=PRESENTATION_STYLE_ASSIGNMENT((#1722));
#1719=PRESENTATION_STYLE_ASSIGNMENT((#1723));
#1720=SURFACE_STYLE_USAGE(.BOTH.,#1724);
#1721=SURFACE_STYLE_USAGE(.BOTH.,#1725);
#1722=SURFACE_STYLE_USAGE(.BOTH.,#1726);
#1723=SURFACE_STYLE_USAGE(.BOTH.,#1727);
#1724=SURFACE_SIDE_STYLE('',(#1728));
#1725=SURFACE_SIDE_STYLE('',(#1729));
#1726=SURFACE_SIDE_STYLE('',(#1730));
#1727=SURFACE_SIDE_STYLE('',(#1731));
#1728=SURFACE_STYLE_FILL_AREA(#1732);
#1729=SURFACE_STYLE_FILL_AREA(#1733);
#1730=SURFACE_STYLE_FILL_AREA(#1734);
#1731=SURFACE_STYLE_FILL_AREA(#1735);
#1732=FILL_AREA_STYLE('',(#1736));
#1733=FILL_AREA_STYLE('',(#1737));
#1734=FILL_AREA_STYLE('',(#1738));
#1735=FILL_AREA_STYLE('',(#1739));
#1736=FILL_AREA_STYLE_COLOUR('',#1740);
#1737=FILL_AREA_STYLE_COLOUR('',#1740);
#1738=FILL_AREA_STYLE_COLOUR('',#1740);
#1739=FILL_AREA_STYLE_COLOUR('',#1740);
#1740=COLOUR_RGB('',1.,0.792156862745098,0.);
#1741=MANIFOLD_SOLID_BREP('Body (0)',#1708);
#1742=MANIFOLD_SOLID_BREP('Body (3)',#1709);
#1743=MANIFOLD_SOLID_BREP('Body (2)',#1710);
#1744=MANIFOLD_SOLID_BREP('Body (1)',#1711);
#1745=SHAPE_DEFINITION_REPRESENTATION(#3177,#1746);
#1746=SHAPE_REPRESENTATION('Wires_x4',(#1747),#3172);
#1747=AXIS2_PLACEMENT_3D('',#2698,#2064,#2065);
#1748=AXIS2_PLACEMENT_3D('',#2699,#2066,#2067);
#1749=AXIS2_PLACEMENT_3D('',#2700,#2068,#2069);
#1750=AXIS2_PLACEMENT_3D('',#2702,#2070,#2071);
#1751=AXIS2_PLACEMENT_3D('',#2704,#2072,#2073);
#1752=AXIS2_PLACEMENT_3D('',#2705,#2074,#2075);
#1753=AXIS2_PLACEMENT_3D('',#2707,#2076,#2077);
#1754=AXIS2_PLACEMENT_3D('',#2708,#2078,#2079);
#1755=AXIS2_PLACEMENT_3D('',#2710,#2080,#2081);
#1756=AXIS2_PLACEMENT_3D('',#2711,#2082,#2083);
#1757=AXIS2_PLACEMENT_3D('',#2713,#2084,#2085);
#1758=AXIS2_PLACEMENT_3D('',#2714,#2086,#2087);
#1759=AXIS2_PLACEMENT_3D('',#2716,#2088,#2089);
#1760=AXIS2_PLACEMENT_3D('',#2717,#2090,#2091);
#1761=AXIS2_PLACEMENT_3D('',#2719,#2092,#2093);
#1762=AXIS2_PLACEMENT_3D('',#2720,#2094,#2095);
#1763=AXIS2_PLACEMENT_3D('',#2722,#2096,#2097);
#1764=AXIS2_PLACEMENT_3D('',#2723,#2098,#2099);
#1765=AXIS2_PLACEMENT_3D('',#2725,#2100,#2101);
#1766=AXIS2_PLACEMENT_3D('',#2726,#2102,#2103);
#1767=AXIS2_PLACEMENT_3D('',#2728,#2104,#2105);
#1768=AXIS2_PLACEMENT_3D('',#2729,#2106,#2107);
#1769=AXIS2_PLACEMENT_3D('',#2731,#2108,#2109);
#1770=AXIS2_PLACEMENT_3D('',#2732,#2110,#2111);
#1771=AXIS2_PLACEMENT_3D('',#2734,#2112,#2113);
#1772=AXIS2_PLACEMENT_3D('',#2735,#2114,#2115);
#1773=AXIS2_PLACEMENT_3D('',#2737,#2116,#2117);
#1774=AXIS2_PLACEMENT_3D('',#2738,#2118,#2119);
#1775=AXIS2_PLACEMENT_3D('',#2740,#2120,#2121);
#1776=AXIS2_PLACEMENT_3D('',#2741,#2122,#2123);
#1777=AXIS2_PLACEMENT_3D('',#2743,#2124,#2125);
#1778=AXIS2_PLACEMENT_3D('',#2744,#2126,#2127);
#1779=AXIS2_PLACEMENT_3D('',#2746,#2128,#2129);
#1780=AXIS2_PLACEMENT_3D('',#2747,#2130,#2131);
#1781=AXIS2_PLACEMENT_3D('',#2749,#2132,#2133);
#1782=AXIS2_PLACEMENT_3D('',#2750,#2134,#2135);
#1783=AXIS2_PLACEMENT_3D('',#2752,#2136,#2137);
#1784=AXIS2_PLACEMENT_3D('',#2753,#2138,#2139);
#1785=AXIS2_PLACEMENT_3D('',#2755,#2140,#2141);
#1786=AXIS2_PLACEMENT_3D('',#2756,#2142,#2143);
#1787=AXIS2_PLACEMENT_3D('',#2758,#2144,#2145);
#1788=AXIS2_PLACEMENT_3D('',#2759,#2146,#2147);
#1789=AXIS2_PLACEMENT_3D('',#2761,#2148,#2149);
#1790=AXIS2_PLACEMENT_3D('',#2762,#2150,#2151);
#1791=AXIS2_PLACEMENT_3D('',#2764,#2152,#2153);
#1792=AXIS2_PLACEMENT_3D('',#2765,#2154,#2155);
#1793=AXIS2_PLACEMENT_3D('',#2767,#2156,#2157);
#1794=AXIS2_PLACEMENT_3D('',#2768,#2158,#2159);
#1795=AXIS2_PLACEMENT_3D('',#2770,#2160,#2161);
#1796=AXIS2_PLACEMENT_3D('',#2771,#2162,#2163);
#1797=AXIS2_PLACEMENT_3D('',#2773,#2164,#2165);
#1798=AXIS2_PLACEMENT_3D('',#2774,#2166,#2167);
#1799=AXIS2_PLACEMENT_3D('',#2776,#2168,#2169);
#1800=AXIS2_PLACEMENT_3D('',#2777,#2170,#2171);
#1801=AXIS2_PLACEMENT_3D('',#2779,#2172,#2173);
#1802=AXIS2_PLACEMENT_3D('',#2780,#2174,#2175);
#1803=AXIS2_PLACEMENT_3D('',#2782,#2176,#2177);
#1804=AXIS2_PLACEMENT_3D('',#2783,#2178,#2179);
#1805=AXIS2_PLACEMENT_3D('',#2785,#2180,#2181);
#1806=AXIS2_PLACEMENT_3D('',#2786,#2182,#2183);
#1807=AXIS2_PLACEMENT_3D('',#2788,#2184,#2185);
#1808=AXIS2_PLACEMENT_3D('',#2789,#2186,#2187);
#1809=AXIS2_PLACEMENT_3D('',#2791,#2188,#2189);
#1810=AXIS2_PLACEMENT_3D('',#2792,#2190,#2191);
#1811=AXIS2_PLACEMENT_3D('',#2794,#2192,#2193);
#1812=AXIS2_PLACEMENT_3D('',#2795,#2194,#2195);
#1813=AXIS2_PLACEMENT_3D('',#2797,#2196,#2197);
#1814=AXIS2_PLACEMENT_3D('',#2798,#2198,#2199);
#1815=AXIS2_PLACEMENT_3D('',#2800,#2200,#2201);
#1816=AXIS2_PLACEMENT_3D('',#2801,#2202,#2203);
#1817=AXIS2_PLACEMENT_3D('',#2803,#2204,#2205);
#1818=AXIS2_PLACEMENT_3D('',#2804,#2206,#2207);
#1819=AXIS2_PLACEMENT_3D('',#2806,#2208,#2209);
#1820=AXIS2_PLACEMENT_3D('',#2807,#2210,#2211);
#1821=AXIS2_PLACEMENT_3D('',#2809,#2212,#2213);
#1822=AXIS2_PLACEMENT_3D('',#2810,#2214,#2215);
#1823=AXIS2_PLACEMENT_3D('',#2812,#2216,#2217);
#1824=AXIS2_PLACEMENT_3D('',#2813,#2218,#2219);
#1825=AXIS2_PLACEMENT_3D('',#2815,#2220,#2221);
#1826=AXIS2_PLACEMENT_3D('',#2816,#2222,#2223);
#1827=AXIS2_PLACEMENT_3D('',#2818,#2224,#2225);
#1828=AXIS2_PLACEMENT_3D('',#2819,#2226,#2227);
#1829=AXIS2_PLACEMENT_3D('',#2821,#2228,#2229);
#1830=AXIS2_PLACEMENT_3D('',#2822,#2230,#2231);
#1831=AXIS2_PLACEMENT_3D('',#2824,#2232,#2233);
#1832=AXIS2_PLACEMENT_3D('',#2825,#2234,#2235);
#1833=AXIS2_PLACEMENT_3D('',#2827,#2236,#2237);
#1834=AXIS2_PLACEMENT_3D('',#2828,#2238,#2239);
#1835=AXIS2_PLACEMENT_3D('',#2830,#2240,#2241);
#1836=AXIS2_PLACEMENT_3D('',#2831,#2242,#2243);
#1837=AXIS2_PLACEMENT_3D('',#2833,#2244,#2245);
#1838=AXIS2_PLACEMENT_3D('',#2834,#2246,#2247);
#1839=AXIS2_PLACEMENT_3D('',#2836,#2248,#2249);
#1840=AXIS2_PLACEMENT_3D('',#2837,#2250,#2251);
#1841=AXIS2_PLACEMENT_3D('',#2839,#2252,#2253);
#1842=AXIS2_PLACEMENT_3D('',#2840,#2254,#2255);
#1843=AXIS2_PLACEMENT_3D('',#2841,#2256,#2257);
#1844=AXIS2_PLACEMENT_3D('',#2842,#2258,#2259);
#1845=AXIS2_PLACEMENT_3D('',#2844,#2260,#2261);
#1846=AXIS2_PLACEMENT_3D('',#2846,#2262,#2263);
#1847=AXIS2_PLACEMENT_3D('',#2847,#2264,#2265);
#1848=AXIS2_PLACEMENT_3D('',#2849,#2266,#2267);
#1849=AXIS2_PLACEMENT_3D('',#2850,#2268,#2269);
#1850=AXIS2_PLACEMENT_3D('',#2852,#2270,#2271);
#1851=AXIS2_PLACEMENT_3D('',#2853,#2272,#2273);
#1852=AXIS2_PLACEMENT_3D('',#2855,#2274,#2275);
#1853=AXIS2_PLACEMENT_3D('',#2856,#2276,#2277);
#1854=AXIS2_PLACEMENT_3D('',#2858,#2278,#2279);
#1855=AXIS2_PLACEMENT_3D('',#2859,#2280,#2281);
#1856=AXIS2_PLACEMENT_3D('',#2861,#2282,#2283);
#1857=AXIS2_PLACEMENT_3D('',#2862,#2284,#2285);
#1858=AXIS2_PLACEMENT_3D('',#2864,#2286,#2287);
#1859=AXIS2_PLACEMENT_3D('',#2865,#2288,#2289);
#1860=AXIS2_PLACEMENT_3D('',#2867,#2290,#2291);
#1861=AXIS2_PLACEMENT_3D('',#2868,#2292,#2293);
#1862=AXIS2_PLACEMENT_3D('',#2870,#2294,#2295);
#1863=AXIS2_PLACEMENT_3D('',#2871,#2296,#2297);
#1864=AXIS2_PLACEMENT_3D('',#2873,#2298,#2299);
#1865=AXIS2_PLACEMENT_3D('',#2874,#2300,#2301);
#1866=AXIS2_PLACEMENT_3D('',#2876,#2302,#2303);
#1867=AXIS2_PLACEMENT_3D('',#2877,#2304,#2305);
#1868=AXIS2_PLACEMENT_3D('',#2879,#2306,#2307);
#1869=AXIS2_PLACEMENT_3D('',#2880,#2308,#2309);
#1870=AXIS2_PLACEMENT_3D('',#2882,#2310,#2311);
#1871=AXIS2_PLACEMENT_3D('',#2883,#2312,#2313);
#1872=AXIS2_PLACEMENT_3D('',#2885,#2314,#2315);
#1873=AXIS2_PLACEMENT_3D('',#2886,#2316,#2317);
#1874=AXIS2_PLACEMENT_3D('',#2888,#2318,#2319);
#1875=AXIS2_PLACEMENT_3D('',#2889,#2320,#2321);
#1876=AXIS2_PLACEMENT_3D('',#2891,#2322,#2323);
#1877=AXIS2_PLACEMENT_3D('',#2892,#2324,#2325);
#1878=AXIS2_PLACEMENT_3D('',#2894,#2326,#2327);
#1879=AXIS2_PLACEMENT_3D('',#2895,#2328,#2329);
#1880=AXIS2_PLACEMENT_3D('',#2897,#2330,#2331);
#1881=AXIS2_PLACEMENT_3D('',#2898,#2332,#2333);
#1882=AXIS2_PLACEMENT_3D('',#2900,#2334,#2335);
#1883=AXIS2_PLACEMENT_3D('',#2901,#2336,#2337);
#1884=AXIS2_PLACEMENT_3D('',#2903,#2338,#2339);
#1885=AXIS2_PLACEMENT_3D('',#2904,#2340,#2341);
#1886=AXIS2_PLACEMENT_3D('',#2906,#2342,#2343);
#1887=AXIS2_PLACEMENT_3D('',#2907,#2344,#2345);
#1888=AXIS2_PLACEMENT_3D('',#2909,#2346,#2347);
#1889=AXIS2_PLACEMENT_3D('',#2910,#2348,#2349);
#1890=AXIS2_PLACEMENT_3D('',#2912,#2350,#2351);
#1891=AXIS2_PLACEMENT_3D('',#2913,#2352,#2353);
#1892=AXIS2_PLACEMENT_3D('',#2915,#2354,#2355);
#1893=AXIS2_PLACEMENT_3D('',#2916,#2356,#2357);
#1894=AXIS2_PLACEMENT_3D('',#2918,#2358,#2359);
#1895=AXIS2_PLACEMENT_3D('',#2919,#2360,#2361);
#1896=AXIS2_PLACEMENT_3D('',#2921,#2362,#2363);
#1897=AXIS2_PLACEMENT_3D('',#2922,#2364,#2365);
#1898=AXIS2_PLACEMENT_3D('',#2924,#2366,#2367);
#1899=AXIS2_PLACEMENT_3D('',#2925,#2368,#2369);
#1900=AXIS2_PLACEMENT_3D('',#2927,#2370,#2371);
#1901=AXIS2_PLACEMENT_3D('',#2928,#2372,#2373);
#1902=AXIS2_PLACEMENT_3D('',#2930,#2374,#2375);
#1903=AXIS2_PLACEMENT_3D('',#2931,#2376,#2377);
#1904=AXIS2_PLACEMENT_3D('',#2933,#2378,#2379);
#1905=AXIS2_PLACEMENT_3D('',#2934,#2380,#2381);
#1906=AXIS2_PLACEMENT_3D('',#2936,#2382,#2383);
#1907=AXIS2_PLACEMENT_3D('',#2937,#2384,#2385);
#1908=AXIS2_PLACEMENT_3D('',#2939,#2386,#2387);
#1909=AXIS2_PLACEMENT_3D('',#2940,#2388,#2389);
#1910=AXIS2_PLACEMENT_3D('',#2942,#2390,#2391);
#1911=AXIS2_PLACEMENT_3D('',#2943,#2392,#2393);
#1912=AXIS2_PLACEMENT_3D('',#2945,#2394,#2395);
#1913=AXIS2_PLACEMENT_3D('',#2946,#2396,#2397);
#1914=AXIS2_PLACEMENT_3D('',#2947,#2398,#2399);
#1915=AXIS2_PLACEMENT_3D('',#2948,#2400,#2401);
#1916=AXIS2_PLACEMENT_3D('',#2950,#2402,#2403);
#1917=AXIS2_PLACEMENT_3D('',#2952,#2404,#2405);
#1918=AXIS2_PLACEMENT_3D('',#2953,#2406,#2407);
#1919=AXIS2_PLACEMENT_3D('',#2955,#2408,#2409);
#1920=AXIS2_PLACEMENT_3D('',#2956,#2410,#2411);
#1921=AXIS2_PLACEMENT_3D('',#2958,#2412,#2413);
#1922=AXIS2_PLACEMENT_3D('',#2959,#2414,#2415);
#1923=AXIS2_PLACEMENT_3D('',#2961,#2416,#2417);
#1924=AXIS2_PLACEMENT_3D('',#2962,#2418,#2419);
#1925=AXIS2_PLACEMENT_3D('',#2964,#2420,#2421);
#1926=AXIS2_PLACEMENT_3D('',#2965,#2422,#2423);
#1927=AXIS2_PLACEMENT_3D('',#2967,#2424,#2425);
#1928=AXIS2_PLACEMENT_3D('',#2968,#2426,#2427);
#1929=AXIS2_PLACEMENT_3D('',#2970,#2428,#2429);
#1930=AXIS2_PLACEMENT_3D('',#2971,#2430,#2431);
#1931=AXIS2_PLACEMENT_3D('',#2973,#2432,#2433);
#1932=AXIS2_PLACEMENT_3D('',#2974,#2434,#2435);
#1933=AXIS2_PLACEMENT_3D('',#2976,#2436,#2437);
#1934=AXIS2_PLACEMENT_3D('',#2977,#2438,#2439);
#1935=AXIS2_PLACEMENT_3D('',#2979,#2440,#2441);
#1936=AXIS2_PLACEMENT_3D('',#2980,#2442,#2443);
#1937=AXIS2_PLACEMENT_3D('',#2982,#2444,#2445);
#1938=AXIS2_PLACEMENT_3D('',#2983,#2446,#2447);
#1939=AXIS2_PLACEMENT_3D('',#2985,#2448,#2449);
#1940=AXIS2_PLACEMENT_3D('',#2986,#2450,#2451);
#1941=AXIS2_PLACEMENT_3D('',#2988,#2452,#2453);
#1942=AXIS2_PLACEMENT_3D('',#2989,#2454,#2455);
#1943=AXIS2_PLACEMENT_3D('',#2991,#2456,#2457);
#1944=AXIS2_PLACEMENT_3D('',#2992,#2458,#2459);
#1945=AXIS2_PLACEMENT_3D('',#2994,#2460,#2461);
#1946=AXIS2_PLACEMENT_3D('',#2995,#2462,#2463);
#1947=AXIS2_PLACEMENT_3D('',#2997,#2464,#2465);
#1948=AXIS2_PLACEMENT_3D('',#2998,#2466,#2467);
#1949=AXIS2_PLACEMENT_3D('',#3000,#2468,#2469);
#1950=AXIS2_PLACEMENT_3D('',#3001,#2470,#2471);
#1951=AXIS2_PLACEMENT_3D('',#3003,#2472,#2473);
#1952=AXIS2_PLACEMENT_3D('',#3004,#2474,#2475);
#1953=AXIS2_PLACEMENT_3D('',#3006,#2476,#2477);
#1954=AXIS2_PLACEMENT_3D('',#3007,#2478,#2479);
#1955=AXIS2_PLACEMENT_3D('',#3009,#2480,#2481);
#1956=AXIS2_PLACEMENT_3D('',#3010,#2482,#2483);
#1957=AXIS2_PLACEMENT_3D('',#3012,#2484,#2485);
#1958=AXIS2_PLACEMENT_3D('',#3013,#2486,#2487);
#1959=AXIS2_PLACEMENT_3D('',#3015,#2488,#2489);
#1960=AXIS2_PLACEMENT_3D('',#3016,#2490,#2491);
#1961=AXIS2_PLACEMENT_3D('',#3018,#2492,#2493);
#1962=AXIS2_PLACEMENT_3D('',#3019,#2494,#2495);
#1963=AXIS2_PLACEMENT_3D('',#3021,#2496,#2497);
#1964=AXIS2_PLACEMENT_3D('',#3022,#2498,#2499);
#1965=AXIS2_PLACEMENT_3D('',#3024,#2500,#2501);
#1966=AXIS2_PLACEMENT_3D('',#3025,#2502,#2503);
#1967=AXIS2_PLACEMENT_3D('',#3027,#2504,#2505);
#1968=AXIS2_PLACEMENT_3D('',#3028,#2506,#2507);
#1969=AXIS2_PLACEMENT_3D('',#3030,#2508,#2509);
#1970=AXIS2_PLACEMENT_3D('',#3031,#2510,#2511);
#1971=AXIS2_PLACEMENT_3D('',#3033,#2512,#2513);
#1972=AXIS2_PLACEMENT_3D('',#3034,#2514,#2515);
#1973=AXIS2_PLACEMENT_3D('',#3036,#2516,#2517);
#1974=AXIS2_PLACEMENT_3D('',#3037,#2518,#2519);
#1975=AXIS2_PLACEMENT_3D('',#3039,#2520,#2521);
#1976=AXIS2_PLACEMENT_3D('',#3040,#2522,#2523);
#1977=AXIS2_PLACEMENT_3D('',#3042,#2524,#2525);
#1978=AXIS2_PLACEMENT_3D('',#3043,#2526,#2527);
#1979=AXIS2_PLACEMENT_3D('',#3045,#2528,#2529);
#1980=AXIS2_PLACEMENT_3D('',#3046,#2530,#2531);
#1981=AXIS2_PLACEMENT_3D('',#3048,#2532,#2533);
#1982=AXIS2_PLACEMENT_3D('',#3049,#2534,#2535);
#1983=AXIS2_PLACEMENT_3D('',#3051,#2536,#2537);
#1984=AXIS2_PLACEMENT_3D('',#3052,#2538,#2539);
#1985=AXIS2_PLACEMENT_3D('',#3054,#2540,#2541);
#1986=AXIS2_PLACEMENT_3D('',#3055,#2542,#2543);
#1987=AXIS2_PLACEMENT_3D('',#3057,#2544,#2545);
#1988=AXIS2_PLACEMENT_3D('',#3058,#2546,#2547);
#1989=AXIS2_PLACEMENT_3D('',#3059,#2548,#2549);
#1990=AXIS2_PLACEMENT_3D('',#3060,#2550,#2551);
#1991=AXIS2_PLACEMENT_3D('',#3062,#2552,#2553);
#1992=AXIS2_PLACEMENT_3D('',#3064,#2554,#2555);
#1993=AXIS2_PLACEMENT_3D('',#3065,#2556,#2557);
#1994=AXIS2_PLACEMENT_3D('',#3067,#2558,#2559);
#1995=AXIS2_PLACEMENT_3D('',#3068,#2560,#2561);
#1996=AXIS2_PLACEMENT_3D('',#3070,#2562,#2563);
#1997=AXIS2_PLACEMENT_3D('',#3071,#2564,#2565);
#1998=AXIS2_PLACEMENT_3D('',#3073,#2566,#2567);
#1999=AXIS2_PLACEMENT_3D('',#3074,#2568,#2569);
#2000=AXIS2_PLACEMENT_3D('',#3076,#2570,#2571);
#2001=AXIS2_PLACEMENT_3D('',#3077,#2572,#2573);
#2002=AXIS2_PLACEMENT_3D('',#3079,#2574,#2575);
#2003=AXIS2_PLACEMENT_3D('',#3080,#2576,#2577);
#2004=AXIS2_PLACEMENT_3D('',#3082,#2578,#2579);
#2005=AXIS2_PLACEMENT_3D('',#3083,#2580,#2581);
#2006=AXIS2_PLACEMENT_3D('',#3085,#2582,#2583);
#2007=AXIS2_PLACEMENT_3D('',#3086,#2584,#2585);
#2008=AXIS2_PLACEMENT_3D('',#3088,#2586,#2587);
#2009=AXIS2_PLACEMENT_3D('',#3089,#2588,#2589);
#2010=AXIS2_PLACEMENT_3D('',#3091,#2590,#2591);
#2011=AXIS2_PLACEMENT_3D('',#3092,#2592,#2593);
#2012=AXIS2_PLACEMENT_3D('',#3094,#2594,#2595);
#2013=AXIS2_PLACEMENT_3D('',#3095,#2596,#2597);
#2014=AXIS2_PLACEMENT_3D('',#3097,#2598,#2599);
#2015=AXIS2_PLACEMENT_3D('',#3098,#2600,#2601);
#2016=AXIS2_PLACEMENT_3D('',#3100,#2602,#2603);
#2017=AXIS2_PLACEMENT_3D('',#3101,#2604,#2605);
#2018=AXIS2_PLACEMENT_3D('',#3103,#2606,#2607);
#2019=AXIS2_PLACEMENT_3D('',#3104,#2608,#2609);
#2020=AXIS2_PLACEMENT_3D('',#3106,#2610,#2611);
#2021=AXIS2_PLACEMENT_3D('',#3107,#2612,#2613);
#2022=AXIS2_PLACEMENT_3D('',#3109,#2614,#2615);
#2023=AXIS2_PLACEMENT_3D('',#3110,#2616,#2617);
#2024=AXIS2_PLACEMENT_3D('',#3112,#2618,#2619);
#2025=AXIS2_PLACEMENT_3D('',#3113,#2620,#2621);
#2026=AXIS2_PLACEMENT_3D('',#3115,#2622,#2623);
#2027=AXIS2_PLACEMENT_3D('',#3116,#2624,#2625);
#2028=AXIS2_PLACEMENT_3D('',#3118,#2626,#2627);
#2029=AXIS2_PLACEMENT_3D('',#3119,#2628,#2629);
#2030=AXIS2_PLACEMENT_3D('',#3121,#2630,#2631);
#2031=AXIS2_PLACEMENT_3D('',#3122,#2632,#2633);
#2032=AXIS2_PLACEMENT_3D('',#3124,#2634,#2635);
#2033=AXIS2_PLACEMENT_3D('',#3125,#2636,#2637);
#2034=AXIS2_PLACEMENT_3D('',#3127,#2638,#2639);
#2035=AXIS2_PLACEMENT_3D('',#3128,#2640,#2641);
#2036=AXIS2_PLACEMENT_3D('',#3130,#2642,#2643);
#2037=AXIS2_PLACEMENT_3D('',#3131,#2644,#2645);
#2038=AXIS2_PLACEMENT_3D('',#3133,#2646,#2647);
#2039=AXIS2_PLACEMENT_3D('',#3134,#2648,#2649);
#2040=AXIS2_PLACEMENT_3D('',#3136,#2650,#2651);
#2041=AXIS2_PLACEMENT_3D('',#3137,#2652,#2653);
#2042=AXIS2_PLACEMENT_3D('',#3139,#2654,#2655);
#2043=AXIS2_PLACEMENT_3D('',#3140,#2656,#2657);
#2044=AXIS2_PLACEMENT_3D('',#3142,#2658,#2659);
#2045=AXIS2_PLACEMENT_3D('',#3143,#2660,#2661);
#2046=AXIS2_PLACEMENT_3D('',#3145,#2662,#2663);
#2047=AXIS2_PLACEMENT_3D('',#3146,#2664,#2665);
#2048=AXIS2_PLACEMENT_3D('',#3147,#2666,#2667);
#2049=AXIS2_PLACEMENT_3D('',#3149,#2668,#2669);
#2050=AXIS2_PLACEMENT_3D('',#3150,#2670,#2671);
#2051=AXIS2_PLACEMENT_3D('',#3152,#2672,#2673);
#2052=AXIS2_PLACEMENT_3D('',#3153,#2674,#2675);
#2053=AXIS2_PLACEMENT_3D('',#3155,#2676,#2677);
#2054=AXIS2_PLACEMENT_3D('',#3156,#2678,#2679);
#2055=AXIS2_PLACEMENT_3D('',#3158,#2680,#2681);
#2056=AXIS2_PLACEMENT_3D('',#3159,#2682,#2683);
#2057=AXIS2_PLACEMENT_3D('',#3161,#2684,#2685);
#2058=AXIS2_PLACEMENT_3D('',#3162,#2686,#2687);
#2059=AXIS2_PLACEMENT_3D('',#3164,#2688,#2689);
#2060=AXIS2_PLACEMENT_3D('',#3165,#2690,#2691);
#2061=AXIS2_PLACEMENT_3D('',#3167,#2692,#2693);
#2062=AXIS2_PLACEMENT_3D('',#3168,#2694,#2695);
#2063=AXIS2_PLACEMENT_3D('',#3170,#2696,#2697);
#2064=DIRECTION('',(0.,0.,1.));
#2065=DIRECTION('',(1.,0.,0.));
#2066=DIRECTION('',(-0.485822158251524,0.841468661278153,0.236447293574242));
#2067=DIRECTION('',(-0.866025403718506,-0.500000000114199,0.));
#2068=DIRECTION('',(-0.853453735881406,-0.398293046308723,-0.336124039563058));
#2069=DIRECTION('',(0.421894475436637,-0.906639654132968,0.003096635221733));
#2070=DIRECTION('',(-0.866025403718802,-0.500000000113685,-2.41690001345773E-12));
#2071=DIRECTION('',(0.499915828358601,-0.865879613962568,0.0183482609684664));
#2072=DIRECTION('',(-0.47137372569191,0.865030174320178,0.171841811684264));
#2073=DIRECTION('',(-0.87809218503419,-0.478491498965114,0.));
#2074=DIRECTION('',(-0.792797122432475,-0.330250365729656,-0.512257180133393));
#2075=DIRECTION('',(0.39143156686459,-0.920120923551666,-0.0126021626858498));
#2076=DIRECTION('',(-0.438684304989537,0.89266907104785,0.103431185579664));
#2077=DIRECTION('',(-0.89748261859127,-0.441049826353619,0.));
#2078=DIRECTION('',(-0.739948458955526,-0.293503709819083,-0.60525354225463));
#2079=DIRECTION('',(0.382241896456838,-0.923860679476843,-0.0193022669566281));
#2080=DIRECTION('',(0.443083650713635,0.464334842293565,-0.766857244017742));
#2081=DIRECTION('',(0.,0.855408945166416,0.517953218475645));
#2082=DIRECTION('',(-0.731011131433169,-0.308029168025114,-0.608884847378019));
#2083=DIRECTION('',(0.39467672564144,-0.918775591732904,-0.00903848841356189));
#2084=DIRECTION('',(0.62494665556391,-0.660497229031744,-0.416155125092642));
#2085=DIRECTION('',(0.726384970402972,0.687288058075123,0.));
#2086=DIRECTION('',(-0.757095621167266,-0.382775382742794,-0.529423485288911));
#2087=DIRECTION('',(0.437715590310551,-0.898796216247005,0.023883543689149));
#2088=DIRECTION('',(0.539874417506746,-0.822909800205548,-0.177073640182319));
#2089=DIRECTION('',(0.836122538718277,0.548542705946678,0.));
#2090=DIRECTION('',(-0.825896320396166,-0.477225667241759,-0.300251445428214));
#2091=DIRECTION('',(0.48620530400531,-0.872452933254827,0.0492978864876704));
#2092=DIRECTION('',(0.510839684005662,-0.858732221598343,-0.0402714394300842));
#2093=DIRECTION('',(0.859429410897504,0.511254425589031,0.));
#2094=DIRECTION('',(-0.85822916138809,-0.512136740044193,0.0340391838915509));
#2095=DIRECTION('',(0.513263823456078,-0.856557038185867,0.0535750675734803));
#2096=DIRECTION('',(0.434493230227419,-0.689608577014093,0.579357957911291));
#2097=DIRECTION('',(0.,-0.643248557595724,-0.765657425452807));
#2098=DIRECTION('',(-0.896838136704158,-0.390567459590722,0.20769789614212));
#2099=DIRECTION('',(0.411478601902408,-0.908909416386488,0.067594622422293));
#2100=DIRECTION('',(0.324599646203105,-0.26206170813532,0.908822716933296));
#2101=DIRECTION('',(0.941735312879662,0.,-0.336354872828454));
#2102=DIRECTION('',(-0.940512079891857,-0.191378693816003,0.280733366614611));
#2103=DIRECTION('',(0.231067269020525,-0.966051315765967,0.115554197216027));
#2104=DIRECTION('',(0.210720514000915,0.319595474040665,0.923826605999152));
#2105=DIRECTION('',(0.,-0.945046346585129,0.326936389540994));
#2106=DIRECTION('',(-0.974777619837777,0.139774547399672,0.173987550596628));
#2107=DIRECTION('',(-0.104956809088601,-0.975104899528571,0.195331777090451));
#2108=DIRECTION('',(0.219067873402169,0.450316000524776,0.865577706803047));
#2109=DIRECTION('',(0.,-0.887126340781794,0.461526657400311));
#2110=DIRECTION('',(-0.903825404935802,0.427857155445764,0.00615564184245804));
#2111=DIRECTION('',(-0.415629162669536,-0.881233296659519,0.225122802037501));
#2112=DIRECTION('',(0.335909925732549,0.700533401224612,0.629616927633803));
#2113=DIRECTION('',(0.,-0.668458288828911,0.743749632669438));
#2114=DIRECTION('',(-0.86367243172424,0.495796958395348,-0.0908587184889804));
#2115=DIRECTION('',(-0.502931145789924,-0.835611268624673,0.220939064771032));
#2116=DIRECTION('',(0.499433973636131,0.817391273492622,-0.287118811637507));
#2117=DIRECTION('',(-0.85332034581541,0.521386984319199,0.));
#2118=DIRECTION('',(-0.866188061940875,0.477566037543887,-0.147135723519957));
#2119=DIRECTION('',(-0.499411805993246,-0.837591541103735,0.22142325601895));
#2120=DIRECTION('',(0.13506071127151,-0.0597494000679593,-0.989034182150624));
#2121=DIRECTION('',(-0.990804344630786,0.,-0.135302441444189));
#2122=DIRECTION('',(-0.937366030829813,0.31577205622352,-0.147081381400678));
#2123=DIRECTION('',(-0.343924520999438,-0.905986487934831,0.246788183539682));
#2124=DIRECTION('',(0.114906670904349,-0.11830586927514,-0.986306330850985));
#2125=DIRECTION('',(0.,0.992882897505117,-0.119094717942665));
#2126=DIRECTION('',(-0.989355379404009,0.0756145089521486,-0.124331730786128));
#2127=DIRECTION('',(-0.108092754038708,-0.95389242012607,0.280009298685519));
#2128=DIRECTION('',(0.111553672660737,-0.154549025032973,-0.98166714164082));
#2129=DIRECTION('',(0.,0.987832788562496,-0.155519715280229));
#2130=DIRECTION('',(-0.971968714103755,-0.222694699898459,-0.0753915740691745));
#2131=DIRECTION('',(0.189373456362844,-0.931585353603633,0.310300536538987));
#2132=DIRECTION('',(0.11313116679678,-0.161896478914959,-0.980301417531433));
#2133=DIRECTION('',(0.,0.986635556885834,-0.162942560089682));
#2134=DIRECTION('',(-0.890649211992252,-0.453838374379271,-0.0278336328631764));
#2135=DIRECTION('',(0.421615046337172,-0.847231437194272,0.323171230977994));
#2136=DIRECTION('',(0.191382429968127,-0.318649192138238,-0.928350934641175));
#2137=DIRECTION('',(0.,0.945834163469553,-0.324650173592825));
#2138=DIRECTION('',(-0.863079887735361,-0.505046723209038,-0.00457326606821228));
#2139=DIRECTION('',(0.476495749591956,-0.817224357706139,0.324185363322572));
#2140=DIRECTION('',(0.109346960006821,-0.195688907849743,0.97455071375575));
#2141=DIRECTION('',(0.,-0.98042972035267,-0.196869407093091));
#2142=DIRECTION('',(-0.886720411716248,-0.462257943627538,0.0066712067130698));
#2143=DIRECTION('',(0.43921261903469,-0.837834793190475,0.324230064306443));
#2144=DIRECTION('',(-0.00829299952826285,0.0303325873997514,0.999505457864268));
#2145=DIRECTION('',(0.,-0.99953982955199,0.0303336304978293));
#2146=DIRECTION('',(-0.973022643543381,-0.230707143938236,-0.00107186179745705));
#2147=DIRECTION('',(0.217852441594097,-0.920316550178288,0.324896539161969));
#2148=DIRECTION('',(-0.00998623551373974,0.0374751199103881,0.999247662237929));
#2149=DIRECTION('',(0.,-0.999297490901293,0.0374769886514471));
#2150=DIRECTION('',(-0.996132478359326,0.0868648766448393,-0.0132128257077653));
#2151=DIRECTION('',(-0.0864722747622254,-0.942546773032349,0.322688900248754));
#2152=DIRECTION('',(-0.0128347163727373,0.0049099279078311,0.999905576873922));
#2153=DIRECTION('',(0.999917629649726,0.,0.0128348710813043));
#2154=DIRECTION('',(-0.941069131369552,0.337935101601948,-0.0137388896435616));
#2155=DIRECTION('',(-0.32439337389826,-0.890374155980073,0.319378774081303));
#2156=DIRECTION('',(-0.0299456173871366,-0.0427915243896736,0.99863514130022));
#2157=DIRECTION('',(0.,-0.999083200705996,-0.0428107237390629));
#2158=DIRECTION('',(-0.829320564000491,0.558772356504589,-0.000925057952591186));
#2159=DIRECTION('',(-0.53007163985131,-0.78619752439842,0.317675163107124));
#2160=DIRECTION('',(-0.185228985702,-0.273351091973358,0.943911756136548));
#2161=DIRECTION('',(0.,-0.960533415545016,-0.278164623238516));
#2162=DIRECTION('',(-0.728265504118196,0.683091867582313,0.0549077039619858));
#2163=DIRECTION('',(-0.634848577427085,-0.702658814757865,0.321306510643464));
#2164=DIRECTION('',(-0.325509229868904,-0.41531490337752,0.849445273282908));
#2165=DIRECTION('',(0.,-0.898371612849485,-0.439236206643094));
#2166=DIRECTION('',(-0.673181265056943,0.732651049350885,0.100246816714456));
#2167=DIRECTION('',(-0.67361958471028,-0.663492304726338,0.325598858511022));
#2168=DIRECTION('',(-0.622662481757694,-0.488478756784712,-0.611293659366275));
#2169=DIRECTION('',(-0.700562253077461,0.,0.713591290279689));
#2170=DIRECTION('',(-0.701464411726942,0.694644364685723,0.159426740827702));
#2171=DIRECTION('',(-0.62988553824367,-0.708901390873612,0.31733740203282));
#2172=DIRECTION('',(-0.226869138791024,-0.00557615321128885,-0.973909287551763));
#2173=DIRECTION('',(-0.9739244290216,0.,0.226872665949319));
#2174=DIRECTION('',(-0.802657308499847,0.567437573639636,0.183727638459063));
#2175=DIRECTION('',(-0.507504554555501,-0.81158911024518,0.28941707488823));
#2176=DIRECTION('',(-0.0313548664602684,0.267470397982533,-0.963055792024701));
#2177=DIRECTION('',(0.,0.963529544762069,0.267601973779344));
#2178=DIRECTION('',(-0.920523341375932,0.367681762270998,0.132086712713209));
#2179=DIRECTION('',(-0.326609339231116,-0.909755610452655,0.256263670419609));
#2180=DIRECTION('',(0.0347094807448566,0.413716389264365,-0.909743920672449));
#2181=DIRECTION('',(0.,0.910292422435901,0.413965826676283));
#2182=DIRECTION('',(-0.977938172003827,0.201684875882915,0.0544071923361817));
#2183=DIRECTION('',(-0.183031371642088,-0.952816006538116,0.242159399321134));
#2184=DIRECTION('',(0.164077350722346,0.902815176987478,-0.397496388890521));
#2185=DIRECTION('',(0.,0.40295747979143,0.915218700355352));
#2186=DIRECTION('',(-0.983054491717825,0.183043066083514,0.00995501241360784));
#2187=DIRECTION('',(-0.175247395566198,-0.95434314794532,0.241903919598425));
#2188=DIRECTION('',(0.168852320647016,0.883025837364525,0.4378975500717));
#2189=DIRECTION('',(0.,-0.444276759383195,0.895889592010068));
#2190=DIRECTION('',(-0.978024948685439,0.205228479921011,-0.0367215301717534));
#2191=DIRECTION('',(-0.207965693882786,-0.947865294979095,0.241457351807818));
#2192=DIRECTION('',(-0.00292830874039995,0.162593246833475,0.986688837016042));
#2193=DIRECTION('',(0.,-0.98669306746773,0.16259394395586));
#2194=DIRECTION('',(-0.931128926175575,0.359383872789418,-0.0619851177138442));
#2195=DIRECTION('',(-0.363614968072197,-0.901833645013661,0.233410007744373));
#2196=DIRECTION('',(-0.0262236280559874,0.103546421056001,0.994278864312259));
#2197=DIRECTION('',(0.,-0.994620912919744,0.103582042761745));
#2198=DIRECTION('',(-0.848524884076667,0.523537613064607,-0.0769018127828761));
#2199=DIRECTION('',(-0.526554066443798,-0.82099633271775,0.220693988988159));
#2200=DIRECTION('',(-0.0651600429071587,0.0408454929969009,0.997038522079351));
#2201=DIRECTION('',(0.997871270966349,0.,0.0652144660332527));
#2202=DIRECTION('',(-0.568699986433453,0.819497619797374,-0.0707387911759055));
#2203=DIRECTION('',(-0.814108036091482,-0.54849539047338,0.190737810097328));
#2204=DIRECTION('',(-0.0880832106309155,0.0248310918004702,0.995803577461412));
#2205=DIRECTION('',(0.996110717340011,0.,0.0881103785054162));
#2206=DIRECTION('',(-0.23238608195295,0.971592094371045,-0.0447829328008333));
#2207=DIRECTION('',(-0.960207353982666,-0.221842617633369,0.169669355981513));
#2208=DIRECTION('',(-0.184156509419481,0.001257278220771,0.982896128433676));
#2209=DIRECTION('',(0.982896905290399,0.,0.184156654972218));
#2210=DIRECTION('',(-0.010381385457642,0.999940914103793,-0.00322414907384156));
#2211=DIRECTION('',(-0.986328643325656,-0.00970964646995584,0.164503890898663));
#2212=DIRECTION('',(-0.385036611796012,-0.00102170430584649,0.922900733392795));
#2213=DIRECTION('',(0.922901215091837,0.,0.385036812762119));
#2214=DIRECTION('',(0.0669540039934335,0.997333437424287,0.0290374920525656));
#2215=DIRECTION('',(-0.98431832106612,0.0612640010506474,0.165421174548001));
#2216=DIRECTION('',(-0.247154116984396,0.0447739346951341,-0.967941184798735));
#2217=DIRECTION('',(-0.968912864368201,0.,0.247402225660579));
#2218=DIRECTION('',(-0.126506850638569,0.988890769706901,0.0780452582160145));
#2219=DIRECTION('',(-0.978362682661713,-0.137370217700353,0.154712263456826));
#2220=DIRECTION('',(-0.149566029872046,0.0587626648254698,-0.987004028325581));
#2221=DIRECTION('',(-0.988712541802497,0.,0.149824930109929));
#2222=DIRECTION('',(-0.449042445982044,0.885313115097964,0.120754171530441));
#2223=DIRECTION('',(-0.878651212928003,-0.462068075958197,0.120271107089106));
#2224=DIRECTION('',(-0.100853867047252,0.0840620150817591,-0.99134357067669));
#2225=DIRECTION('',(-0.994864870144174,0.,0.101212104775152));
#2226=DIRECTION('',(-0.821851752617544,0.5545222974798,0.130631995763654));
#2227=DIRECTION('',(-0.552344169029037,-0.831751435672174,0.055726727850288));
#2228=DIRECTION('',(-0.0871611256324948,0.104210995027288,-0.990728523205978));
#2229=DIRECTION('',(0.,0.994513415375406,0.104609113553007));
#2230=DIRECTION('',(-0.973925524076942,0.200189035774616,0.10673998082763));
#2231=DIRECTION('',(-0.200363177072109,-0.979678490528888,0.00920067761694976));
#2232=DIRECTION('',(-0.0731542583996462,0.168248107738148,-0.983026463896334));
#2233=DIRECTION('',(0.,0.985667423985225,0.168700116462111));
#2234=DIRECTION('',(-0.992241733874428,0.0870697718692388,0.0887423032409459));
#2235=DIRECTION('',(-0.0875929840475479,-0.996154317320834,-0.00201127539373282));
#2236=DIRECTION('',(-0.0671917024389862,0.224998983262859,-0.972039470728442));
#2237=DIRECTION('',(0.,0.974241173992753,0.225508613798279));
#2238=DIRECTION('',(-0.997477235837901,-0.0375095925692768,0.0602676899380429));
#2239=DIRECTION('',(0.0368916472091256,-0.999254996732893,-0.0113339256457557));
#2240=DIRECTION('',(0.0504254457819836,0.223166177616599,0.973475285554638));
#2241=DIRECTION('',(0.,-0.974715291057802,0.223450445016574));
#2242=DIRECTION('',(-0.997629521761171,0.0569547021321389,0.0386199328794865));
#2243=DIRECTION('',(-0.0572532314166758,-0.998337423037807,-0.00666762735756155));
#2244=DIRECTION('',(0.0466325136666908,0.146838363162914,0.988060678183664));
#2245=DIRECTION('',(0.,-0.989136747603047,0.146998280742553));
#2246=DIRECTION('',(-0.991292586048013,0.128741413376836,0.0276524380114693));
#2247=DIRECTION('',(-0.128906896279934,-0.991647464102339,-0.00428007369979464));
#2248=DIRECTION('',(-0.0385027731905551,-0.0825691898078671,-0.995841285221249));
#2249=DIRECTION('',(0.,0.996580256146077,-0.0826304608471985));
#2250=DIRECTION('',(-0.906307787036648,0.422618261740686,1.16178323083564E-7));
#2251=DIRECTION('',(-0.422618261740689,-0.906307787036655,0.));
#2252=DIRECTION('',(-0.866025403718803,-0.500000000113685,-2.41678899115527E-12));
#2253=DIRECTION('',(0.499915828358601,-0.865879613962568,0.0183482609684665));
#2254=DIRECTION('',(-0.906307787036648,0.422618261740686,1.16178323083564E-7));
#2255=DIRECTION('',(-0.422618261740689,-0.906307787036655,0.));
#2256=DIRECTION('',(0.194081611784544,0.336159212532057,-0.921590642203436));
#2257=DIRECTION('',(0.,0.939453997127728,0.342675046189149));
#2258=DIRECTION('',(0.913654653121074,-0.403986980368401,0.0450521311708096));
#2259=DIRECTION('',(0.40585158436506,0.912812284053229,-0.0453676707568117));
#2260=DIRECTION('',(0.866025403850085,-0.499999999886299,-2.41214687113356E-12));
#2261=DIRECTION('',(0.499537621369439,0.86522454076652,-0.0429960334441185));
#2262=DIRECTION('',(0.178689833654996,0.299610934497589,-0.937178334831654));
#2263=DIRECTION('',(0.,0.952508526675886,0.304511915382196));
#2264=DIRECTION('',(0.928468243379708,-0.366559200849815,0.0598420697147597));
#2265=DIRECTION('',(0.369447696989692,0.928039756906355,-0.0474405816807362));
#2266=DIRECTION('',(0.171632167685214,0.28056088672789,-0.944366447865517));
#2267=DIRECTION('',(0.,0.958590879112095,0.284786808829167));
#2268=DIRECTION('',(0.941741462846782,-0.328172875701338,0.0736585419969637));
#2269=DIRECTION('',(0.332145718919491,0.941896427951264,-0.0501032974573948));
#2270=DIRECTION('',(0.147265324808673,0.205438217849134,-0.967526776247545));
#2271=DIRECTION('',(0.,0.9781919793165,0.207702796324143));
#2272=DIRECTION('',(0.949430448445744,-0.3036024773175,0.0800459826024506));
#2273=DIRECTION('',(0.308145738454953,0.949913994223209,-0.0520538898734887));
#2274=DIRECTION('',(0.127644966216166,0.140305877094146,-0.981845722836595));
#2275=DIRECTION('',(0.,0.989943535717221,0.141463055571716));
#2276=DIRECTION('',(0.961746120349926,-0.259437353005635,0.0879582847564417));
#2277=DIRECTION('',(0.264799513258324,0.962683955763308,-0.055864291761956));
#2278=DIRECTION('',(0.0688567621899449,-0.0818350568659289,-0.994264436540133));
#2279=DIRECTION('',(0.,0.996629881220319,-0.0820297498397517));
#2280=DIRECTION('',(0.972623708786119,-0.2162216643724,0.0851546414657792));
#2281=DIRECTION('',(0.221602795514028,0.973305972301575,-0.059730103820889));
#2282=DIRECTION('',(0.0535292199077157,-0.148125858954842,-0.987518785909899));
#2283=DIRECTION('',(0.,0.988936640652876,-0.148338534353704));
#2284=DIRECTION('',(0.983206454320901,-0.164968941238215,0.07804048057557));
#2285=DIRECTION('',(0.170075059199056,0.983348709847071,-0.0640295953488637));
#2286=DIRECTION('',(0.0336132709556109,-0.256611100431014,-0.965930065352171));
#2287=DIRECTION('',(0.,0.966476207190883,-0.256756189670133));
#2288=DIRECTION('',(0.999151960535538,-0.0143682207348701,0.0385864482805347));
#2289=DIRECTION('',(0.017160101389886,0.997182401247784,-0.0730259512912551));
#2290=DIRECTION('',(0.0332896207786723,-0.269616402599308,-0.962392225964976));
#2291=DIRECTION('',(0.,0.962925930573885,-0.269765921176892));
#2292=DIRECTION('',(0.9932477881388,0.115997291690025,0.00186002095754315));
#2293=DIRECTION('',(-0.11552459132768,0.990414370856379,-0.0757195007890077));
#2294=DIRECTION('',(0.0326893102203185,-0.264452848609366,-0.963844437583011));
#2295=DIRECTION('',(0.,0.964359828423317,-0.264594257918329));
#2296=DIRECTION('',(0.870241672420425,0.481805279774986,-0.102679618054655));
#2297=DIRECTION('',(-0.488625121224147,0.870724691409449,-0.0555337976245839));
#2298=DIRECTION('',(0.0272436621277857,-0.255184603912055,-0.966508458731798));
#2299=DIRECTION('',(0.,0.966867338084271,-0.255279357852991));
#2300=DIRECTION('',(0.490704188795495,0.845771624866959,-0.209474957139177));
#2301=DIRECTION('',(-0.861335525266411,0.507152753225073,0.0299532604279602));
#2302=DIRECTION('',(-0.0124528030502279,-0.233577423293573,-0.972258461019357));
#2303=DIRECTION('',(0.,0.972333854967828,-0.233595536094769));
#2304=DIRECTION('',(0.225339587538079,0.946666228249548,-0.230315267796003));
#2305=DIRECTION('',(-0.963330199310222,0.251834404522271,0.0925978390452067));
#2306=DIRECTION('',(-0.107570818921123,-0.210775286037244,-0.971597806560182));
#2307=DIRECTION('',(0.,0.977268480686323,-0.21200546374338));
#2308=DIRECTION('',(0.0806821910621386,0.972194360846729,-0.219837459918082));
#2309=DIRECTION('',(-0.98590724999371,0.110268621287056,0.125808288953048));
#2310=DIRECTION('',(-0.84114123456824,0.184741692035835,0.508283317385839));
#2311=DIRECTION('',(0.517185574836913,0.,0.855873285703329));
#2312=DIRECTION('',(0.0955320519337331,0.975822379249033,-0.19658156375939));
#2313=DIRECTION('',(-0.984910147365435,0.121291411377402,0.123451995296455));
#2314=DIRECTION('',(-0.698424646826513,0.206423829367692,0.685267987997716));
#2315=DIRECTION('',(0.700351691311598,0.,0.713797946534581));
#2316=DIRECTION('',(0.149584648441263,0.978457666177584,-0.142285025385737));
#2317=DIRECTION('',(-0.979237865721277,0.166515693575467,0.115610233676436));
#2318=DIRECTION('',(-0.975611830429356,0.122680778960404,-0.182019182505441));
#2319=DIRECTION('',(-0.183404587164049,0.,0.983037515767931));
#2320=DIRECTION('',(0.13902386869145,0.987062035736637,-0.0798805454507453));
#2321=DIRECTION('',(-0.981980838929691,0.14783513647853,0.117721724406822));
#2322=DIRECTION('',(-0.626482743283557,0.0251928132196142,-0.779028044764751));
#2323=DIRECTION('',(-0.779275378421437,0.,0.626681645324104));
#2324=DIRECTION('',(0.0617853756584177,0.997937519122562,-0.01741480066651));
#2325=DIRECTION('',(-0.990517272823648,0.0634524800204073,0.121857765518916));
#2326=DIRECTION('',(-0.284020479084653,0.000852448681312367,-0.95881783504051));
#2327=DIRECTION('',(-0.958818183412181,0.,0.284020582279113));
#2328=DIRECTION('',(-0.201622168115345,0.977587297439648,0.0605935409851006));
#2329=DIRECTION('',(-0.971336657849152,-0.207518987597559,0.115935184068187));
#2330=DIRECTION('',(-0.215555668983918,0.0160602296274497,-0.976359474063323));
#2331=DIRECTION('',(-0.976485415102801,0.,0.215583473604797));
#2332=DIRECTION('',(-0.472484672889541,0.87331195926096,0.118677949494618));
#2333=DIRECTION('',(-0.870895070875576,-0.483302064348555,0.0892238203679461));
#2334=DIRECTION('',(-0.148859394879049,0.053645301524368,-0.987402178537501));
#2335=DIRECTION('',(-0.988826034541573,0.,0.149074053452595));
#2336=DIRECTION('',(-0.671101605396313,0.727887650830029,0.140720300609518));
#2337=DIRECTION('',(-0.728502621610262,-0.682673758966363,0.0569251185832148));
#2338=DIRECTION('',(-0.114437048246854,0.0858294887377987,-0.989715848540153));
#2339=DIRECTION('',(-0.993381584740132,0.,0.11486090326645));
#2340=DIRECTION('',(-0.799339578129568,0.583606900641575,0.143035745040113));
#2341=DIRECTION('',(-0.585975468874954,-0.809794507720764,0.0294211682647823));
#2342=DIRECTION('',(0.0793322563113721,0.338460815762877,-0.937630347899253));
#2343=DIRECTION('',(0.,0.940594886903347,0.3395309392843));
#2344=DIRECTION('',(-0.830143599060897,0.543164968806749,0.125830924654414));
#2345=DIRECTION('',(-0.544969433279,-0.83814978504666,0.0226551234338874));
#2346=DIRECTION('',(0.541343782602786,0.839236900590124,-0.0512672773335041));
#2347=DIRECTION('',(-0.840341976774254,0.542056604120953,0.));
#2348=DIRECTION('',(-0.833854482795766,0.543694029030552,0.0953074200570499));
#2349=DIRECTION('',(-0.544230965420977,-0.838632123605133,0.0225569841622583));
#2350=DIRECTION('',(0.402090832135851,0.480003033602735,0.779692279328499));
#2351=DIRECTION('',(0.,-0.8515645086059,0.524249833269208));
#2352=DIRECTION('',(-0.792239621790882,0.609291928908719,0.033462322563344));
#2353=DIRECTION('',(-0.608665748119513,-0.792944485082414,0.0276595488665321));
#2354=DIRECTION('',(0.479081067027895,0.587094051719488,0.652534984235335));
#2355=DIRECTION('',(0.,-0.743400314132068,0.668846748477065));
#2356=DIRECTION('',(-0.758656315206831,0.650863160306911,-0.0285961877195931));
#2357=DIRECTION('',(-0.651481162318098,-0.758155521611616,0.0277938877179735));
#2358=DIRECTION('',(0.517867649621924,0.575839518438021,-0.63263097179962));
#2359=DIRECTION('',(0.,0.739520744393339,0.67313376724981));
#2360=DIRECTION('',(-0.79214259684392,0.602008777589559,-0.100476554332323));
#2361=DIRECTION('',(-0.607298403697411,-0.793850245140607,0.0314712115555616));
#2362=DIRECTION('',(0.278803461341869,0.21047115858628,-0.93700081181776));
#2363=DIRECTION('',(-0.958470486294729,0.,-0.285191737085676));
#2364=DIRECTION('',(-0.850954236539566,0.506388570142681,-0.139454305577905));
#2365=DIRECTION('',(-0.516280054163512,-0.855249241942637,0.0447620355822313));
#2366=DIRECTION('',(0.0565753632457046,-0.175591793612232,-0.982836074983848));
#2367=DIRECTION('',(0.,0.984412777955001,-0.175873484638585));
#2368=DIRECTION('',(-0.887496444981332,0.442077322794335,-0.130068062246235));
#2369=DIRECTION('',(-0.451616904233127,-0.890528236561678,0.0547871490153931));
#2370=DIRECTION('',(-0.336731457529204,-0.429464482976089,0.8379571488879));
#2371=DIRECTION('',(0.,-0.889928317332423,-0.456100416585955));
#2372=DIRECTION('',(-0.868324520549974,0.485822787847088,-0.0999437132597244));
#2373=DIRECTION('',(-0.492001823130184,-0.869185986156617,0.0494967423728426));
#2374=DIRECTION('',(-0.135592726823432,-0.0386834355393434,0.990009194021682));
#2375=DIRECTION('',(0.990750755314977,0.,0.13569429185785));
#2376=DIRECTION('',(-0.628242504981167,0.776019543952555,-0.0557227273081395));
#2377=DIRECTION('',(-0.777769057430271,-0.628239080919828,0.0197724684609345));
#2378=DIRECTION('',(-0.0934433038127874,-0.00415791181555888,0.995615920293506));
#2379=DIRECTION('',(0.99562452662394,0.,0.093444111557956));
#2380=DIRECTION('',(-0.187448233239458,0.98218183143432,-0.0134911028359789));
#2381=DIRECTION('',(-0.982274471155656,-0.187432678642423,0.00241956458952544));
#2382=DIRECTION('',(-0.0387103318270826,0.00633745836878864,0.999230377256047));
#2383=DIRECTION('',(0.999250444094476,0.,0.0387111092193557));
#2384=DIRECTION('',(0.074194401473117,0.997237827556334,-0.00345051891301721));
#2385=DIRECTION('',(-0.9972437018293,0.0741954624390008,0.000180319877085491));
#2386=DIRECTION('',(-0.0232379395122238,0.00518799584795667,0.999716501247383));
#2387=DIRECTION('',(0.999729955354206,0.,0.0232382522466041));
#2388=DIRECTION('',(0.262581438412421,0.964909211536883,0.00109621737601091));
#2389=DIRECTION('',(-0.964909777131615,0.262581644266616,-4.57171469453548E-5));
#2390=DIRECTION('',(-0.0123705382463643,0.00450238847182747,-0.999913345386261));
#2391=DIRECTION('',(-0.999923480413016,0.,0.0123706636329657));
#2392=DIRECTION('',(0.342020143325668,0.939692620785902,-1.12050859084118E-7));
#2393=DIRECTION('',(-0.939692620785908,0.34202014332567,0.));
#2394=DIRECTION('',(0.866025403850085,-0.499999999886299,-2.41213993223965E-12));
#2395=DIRECTION('',(0.499537621369439,0.86522454076652,-0.0429960334441184));
#2396=DIRECTION('',(0.342020143325668,0.939692620785902,-1.12050859084118E-7));
#2397=DIRECTION('',(-0.939692620785908,0.34202014332567,0.));
#2398=DIRECTION('',(-0.228448653818863,0.395684675210725,0.88951944912505));
#2399=DIRECTION('',(0.,-0.913680859834839,0.406432388438063));
#2400=DIRECTION('',(-0.970378850997025,-0.166300797475401,-0.175239636774155));
#2401=DIRECTION('',(-0.218617101147787,0.913168860898366,0.343990108246326));
#2402=DIRECTION('',(-0.866025403718796,-0.500000000113695,-2.40538144957725E-12));
#2403=DIRECTION('',(-0.473769173239599,0.820592278860555,0.319642116064681));
#2404=DIRECTION('',(-0.228906949356374,0.400990383183784,0.887022164960087));
#2405=DIRECTION('',(0.,-0.911216504854163,0.411927762212459));
#2406=DIRECTION('',(-0.970196948197495,-0.019565031216851,-0.241526584999973));
#2407=DIRECTION('',(-0.110063396740322,0.923565993664672,0.367303558442019));
#2408=DIRECTION('',(-0.228670035882846,0.403706511791262,0.885850476675759));
#2409=DIRECTION('',(0.,-0.909960809177768,0.414694255760243));
#2410=DIRECTION('',(-0.948137381989562,0.114015516032979,-0.296708555619334));
#2411=DIRECTION('',(-0.0129814419712254,0.9187860981321,0.394542251278033));
#2412=DIRECTION('',(-0.226469760652465,0.412686921031561,0.882270339929608));
#2413=DIRECTION('',(0.,-0.905804781589678,0.423695288679584));
#2414=DIRECTION('',(-0.928639568469603,0.181774671418059,-0.323398393167692));
#2415=DIRECTION('',(0.0353887643416091,0.911162692277281,0.410524278892723));
#2416=DIRECTION('',(-0.224124442182405,0.419776157758983,0.879520444215785));
#2417=DIRECTION('',(0.,-0.902479028790877,0.430733795507939));
#2418=DIRECTION('',(-0.884502997369809,0.291292401852776,-0.364421712123007));
#2419=DIRECTION('',(0.112302953127354,0.891095009312137,0.439701866152372));
#2420=DIRECTION('',(-0.212852250367013,0.443124400854231,0.870824141191135));
#2421=DIRECTION('',(0.,-0.891247617470028,0.453517016609079));
#2422=DIRECTION('',(-0.851467598650775,0.353041757513285,-0.387768546816026));
#2423=DIRECTION('',(0.154430611141197,0.87545863322683,0.457955639610614));
#2424=DIRECTION('',(-0.207342619038687,0.45254405665529,0.867302089883422));
#2425=DIRECTION('',(0.,-0.88656865621714,0.46259703610522));
#2426=DIRECTION('',(-0.812056097416898,0.41475014576074,-0.410545017311721));
#2427=DIRECTION('',(0.195812430997838,0.856359039813295,0.477814489940153));
#2428=DIRECTION('',(-0.212199648519601,0.445485306286267,0.869778219462403));
#2429=DIRECTION('',(0.,-0.890047871825031,0.455867070383169));
#2430=DIRECTION('',(-0.718813975001052,0.531811342374245,-0.447753465051127));
#2431=DIRECTION('',(0.273372499987994,0.808402406754802,0.521299362174324));
#2432=DIRECTION('',(-0.214134703116277,0.443377255910989,0.870380915382538));
#2433=DIRECTION('',(0.,-0.891049576147741,0.453905995605842));
#2434=DIRECTION('',(-0.660577410412676,0.590669215667438,-0.463408418692729));
#2435=DIRECTION('',(0.311608276931681,0.777288020588011,0.546556140572989));
#2436=DIRECTION('',(-0.239063446537495,0.419630241459129,0.875647833882188));
#2437=DIRECTION('',(0.,-0.901796367553553,0.432161210044605));
#2438=DIRECTION('',(-0.394265756075359,0.782162155631353,-0.48246955954178));
#2439=DIRECTION('',(0.431624888931484,0.621091748701562,0.654175049164763));
#2440=DIRECTION('',(-0.250602572607668,0.413594775695721,0.875292929321164));
#2441=DIRECTION('',(0.,-0.904144120335182,0.427227585325808));
#2442=DIRECTION('',(0.0416819057727699,0.90791542098324,-0.417075780970288));
#2443=DIRECTION('',(0.489128732371541,0.345452475139274,0.800884305370482));
#2444=DIRECTION('',(-0.272409447048919,0.411950523236194,0.869534277394473));
#2445=DIRECTION('',(0.,-0.903711353686215,0.428142253484316));
#2446=DIRECTION('',(0.669012912739062,0.730601495077609,-0.136540023358569));
#2447=DIRECTION('',(0.297945985261023,-0.0953220416293945,0.949811506693008));
#2448=DIRECTION('',(-0.288755632390109,0.424766377733164,0.858017312826749));
#2449=DIRECTION('',(0.,-0.896192577662358,0.44366526091514));
#2450=DIRECTION('',(0.906394705140765,0.409904920073604,0.102110699695176));
#2451=DIRECTION('',(0.0248453622522915,-0.293031516300095,0.955779911082787));
#2452=DIRECTION('',(-0.321993042963647,0.513933891997254,0.795105298020058));
#2453=DIRECTION('',(0.,-0.839833100117187,0.542844695974416));
#2454=DIRECTION('',(0.928952572224163,0.333548422674867,0.160600648470729));
#2455=DIRECTION('',(-0.0476799259954311,-0.322409699190353,0.94539865164123));
#2456=DIRECTION('',(-0.343442414133077,0.614559785307215,0.710185594374875));
#2457=DIRECTION('',(0.,-0.756181275556221,0.654362192136867));
#2458=DIRECTION('',(0.938896098459988,0.243054804748236,0.24371803007863));
#2459=DIRECTION('',(-0.148254332299841,-0.353456929183586,0.923628091910612));
#2460=DIRECTION('',(0.174587128486134,0.273936783219996,-0.945768456529423));
#2461=DIRECTION('',(0.,0.960520388925098,0.278209601666045));
#2462=DIRECTION('',(0.916060755786368,0.307009535726651,0.258026813879903));
#2463=DIRECTION('',(-0.142679215361121,-0.351803697727044,0.925136097971273));
#2464=DIRECTION('',(0.238181951605496,0.101135012896079,-0.965940509087339));
#2465=DIRECTION('',(-0.97091869075012,0.,-0.239409473396675));
#2466=DIRECTION('',(0.846042045716817,0.466808693312385,0.257492719755891));
#2467=DIRECTION('',(-0.101199232948162,-0.33358798040114,0.937271451919129));
#2468=DIRECTION('',(0.291651514250959,-0.000967071926712665,-0.956524154952195));
#2469=DIRECTION('',(-0.956524602236648,0.,-0.291651650631402));
#2470=DIRECTION('',(0.552842147307515,0.816228316412181,0.167740560531294));
#2471=DIRECTION('',(0.0252459590741119,-0.217614219402698,0.975708303267008));
#2472=DIRECTION('',(0.294487968267684,-0.00306783030415375,-0.95565026289056));
#2473=DIRECTION('',(-0.95565476001308,0.,-0.29448935407641));
#2474=DIRECTION('',(0.0828294789469211,0.996313620835562,0.0223259121854679));
#2475=DIRECTION('',(0.0910864575535404,-0.0298778792321695,0.995394680306729));
#2476=DIRECTION('',(0.257283063387252,0.000264687377023244,-0.966336046742883));
#2477=DIRECTION('',(-0.96633608059335,0.,-0.257283072399802));
#2478=DIRECTION('',(-0.183566940556996,0.981804832592087,-0.0486050309470974));
#2479=DIRECTION('',(0.0862374571672624,0.065338904985664,0.994129734228184));
#2480=DIRECTION('',(0.194201815786756,-0.0122498051585116,-0.980885108979999));
#2481=DIRECTION('',(-0.980958711958292,0.,-0.194216388168273));
#2482=DIRECTION('',(-0.368537013134091,0.925762231844151,-0.0845266824212252));
#2483=DIRECTION('',(0.0708161983270024,0.118620692335964,0.990411125444503));
#2484=DIRECTION('',(-0.160114719529469,-0.152781011137191,-0.975203178433037));
#2485=DIRECTION('',(-0.986788002161028,0.,0.162016785522512));
#2486=DIRECTION('',(-0.472400970509636,0.879325563965661,-0.060198634685732));
#2487=DIRECTION('',(0.0755545912160092,0.108449650782296,0.991226602241576));
#2488=DIRECTION('',(-0.340177848588145,-0.244909534720648,-0.907908779081278));
#2489=DIRECTION('',(-0.936426781277449,0.,0.350863054917951));
#2490=DIRECTION('',(-0.565813605379163,0.824467581716804,-0.0104005127698965));
#2491=DIRECTION('',(0.094493595913424,0.0773692295101527,0.992514464708881));
#2492=DIRECTION('',(-0.526132599779333,-0.370727630462223,-0.765340127957045));
#2493=DIRECTION('',(-0.824061395944838,0.,0.566500499305556));
#2494=DIRECTION('',(-0.711283572461061,0.685124258665993,0.1571000628084));
#2495=DIRECTION('',(0.186568503384244,-0.0314678515152818,0.981937863546353));
#2496=DIRECTION('',(-0.514565509478309,-0.355268176787259,-0.78038891523239));
#2497=DIRECTION('',(-0.834850896966292,0.,0.550476139205486));
#2498=DIRECTION('',(-0.814582240898217,0.486715998116265,0.315536543035711));
#2499=DIRECTION('',(0.29740352043454,-0.116587351345181,0.947606740974049));
#2500=DIRECTION('',(0.417908296591825,0.869695537131076,-0.26264487113593));
#2501=DIRECTION('',(-0.901339241444774,0.433113809329325,0.));
#2502=DIRECTION('',(-0.834270747049518,0.481827090397139,0.268020476040294));
#2503=DIRECTION('',(0.255897283262369,-0.0922064153629256,0.962296501804334));
#2504=DIRECTION('',(0.549988073616425,0.693049904679737,0.466041788365702));
#2505=DIRECTION('',(-0.783317264069609,0.621622123006012,0.));
#2506=DIRECTION('',(-0.824459919976731,0.539630973173016,0.170482413005876));
#2507=DIRECTION('',(0.175453897640929,-0.0426688101703863,0.983562556445318));
#2508=DIRECTION('',(0.520857196886344,0.605758564565043,0.601468487875964));
#2509=DIRECTION('',(0.,-0.704589513868154,0.709615118882791));
#2510=DIRECTION('',(-0.802718497647913,0.587278530583813,0.103667454146398));
#2511=DIRECTION('',(0.123343064923294,-0.00657922589239908,0.992342280728774));
#2512=DIRECTION('',(0.511050339570911,0.587824617673134,0.627128192064342));
#2513=DIRECTION('',(0.,-0.729599930189718,0.683874214945379));
#2514=DIRECTION('',(-0.763823060166433,0.645183067747325,0.0176958144807091));
#2515=DIRECTION('',(0.0597842241654084,0.0434250846078793,0.997266317774615));
#2516=DIRECTION('',(0.419463550446025,0.475386017490294,0.773342397791517));
#2517=DIRECTION('',(0.,-0.851912423919101,0.523684276995484));
#2518=DIRECTION('',(-0.727807599114292,0.685269909525283,-0.0264811210242267));
#2519=DIRECTION('',(0.0297942053062531,0.0701745414062971,0.997089684566331));
#2520=DIRECTION('',(0.369015276895853,0.423884856781312,0.827133213943778));
#2521=DIRECTION('',(0.,-0.889942384370117,0.456072968396101));
#2522=DIRECTION('',(-0.694197153625231,0.717447041843019,-0.0579659732026401));
#2523=DIRECTION('',(0.00977520340765045,0.0899220093796255,0.995900837246093));
#2524=DIRECTION('',(0.159379047834277,0.231747309394021,0.959630920562729));
#2525=DIRECTION('',(0.,-0.972056265815881,0.234747984204521));
#2526=DIRECTION('',(-0.61148394496319,0.786310726047265,-0.0883336128281733));
#2527=DIRECTION('',(-0.0054458735771906,0.107452180243212,0.99419533866437));
#2528=DIRECTION('',(0.0923689106914785,0.181810375517739,0.978985685131181));
#2529=DIRECTION('',(0.,-0.983188961752716,0.182590978658901));
#2530=DIRECTION('',(-0.519716077450711,0.847441210754716,-0.108344788309484));
#2531=DIRECTION('',(-0.0132905852242787,0.118782018108433,0.992831401859593));
#2532=DIRECTION('',(-0.067073799050915,0.0859523931280355,0.994038878312333));
#2533=DIRECTION('',(0.,-0.996282489515236,0.086146393339039));
#2534=DIRECTION('',(-0.260589818425959,0.96019305259716,-0.100609384636194));
#2535=DIRECTION('',(-0.0062723945044597,0.1025238787314,0.994710767689307));
#2536=DIRECTION('',(-0.191590316838764,0.0507056810770146,0.980164315000367));
#2537=DIRECTION('',(0.981426783558374,0.,0.19183708847422));
#2538=DIRECTION('',(0.019100430047097,0.998668086071519,-0.0479294005206043));
#2539=DIRECTION('',(0.00045804028128304,0.047929400536562,0.998850620845433));
#2540=DIRECTION('',(0.928952417816521,3.2363830716059E-8,0.370199142939094));
#2541=DIRECTION('',(0.370199142939094,0.,-0.928952417816521));
#2542=DIRECTION('',(-1.43694266382441E-15,0.999999999999996,-8.74227596772746E-8));
#2543=DIRECTION('',(0.,8.74227596772746E-8,0.999999999999996));
#2544=DIRECTION('',(-0.866025403718796,-0.500000000113695,-2.40485409364055E-12));
#2545=DIRECTION('',(-0.473769173239599,0.820592278860555,0.319642116064682));
#2546=DIRECTION('',(-1.43694266382441E-15,0.999999999999996,-8.74227596772746E-8));
#2547=DIRECTION('',(0.,8.74227596772746E-8,0.999999999999996));
#2548=DIRECTION('',(-0.271487680310859,-0.470230656495743,0.839748515408638));
#2549=DIRECTION('',(0.,-0.872518644981189,-0.488580816406241));
#2550=DIRECTION('',(0.729976748676227,-0.669239615182762,-0.138752599478758));
#2551=DIRECTION('',(0.663443970545457,0.742615949753693,-0.0914529885695339));
#2552=DIRECTION('',(0.86602540378443,-0.5,-1.19421659200425E-7));
#2553=DIRECTION('',(0.498511128800602,0.863446621639336,-0.0771141105217892));
#2554=DIRECTION('',(0.0761069450559052,-0.122156086319208,0.989588613257768));
#2555=DIRECTION('',(0.,-0.992467104831713,-0.122511411007129));
#2556=DIRECTION('',(0.511339258934492,-0.847243682647497,-0.143910751809));
#2557=DIRECTION('',(0.838707894816075,0.52850059778932,-0.131362800326115));
#2558=DIRECTION('',(0.187942316461787,-0.0531568737820027,0.98074055307849));
#2559=DIRECTION('',(0.982129112819562,0.,-0.188208410418505));
#2560=DIRECTION('',(0.270653019237104,-0.957071025763903,-0.103740034803685));
#2561=DIRECTION('',(0.944284648266695,0.284900124441071,-0.16479812541806));
#2562=DIRECTION('',(0.33451813961789,-0.00754596171612708,0.94235909966868));
#2563=DIRECTION('',(0.942385930502873,0.,-0.334527664013358));
#2564=DIRECTION('',(0.118664915404972,-0.991671412127398,-0.0500644406857984));
#2565=DIRECTION('',(0.976078904313982,0.125753035320987,-0.177358807677475));
#2566=DIRECTION('',(0.379899982466418,-0.00124047836870405,0.9250267372003));
#2567=DIRECTION('',(0.925027448910487,0.,-0.379900274759253));
#2568=DIRECTION('',(-0.0178100701670528,-0.999823542885263,0.00597364988977023));
#2569=DIRECTION('',(0.983389145183292,-0.0185960812416723,-0.18055463133946));
#2570=DIRECTION('',(-0.279632642517572,-0.000755197992518633,-0.960106772663662));
#2571=DIRECTION('',(-0.96010704644975,0.,0.27963272225821));
#2572=DIRECTION('',(0.0225954768013775,-0.999727896465022,-0.0057946059176416));
#2573=DIRECTION('',(0.983288948452942,0.0232704792616297,-0.180558380157893));
#2574=DIRECTION('',(-0.380614072845054,-0.00324260274685305,-0.924728291488762));
#2575=DIRECTION('',(-0.92473315304223,0.,0.380616073838949));
#2576=DIRECTION('',(0.112613530593703,-0.992713622213953,-0.0428702344065667));
#2577=DIRECTION('',(0.976826026007478,0.118508180213882,-0.178232225304044));
#2578=DIRECTION('',(-0.382201833401111,-0.00345104193434738,-0.924072426195261));
#2579=DIRECTION('',(-0.92407792895268,0.,0.3822041093742));
#2580=DIRECTION('',(0.400245467862422,-0.901943830510195,-0.162175497718324));
#2581=DIRECTION('',(0.894398894809617,0.423019125524044,-0.145277102133159));
#2582=DIRECTION('',(-0.367807747227479,0.00398309609255101,-0.929893325078186));
#2583=DIRECTION('',(-0.92990070157009,0.,0.36781066490717));
#2584=DIRECTION('',(0.681754578701496,-0.678909130238199,-0.272567582993205));
#2585=DIRECTION('',(0.691298286640112,0.719758667055658,-0.0636721295914359));
#2586=DIRECTION('',(-0.314010723131792,0.0649518812719079,-0.947195079631165));
#2587=DIRECTION('',(-0.949199411836941,0.,0.314675192171873));
#2588=DIRECTION('',(0.841597051320136,-0.442729341699272,-0.309362462506007));
#2589=DIRECTION('',(0.471323280196547,0.881725494168511,0.0203597268661377));
#2590=DIRECTION('',(-0.247184740820815,0.193552322235297,-0.949440468098274));
#2591=DIRECTION('',(-0.967740484828525,0.,0.251949109988209));
#2592=DIRECTION('',(0.922017711063094,-0.25432707448322,-0.291892239826239));
#2593=DIRECTION('',(0.289175699084444,0.953718053322834,0.0824578063322558));
#2594=DIRECTION('',(0.102731288242126,0.887651378468439,-0.448911252609235));
#2595=DIRECTION('',(0.,0.451299010400626,0.892372793854348));
#2596=DIRECTION('',(0.947207519087399,-0.225093128812163,-0.228322138974401));
#2597=DIRECTION('',(0.251358453513722,0.963417447096867,0.0929825278025194));
#2598=DIRECTION('',(0.257945022679105,0.957947795690428,0.125699586343493));
#2599=DIRECTION('',(-0.965606648240228,0.26000730927086,0.));
#2600=DIRECTION('',(0.963217499534006,-0.244828342000995,-0.110775139559828));
#2601=DIRECTION('',(0.255249910956167,0.962460236325894,0.092291800547902));
#2602=DIRECTION('',(0.266913180766127,0.823896339622512,0.499952173202532));
#2603=DIRECTION('',(0.,-0.518772955791513,0.854912054154892));
#2604=DIRECTION('',(0.946155211219733,-0.322623777240791,0.0265370428010825));
#2605=DIRECTION('',(0.319194140732101,0.943456461685523,0.089470695907257));
#2606=DIRECTION('',(0.272750356243129,0.838668557313589,0.471425809797033));
#2607=DIRECTION('',(0.,-0.490004404212862,0.871719957240855));
#2608=DIRECTION('',(0.909114971118138,-0.385018495234232,0.158967693624947));
#2609=DIRECTION('',(0.374090125117367,0.9225178838385,0.0949596350446306));
#2610=DIRECTION('',(0.416477154784315,0.847071775272473,-0.330175994099363));
#2611=DIRECTION('',(-0.897398427395852,0.441221103878148,0.));
#2612=DIRECTION('',(0.90598497386846,-0.356432510832257,0.228357378567848));
#2613=DIRECTION('',(0.345198905857163,0.934319671197997,0.0887945235219257));
#2614=DIRECTION('',(0.309839102300567,0.190797608448544,-0.931448336353603));
#2615=DIRECTION('',(-0.948879831242794,0.,-0.315637554579056));
#2616=DIRECTION('',(0.926442392344728,-0.28086092572743,0.250642442667056));
#2617=DIRECTION('',(0.272102599870466,0.95974157708142,0.069687017191174));
#2618=DIRECTION('',(0.161406049142883,-0.305140064204683,-0.938529503274802));
#2619=DIRECTION('',(0.,0.950998922730998,-0.309194192966946));
#2620=DIRECTION('',(0.983372561309347,-0.030470938084538,0.179024935682552));
#2621=DIRECTION('',(0.0282705274834131,0.999490293787272,0.0148300337438263));
#2622=DIRECTION('',(0.155668760744475,-0.366226802397064,-0.917412211677118));
#2623=DIRECTION('',(0.,0.9287341195378,-0.370746456768431));
#2624=DIRECTION('',(0.96917892903998,0.236149462224257,0.0701828682522421));
#2625=DIRECTION('',(-0.235404368893213,0.971715219067099,-0.0188232871563043));
#2626=DIRECTION('',(0.153924737049062,-0.358021114167977,-0.920938682613722));
#2627=DIRECTION('',(0.,0.932046274036882,-0.362339265128642));
#2628=DIRECTION('',(0.902477886387933,0.430420441896018,-0.0164896263998066));
#2629=DIRECTION('',(-0.430714094860244,0.902157817176712,-0.0244262439943525));
#2630=DIRECTION('',(0.0840537540731965,-0.213526681355878,-0.973314606268368));
#2631=DIRECTION('',(0.,0.976771182898034,-0.214284988414903));
#2632=DIRECTION('',(0.846683054877923,0.530338696642337,-0.0432281323479799));
#2633=DIRECTION('',(-0.531487312418112,0.846806255519631,-0.0209857654469621));
#2634=DIRECTION('',(-0.389118098434739,0.67253662835993,0.629509006277742));
#2635=DIRECTION('',(0.,-0.68336657670075,0.730075422027271));
#2636=DIRECTION('',(0.897471657909642,0.430836691098385,0.0944688776916124));
#2637=DIRECTION('',(-0.431157971457166,0.902096128885155,-0.0180382343747577));
#2638=DIRECTION('',(-0.366156427232289,0.608334005418405,0.704172712229098));
#2639=DIRECTION('',(0.,-0.756724737197698,0.653733640034743));
#2640=DIRECTION('',(0.930545847407407,0.242398314590755,0.274458526842201));
#2641=DIRECTION('',(-0.25677655259187,0.966318531121668,0.0171551289676458));
#2642=DIRECTION('',(-0.365377709605243,0.5652075922379,0.739621191557045));
#2643=DIRECTION('',(0.,-0.794557407222495,0.607189036979314));
#2644=DIRECTION('',(0.892863383739589,-0.0118952148570187,0.450170503076997));
#2645=DIRECTION('',(-0.0390365253045692,0.993843757148005,0.103685756351016));
#2646=DIRECTION('',(-0.371089088769918,0.546895655395051,0.750465209257517));
#2647=DIRECTION('',(0.,-0.808170812281127,0.58894816255496));
#2648=DIRECTION('',(0.804795774321194,-0.213754450538685,0.553726283022266));
#2649=DIRECTION('',(0.12159895744305,0.972492390614524,0.198676228436147));
#2650=DIRECTION('',(0.208065786524538,-0.772109191915082,-0.600463174756092));
#2651=DIRECTION('',(0.,0.613898444116785,-0.789385013989366));
#2652=DIRECTION('',(0.824847083354472,-0.191425241678197,0.531962090688861));
#2653=DIRECTION('',(0.105436166405468,0.976510961105063,0.187908375692477));
#2654=DIRECTION('',(0.324332520724177,-0.610479095919073,-0.722581268402754));
#2655=DIRECTION('',(0.,0.763873895928063,-0.64536553294988));
#2656=DIRECTION('',(0.893623549348524,-0.0527863533068038,0.445702314279739));
#2657=DIRECTION('',(-0.00405190086509888,0.992070293357319,0.125618928260447));
#2658=DIRECTION('',(-0.335491206744766,0.581087815394772,0.741473263844808));
#2659=DIRECTION('',(0.,-0.787090396092274,0.616837667769493));
#2660=DIRECTION('',(0.866025403718802,0.500000000113687,2.41837979603788E-12));
#2661=DIRECTION('',(-0.500000000113687,0.866025403718802,0.));
#2662=DIRECTION('',(0.86602540378443,-0.5,-1.19421659311447E-7));
#2663=DIRECTION('',(0.498511128800602,0.863446621639336,-0.0771141105217893));
#2664=DIRECTION('',(0.866025403718802,0.500000000113687,2.41837979603788E-12));
#2665=DIRECTION('',(-0.500000000113687,0.866025403718802,0.));
#2666=DIRECTION('',(0.,0.,-1.));
#2667=DIRECTION('',(-1.,0.,0.));
#2668=DIRECTION('',(0.,0.,1.));
#2669=DIRECTION('',(1.,0.,0.));
#2670=DIRECTION('',(0.,1.,0.));
#2671=DIRECTION('',(-1.,0.,0.));
#2672=DIRECTION('',(0.,0.,1.));
#2673=DIRECTION('',(1.,0.,0.));
#2674=DIRECTION('',(-1.,0.,0.));
#2675=DIRECTION('',(0.,-1.,0.));
#2676=DIRECTION('',(0.,0.,1.));
#2677=DIRECTION('',(1.,0.,0.));
#2678=DIRECTION('',(0.,-1.,0.));
#2679=DIRECTION('',(1.,0.,0.));
#2680=DIRECTION('',(0.,0.,1.));
#2681=DIRECTION('',(1.,0.,0.));
#2682=DIRECTION('',(0.,0.,1.));
#2683=DIRECTION('',(-1.,0.,0.));
#2684=DIRECTION('',(0.,0.,1.));
#2685=DIRECTION('',(1.,0.,0.));
#2686=DIRECTION('',(1.,0.,0.));
#2687=DIRECTION('',(0.,1.,0.));
#2688=DIRECTION('',(0.,0.,1.));
#2689=DIRECTION('',(1.,0.,0.));
#2690=DIRECTION('',(-0.577350269189626,0.577350269189626,-0.577350269189626));
#2691=DIRECTION('',(-0.707106775945179,-0.707106786427915,-1.0482736179096E-8));
#2692=DIRECTION('',(0.,0.,1.));
#2693=DIRECTION('',(1.,0.,0.));
#2694=DIRECTION('',(-0.718873086818576,0.585048618558824,-0.375419230954334));
#2695=DIRECTION('',(-0.63121906190205,-0.775604600225847,-1.1778160335929E-8));
#2696=DIRECTION('',(0.,0.,1.));
#2697=DIRECTION('',(1.,0.,0.));
#2698=CARTESIAN_POINT('',(0.,0.,0.));
#2699=CARTESIAN_POINT('',(-8.53354237361621,24.4318176540488,-14.7561961405653));
#2700=CARTESIAN_POINT('',(-8.17938384666317,25.1171732194319,-16.4675592272732));
#2701=CARTESIAN_POINT('',(-8.01062605648851,24.7545173577788,-16.4663205731845));
#2702=CARTESIAN_POINT('',(-8.75547256821632,24.8162120267222,-16.5801731367863));
#2703=CARTESIAN_POINT('',(-8.55550623687288,24.4698601811372,-16.5728338323989));
#2704=CARTESIAN_POINT('',(-8.92681471578061,24.091414925193,-13.3542738320642));
#2705=CARTESIAN_POINT('',(-7.62782929128637,25.3612620444553,-16.1833203313258));
#2706=CARTESIAN_POINT('',(-7.47125666454053,24.9932136750346,-16.1883611964001));
#2707=CARTESIAN_POINT('',(-10.2256482169892,23.4780974180319,-10.9487247424359));
#2708=CARTESIAN_POINT('',(-7.09480644328958,25.5781768265534,-15.7946982696169));
#2709=CARTESIAN_POINT('',(-6.94190968470685,25.2086325547627,-15.8024191763995));
#2710=CARTESIAN_POINT('',(-27.2815275204862,58.9070785323448,-7.27764467521523));
#2711=CARTESIAN_POINT('',(-6.58327009982999,25.7873640338798,-15.3724732701371));
#2712=CARTESIAN_POINT('',(-6.42539940957341,25.4198537971866,-15.3760886655025));
#2713=CARTESIAN_POINT('',(-3.14554336401986,34.3790143463464,-23.8461533602758));
#2714=CARTESIAN_POINT('',(-5.53443113508532,26.2742529809275,-14.5701772445943));
#2715=CARTESIAN_POINT('',(-5.3593448989611,25.9147344944287,-14.5606238271187));
#2716=CARTESIAN_POINT('',(-3.53524186652336,28.5559978284273,-19.0788045812404));
#2717=CARTESIAN_POINT('',(-4.41871572939469,26.8803940453161,-13.9854104636579));
#2718=CARTESIAN_POINT('',(-4.22423360779257,26.5314128720142,-13.9656913090628));
#2719=CARTESIAN_POINT('',(-3.06953938855717,27.9356866980449,-19.3738691719573));
#2720=CARTESIAN_POINT('',(-2.78765160826798,27.8385848349989,-13.7275856916365));
#2721=CARTESIAN_POINT('',(-2.58234607888555,27.4959620197245,-13.7061556646071));
#2722=CARTESIAN_POINT('',(-0.345655941498088,23.2625891940255,-21.0057741937028));
#2723=CARTESIAN_POINT('',(-1.0878808185949,28.7128477375796,-13.961706416163));
#2724=CARTESIAN_POINT('',(-0.923289377833939,28.349283971025,-13.9346685671941));
#2725=CARTESIAN_POINT('',(1.4973692542772,21.1213619619056,-17.074094493569));
#2726=CARTESIAN_POINT('',(0.634034662817296,29.2582321078798,-14.4194511320859));
#2727=CARTESIAN_POINT('',(0.726461570425506,28.8718115815734,-14.3732294531994));
#2728=CARTESIAN_POINT('',(2.04089987490465,24.35954165883,-13.0456609344666));
#2729=CARTESIAN_POINT('',(2.42899294326079,29.3065941337019,-14.8456034137769));
#2730=CARTESIAN_POINT('',(2.38701021962535,28.9165521738905,-14.7674707029407));
#2731=CARTESIAN_POINT('',(2.19302055535537,24.4259044891848,-12.2467072175818));
#2732=CARTESIAN_POINT('',(4.22735855298359,28.7632066697598,-15.0180524718461));
#2733=CARTESIAN_POINT('',(4.06110688791578,28.410713351096,-14.9280033510311));
#2734=CARTESIAN_POINT('',(0.177193679013809,20.0366703262023,-3.14778590234696));
#2735=CARTESIAN_POINT('',(5.91936441201393,27.8790029440625,-14.9369671663983));
#2736=CARTESIAN_POINT('',(5.71819195369796,27.5447584366127,-14.8485915404899));
#2737=CARTESIAN_POINT('',(8.40069467220276,38.5701100674873,19.8154694346887));
#2738=CARTESIAN_POINT('',(7.7865809925293,26.8283520207461,-14.6800752552777));
#2739=CARTESIAN_POINT('',(7.586816270132,26.4933154043046,-14.5915059528701));
#2740=CARTESIAN_POINT('',(13.6396559947626,37.4921738467222,-14.5250113361926));
#2741=CARTESIAN_POINT('',(9.73334266389551,25.9720205142103,-14.362496433985));
#2742=CARTESIAN_POINT('',(9.59577285549573,25.6096259190364,-14.2637811605691));
#2743=CARTESIAN_POINT('',(12.5084961816084,33.9167553178917,-14.9921437207516));
#2744=CARTESIAN_POINT('',(11.7549925833245,25.5613505472134,-14.0777109463322));
#2745=CARTESIAN_POINT('',(11.711755481709,25.1797935791629,-13.965707226858));
#2746=CARTESIAN_POINT('',(12.395140541223,32.3098219452589,-15.0674138487407));
#2747=CARTESIAN_POINT('',(13.8129500412909,25.7156772986559,-13.8681473835752));
#2748=CARTESIAN_POINT('',(13.888699423836,25.3430431572145,-13.7440271689596));
#2749=CARTESIAN_POINT('',(12.080272117066,33.7976464436624,-15.4028408927562));
#2750=CARTESIAN_POINT('',(15.7825981188338,26.4310854617988,-13.7589906276245));
#2751=CARTESIAN_POINT('',(15.9512441373687,26.0921928869211,-13.6297221352333));
#2752=CARTESIAN_POINT('',(1.86309935350756,54.5150159082182,-26.2681278656379));
#2753=CARTESIAN_POINT('',(17.6371003768731,27.4450702208781,-13.7247215565042));
#2754=CARTESIAN_POINT('',(17.8276986767099,27.1181804777956,-13.5950474111751));
#2755=CARTESIAN_POINT('',(38.9600511400478,-8.90619389291013,-23.416509663983));
#2756=CARTESIAN_POINT('',(19.5355076704546,28.4945261131953,-13.7269976709973));
#2757=CARTESIAN_POINT('',(19.7111927180685,28.1593921959191,-13.5973056452747));
#2758=CARTESIAN_POINT('',(23.5612095237164,20.7761372839475,-13.4593614662986));
#2759=CARTESIAN_POINT('',(21.5531949353378,29.2463433216187,-13.7330725569316));
#2760=CARTESIAN_POINT('',(21.6403359119755,28.8782167015474,-13.6031139412668));
#2761=CARTESIAN_POINT('',(23.1714009687213,22.4201877891387,-13.4608970053205));
#2762=CARTESIAN_POINT('',(23.7842635040719,29.4093177657568,-13.7168878912582));
#2763=CARTESIAN_POINT('',(23.7496745941671,29.0322990565438,-13.5878123311587));
#2764=CARTESIAN_POINT('',(23.0243282463931,20.6996986004633,-13.6838747253396));
#2765=CARTESIAN_POINT('',(25.9791284868728,28.9280159785468,-13.6863513812977));
#2766=CARTESIAN_POINT('',(25.8493711373135,28.5718663161548,-13.5585998716651));
#2767=CARTESIAN_POINT('',(22.0197287746281,17.8779494638513,-14.278575543234));
#2768=CARTESIAN_POINT('',(28.5775169327387,27.6119247786493,-13.66482920903));
#2769=CARTESIAN_POINT('',(28.3654882767981,27.2974457688899,-13.5377591437871));
#2770=CARTESIAN_POINT('',(19.4894057767151,14.1140788441239,-19.357133073175));
#2771=CARTESIAN_POINT('',(30.8635749986129,25.7892494322888,-13.7440591571227));
#2772=CARTESIAN_POINT('',(30.609635567642,25.5081859063856,-13.6155365528653));
#2773=CARTESIAN_POINT('',(20.5220041434476,15.4871963618595,-22.7439007957598));
#2774=CARTESIAN_POINT('',(31.9084072689597,24.7337588359549,-13.8597327978621));
#2775=CARTESIAN_POINT('',(31.6389594350755,24.4683619140644,-13.7294932544577));
#2776=CARTESIAN_POINT('',(39.7488111938139,34.04899066363,-29.2896625601877));
#2777=CARTESIAN_POINT('',(32.9332582979017,23.6696554103349,-14.0533293857907));
#2778=CARTESIAN_POINT('',(32.6813040826042,23.3860948539854,-13.9263944249776));
#2779=CARTESIAN_POINT('',(37.7560032962877,28.8043373391795,-15.2061716390374));
#2780=CARTESIAN_POINT('',(33.8185530799862,22.926820213198,-14.2553029211415));
#2781=CARTESIAN_POINT('',(33.615551258164,22.6021845690999,-14.1395360911862));
#2782=CARTESIAN_POINT('',(36.7483509027878,26.7575157998055,-13.2867876374637));
#2783=CARTESIAN_POINT('',(34.8327813950285,22.376428408083,-14.4411846841932));
#2784=CARTESIAN_POINT('',(34.702137659336,22.012526163902,-14.3386792160254));
#2785=CARTESIAN_POINT('',(37.9504111162095,29.0488810935316,-11.2878639791562));
#2786=CARTESIAN_POINT('',(36.3001093965245,21.9363628047548,-14.5853265206533));
#2787=CARTESIAN_POINT('',(36.2268968478676,21.5552364021396,-14.4884627609248));
#2788=CARTESIAN_POINT('',(40.4218714091716,34.0445009175041,14.6166963631086));
#2789=CARTESIAN_POINT('',(37.8157679579058,21.6390051400212,-14.6350723093362));
#2790=CARTESIAN_POINT('',(37.7456689996793,21.2572678808431,-14.5383107414968));
#2791=CARTESIAN_POINT('',(34.5490792676281,1.85684212724394,26.5155324896024));
#2792=CARTESIAN_POINT('',(40.1471737641595,21.1774131626091,-14.6032512552632));
#2793=CARTESIAN_POINT('',(40.0639874866064,20.7982670446174,-14.5066683145401));
#2794=CARTESIAN_POINT('',(37.1182402829848,7.15475697663013,-12.3014926248634));
#2795=CARTESIAN_POINT('',(42.4168484836943,20.5061805290545,-14.4859050390645));
#2796=CARTESIAN_POINT('',(42.2714024964654,20.145447071049,-14.3925410359668));
#2797=CARTESIAN_POINT('',(39.1165232924284,12.0914884784507,-13.6966247133767));
#2798=CARTESIAN_POINT('',(43.9117340188832,19.7645382218219,-14.3692418643334));
#2799=CARTESIAN_POINT('',(43.7011123923057,19.4361396887348,-14.2809642687381));
#2800=CARTESIAN_POINT('',(41.7914099229075,16.3283407378239,-14.3670425800037));
#2801=CARTESIAN_POINT('',(45.1021840641845,18.6364064855884,-14.2452257202985));
#2802=CARTESIAN_POINT('',(44.776540849748,18.417008329399,-14.1689305962595));
#2803=CARTESIAN_POINT('',(42.3979119833866,16.7431721504679,-14.4372213066253));
#2804=CARTESIAN_POINT('',(45.6008736265871,17.5214229887694,-14.1733115025241));
#2805=CARTESIAN_POINT('',(45.216790684994,17.432685941716,-14.1054437601315));
#2806=CARTESIAN_POINT('',(40.4113039973914,16.2354372417056,-15.1439900501651));
#2807=CARTESIAN_POINT('',(45.7520004616005,16.2941105038088,-14.1434262859449));
#2808=CARTESIAN_POINT('',(45.3574690042703,16.2902266452208,-14.0776247295854));
#2809=CARTESIAN_POINT('',(35.3565044756493,16.1721999890112,-18.4805894975857));
#2810=CARTESIAN_POINT('',(45.7252640533674,15.3501919828342,-14.1556257579439));
#2811=CARTESIAN_POINT('',(45.331536724941,15.3746975832544,-14.0894572881247));
#2812=CARTESIAN_POINT('',(50.2765747370664,15.078849811791,-15.3303089387552));
#2813=CARTESIAN_POINT('',(45.7534089273464,14.4114957969621,-14.206233422924));
#2814=CARTESIAN_POINT('',(45.3620638542817,14.356547709882,-14.1443485175412));
#2815=CARTESIAN_POINT('',(47.6497928661453,14.6755355737302,-14.4778827052388));
#2816=CARTESIAN_POINT('',(45.9462562400965,13.7835127816885,-14.2728444604632));
#2817=CARTESIAN_POINT('',(45.5947957549253,13.5986855513052,-14.2247360176275));
#2818=CARTESIAN_POINT('',(47.1020469221862,14.3788969236307,-14.3399420551156));
#2819=CARTESIAN_POINT('',(46.3720903648686,13.3010721084943,-14.3570755543241));
#2820=CARTESIAN_POINT('',(46.151152697257,12.9683715342254,-14.334784863184));
#2821=CARTESIAN_POINT('',(47.5493312206904,15.0274682112238,-14.2790523464199));
#2822=CARTESIAN_POINT('',(47.1113504271333,12.9903832750547,-14.4547934754004));
#2823=CARTESIAN_POINT('',(47.0312051563045,12.5985118788431,-14.4511132043537));
#2824=CARTESIAN_POINT('',(48.6330478719223,19.8297199968835,-13.3974599734825));
#2825=CARTESIAN_POINT('',(47.9207542147854,12.8721286525129,-14.5352668433217));
#2826=CARTESIAN_POINT('',(47.8857170211663,12.4736669255846,-14.5360713534792));
#2827=CARTESIAN_POINT('',(49.3981225869833,26.5786132056615,-11.4647349540433));
#2828=CARTESIAN_POINT('',(49.721563969405,12.8272738485519,-14.6701294311229));
#2829=CARTESIAN_POINT('',(49.7363206282887,12.4275718498587,-14.6746630013812));
#2830=CARTESIAN_POINT('',(50.6536875649459,-5.34453241512986,-10.5525828884365));
#2831=CARTESIAN_POINT('',(51.5272499809886,12.8096749094487,-14.7596283998173));
#2832=CARTESIAN_POINT('',(51.5043486884219,12.4103399402336,-14.7622954507603));
#2833=CARTESIAN_POINT('',(51.0265822737623,3.03928293482718,-13.2839945739743));
#2834=CARTESIAN_POINT('',(52.2449522753425,12.742666489345,-14.7835427765814));
#2835=CARTESIAN_POINT('',(52.1933895168305,12.3460075037041,-14.7852548060614));
#2836=CARTESIAN_POINT('',(51.9526010101542,10.4483103855214,-14.5820051801216));
#2837=CARTESIAN_POINT('',(52.9297011331195,12.5437084193973,-14.7935211973094));
#2838=CARTESIAN_POINT('',(52.7606538284232,12.1811853045827,-14.7935211973094));
#2839=CARTESIAN_POINT('',(-8.75547256821634,24.8162120267222,-16.5801731367863));
#2840=CARTESIAN_POINT('',(52.9297011331195,12.5437084193973,-14.7935211973094));
#2841=CARTESIAN_POINT('',(40.8733776820891,20.8635077350208,-17.0840565628186));
#2842=CARTESIAN_POINT('',(42.7172383245556,25.2555327767215,-15.0937161222412));
#2843=CARTESIAN_POINT('',(42.8795789583016,25.6206576903427,-15.111863190544));
#2844=CARTESIAN_POINT('',(43.2522225861251,24.9837879733756,-15.0801731367868));
#2845=CARTESIAN_POINT('',(43.4520376346729,25.3298777896822,-15.0973715501644));
#2846=CARTESIAN_POINT('',(37.5997248781655,13.1410754474496,-19.942389356491));
#2847=CARTESIAN_POINT('',(42.1634833090715,25.4871643433897,-15.1252480520304));
#2848=CARTESIAN_POINT('',(42.3112623878674,25.8583802461523,-15.1442242847027));
#2849=CARTESIAN_POINT('',(36.3990355286243,9.96222573942556,-20.7851856972863));
#2850=CARTESIAN_POINT('',(41.461215763535,25.7480376500467,-15.175377803043));
#2851=CARTESIAN_POINT('',(41.5940740511028,26.1247962212272,-15.1954191220259));
#2852=CARTESIAN_POINT('',(32.900853988647,-0.353618862994232,-22.0205860358263));
#2853=CARTESIAN_POINT('',(40.7510768673946,25.9852705790701,-15.2330941644054));
#2854=CARTESIAN_POINT('',(40.8743351627765,26.3652361767593,-15.2539157203548));
#2855=CARTESIAN_POINT('',(30.8992512249769,-6.38062153785607,-21.1389719391144));
#2856=CARTESIAN_POINT('',(39.223693561878,26.4352434655203,-15.3673606248722));
#2857=CARTESIAN_POINT('',(39.3296133671813,26.8203170478256,-15.389706341577));
#2858=CARTESIAN_POINT('',(29.7347485231991,-8.00251991180211,-13.1900341382787));
#2859=CARTESIAN_POINT('',(37.6777745547299,26.81538293255,-15.5057098479624));
#2860=CARTESIAN_POINT('',(37.7664156729355,27.2047053214707,-15.5296018894907));
#2861=CARTESIAN_POINT('',(30.4712116244746,-3.93877339453231,-11.2832847255216));
#2862=CARTESIAN_POINT('',(36.0312465615154,27.1362906548703,-15.6430966936434));
#2863=CARTESIAN_POINT('',(36.099276585195,27.5296301388091,-15.6687085317829));
#2864=CARTESIAN_POINT('',(34.107323272414,16.9218325031074,-12.9964516791475));
#2865=CARTESIAN_POINT('',(34.3623855917775,27.2872667789645,-15.7412798113529));
#2866=CARTESIAN_POINT('',(34.3692496323335,27.6861397394636,-15.7704901918694));
#2867=CARTESIAN_POINT('',(34.210320479966,21.2447976707184,-14.053728156155));
#2868=CARTESIAN_POINT('',(33.5128985181079,27.2439358248511,-15.7585247205717));
#2869=CARTESIAN_POINT('',(33.4666886815769,27.6401015731937,-15.7888125208873));
#2870=CARTESIAN_POINT('',(33.7454950507544,25.2433577497333,-15.2017315596463));
#2871=CARTESIAN_POINT('',(32.7183741212253,26.989054465122,-15.7155388967863));
#2872=CARTESIAN_POINT('',(32.5229240727357,27.3373443416858,-15.7377524158361));
#2873=CARTESIAN_POINT('',(33.4180698557,25.7965593382836,-15.3809648246505));
#2874=CARTESIAN_POINT('',(32.1791982896633,26.4630986560618,-15.5918703457789));
#2875=CARTESIAN_POINT('',(31.8346640795567,26.6659597573518,-15.5798890416077));
#2876=CARTESIAN_POINT('',(34.5795918486881,25.1414512584912,-15.3050995162391));
#2877=CARTESIAN_POINT('',(31.8955180129221,25.7529755001606,-15.4176354500349));
#2878=CARTESIAN_POINT('',(31.5101859331981,25.8537092619695,-15.3805963144168));
#2879=CARTESIAN_POINT('',(39.1404012347106,23.9295311573965,-15.8241833195026));
#2880=CARTESIAN_POINT('',(31.7264677643517,24.6929729701362,-15.1689654669284));
#2881=CARTESIAN_POINT('',(31.3321048643542,24.737080418651,-15.1186421513471));
#2882=CARTESIAN_POINT('',(10.499039040303,18.980666679885,-48.2213279968889));
#2883=CARTESIAN_POINT('',(31.6291248179891,23.6168642185338,-14.9389304028091));
#2884=CARTESIAN_POINT('',(31.2351607590429,23.6653807830848,-14.8895496046905));
#2885=CARTESIAN_POINT('',(9.02035470707726,21.3271570159774,-37.2920424980789));
#2886=CARTESIAN_POINT('',(31.329422332216,21.2273795909469,-14.5246005796807));
#2887=CARTESIAN_POINT('',(30.9377271859275,21.2939858683771,-14.4783564862101));
#2888=CARTESIAN_POINT('',(37.4764075879702,14.8737707901877,-51.7543975746919));
#2889=CARTESIAN_POINT('',(30.9765427043995,18.8241523134981,-14.2529602804641));
#2890=CARTESIAN_POINT('',(30.5837503688277,18.8832863680895,-14.2058715907014));
#2891=CARTESIAN_POINT('',(47.6462991513716,15.3823938295862,-27.769832231563));
#2892=CARTESIAN_POINT('',(30.7581879125906,16.6657150067624,-14.1471638311313));
#2893=CARTESIAN_POINT('',(30.3619810034611,16.6910959987705,-14.0984207249238));
#2894=CARTESIAN_POINT('',(38.2400649384967,16.1638054451063,-16.3638874587269));
#2895=CARTESIAN_POINT('',(30.9102428331846,14.5175802860206,-14.1941152794243));
#2896=CARTESIAN_POINT('',(30.5217081700449,14.4345726909815,-14.147741205797));
#2897=CARTESIAN_POINT('',(36.5955764026347,15.766675929614,-15.4287477586689));
#2898=CARTESIAN_POINT('',(31.5105061777144,12.8694335670841,-14.3537488833405));
#2899=CARTESIAN_POINT('',(31.1621481493642,12.6761127413447,-14.3180593551934));
#2900=CARTESIAN_POINT('',(37.7220601376069,16.3317420236547,-15.1020879073637));
#2901=CARTESIAN_POINT('',(32.5288209053012,11.4436337164547,-14.5847319437417));
#2902=CARTESIAN_POINT('',(32.237419856657,11.1705642128682,-14.5619618963084));
#2903=CARTESIAN_POINT('',(40.657952183204,18.9937065327876,-14.8699197569022));
#2904=CARTESIAN_POINT('',(34.1113893689985,10.0321322291983,-14.8901255727149));
#2905=CARTESIAN_POINT('',(33.8769991814485,9.70821442611,-14.878357105409));
#2906=CARTESIAN_POINT('',(57.9910241199217,39.6256186077287,-2.18718685884665));
#2907=CARTESIAN_POINT('',(35.8651274424681,8.81943929979157,-15.1794944486448));
#2908=CARTESIAN_POINT('',(35.6471396691565,8.4841793857729,-15.1704323992713));
#2909=CARTESIAN_POINT('',(47.7242853523912,6.54812704195371,72.8632606315344));
#2910=CARTESIAN_POINT('',(38.1391715855606,7.33412187944839,-15.4817053484572));
#2911=CARTESIAN_POINT('',(37.9214791993922,6.99866903000633,-15.4726825547923));
#2912=CARTESIAN_POINT('',(27.7425782357422,-11.5934426667513,1.53226750211262));
#2913=CARTESIAN_POINT('',(40.3614155983221,5.75843438719225,-15.6576839641817));
#2914=CARTESIAN_POINT('',(40.1179492990743,5.44125659315928,-15.6466201446351));
#2915=CARTESIAN_POINT('',(30.937766742069,-7.53144309118605,3.2180852475185));
#2916=CARTESIAN_POINT('',(41.9462629943704,4.47069259606569,-15.6626566260812));
#2917=CARTESIAN_POINT('',(41.6856705294432,4.16743038742104,-15.651539070994));
#2918=CARTESIAN_POINT('',(50.6108333275182,15.3155830673454,1.30144671109328));
#2919=CARTESIAN_POINT('',(43.5310112414488,3.19039339546224,-15.5307582863785));
#2920=CARTESIAN_POINT('',(43.2880918799698,2.872853297406,-15.5181698017563));
#2921=CARTESIAN_POINT('',(50.3756520541243,12.900748688082,-11.3129825607941));
#2922=CARTESIAN_POINT('',(44.76394861333,2.35868068982761,-15.3507203739192));
#2923=CARTESIAN_POINT('',(44.5574365916646,2.01658099305056,-15.3328155596863));
#2924=CARTESIAN_POINT('',(55.2670258751737,19.3394753371997,-17.7798871887879));
#2925=CARTESIAN_POINT('',(46.0684370469216,1.64697641190714,-15.1484777591829));
#2926=CARTESIAN_POINT('',(45.8877902852283,1.29076511728246,-15.1265628995768));
#2927=CARTESIAN_POINT('',(37.8539246204712,-18.9161064483247,-28.9883244704445));
#2928=CARTESIAN_POINT('',(47.363462060063,0.962593506948703,-14.9788300511052));
#2929=CARTESIAN_POINT('',(47.1666613308109,0.614919112486056,-14.959031354156));
#2930=CARTESIAN_POINT('',(45.5412616522013,-2.37242534717456,-15.3587124918519));
#2931=CARTESIAN_POINT('',(48.4672714859397,0.0319078536840725,-14.8640165603225));
#2932=CARTESIAN_POINT('',(48.1561638629676,-0.219387778683859,-14.8561075729381));
#2933=CARTESIAN_POINT('',(46.0017162209421,-1.98135277050495,-15.1038285048333));
#2934=CARTESIAN_POINT('',(49.1230435844572,-1.38159281700998,-14.8083723112054));
#2935=CARTESIAN_POINT('',(48.7301337959949,-1.45656588846695,-14.8074044853696));
#2936=CARTESIAN_POINT('',(43.1576194186308,-2.52316184107301,-15.0322335026532));
#2937=CARTESIAN_POINT('',(49.2140936594949,-2.97294125680554,-14.7947521457112));
#2938=CARTESIAN_POINT('',(48.8151961787632,-2.94326307182994,-14.7946800177604));
#2939=CARTESIAN_POINT('',(39.0542337992566,-2.21787932311442,-15.0348316750201));
#2940=CARTESIAN_POINT('',(48.8844952221498,-4.89327080938359,-14.7924480192991));
#2941=CARTESIAN_POINT('',(48.4985313112971,-4.78823815167695,-14.7924663061579));
#2942=CARTESIAN_POINT('',(26.2468740673296,1.26677164543787,-14.4846468844737));
#2943=CARTESIAN_POINT('',(48.2927789736653,-6.75728156476206,-14.7935207643109));
#2944=CARTESIAN_POINT('',(47.916901925351,-6.62047350743179,-14.7935207643109));
#2945=CARTESIAN_POINT('',(43.2522225861251,24.9837879733756,-15.0801731367868));
#2946=CARTESIAN_POINT('',(48.2927789736653,-6.75728156476206,-14.7935207643109));
#2947=CARTESIAN_POINT('',(34.030851537352,23.8006688864827,-15.9778481277371));
#2948=CARTESIAN_POINT('',(33.9272492390011,24.9913575179222,-16.5341092083528));
#2949=CARTESIAN_POINT('',(33.8398023985419,25.3566250622815,-16.3965131650543));
#2950=CARTESIAN_POINT('',(33.4445274317663,24.8162120267548,-16.5801731367862));
#2951=CARTESIAN_POINT('',(33.2550197624705,25.144448938299,-16.4523162903603));
#2952=CARTESIAN_POINT('',(34.1786367500341,22.0595062494838,-15.1438525039092));
#2953=CARTESIAN_POINT('',(34.4373538384963,25.0402146736923,-16.4245569987821));
#2954=CARTESIAN_POINT('',(34.3933284798002,25.4096410711582,-16.2776355754053));
#2955=CARTESIAN_POINT('',(34.0675512740831,20.8212649947466,-14.5973245986707));
#2956=CARTESIAN_POINT('',(35.0859148002326,25.0082823372352,-16.242587518829));
#2957=CARTESIAN_POINT('',(35.0807222234441,25.375796776488,-16.0847706183178));
#2958=CARTESIAN_POINT('',(33.0869231191391,16.9088168898352,-12.9671376265023));
#2959=CARTESIAN_POINT('',(35.7204258157529,24.9082799729828,-16.032938370213));
#2960=CARTESIAN_POINT('',(35.7345813214895,25.2727450498937,-15.8687286586559));
#2961=CARTESIAN_POINT('',(32.0530381500082,13.8769576222121,-11.7024706458934));
#2962=CARTESIAN_POINT('',(37.1289752976848,24.5407752915921,-15.4986016494151));
#2963=CARTESIAN_POINT('',(37.1738964789358,24.8972132953169,-15.3227209029541));
#2964=CARTESIAN_POINT('',(28.397179853787,6.70874351883189,-8.55893863424672));
#2965=CARTESIAN_POINT('',(38.477573322872,24.0402208600402,-14.9142586311084));
#2966=CARTESIAN_POINT('',(38.5393455673285,24.3904043133309,-14.7310763752642));
#2967=CARTESIAN_POINT('',(27.562005806472,5.48305300965507,-7.84097501579162));
#2968=CARTESIAN_POINT('',(39.9240009866545,23.3726286570863,-14.2201279576129));
#2969=CARTESIAN_POINT('',(40.0023259590536,23.7151722730116,-14.0290021616368));
#2970=CARTESIAN_POINT('',(33.8119772982778,14.4521896307911,-11.1423833400543));
#2971=CARTESIAN_POINT('',(41.2550868182758,22.5495969652948,-13.4738406209149));
#2972=CARTESIAN_POINT('',(41.364435818271,22.8729579279967,-13.2653208760452));
#2973=CARTESIAN_POINT('',(36.1170725436875,16.9445533499949,-11.8826732691948));
#2974=CARTESIAN_POINT('',(41.7069712997338,22.1818757004811,-13.1753467201164));
#2975=CARTESIAN_POINT('',(41.8316146105065,22.4927909087163,-12.9567242638872));
#2976=CARTESIAN_POINT('',(40.3070883420234,20.826174313933,-12.9078505344343));
#2977=CARTESIAN_POINT('',(42.0525347578998,21.7321402599754,-12.8654799308665));
#2978=CARTESIAN_POINT('',(42.2251847134724,21.980576959456,-12.6038099112006));
#2979=CARTESIAN_POINT('',(41.3488999395473,21.3612851893505,-12.8916985545249));
#2980=CARTESIAN_POINT('',(42.1186069058195,21.4154296235064,-12.6969104040777));
#2981=CARTESIAN_POINT('',(42.3142583987682,21.5536106135621,-12.3765566819295));
#2982=CARTESIAN_POINT('',(41.644003350293,21.3772296436335,-12.8274975394951));
#2983=CARTESIAN_POINT('',(41.985426860465,21.108381152755,-12.5931660457273));
#2984=CARTESIAN_POINT('',(42.1046052545694,21.0702523361032,-12.2132414430501));
#2985=CARTESIAN_POINT('',(41.3054790416084,21.6391397764191,-13.0847495769047));
#2986=CARTESIAN_POINT('',(41.6115970086878,20.8377493878149,-12.5849962813973));
#2987=CARTESIAN_POINT('',(41.6215351535887,20.7205367812949,-12.2026843169642));
#2988=CARTESIAN_POINT('',(40.2996651508126,24.4532374198574,-15.4532387299563));
#2989=CARTESIAN_POINT('',(41.1760858477221,20.6613346937582,-12.6473352870175));
#2990=CARTESIAN_POINT('',(41.1570138773239,20.532370814082,-12.269175826361));
#2991=CARTESIAN_POINT('',(39.8556550728838,27.4925661719952,-19.1973021132945));
#2992=CARTESIAN_POINT('',(40.073856722857,20.3210775408465,-12.8859262554501));
#2993=CARTESIAN_POINT('',(40.014554989937,20.1796947691731,-12.5164750186859));
#2994=CARTESIAN_POINT('',(45.1153870789805,4.5061641336964,-16.5359741860758));
#2995=CARTESIAN_POINT('',(38.9792351391023,19.9964811502838,-13.1820090104088));
#2996=CARTESIAN_POINT('',(38.9221634529578,19.855759671193,-12.8119545712203));
#2997=CARTESIAN_POINT('',(42.0683421545381,10.9362308537159,-13.3689138883303));
#2998=CARTESIAN_POINT('',(37.5019097049648,19.3477214126662,-13.6142142813982));
#2999=CARTESIAN_POINT('',(37.4614300117855,19.2142862205057,-13.2393057006306));
#3000=CARTESIAN_POINT('',(39.067446591187,16.2453149054439,-13.1337335205712));
#3001=CARTESIAN_POINT('',(36.329102309162,18.2720388782597,-13.9707246619924));
#3002=CARTESIAN_POINT('',(36.3392006927917,18.1849931904986,-13.5804413406856));
#3003=CARTESIAN_POINT('',(38.7937617417114,16.4454059686726,-13.205364804982));
#3004=CARTESIAN_POINT('',(35.783552452413,16.7164684337462,-14.133844632557));
#3005=CARTESIAN_POINT('',(35.8199870354344,16.7045172820534,-13.7356867604343));
#3006=CARTESIAN_POINT('',(41.7125195945919,16.1881880931206,-12.55542581535));
#3007=CARTESIAN_POINT('',(35.8700079515745,15.0187959337813,-14.1112912120742));
#3008=CARTESIAN_POINT('',(35.9045029344414,15.0449314957756,-13.713639318383));
#3009=CARTESIAN_POINT('',(45.5287580042098,16.9181771669813,-12.2227114676533));
#3010=CARTESIAN_POINT('',(36.4165897990655,13.1303082254031,-13.9794910730496));
#3011=CARTESIAN_POINT('',(36.4449162783963,13.1777565023375,-13.5833266228718));
#3012=CARTESIAN_POINT('',(51.974344899058,19.006420117314,-17.4544427402396));
#3013=CARTESIAN_POINT('',(37.2491167781832,11.3432747949754,-13.8362132887226));
#3014=CARTESIAN_POINT('',(37.2793386146696,11.3866546552883,-13.439722647826));
#3015=CARTESIAN_POINT('',(49.3836168101741,17.4384838354687,-20.026992642564));
#3016=CARTESIAN_POINT('',(38.1744308905399,9.8247603386678,-13.7732914332814));
#3017=CARTESIAN_POINT('',(38.2122283289052,9.85570803047187,-13.3762856473979));
#3018=CARTESIAN_POINT('',(42.4567227823952,12.7088415593368,-18.1141875155805));
#3019=CARTESIAN_POINT('',(39.3126503578351,8.47932880048237,-13.9040381662588));
#3020=CARTESIAN_POINT('',(39.3872777591888,8.46674165987626,-13.5112630208403));
#3021=CARTESIAN_POINT('',(42.0838824628369,12.1595385071853,-17.4067043360801));
#3022=CARTESIAN_POINT('',(40.5344736434828,7.54098828570034,-14.2824976648686));
#3023=CARTESIAN_POINT('',(40.6534350516566,7.49435334516227,-13.903454968479));
#3024=CARTESIAN_POINT('',(52.9990557946675,10.0844030764463,13.9725706904343));
#3025=CARTESIAN_POINT('',(41.8547777997499,6.76543614452386,-14.7497756837925));
#3026=CARTESIAN_POINT('',(41.9571367130549,6.72855357837869,-14.3648570830708));
#3027=CARTESIAN_POINT('',(41.2085759921787,-2.16502596648439,-0.706701939173104));
#3028=CARTESIAN_POINT('',(43.4292749179177,5.79584969544487,-15.1660105487023));
#3029=CARTESIAN_POINT('',(43.499456476974,5.77878217137672,-14.7725855261242));
#3030=CARTESIAN_POINT('',(38.485010794947,-7.26710761036485,2.27173395448247));
#3031=CARTESIAN_POINT('',(44.9738220708848,4.72616683410254,-15.4262385557912));
#3032=CARTESIAN_POINT('',(45.0231592968541,4.72353514374558,-15.0293016434997));
#3033=CARTESIAN_POINT('',(34.7696201072618,-13.7455610492384,10.2032857786813));
#3034=CARTESIAN_POINT('',(47.8571874795337,2.45770665672028,-15.6496189371761));
#3035=CARTESIAN_POINT('',(47.8811011691999,2.47507669056343,-15.2507124100662));
#3036=CARTESIAN_POINT('',(21.9589928950794,-29.1204944764424,17.8092784420861));
#3037=CARTESIAN_POINT('',(50.6026724135248,0.00888423425350225,-15.6334487635439));
#3038=CARTESIAN_POINT('',(50.6145900956473,0.0369540508160211,-15.2346128897173));
#3039=CARTESIAN_POINT('',(21.3851348143028,-29.925777402374,12.7423522469402));
#3040=CARTESIAN_POINT('',(52.6225417201326,-1.9835879501531,-15.5134969185641));
#3041=CARTESIAN_POINT('',(52.6264518014956,-1.94761914640125,-15.1151365836656));
#3042=CARTESIAN_POINT('',(34.81920231889,-18.645976811929,-8.5327474186358));
#3043=CARTESIAN_POINT('',(54.4771805110199,-4.11958232997721,-15.3056874560262));
#3044=CARTESIAN_POINT('',(54.475002161589,-4.07660145787992,-14.9080093205605));
#3045=CARTESIAN_POINT('',(42.218773175376,-13.3303839314407,-12.438520884524));
#3046=CARTESIAN_POINT('',(55.4674676174912,-5.54981875689587,-15.1335091666796));
#3047=CARTESIAN_POINT('',(55.4621513834015,-5.5023059496525,-14.7363766059358));
#3048=CARTESIAN_POINT('',(50.2455352302195,-8.76184886736948,-15.2081271423193));
#3049=CARTESIAN_POINT('',(56.1505712706729,-7.13227709206569,-14.9505842911391));
#3050=CARTESIAN_POINT('',(56.1480623128711,-7.09126754057313,-14.5526999840634));
#3051=CARTESIAN_POINT('',(50.9373002396561,-8.64569355453246,-15.8913178212269));
#3052=CARTESIAN_POINT('',(56.3436247621563,-8.69824644868966,-14.8318381578712));
#3053=CARTESIAN_POINT('',(56.3438079782688,-8.67907468847504,-14.432297909533));
#3054=CARTESIAN_POINT('',(67.7926663661171,-10.296041127199,-43.56128021852));
#3055=CARTESIAN_POINT('',(56.3283553346499,-10.2960386122411,-14.7935219608134));
#3056=CARTESIAN_POINT('',(56.3283553346499,-10.296038577272,-14.3935219608134));
#3057=CARTESIAN_POINT('',(33.4445274317663,24.8162120267548,-16.5801731367862));
#3058=CARTESIAN_POINT('',(56.3283553346499,-10.2960386122411,-14.7935219608134));
#3059=CARTESIAN_POINT('',(46.0683344609531,13.0626145873136,-11.811787214596));
#3060=CARTESIAN_POINT('',(42.6238733194224,9.90322339185375,-14.694520934018));
#3061=CARTESIAN_POINT('',(42.8892509076406,10.2002697717552,-14.7311021294458));
#3062=CARTESIAN_POINT('',(43.7626081718118,9.06898021834043,-14.7935198962889));
#3063=CARTESIAN_POINT('',(43.962012623332,9.41435886699616,-14.8243655404976));
#3064=CARTESIAN_POINT('',(46.0267601546585,13.5752230987887,-14.5029526507699));
#3065=CARTESIAN_POINT('',(41.7382042127011,10.9852221733988,-14.4928428791931));
#3066=CARTESIAN_POINT('',(42.0736873706276,11.1966224125145,-14.5453879993236));
#3067=CARTESIAN_POINT('',(46.3825230499564,13.912445298382,-15.2241902352527));
#3068=CARTESIAN_POINT('',(41.1534841909914,12.3343645689481,-14.3076666602372));
#3069=CARTESIAN_POINT('',(41.5311980502981,12.4483246187245,-14.3735859104044));
#3070=CARTESIAN_POINT('',(49.3140175455154,14.9538288854953,-17.1835130966418));
#3071=CARTESIAN_POINT('',(40.862379025953,13.7915000834504,-14.1926622557723));
#3072=CARTESIAN_POINT('',(41.2528105876786,13.8418012975788,-14.2636057788433));
#3073=CARTESIAN_POINT('',(54.1853629681188,15.6618566546784,-19.6617811749429));
#3074=CARTESIAN_POINT('',(40.7538730999021,15.934074431856,-14.1452266360522));
#3075=CARTESIAN_POINT('',(41.1472287579755,15.9266359993593,-14.217448488588));
#3076=CARTESIAN_POINT('',(-8.31575634340291,16.8935458383268,0.145627202675955));
#3077=CARTESIAN_POINT('',(40.7487246613005,18.0853164480539,-14.1454192627124));
#3078=CARTESIAN_POINT('',(41.1420402406816,18.0946246397585,-14.2176426147755));
#3079=CARTESIAN_POINT('',(27.1228025593423,17.7448343870564,-8.53585610420807));
#3080=CARTESIAN_POINT('',(40.6513487609309,19.5202488579071,-14.110371430218));
#3081=CARTESIAN_POINT('',(41.0420791713339,19.5676521299926,-14.1816643203396));
#3082=CARTESIAN_POINT('',(36.6322391585002,18.9924481054254,-12.4460727479696));
#3083=CARTESIAN_POINT('',(40.2819938806644,20.8847583599406,-13.9626999609329));
#3084=CARTESIAN_POINT('',(40.6397534385883,21.0539660101503,-14.0208108017861));
#3085=CARTESIAN_POINT('',(37.6689961637194,19.5404160017278,-12.9349195336396));
#3086=CARTESIAN_POINT('',(39.6377120270952,21.8260844523061,-13.7038302143402));
#3087=CARTESIAN_POINT('',(39.9142313417513,22.1139879191284,-13.7292990661768));
#3088=CARTESIAN_POINT('',(36.9295352357942,18.8286290688374,-13.0115692424235));
#3089=CARTESIAN_POINT('',(38.7306253638878,22.4939691867193,-13.3573173194911));
#3090=CARTESIAN_POINT('',(38.9191546759664,22.8466593843867,-13.3491734287446));
#3091=CARTESIAN_POINT('',(35.2482835915298,16.1451562109155,-13.7449622101621));
#3092=CARTESIAN_POINT('',(37.4089786253453,23.0163408285753,-12.9067391471373));
#3093=CARTESIAN_POINT('',(37.5246489049791,23.3978280499045,-12.8737560246044));
#3094=CARTESIAN_POINT('',(29.8912211674373,15.2841125194379,-29.9164086111997));
#3095=CARTESIAN_POINT('',(36.0081877713998,23.3756166532007,-12.5168923099768));
#3096=CARTESIAN_POINT('',(36.1087311528053,23.7609836320394,-12.4796992988558));
#3097=CARTESIAN_POINT('',(32.5059042386565,26.6485836875261,-30.2729964909266));
#3098=CARTESIAN_POINT('',(33.8915772823095,23.8962550998693,-12.1411974517273));
#3099=CARTESIAN_POINT('',(33.993677246692,24.2812391943996,-12.1042807315081));
#3100=CARTESIAN_POINT('',(34.3248274261669,31.0086856259377,-24.093432026355));
#3101=CARTESIAN_POINT('',(31.7761326729836,24.5249503357129,-12.0478678326936));
#3102=CARTESIAN_POINT('',(31.9038103292765,24.9023329203871,-12.0120795543307));
#3103=CARTESIAN_POINT('',(34.5452366584112,31.4942715742167,-26.0484264569493));
#3104=CARTESIAN_POINT('',(29.5449552529982,25.3759721840692,-12.2709587782358));
#3105=CARTESIAN_POINT('',(29.6945913030452,25.7449793376046,-12.232974924218));
#3106=CARTESIAN_POINT('',(29.7860106370778,13.6523061823637,-42.0441484950537));
#3107=CARTESIAN_POINT('',(27.3620871991563,26.2676529529998,-12.7367620685048));
#3108=CARTESIAN_POINT('',(27.5001667614992,26.641380821479,-12.701244259096));
#3109=CARTESIAN_POINT('',(20.9292505872177,5.86855490942973,-19.0551408906187));
#3110=CARTESIAN_POINT('',(25.6973206685173,26.8466362201909,-13.1719350446768));
#3111=CARTESIAN_POINT('',(25.8061617084654,27.2305328510235,-13.1440602378003));
#3112=CARTESIAN_POINT('',(23.4000457411724,20.6997916906343,-11.5685177207285));
#3113=CARTESIAN_POINT('',(23.9622472499579,27.1294822834795,-13.5622893277292));
#3114=CARTESIAN_POINT('',(23.9735554609512,27.5292784009944,-13.5563573142317));
#3115=CARTESIAN_POINT('',(23.5140780037823,22.6724933816053,-11.8591259919805));
#3116=CARTESIAN_POINT('',(22.5990145967837,26.9858816247774,-13.7362812646532));
#3117=CARTESIAN_POINT('',(22.5048528492264,27.3745677124042,-13.7438105795158));
#3118=CARTESIAN_POINT('',(23.7962818052701,21.3630716862631,-11.3502660383745));
#3119=CARTESIAN_POINT('',(21.2922609982546,26.5204957625294,-13.7737688192247));
#3120=CARTESIAN_POINT('',(21.1199753603105,26.8813588894001,-13.7835393168224));
#3121=CARTESIAN_POINT('',(26.8346449864084,15.0146204662692,-10.7709683577892));
#3122=CARTESIAN_POINT('',(19.9414655039347,25.7785462455654,-13.7276515766403));
#3123=CARTESIAN_POINT('',(19.7288705789674,26.1172687477733,-13.7360458828191));
#3124=CARTESIAN_POINT('',(16.792641794852,30.2569866567505,-20.4585791188657));
#3125=CARTESIAN_POINT('',(18.5945360866076,25.0362752787373,-13.7672224167517));
#3126=CARTESIAN_POINT('',(18.4220728980248,25.3971137302914,-13.7744377105016));
#3127=CARTESIAN_POINT('',(17.4597340058304,28.112217897287,-17.0146012619982));
#3128=CARTESIAN_POINT('',(17.4769364754502,24.6246779179969,-13.9927744821192));
#3129=CARTESIAN_POINT('',(17.3742258544134,25.0112053304456,-13.9859124305322));
#3130=CARTESIAN_POINT('',(17.3832337187594,27.6833362817214,-16.3764458100742));
#3131=CARTESIAN_POINT('',(16.3621542363395,24.483754664317,-14.4357927353447));
#3132=CARTESIAN_POINT('',(16.3465396262177,24.8812921671762,-14.3943184328043));
#3133=CARTESIAN_POINT('',(17.7922182634317,29.1761138324708,-17.1481765484918));
#3134=CARTESIAN_POINT('',(15.1955472252634,24.6388178761801,-15.1256562002807));
#3135=CARTESIAN_POINT('',(15.2441868082406,25.0278148324259,-15.0461857089063));
#3136=CARTESIAN_POINT('',(-5.40942844653781,2.45580475313074,6.25869908915532));
#3137=CARTESIAN_POINT('',(14.0756800397405,24.9172515461199,-15.8717256704693));
#3138=CARTESIAN_POINT('',(14.1178545063027,25.307855930562,-15.7965623201924));
#3139=CARTESIAN_POINT('',(11.4841804401029,20.6161899763594,-13.4011377116372));
#3140=CARTESIAN_POINT('',(13.2203515082998,25.0388021510149,-16.358335242859));
#3141=CARTESIAN_POINT('',(13.2187307479537,25.4356302683579,-16.3080876715548));
#3142=CARTESIAN_POINT('',(12.8299742352366,23.975393499028,-15.7015810592972));
#3143=CARTESIAN_POINT('',(12.3445274318004,24.8162120267008,-16.5801731367863));
#3144=CARTESIAN_POINT('',(12.1445274317549,25.1626221881883,-16.5801731367863));
#3145=CARTESIAN_POINT('',(43.7626081718118,9.06898021834042,-14.7935198962889));
#3146=CARTESIAN_POINT('',(12.3445274318004,24.8162120267008,-16.5801731367863));
#3147=CARTESIAN_POINT('',(23.894588470459,9.76991748809814,53.409236907959));
#3148=CARTESIAN_POINT('',(0.,0.,0.));
#3149=CARTESIAN_POINT('',(-16.8845991468047,-16.8845991468047,67.7204284667969));
#3150=CARTESIAN_POINT('',(23.894588470459,-67.7204284667969,-14.3111915588379));
#3151=CARTESIAN_POINT('',(0.,0.,0.));
#3152=CARTESIAN_POINT('',(-16.8845991468047,-16.8845991468047,67.7204284667969));
#3153=CARTESIAN_POINT('',(41.3659858703613,9.76991748809814,-14.3111915588379));
#3154=CARTESIAN_POINT('',(0.,0.,0.));
#3155=CARTESIAN_POINT('',(-10.3136986216188,-10.3136986216188,41.3659858703613));
#3156=CARTESIAN_POINT('',(23.894588470459,67.7204284667969,-14.3111915588379));
#3157=CARTESIAN_POINT('',(0.,0.,0.));
#3158=CARTESIAN_POINT('',(-16.8845991468047,-16.8845991468047,67.7204284667969));
#3159=CARTESIAN_POINT('',(23.894588470459,9.76991748809814,-82.0316162109375));
#3160=CARTESIAN_POINT('',(0.,0.,0.));
#3161=CARTESIAN_POINT('',(-16.8845981956939,-16.8845981956939,67.7204246520996));
#3162=CARTESIAN_POINT('',(-41.3659858703613,9.76991748809814,-14.3111915588379));
#3163=CARTESIAN_POINT('',(0.,0.,0.));
#3164=CARTESIAN_POINT('',(-10.3136986216188,-10.3136986216188,41.3659858703613));
#3165=CARTESIAN_POINT('',(71.8213822046916,-28.7412144343058,28.0964724222819));
#3166=CARTESIAN_POINT('',(0.,0.,0.));
#3167=CARTESIAN_POINT('',(-18.5204200091581,-18.5204200091581,74.2813476056122));
#3168=CARTESIAN_POINT('',(63.682692673561,-12.8562667595094,3.16207639363115));
#3169=CARTESIAN_POINT('',(0.,0.,0.));
#3170=CARTESIAN_POINT('',(-13.5854889042538,-13.5854889042538,54.4884199812995));
#3171=MECHANICAL_DESIGN_GEOMETRIC_PRESENTATION_REPRESENTATION('',(#1712,
#1713,#1714,#1715),#3172);
#3172=(
GEOMETRIC_REPRESENTATION_CONTEXT(3)
GLOBAL_UNCERTAINTY_ASSIGNED_CONTEXT((#3173))
GLOBAL_UNIT_ASSIGNED_CONTEXT((#3176,#3175,#3174))
REPRESENTATION_CONTEXT('Wires_x4','TOP_LEVEL_ASSEMBLY_PART')
);
#3173=UNCERTAINTY_MEASURE_WITH_UNIT(LENGTH_MEASURE(0.005),#3176,
'DISTANCE_ACCURACY_VALUE','Maximum Tolerance applied to model');
#3174=(
NAMED_UNIT(*)
SI_UNIT($,.STERADIAN.)
SOLID_ANGLE_UNIT()
);
#3175=(
NAMED_UNIT(*)
PLANE_ANGLE_UNIT()
SI_UNIT($,.RADIAN.)
);
#3176=(
LENGTH_UNIT()
NAMED_UNIT(*)
SI_UNIT(.MILLI.,.METRE.)
);
#3177=PRODUCT_DEFINITION_SHAPE('','',#3178);
#3178=PRODUCT_DEFINITION('','',#3180,#3179);
#3179=PRODUCT_DEFINITION_CONTEXT('',#3186,'design');
#3180=PRODUCT_DEFINITION_FORMATION_WITH_SPECIFIED_SOURCE('','',#3182,
 .NOT_KNOWN.);
#3181=PRODUCT_RELATED_PRODUCT_CATEGORY('','',(#3182));
#3182=PRODUCT('Wires_x4','Wires_x4','Wires_x4',(#3184));
#3183=PRODUCT_CATEGORY('','');
#3184=PRODUCT_CONTEXT('',#3186,'mechanical');
#3185=APPLICATION_PROTOCOL_DEFINITION('international standard',
'ap242_managed_model_based_3d_engineering',2020,#3186);
#3186=APPLICATION_CONTEXT('managed model based 3d engineering');
ENDSEC;
END-ISO-10303-21;
