ISO-10303-21;
HEADER;
/* Generated by software containing ST-Developer
 * from STEP Tools, Inc. (www.steptools.com) 
 */
/* OPTION: using custom renumber hook */

FILE_DESCRIPTION(
/* description */ (
'CAx-IF Rec.Pracs.---Representation and Presentation of Product Manufa
cturing Information (PMI)---4.0---2014-10-13',
'CAx-IF Rec.Pracs.---3D Tessellated Geometry---0.4---2014-09-14','2;1'),

/* implementation_level */ '2;1');

FILE_NAME(
/* name */ 'antenna-rail-A.3',
/* time_stamp */ '2026-05-24T20:55:17+03:00',
/* author */ (''),
/* organization */ (''),
/* preprocessor_version */ 'ST-DEVELOPER v19.4',
/* originating_system */ 'SIEMENS PLM Software NX2212.9120',
/* authorisation */ $);

FILE_SCHEMA (('AP242_MANAGED_MODEL_BASED_3D_ENGINEERING_MIM_LF { 1 0 10303 442 3 1 4 }'));
ENDSEC;

DATA;
#10=DEFAULT_MODEL_GEOMETRIC_VIEW('','',#53,#27,'','',#18042,*);
#11=MECHANICAL_DESIGN_AND_DRAUGHTING_RELATIONSHIP('','',#19,#20);
#12=MECHANICAL_DESIGN_AND_DRAUGHTING_RELATIONSHIP('','',#21,#20);
#13=MECHANICAL_DESIGN_AND_DRAUGHTING_RELATIONSHIP('','',#22,#20);
#14=MECHANICAL_DESIGN_AND_DRAUGHTING_RELATIONSHIP('','',#23,#20);
#15=MECHANICAL_DESIGN_AND_DRAUGHTING_RELATIONSHIP('','',#24,#20);
#16=MECHANICAL_DESIGN_AND_DRAUGHTING_RELATIONSHIP('','',#25,#20);
#17=MECHANICAL_DESIGN_AND_DRAUGHTING_RELATIONSHIP('','',#26,#20);
#18=MECHANICAL_DESIGN_AND_DRAUGHTING_RELATIONSHIP('','',#27,#20);
#19=DRAUGHTING_MODEL('Top',(#46,#37),#18037);
#20=DRAUGHTING_MODEL('',(#38),#18037);
#21=DRAUGHTING_MODEL('Front',(#47,#39),#18037);
#22=DRAUGHTING_MODEL('Right',(#48,#40),#18037);
#23=DRAUGHTING_MODEL('Back',(#49,#41),#18037);
#24=DRAUGHTING_MODEL('Bottom',(#50,#42),#18037);
#25=DRAUGHTING_MODEL('Left',(#51,#43),#18037);
#26=DRAUGHTING_MODEL('Isometric',(#52,#44),#18037);
#27=DRAUGHTING_MODEL('Trimetric',(#53,#45),#18037);
#28=REPRESENTATION_MAP(#10086,#71);
#29=REPRESENTATION_MAP(#10086,#71);
#30=REPRESENTATION_MAP(#10086,#71);
#31=REPRESENTATION_MAP(#10086,#71);
#32=REPRESENTATION_MAP(#10086,#71);
#33=REPRESENTATION_MAP(#10086,#71);
#34=REPRESENTATION_MAP(#10086,#71);
#35=REPRESENTATION_MAP(#10086,#71);
#36=REPRESENTATION_MAP(#10086,#71);
#37=MAPPED_ITEM('',#28,#10086);
#38=MAPPED_ITEM('',#29,#10086);
#39=MAPPED_ITEM('',#30,#10086);
#40=MAPPED_ITEM('',#31,#10086);
#41=MAPPED_ITEM('',#32,#10086);
#42=MAPPED_ITEM('',#33,#10086);
#43=MAPPED_ITEM('',#34,#10086);
#44=MAPPED_ITEM('',#35,#10086);
#45=MAPPED_ITEM('',#36,#10086);
#46=CAMERA_MODEL_D3('Top',#11041,#54);
#47=CAMERA_MODEL_D3('Front',#11043,#55);
#48=CAMERA_MODEL_D3('Right',#11045,#56);
#49=CAMERA_MODEL_D3('Back',#11047,#57);
#50=CAMERA_MODEL_D3('Bottom',#11049,#58);
#51=CAMERA_MODEL_D3('Left',#11051,#59);
#52=CAMERA_MODEL_D3('Isometric',#11053,#60);
#53=CAMERA_MODEL_D3('Trimetric',#11055,#61);
#54=VIEW_VOLUME(.PARALLEL.,#18013,104.654029846191,0.,.F.,0.,.F.,.F.,#62);
#55=VIEW_VOLUME(.PARALLEL.,#18016,104.654029846191,0.,.F.,0.,.F.,.F.,#63);
#56=VIEW_VOLUME(.PARALLEL.,#18019,17.4310474395752,0.,.F.,0.,.F.,.F.,#64);
#57=VIEW_VOLUME(.PARALLEL.,#18022,104.654037475586,0.,.F.,0.,.F.,.F.,#65);
#58=VIEW_VOLUME(.PARALLEL.,#18025,104.654029846191,0.,.F.,0.,.F.,.F.,#66);
#59=VIEW_VOLUME(.PARALLEL.,#18028,17.4310474395752,0.,.F.,0.,.F.,.F.,#67);
#60=VIEW_VOLUME(.PARALLEL.,#18031,90.2348141121683,0.,.F.,0.,.F.,.F.,#68);
#61=VIEW_VOLUME(.PARALLEL.,#18034,79.5792210307173,0.,.F.,0.,.F.,.F.,#69);
#62=PLANAR_BOX('',52.1863603954323,52.1863603954323,#11042);
#63=PLANAR_BOX('',52.1863603954323,52.1863603954323,#11044);
#64=PLANAR_BOX('',8.69209647338442,8.69209647338442,#11046);
#65=PLANAR_BOX('',52.1863641998757,52.1863641998757,#11048);
#66=PLANAR_BOX('',52.1863603954323,52.1863603954323,#11050);
#67=PLANAR_BOX('',8.69209647338442,8.69209647338442,#11052);
#68=PLANAR_BOX('',44.9961318870687,44.9961318870687,#11054);
#69=PLANAR_BOX('',39.682656413712,39.682656413712,#11056);
#70=SHAPE_REPRESENTATION_RELATIONSHIP('','',#10085,#71);
#71=ADVANCED_BREP_SHAPE_REPRESENTATION('',(#10083),#18037);
#72=TOROIDAL_SURFACE('',#10977,0.9,0.4);
#73=TOROIDAL_SURFACE('',#10979,0.9,0.4);
#74=TOROIDAL_SURFACE('',#10984,0.9,0.4);
#75=TOROIDAL_SURFACE('',#10985,0.9,0.4);
#76=TOROIDAL_SURFACE('',#10986,0.9,0.4);
#77=TOROIDAL_SURFACE('',#10992,0.9,0.4);
#78=TOROIDAL_SURFACE('',#10993,0.9,0.4);
#79=TOROIDAL_SURFACE('',#10995,0.9,0.4);
#80=TOROIDAL_SURFACE('',#10998,0.9,0.4);
#81=TOROIDAL_SURFACE('',#11004,0.9,0.4);
#82=TOROIDAL_SURFACE('',#11005,0.9,0.4);
#83=TOROIDAL_SURFACE('',#11007,0.9,0.4);
#84=TOROIDAL_SURFACE('',#11015,0.9,0.4);
#85=TOROIDAL_SURFACE('',#11017,0.9,0.4);
#86=TOROIDAL_SURFACE('',#11022,0.9,0.4);
#87=TOROIDAL_SURFACE('',#11025,0.9,0.4);
#88=TOROIDAL_SURFACE('',#11027,0.9,0.4);
#89=TOROIDAL_SURFACE('',#11035,0.9,0.4);
#90=TOROIDAL_SURFACE('',#11036,0.9,0.4);
#91=TOROIDAL_SURFACE('',#11038,0.9,0.4);
#92=SPHERICAL_SURFACE('',#10800,0.5);
#93=SPHERICAL_SURFACE('',#10804,0.5);
#94=SPHERICAL_SURFACE('',#10809,0.5);
#95=SPHERICAL_SURFACE('',#10813,0.5);
#96=SPHERICAL_SURFACE('',#10837,0.5);
#97=SPHERICAL_SURFACE('',#10841,0.5);
#98=SPHERICAL_SURFACE('',#10846,0.5);
#99=SPHERICAL_SURFACE('',#10850,0.5);
#100=SPHERICAL_SURFACE('',#10874,0.5);
#101=SPHERICAL_SURFACE('',#10878,0.5);
#102=SPHERICAL_SURFACE('',#10883,0.5);
#103=SPHERICAL_SURFACE('',#10887,0.5);
#104=SPHERICAL_SURFACE('',#10908,0.5);
#105=SPHERICAL_SURFACE('',#10912,0.5);
#106=SPHERICAL_SURFACE('',#10917,0.5);
#107=SPHERICAL_SURFACE('',#10921,0.5);
#108=SPHERICAL_SURFACE('',#10942,0.5);
#109=SPHERICAL_SURFACE('',#10946,0.5);
#110=SPHERICAL_SURFACE('',#10951,0.5);
#111=SPHERICAL_SURFACE('',#10955,0.5);
#112=SPHERICAL_SURFACE('',#10964,0.5);
#113=SPHERICAL_SURFACE('',#10969,0.5);
#114=(
BOUNDED_CURVE()
B_SPLINE_CURVE(1,(#16032,#16033),.UNSPECIFIED.,.F.,.F.)
B_SPLINE_CURVE_WITH_KNOTS((2,2),(0.,5.3947338471755),.UNSPECIFIED.)
CURVE()
GEOMETRIC_REPRESENTATION_ITEM()
RATIONAL_B_SPLINE_CURVE((1.,1.))
REPRESENTATION_ITEM('')
);
#115=(
BOUNDED_CURVE()
B_SPLINE_CURVE(1,(#16050,#16051),.UNSPECIFIED.,.F.,.F.)
B_SPLINE_CURVE_WITH_KNOTS((2,2),(-5.73398932791922,0.),.UNSPECIFIED.)
CURVE()
GEOMETRIC_REPRESENTATION_ITEM()
RATIONAL_B_SPLINE_CURVE((1.,1.))
REPRESENTATION_ITEM('')
);
#116=B_SPLINE_SURFACE_WITH_KNOTS('',1,3,((#15691,#15692,#15693,#15694,#15695,
#15696,#15697,#15698,#15699,#15700,#15701,#15702),(#15703,#15704,#15705,
#15706,#15707,#15708,#15709,#15710,#15711,#15712,#15713,#15714)),
 .RULED_SURF.,.F.,.F.,.F.,(2,2),(4,2,2,2,2,4),(-0.00392651995285894,1.0006846511722),
(-3.81325585764859E-15,0.125000000000001,0.25,0.5,0.562499999999999,0.591908611690269),
 .UNSPECIFIED.);
#117=B_SPLINE_SURFACE_WITH_KNOTS('',1,3,((#15751,#15752,#15753,#15754),
(#15755,#15756,#15757,#15758)),.RULED_SURF.,.F.,.F.,.F.,(2,2),(4,4),(-5.91269047867978E-11,
1.0037364781605),(-5.66366336002175E-10,1.00000000000018),.UNSPECIFIED.);
#118=B_SPLINE_SURFACE_WITH_KNOTS('',1,3,((#15836,#15837,#15838,#15839,#15840,
#15841,#15842,#15843,#15844,#15845),(#15846,#15847,#15848,#15849,#15850,
#15851,#15852,#15853,#15854,#15855)),.RULED_SURF.,.F.,.F.,.F.,(2,2),(4,
2,2,2,4),(-0.0026950509024795,1.00746011247866),(0.,0.25,0.5,0.75,1.),
 .UNSPECIFIED.);
#119=B_SPLINE_SURFACE_WITH_KNOTS('',1,3,((#15950,#15951,#15952,#15953,#15954,
#15955),(#15956,#15957,#15958,#15959,#15960,#15961)),.RULED_SURF.,.F.,.F.,
 .F.,(2,2),(4,2,4),(0.0500771413280045,0.801738679076044),(8.72440973349262,
8.72836837727929,8.73617287724996),.UNSPECIFIED.);
#120=B_SPLINE_SURFACE_WITH_KNOTS('',5,1,((#16186,#16187),(#16188,#16189),
(#16190,#16191),(#16192,#16193),(#16194,#16195),(#16196,#16197)),
 .SURF_OF_LINEAR_EXTRUSION.,.F.,.F.,.F.,(6,6),(2,2),(-1.15908098226926E-11,
6.05309609276033),(0.,1.),.PIECEWISE_BEZIER_KNOTS.);
#121=(
BOUNDED_SURFACE()
B_SPLINE_SURFACE(2,3,((#15343,#15344,#15345,#15346),(#15347,#15348,#15349,
#15350),(#15351,#15352,#15353,#15354)),.SURF_OF_REVOLUTION.,.F.,.F.,.F.)
B_SPLINE_SURFACE_WITH_KNOTS((3,3),(4,4),(0.,1.),(0.00992425177331362,0.015369114305651),
 .PIECEWISE_BEZIER_KNOTS.)
GEOMETRIC_REPRESENTATION_ITEM()
RATIONAL_B_SPLINE_SURFACE(((1.,1.,1.,1.),(0.895678034700732,0.895678034700664,
0.895678034700604,0.89567803470058),(1.,1.,1.,1.)))
REPRESENTATION_ITEM('')
SURFACE()
);
#122=(
BOUNDED_SURFACE()
B_SPLINE_SURFACE(3,2,((#15596,#15597,#15598),(#15599,#15600,#15601),(#15602,
#15603,#15604),(#15605,#15606,#15607),(#15608,#15609,#15610)),
 .UNSPECIFIED.,.F.,.F.,.F.)
B_SPLINE_SURFACE_WITH_KNOTS((4,1,4),(3,3),(0.00749528270447768,0.00907426502566543,
0.0106532473468532),(0.,1.),.UNSPECIFIED.)
GEOMETRIC_REPRESENTATION_ITEM()
RATIONAL_B_SPLINE_SURFACE(((1.,0.781083283947594,1.),(1.,0.785877243564094,
1.),(1.,0.806564095623712,1.),(1.,0.818345416239539,1.),(1.,0.823701548370364,
1.)))
REPRESENTATION_ITEM('')
SURFACE()
);
#123=(
BOUNDED_SURFACE()
B_SPLINE_SURFACE(5,1,((#16036,#16037),(#16038,#16039),(#16040,#16041),(#16042,
#16043),(#16044,#16045),(#16046,#16047),(#16048,#16049)),.UNSPECIFIED.,
 .F.,.F.,.F.)
B_SPLINE_SURFACE_WITH_KNOTS((6,1,6),(2,2),(-2.28090260309131E-14,0.499488676614194,
1.),(0.00663629021306541,0.897287207244023),.UNSPECIFIED.)
GEOMETRIC_REPRESENTATION_ITEM()
RATIONAL_B_SPLINE_SURFACE(((1.00018533128912,1.02505848742107),(1.00003133506809,
1.00423678814999),(0.999800025446641,0.972961609160778),(0.999722869691174,
0.962529444483942),(0.999799867801688,0.972940294119479),(1.00003101977818,
1.00419415806739),(1.00018533128912,1.02505848742106)))
REPRESENTATION_ITEM('')
SURFACE()
);
#124=(
BOUNDED_SURFACE()
B_SPLINE_SURFACE(3,2,((#16140,#16141,#16142),(#16143,#16144,#16145),(#16146,
#16147,#16148),(#16149,#16150,#16151),(#16152,#16153,#16154),(#16155,#16156,
#16157),(#16158,#16159,#16160)),.UNSPECIFIED.,.F.,.F.,.F.)
B_SPLINE_SURFACE_WITH_KNOTS((4,1,1,1,4),(3,3),(0.00172378063005422,0.00294763475636071,
0.00417148888266721,0.0053953430089737,0.00661919713528019),(0.,1.),
 .UNSPECIFIED.)
GEOMETRIC_REPRESENTATION_ITEM()
RATIONAL_B_SPLINE_SURFACE(((1.,0.989126510975905,1.),(1.,0.989144487911804,
1.),(1.,0.991462348700673,1.),(1.,0.994171458069825,1.),(1.,0.995675019560371,
1.),(1.,0.997103836161921,1.),(1.,0.997106245513222,1.)))
REPRESENTATION_ITEM('')
SURFACE()
);
#125=(
BOUNDED_SURFACE()
B_SPLINE_SURFACE(3,2,((#16170,#16171,#16172),(#16173,#16174,#16175),(#16176,
#16177,#16178),(#16179,#16180,#16181)),.UNSPECIFIED.,.F.,.F.,.F.)
B_SPLINE_SURFACE_WITH_KNOTS((4,4),(3,3),(0.0205306965917935,0.0205486556745893),
(0.,1.),.PIECEWISE_BEZIER_KNOTS.)
GEOMETRIC_REPRESENTATION_ITEM()
RATIONAL_B_SPLINE_SURFACE(((1.,0.989126339494839,1.),(1.,0.989126339494182,
1.),(1.,0.989126396866313,1.),(1.,0.989126510975905,1.)))
REPRESENTATION_ITEM('')
SURFACE()
);
#126=(
BOUNDED_SURFACE()
B_SPLINE_SURFACE(3,2,((#16596,#16597,#16598),(#16599,#16600,#16601),(#16602,
#16603,#16604),(#16605,#16606,#16607)),.UNSPECIFIED.,.F.,.F.,.F.)
B_SPLINE_SURFACE_WITH_KNOTS((4,4),(3,3),(0.0014648350119526,0.00689668661748048),
(0.,1.),.PIECEWISE_BEZIER_KNOTS.)
GEOMETRIC_REPRESENTATION_ITEM()
RATIONAL_B_SPLINE_SURFACE(((1.,0.482873952769697,1.),(1.,0.482873952769697,
1.),(1.,0.482873952769161,1.),(1.,0.482873952769161,1.)))
REPRESENTATION_ITEM('')
SURFACE()
);
#127=(
BOUNDED_SURFACE()
B_SPLINE_SURFACE(3,2,((#16614,#16615,#16616),(#16617,#16618,#16619),(#16620,
#16621,#16622),(#16623,#16624,#16625)),.UNSPECIFIED.,.F.,.F.,.F.)
B_SPLINE_SURFACE_WITH_KNOTS((4,4),(3,3),(0.395075132380333,0.396840077308717),
(0.,1.),.PIECEWISE_BEZIER_KNOTS.)
GEOMETRIC_REPRESENTATION_ITEM()
RATIONAL_B_SPLINE_SURFACE(((1.,0.83485844371008,1.),(1.,0.834250450061084,
1.),(1.,0.833640514980188,1.),(1.,0.833028641508285,1.)))
REPRESENTATION_ITEM('')
SURFACE()
);
#128=(
BOUNDED_SURFACE()
B_SPLINE_SURFACE(3,2,((#16626,#16627,#16628),(#16629,#16630,#16631),(#16632,
#16633,#16634),(#16635,#16636,#16637)),.UNSPECIFIED.,.F.,.F.,.F.)
B_SPLINE_SURFACE_WITH_KNOTS((4,4),(3,3),(0.603159922691282,0.604924867619666),
(0.,1.),.PIECEWISE_BEZIER_KNOTS.)
GEOMETRIC_REPRESENTATION_ITEM()
RATIONAL_B_SPLINE_SURFACE(((1.,0.833028641508286,1.),(1.,0.833640514979511,
1.),(1.,0.834250450059885,1.),(1.,0.83485844371008,1.)))
REPRESENTATION_ITEM('')
SURFACE()
);
#129=(
BOUNDED_SURFACE()
B_SPLINE_SURFACE(3,2,((#16640,#16641,#16642),(#16643,#16644,#16645),(#16646,
#16647,#16648),(#16649,#16650,#16651)),.UNSPECIFIED.,.F.,.F.,.F.)
B_SPLINE_SURFACE_WITH_KNOTS((4,4),(3,3),(0.395071487998581,0.397451118652367),
(0.,1.),.PIECEWISE_BEZIER_KNOTS.)
GEOMETRIC_REPRESENTATION_ITEM()
RATIONAL_B_SPLINE_SURFACE(((1.,0.834862209968735,1.),(1.,0.834042478299833,
1.),(1.,0.833219217381322,1.),(1.,0.832392434737752,1.)))
REPRESENTATION_ITEM('')
SURFACE()
);
#130=(
BOUNDED_SURFACE()
B_SPLINE_SURFACE(3,2,((#16652,#16653,#16654),(#16655,#16656,#16657),(#16658,
#16659,#16660),(#16661,#16662,#16663)),.UNSPECIFIED.,.F.,.F.,.F.)
B_SPLINE_SURFACE_WITH_KNOTS((4,4),(3,3),(0.602548881347652,0.604928512001437),
(0.,1.),.PIECEWISE_BEZIER_KNOTS.)
GEOMETRIC_REPRESENTATION_ITEM()
RATIONAL_B_SPLINE_SURFACE(((1.,0.832392434737755,1.),(1.,0.833219217378785,
1.),(1.,0.834042478299834,1.),(1.,0.834862209968735,1.)))
REPRESENTATION_ITEM('')
SURFACE()
);
#131=(
BOUNDED_SURFACE()
B_SPLINE_SURFACE(3,2,((#16666,#16667,#16668),(#16669,#16670,#16671),(#16672,
#16673,#16674),(#16675,#16676,#16677)),.UNSPECIFIED.,.F.,.F.,.F.)
B_SPLINE_SURFACE_WITH_KNOTS((4,4),(3,3),(0.395071487998563,0.397451118652348),
(0.,1.),.PIECEWISE_BEZIER_KNOTS.)
GEOMETRIC_REPRESENTATION_ITEM()
RATIONAL_B_SPLINE_SURFACE(((1.,0.834862209968734,1.),(1.,0.834042478301954,
1.),(1.,0.833219217378073,1.),(1.,0.832392434737753,1.)))
REPRESENTATION_ITEM('')
SURFACE()
);
#132=(
BOUNDED_SURFACE()
B_SPLINE_SURFACE(3,2,((#16678,#16679,#16680),(#16681,#16682,#16683),(#16684,
#16685,#16686),(#16687,#16688,#16689)),.UNSPECIFIED.,.F.,.F.,.F.)
B_SPLINE_SURFACE_WITH_KNOTS((4,4),(3,3),(0.602548881347652,0.604928512001437),
(0.,1.),.PIECEWISE_BEZIER_KNOTS.)
GEOMETRIC_REPRESENTATION_ITEM()
RATIONAL_B_SPLINE_SURFACE(((1.,0.832392434737753,1.),(1.,0.833219217378073,
1.),(1.,0.834042478298723,1.),(1.,0.834862209968735,1.)))
REPRESENTATION_ITEM('')
SURFACE()
);
#133=(
BOUNDED_SURFACE()
B_SPLINE_SURFACE(3,2,((#16690,#16691,#16692),(#16693,#16694,#16695),(#16696,
#16697,#16698),(#16699,#16700,#16701)),.UNSPECIFIED.,.F.,.F.,.F.)
B_SPLINE_SURFACE_WITH_KNOTS((4,4),(3,3),(0.395075132380334,0.396840077308718),
(0.,1.),.PIECEWISE_BEZIER_KNOTS.)
GEOMETRIC_REPRESENTATION_ITEM()
RATIONAL_B_SPLINE_SURFACE(((1.,0.834858443710077,1.),(1.,0.834250450063965,
1.),(1.,0.833640514974097,1.),(1.,0.833028641508288,1.)))
REPRESENTATION_ITEM('')
SURFACE()
);
#134=(
BOUNDED_SURFACE()
B_SPLINE_SURFACE(3,2,((#16702,#16703,#16704),(#16705,#16706,#16707),(#16708,
#16709,#16710),(#16711,#16712,#16713)),.UNSPECIFIED.,.F.,.F.,.F.)
B_SPLINE_SURFACE_WITH_KNOTS((4,4),(3,3),(0.603159922691282,0.604924867619666),
(0.,1.),.PIECEWISE_BEZIER_KNOTS.)
GEOMETRIC_REPRESENTATION_ITEM()
RATIONAL_B_SPLINE_SURFACE(((1.,0.833028641508287,1.),(1.,0.83364051497891,
1.),(1.,0.834250450059959,1.),(1.,0.834858443710079,1.)))
REPRESENTATION_ITEM('')
SURFACE()
);
#135=(
BOUNDED_SURFACE()
B_SPLINE_SURFACE(3,2,((#16718,#16719,#16720),(#16721,#16722,#16723),(#16724,
#16725,#16726),(#16727,#16728,#16729)),.UNSPECIFIED.,.F.,.F.,.F.)
B_SPLINE_SURFACE_WITH_KNOTS((4,4),(3,3),(0.609362478457519,0.610709689083247),
(0.,1.),.PIECEWISE_BEZIER_KNOTS.)
GEOMETRIC_REPRESENTATION_ITEM()
RATIONAL_B_SPLINE_SURFACE(((1.,0.839357238784897,1.),(1.,0.839813741334623,
1.),(1.,0.84026910985112,1.),(1.,0.840723343303479,1.)))
REPRESENTATION_ITEM('')
SURFACE()
);
#136=(
BOUNDED_SURFACE()
B_SPLINE_SURFACE(3,2,((#16730,#16731,#16732),(#16733,#16734,#16735),(#16736,
#16737,#16738),(#16739,#16740,#16741)),.UNSPECIFIED.,.F.,.F.,.F.)
B_SPLINE_SURFACE_WITH_KNOTS((4,4),(3,3),(0.389290310916759,0.390637521542482),
(0.,1.),.PIECEWISE_BEZIER_KNOTS.)
GEOMETRIC_REPRESENTATION_ITEM()
RATIONAL_B_SPLINE_SURFACE(((1.,0.840723343303472,1.),(1.,0.84026910985066,
1.),(1.,0.839813741332846,1.),(1.,0.839357238784893,1.)))
REPRESENTATION_ITEM('')
SURFACE()
);
#137=(
BOUNDED_SURFACE()
B_SPLINE_SURFACE(3,2,((#16743,#16744,#16745),(#16746,#16747,#16748),(#16749,
#16750,#16751),(#16752,#16753,#16754)),.UNSPECIFIED.,.F.,.F.,.F.)
B_SPLINE_SURFACE_WITH_KNOTS((4,4),(3,3),(0.395507231068353,0.397884433686874),
(0.,1.),.PIECEWISE_BEZIER_KNOTS.)
GEOMETRIC_REPRESENTATION_ITEM()
RATIONAL_B_SPLINE_SURFACE(((1.,0.834411542608669,1.),(1.,0.833591356419515,
1.),(1.,0.832767649498937,1.),(1.,0.831940429486217,1.)))
REPRESENTATION_ITEM('')
SURFACE()
);
#138=(
BOUNDED_SURFACE()
B_SPLINE_SURFACE(3,2,((#16756,#16757,#16758),(#16759,#16760,#16761),(#16762,
#16763,#16764),(#16765,#16766,#16767)),.UNSPECIFIED.,.F.,.F.,.F.)
B_SPLINE_SURFACE_WITH_KNOTS((4,4),(3,3),(0.602115566313126,0.604492768931647),
(0.,1.),.PIECEWISE_BEZIER_KNOTS.)
GEOMETRIC_REPRESENTATION_ITEM()
RATIONAL_B_SPLINE_SURFACE(((1.,0.831940429486213,1.),(1.,0.832767649501474,
1.),(1.,0.833591356417236,1.),(1.,0.834411542608665,1.)))
REPRESENTATION_ITEM('')
SURFACE()
);
#139=(
BOUNDED_SURFACE()
B_SPLINE_SURFACE(3,2,((#16770,#16771,#16772),(#16773,#16774,#16775),(#16776,
#16777,#16778),(#16779,#16780,#16781)),.UNSPECIFIED.,.F.,.F.,.F.)
B_SPLINE_SURFACE_WITH_KNOTS((4,4),(3,3),(0.00391788757126798,0.00459533662151113),
(0.,1.),.PIECEWISE_BEZIER_KNOTS.)
GEOMETRIC_REPRESENTATION_ITEM()
RATIONAL_B_SPLINE_SURFACE(((1.,0.948683298050474,1.),(1.,0.948683298050474,
1.),(1.,0.948683298050422,1.),(1.,0.948683298050422,1.)))
REPRESENTATION_ITEM('')
SURFACE()
);
#140=(
BOUNDED_SURFACE()
B_SPLINE_SURFACE(3,2,((#16783,#16784,#16785),(#16786,#16787,#16788),(#16789,
#16790,#16791),(#16792,#16793,#16794)),.UNSPECIFIED.,.F.,.F.,.F.)
B_SPLINE_SURFACE_WITH_KNOTS((4,4),(3,3),(0.000724107295617249,0.00109984653922959),
(0.,1.),.PIECEWISE_BEZIER_KNOTS.)
GEOMETRIC_REPRESENTATION_ITEM()
RATIONAL_B_SPLINE_SURFACE(((1.,0.955466445279895,1.),(1.,0.951013079088829,
1.),(1.,0.948683297749485,1.),(1.,0.948683298050519,1.)))
REPRESENTATION_ITEM('')
SURFACE()
);
#141=(
BOUNDED_SURFACE()
B_SPLINE_SURFACE(3,2,((#16801,#16802,#16803),(#16804,#16805,#16806),(#16807,
#16808,#16809),(#16810,#16811,#16812)),.UNSPECIFIED.,.F.,.F.,.F.)
B_SPLINE_SURFACE_WITH_KNOTS((4,4),(3,3),(0.000929004548775615,0.00129874575024452),
(0.,1.),.PIECEWISE_BEZIER_KNOTS.)
GEOMETRIC_REPRESENTATION_ITEM()
RATIONAL_B_SPLINE_SURFACE(((1.,0.948683298050412,1.),(1.,0.948683297730918,
1.),(1.,0.951008939268902,1.),(1.,0.955466520204981,1.)))
REPRESENTATION_ITEM('')
SURFACE()
);
#142=(
BOUNDED_SURFACE()
B_SPLINE_SURFACE(3,2,((#16835,#16836,#16837),(#16838,#16839,#16840),(#16841,
#16842,#16843),(#16844,#16845,#16846)),.UNSPECIFIED.,.F.,.F.,.F.)
B_SPLINE_SURFACE_WITH_KNOTS((4,4),(3,3),(0.330752735449649,0.334890296186706),
(0.,1.),.PIECEWISE_BEZIER_KNOTS.)
GEOMETRIC_REPRESENTATION_ITEM()
RATIONAL_B_SPLINE_SURFACE(((1.,0.723570875161949,1.),(1.,0.725652946159341,
1.),(1.,0.727718093204756,1.),(1.,0.729766335858378,1.)))
REPRESENTATION_ITEM('')
SURFACE()
);
#143=(
BOUNDED_SURFACE()
B_SPLINE_SURFACE(3,2,((#16848,#16849,#16850),(#16851,#16852,#16853),(#16854,
#16855,#16856),(#16857,#16858,#16859)),.UNSPECIFIED.,.F.,.F.,.F.)
B_SPLINE_SURFACE_WITH_KNOTS((4,4),(3,3),(-1.73472347597681E-18,0.000594957633410298),
(0.,1.),.PIECEWISE_BEZIER_KNOTS.)
GEOMETRIC_REPRESENTATION_ITEM()
RATIONAL_B_SPLINE_SURFACE(((1.,0.736287962192314,1.),(1.,0.733439059528481,
1.),(1.,0.731218289707855,1.),(1.,0.729766335858357,1.)))
REPRESENTATION_ITEM('')
SURFACE()
);
#144=(
BOUNDED_SURFACE()
B_SPLINE_SURFACE(3,2,((#16861,#16862,#16863),(#16864,#16865,#16866),(#16867,
#16868,#16869),(#16870,#16871,#16872)),.UNSPECIFIED.,.F.,.F.,.F.)
B_SPLINE_SURFACE_WITH_KNOTS((4,4),(3,3),(4.59351038217289,4.8152319379254),
(0.,1.),.PIECEWISE_BEZIER_KNOTS.)
GEOMETRIC_REPRESENTATION_ITEM()
RATIONAL_B_SPLINE_SURFACE(((1.,0.736287962192316,1.),(1.,0.760772702569724,
1.),(1.,0.783288132806136,1.),(1.,0.803907502399978,1.)))
REPRESENTATION_ITEM('')
SURFACE()
);
#145=(
BOUNDED_SURFACE()
B_SPLINE_SURFACE(3,2,((#16875,#16876,#16877),(#16878,#16879,#16880),(#16881,
#16882,#16883),(#16884,#16885,#16886)),.UNSPECIFIED.,.F.,.F.,.F.)
B_SPLINE_SURFACE_WITH_KNOTS((4,4),(3,3),(0.327037208089606,0.401462870743342),
(0.,1.),.PIECEWISE_BEZIER_KNOTS.)
GEOMETRIC_REPRESENTATION_ITEM()
RATIONAL_B_SPLINE_SURFACE(((1.,0.469307914834068,1.),(1.,0.504326261499273,
1.),(1.,0.539824080816442,1.),(1.,0.574681566909944,1.)))
REPRESENTATION_ITEM('')
SURFACE()
);
#146=(
BOUNDED_SURFACE()
B_SPLINE_SURFACE(3,2,((#16887,#16888,#16889),(#16890,#16891,#16892),(#16893,
#16894,#16895),(#16896,#16897,#16898)),.UNSPECIFIED.,.F.,.F.,.F.)
B_SPLINE_SURFACE_WITH_KNOTS((4,4),(3,3),(0.33781275220143,0.375216536806073),
(0.,1.),.PIECEWISE_BEZIER_KNOTS.)
GEOMETRIC_REPRESENTATION_ITEM()
RATIONAL_B_SPLINE_SURFACE(((1.,0.895773977068995,1.),(1.,0.886253468226498,
1.),(1.,0.875922635391406,1.),(1.,0.864771382864932,1.)))
REPRESENTATION_ITEM('')
SURFACE()
);
#147=(
BOUNDED_SURFACE()
B_SPLINE_SURFACE(3,2,((#16900,#16901,#16902),(#16903,#16904,#16905),(#16906,
#16907,#16908),(#16909,#16910,#16911)),.UNSPECIFIED.,.F.,.F.,.F.)
B_SPLINE_SURFACE_WITH_KNOTS((4,4),(3,3),(0.,0.000599224808564348),(0.,1.),
 .PIECEWISE_BEZIER_KNOTS.)
GEOMETRIC_REPRESENTATION_ITEM()
RATIONAL_B_SPLINE_SURFACE(((1.,0.895773977068992,1.),(1.,0.899063331057467,
1.),(1.,0.905913581097378,1.),(1.,0.915355477334713,1.)))
REPRESENTATION_ITEM('')
SURFACE()
);
#148=(
BOUNDED_SURFACE()
B_SPLINE_SURFACE(3,2,((#16913,#16914,#16915),(#16916,#16917,#16918),(#16919,
#16920,#16921),(#16922,#16923,#16924)),.UNSPECIFIED.,.F.,.F.,.F.)
B_SPLINE_SURFACE_WITH_KNOTS((4,4),(3,3),(0.171460068799582,0.387811058999692),
(0.,1.),.PIECEWISE_BEZIER_KNOTS.)
GEOMETRIC_REPRESENTATION_ITEM()
RATIONAL_B_SPLINE_SURFACE(((1.,0.993845753839111,1.),(1.,0.993845763548873,
1.),(1.,0.964467796651092,1.),(1.,0.915355477334878,1.)))
REPRESENTATION_ITEM('')
SURFACE()
);
#149=(
BOUNDED_SURFACE()
B_SPLINE_SURFACE(3,2,((#16925,#16926,#16927),(#16928,#16929,#16930),(#16931,
#16932,#16933),(#16934,#16935,#16936)),.UNSPECIFIED.,.F.,.F.,.F.)
B_SPLINE_SURFACE_WITH_KNOTS((4,4),(3,3),(0.612188940837887,0.828539931200412),
(0.,1.),.PIECEWISE_BEZIER_KNOTS.)
GEOMETRIC_REPRESENTATION_ITEM()
RATIONAL_B_SPLINE_SURFACE(((1.,0.915355477224266,1.),(1.,0.964467796608844,
1.),(1.,0.993845763548873,1.),(1.,0.993845753839111,1.)))
REPRESENTATION_ITEM('')
SURFACE()
);
#150=(
BOUNDED_SURFACE()
B_SPLINE_SURFACE(3,2,((#16938,#16939,#16940),(#16941,#16942,#16943),(#16944,
#16945,#16946),(#16947,#16948,#16949)),.UNSPECIFIED.,.F.,.F.,.F.)
B_SPLINE_SURFACE_WITH_KNOTS((4,4),(3,3),(0.,0.000599224804771159),(0.,1.),
 .PIECEWISE_BEZIER_KNOTS.)
GEOMETRIC_REPRESENTATION_ITEM()
RATIONAL_B_SPLINE_SURFACE(((1.,0.915355477224266,1.),(1.,0.905913581008426,
1.),(1.,0.899063331084324,1.),(1.,0.895773977105561,1.)))
REPRESENTATION_ITEM('')
SURFACE()
);
#151=(
BOUNDED_SURFACE()
B_SPLINE_SURFACE(3,2,((#16951,#16952,#16953),(#16954,#16955,#16956),(#16957,
#16958,#16959),(#16960,#16961,#16962)),.UNSPECIFIED.,.F.,.F.,.F.)
B_SPLINE_SURFACE_WITH_KNOTS((4,4),(3,3),(0.649336431164789,0.689594721940521),
(0.,1.),.PIECEWISE_BEZIER_KNOTS.)
GEOMETRIC_REPRESENTATION_ITEM()
RATIONAL_B_SPLINE_SURFACE(((1.,0.864770972634368,1.),(1.,0.875945309593883,
1.),(1.,0.886272886027438,1.),(1.,0.895773977105541,1.)))
REPRESENTATION_ITEM('')
SURFACE()
);
#152=(
BOUNDED_SURFACE()
B_SPLINE_SURFACE(3,2,((#16963,#16964,#16965),(#16966,#16967,#16968),(#16969,
#16970,#16971),(#16972,#16973,#16974)),.UNSPECIFIED.,.F.,.F.,.F.)
B_SPLINE_SURFACE_WITH_KNOTS((4,4),(3,3),(4.79807886630276,5.04127010198724),
(0.,1.),.PIECEWISE_BEZIER_KNOTS.)
GEOMETRIC_REPRESENTATION_ITEM()
RATIONAL_B_SPLINE_SURFACE(((1.,0.795616052920383,1.),(1.,0.818729414388355,
1.),(1.,0.839587766408458,1.),(1.,0.858313200150281,1.)))
REPRESENTATION_ITEM('')
SURFACE()
);
#153=(
BOUNDED_SURFACE()
B_SPLINE_SURFACE(3,2,((#16976,#16977,#16978),(#16979,#16980,#16981),(#16982,
#16983,#16984),(#16985,#16986,#16987)),.UNSPECIFIED.,.F.,.F.,.F.)
B_SPLINE_SURFACE_WITH_KNOTS((4,4),(3,3),(0.00860642729281171,0.0099662684457605),
(0.,1.),.PIECEWISE_BEZIER_KNOTS.)
GEOMETRIC_REPRESENTATION_ITEM()
RATIONAL_B_SPLINE_SURFACE(((1.,0.794094273193406,1.),(1.,0.793758427654778,
1.),(1.,0.793426483579033,1.),(1.,0.793098307703637,1.)))
REPRESENTATION_ITEM('')
SURFACE()
);
#154=(
BOUNDED_SURFACE()
B_SPLINE_SURFACE(3,2,((#16989,#16990,#16991),(#16992,#16993,#16994),(#16995,
#16996,#16997),(#16998,#16999,#17000)),.UNSPECIFIED.,.F.,.F.,.F.)
B_SPLINE_SURFACE_WITH_KNOTS((4,4),(3,3),(0.00142961444148445,0.00166292079857381),
(0.,1.),.PIECEWISE_BEZIER_KNOTS.)
GEOMETRIC_REPRESENTATION_ITEM()
RATIONAL_B_SPLINE_SURFACE(((1.,0.793098307703637,1.),(1.,0.79412534535208,
1.),(1.,0.794996457591576,1.),(1.,0.795616052920381,1.)))
REPRESENTATION_ITEM('')
SURFACE()
);
#155=(
BOUNDED_SURFACE()
B_SPLINE_SURFACE(3,2,((#17010,#17011,#17012),(#17013,#17014,#17015),(#17016,
#17017,#17018),(#17019,#17020,#17021)),.UNSPECIFIED.,.F.,.F.,.F.)
B_SPLINE_SURFACE_WITH_KNOTS((4,4),(3,3),(0.,5.82840437429118E-5),(0.,1.),
 .PIECEWISE_BEZIER_KNOTS.)
GEOMETRIC_REPRESENTATION_ITEM()
RATIONAL_B_SPLINE_SURFACE(((1.,0.993068456953208,1.),(1.,0.992977597909335,
1.),(1.,0.992877338638064,1.),(1.,0.992768239514213,1.)))
REPRESENTATION_ITEM('')
SURFACE()
);
#156=(
BOUNDED_SURFACE()
B_SPLINE_SURFACE(3,2,((#17023,#17024,#17025),(#17026,#17027,#17028),(#17029,
#17030,#17031),(#17032,#17033,#17034)),.UNSPECIFIED.,.F.,.F.,.F.)
B_SPLINE_SURFACE_WITH_KNOTS((4,4),(3,3),(0.,0.00323488774982417),(0.,1.),
 .PIECEWISE_BEZIER_KNOTS.)
GEOMETRIC_REPRESENTATION_ITEM()
RATIONAL_B_SPLINE_SURFACE(((1.,0.992768239514213,1.),(1.,0.98785598575632,
1.),(1.,0.982027881496967,1.),(1.,0.982371352075462,1.)))
REPRESENTATION_ITEM('')
SURFACE()
);
#157=(
BOUNDED_SURFACE()
B_SPLINE_SURFACE(3,2,((#17039,#17040,#17041),(#17042,#17043,#17044),(#17045,
#17046,#17047),(#17048,#17049,#17050)),.UNSPECIFIED.,.F.,.F.,.F.)
B_SPLINE_SURFACE_WITH_KNOTS((4,4),(3,3),(-1.35474518491624E-6,9.48379770035061E-5),
(0.,1.),.PIECEWISE_BEZIER_KNOTS.)
GEOMETRIC_REPRESENTATION_ITEM()
RATIONAL_B_SPLINE_SURFACE(((1.,0.982449948144691,1.),(1.,0.982454226460268,
1.),(1.,0.982427964562215,1.),(1.,0.982371352075512,1.)))
REPRESENTATION_ITEM('')
SURFACE()
);
#158=(
BOUNDED_SURFACE()
B_SPLINE_SURFACE(3,2,((#17055,#17056,#17057),(#17058,#17059,#17060),(#17061,
#17062,#17063),(#17064,#17065,#17066)),.UNSPECIFIED.,.F.,.F.,.F.)
B_SPLINE_SURFACE_WITH_KNOTS((4,4),(3,3),(-7.30063358942226E-11,0.0146415929779092),
(0.,1.),.PIECEWISE_BEZIER_KNOTS.)
GEOMETRIC_REPRESENTATION_ITEM()
RATIONAL_B_SPLINE_SURFACE(((1.,0.982450397725516,1.),(1.,0.982450397725516,
1.),(1.,0.98245039772553,1.),(1.,0.98245039772553,1.)))
REPRESENTATION_ITEM('')
SURFACE()
);
#159=(
BOUNDED_SURFACE()
B_SPLINE_SURFACE(3,2,((#17079,#17080,#17081),(#17082,#17083,#17084),(#17085,
#17086,#17087),(#17088,#17089,#17090)),.UNSPECIFIED.,.F.,.F.,.F.)
B_SPLINE_SURFACE_WITH_KNOTS((4,4),(3,3),(-1.09161276784584E-5,0.000590677930565862),
(0.,1.),.PIECEWISE_BEZIER_KNOTS.)
GEOMETRIC_REPRESENTATION_ITEM()
RATIONAL_B_SPLINE_SURFACE(((1.,1.,1.),(1.,0.999999995433623,1.),(1.,0.998413345282271,
1.),(1.,0.997106245513227,1.)))
REPRESENTATION_ITEM('')
SURFACE()
);
#160=(
BOUNDED_SURFACE()
B_SPLINE_SURFACE(3,2,((#17715,#17716,#17717),(#17718,#17719,#17720),(#17721,
#17722,#17723),(#17724,#17725,#17726),(#17727,#17728,#17729),(#17730,#17731,
#17732)),.UNSPECIFIED.,.F.,.F.,.F.)
B_SPLINE_SURFACE_WITH_KNOTS((4,1,1,4),(3,3),(0.,0.000644519726423906,0.000966779589635859,
0.00128903945284781),(0.,1.),.UNSPECIFIED.)
GEOMETRIC_REPRESENTATION_ITEM()
RATIONAL_B_SPLINE_SURFACE(((1.,0.707106781186548,1.),(1.,0.717694949764321,
1.),(1.,0.734256180265709,1.),(1.,0.877890632690876,1.),(1.,0.999999992743315,
1.),(1.,1.,1.)))
REPRESENTATION_ITEM('')
SURFACE()
);
#161=(
BOUNDED_SURFACE()
B_SPLINE_SURFACE(3,2,((#17745,#17746,#17747),(#17748,#17749,#17750),(#17751,
#17752,#17753),(#17754,#17755,#17756),(#17757,#17758,#17759),(#17760,#17761,
#17762)),.UNSPECIFIED.,.F.,.F.,.F.)
B_SPLINE_SURFACE_WITH_KNOTS((4,1,1,4),(3,3),(0.,0.000644519726423907,0.00096677958963586,
0.00128903945284781),(0.,1.),.UNSPECIFIED.)
GEOMETRIC_REPRESENTATION_ITEM()
RATIONAL_B_SPLINE_SURFACE(((1.,0.707106781186548,1.),(1.,0.717694949764321,
1.),(1.,0.734256180265935,1.),(1.,0.8778906326905,1.),(1.,0.99999999274415,
1.),(1.,1.,1.)))
REPRESENTATION_ITEM('')
SURFACE()
);
#162=(
BOUNDED_SURFACE()
B_SPLINE_SURFACE(3,2,((#17786,#17787,#17788),(#17789,#17790,#17791),(#17792,
#17793,#17794),(#17795,#17796,#17797),(#17798,#17799,#17800),(#17801,#17802,
#17803)),.UNSPECIFIED.,.F.,.F.,.F.)
B_SPLINE_SURFACE_WITH_KNOTS((4,1,1,4),(3,3),(0.,0.000644519726423905,0.000966779589635858,
0.00128903945284781),(0.,1.),.UNSPECIFIED.)
GEOMETRIC_REPRESENTATION_ITEM()
RATIONAL_B_SPLINE_SURFACE(((1.,0.707106781186548,1.),(1.,0.717694949764321,
1.),(1.,0.734256180265936,1.),(1.,0.877890632690497,1.),(1.,0.99999999274415,
1.),(1.,1.,1.)))
REPRESENTATION_ITEM('')
SURFACE()
);
#163=(
BOUNDED_SURFACE()
B_SPLINE_SURFACE(3,2,((#17813,#17814,#17815),(#17816,#17817,#17818),(#17819,
#17820,#17821),(#17822,#17823,#17824),(#17825,#17826,#17827),(#17828,#17829,
#17830)),.UNSPECIFIED.,.F.,.F.,.F.)
B_SPLINE_SURFACE_WITH_KNOTS((4,1,1,4),(3,3),(0.,0.000644519726423905,0.000966779589635858,
0.00128903945284781),(0.,1.),.UNSPECIFIED.)
GEOMETRIC_REPRESENTATION_ITEM()
RATIONAL_B_SPLINE_SURFACE(((1.,0.707106781186548,1.),(1.,0.717694949764321,
1.),(1.,0.734256180265708,1.),(1.,0.877890632690876,1.),(1.,0.999999992743315,
1.),(1.,1.,1.)))
REPRESENTATION_ITEM('')
SURFACE()
);
#164=(
BOUNDED_SURFACE()
B_SPLINE_SURFACE(3,2,((#17844,#17845,#17846),(#17847,#17848,#17849),(#17850,
#17851,#17852),(#17853,#17854,#17855),(#17856,#17857,#17858),(#17859,#17860,
#17861)),.UNSPECIFIED.,.F.,.F.,.F.)
B_SPLINE_SURFACE_WITH_KNOTS((4,1,1,4),(3,3),(0.,0.000644519726423905,0.000966779589635858,
0.00128903945284781),(0.,1.),.UNSPECIFIED.)
GEOMETRIC_REPRESENTATION_ITEM()
RATIONAL_B_SPLINE_SURFACE(((1.,0.707106781186548,1.),(1.,0.717694949764321,
1.),(1.,0.734256180265936,1.),(1.,0.877890632690497,1.),(1.,0.99999999274415,
1.),(1.,1.,1.)))
REPRESENTATION_ITEM('')
SURFACE()
);
#165=(
BOUNDED_SURFACE()
B_SPLINE_SURFACE(3,2,((#17871,#17872,#17873),(#17874,#17875,#17876),(#17877,
#17878,#17879),(#17880,#17881,#17882),(#17883,#17884,#17885),(#17886,#17887,
#17888)),.UNSPECIFIED.,.F.,.F.,.F.)
B_SPLINE_SURFACE_WITH_KNOTS((4,1,1,4),(3,3),(0.,0.000644519726423905,0.000966779589635858,
0.00128903945284781),(0.,1.),.UNSPECIFIED.)
GEOMETRIC_REPRESENTATION_ITEM()
RATIONAL_B_SPLINE_SURFACE(((1.,0.707106781186548,1.),(1.,0.717694949764321,
1.),(1.,0.734256180265708,1.),(1.,0.877890632690876,1.),(1.,0.999999992743315,
1.),(1.,1.,1.)))
REPRESENTATION_ITEM('')
SURFACE()
);
#166=(
BOUNDED_SURFACE()
B_SPLINE_SURFACE(3,2,((#17891,#17892,#17893),(#17894,#17895,#17896),(#17897,
#17898,#17899),(#17900,#17901,#17902),(#17903,#17904,#17905),(#17906,#17907,
#17908)),.UNSPECIFIED.,.F.,.F.,.F.)
B_SPLINE_SURFACE_WITH_KNOTS((4,1,1,4),(3,3),(0.,0.000644519726423905,0.000966779589635858,
0.00128903945284781),(0.,1.),.UNSPECIFIED.)
GEOMETRIC_REPRESENTATION_ITEM()
RATIONAL_B_SPLINE_SURFACE(((1.,0.707106781186548,1.),(1.,0.717694949764321,
1.),(1.,0.73425618026571,1.),(1.,0.877890632690874,1.),(1.,0.999999992743315,
1.),(1.,1.,1.)))
REPRESENTATION_ITEM('')
SURFACE()
);
#167=(
BOUNDED_SURFACE()
B_SPLINE_SURFACE(3,2,((#17921,#17922,#17923),(#17924,#17925,#17926),(#17927,
#17928,#17929),(#17930,#17931,#17932),(#17933,#17934,#17935),(#17936,#17937,
#17938)),.UNSPECIFIED.,.F.,.F.,.F.)
B_SPLINE_SURFACE_WITH_KNOTS((4,1,1,4),(3,3),(0.,0.000644519726423905,0.000966779589635858,
0.00128903945284781),(0.,1.),.UNSPECIFIED.)
GEOMETRIC_REPRESENTATION_ITEM()
RATIONAL_B_SPLINE_SURFACE(((1.,0.707106781186548,1.),(1.,0.717694949764321,
1.),(1.,0.734256180265936,1.),(1.,0.877890632690497,1.),(1.,0.99999999274415,
1.),(1.,1.,1.)))
REPRESENTATION_ITEM('')
SURFACE()
);
#168=(
BOUNDED_SURFACE()
B_SPLINE_SURFACE(3,2,((#17967,#17968,#17969),(#17970,#17971,#17972),(#17973,
#17974,#17975),(#17976,#17977,#17978),(#17979,#17980,#17981),(#17982,#17983,
#17984)),.UNSPECIFIED.,.F.,.F.,.F.)
B_SPLINE_SURFACE_WITH_KNOTS((4,1,1,4),(3,3),(0.,0.000644519726423905,0.000966779589635858,
0.00128903945284781),(0.,1.),.UNSPECIFIED.)
GEOMETRIC_REPRESENTATION_ITEM()
RATIONAL_B_SPLINE_SURFACE(((1.,0.707106781186548,1.),(1.,0.717694949764321,
1.),(1.,0.734256180265936,1.),(1.,0.877890632690497,1.),(1.,0.99999999274415,
1.),(1.,1.,1.)))
REPRESENTATION_ITEM('')
SURFACE()
);
#169=(
BOUNDED_SURFACE()
B_SPLINE_SURFACE(3,2,((#17994,#17995,#17996),(#17997,#17998,#17999),(#18000,
#18001,#18002),(#18003,#18004,#18005),(#18006,#18007,#18008),(#18009,#18010,
#18011)),.UNSPECIFIED.,.F.,.F.,.F.)
B_SPLINE_SURFACE_WITH_KNOTS((4,1,1,4),(3,3),(0.,0.000644519726423905,0.000966779589635858,
0.00128903945284781),(0.,1.),.UNSPECIFIED.)
GEOMETRIC_REPRESENTATION_ITEM()
RATIONAL_B_SPLINE_SURFACE(((1.,0.707106781186548,1.),(1.,0.717694949764321,
1.),(1.,0.734256180265708,1.),(1.,0.877890632690876,1.),(1.,0.999999992743315,
1.),(1.,1.,1.)))
REPRESENTATION_ITEM('')
SURFACE()
);
#170=CONICAL_SURFACE('',#10282,0.,0.785398163397449);
#171=CONICAL_SURFACE('',#10283,0.,0.785398163397449);
#172=CONICAL_SURFACE('',#10373,0.969853566075435,0.851561288197509);
#173=CONICAL_SURFACE('',#10376,0.497069410270276,0.789724990720761);
#174=CONICAL_SURFACE('',#10388,4.88016303811099,0.801212941968413);
#175=CONICAL_SURFACE('',#10390,0.,0.785398163397448);
#176=CONICAL_SURFACE('',#10403,0.,0.785398163397449);
#177=CONICAL_SURFACE('',#10409,0.,0.785398163397449);
#178=CONICAL_SURFACE('',#10413,3.94939039999657,0.785398163397073);
#179=CONICAL_SURFACE('',#10514,0.,0.785398163397448);
#180=CONICAL_SURFACE('',#10552,0.,0.785398163397449);
#181=CONICAL_SURFACE('',#10566,5.7,0.0436332312998582);
#182=B_SPLINE_CURVE_WITH_KNOTS('',3,(#13950,#13951,#13952,#13953,#13954),
 .UNSPECIFIED.,.F.,.F.,(4,1,4),(0.,0.00064451124489038,0.00128902248978076),
 .UNSPECIFIED.);
#183=B_SPLINE_CURVE_WITH_KNOTS('',3,(#13963,#13964,#13965,#13966,#13967),
 .UNSPECIFIED.,.F.,.F.,(4,1,4),(0.,0.00064451124489038,0.00128902248978076),
 .UNSPECIFIED.);
#184=B_SPLINE_CURVE_WITH_KNOTS('',3,(#13971,#13972,#13973,#13974,#13975),
 .UNSPECIFIED.,.F.,.F.,(4,1,4),(0.,0.00064451124489038,0.00128902248978076),
 .UNSPECIFIED.);
#185=B_SPLINE_CURVE_WITH_KNOTS('',3,(#13987,#13988,#13989,#13990,#13991),
 .UNSPECIFIED.,.F.,.F.,(4,1,4),(0.,0.00064451124489038,0.00128902248978076),
 .UNSPECIFIED.);
#186=B_SPLINE_CURVE_WITH_KNOTS('',3,(#13995,#13996,#13997,#13998,#13999),
 .UNSPECIFIED.,.F.,.F.,(4,1,4),(0.,0.00064451124489038,0.00128902248978076),
 .UNSPECIFIED.);
#187=B_SPLINE_CURVE_WITH_KNOTS('',3,(#14011,#14012,#14013,#14014,#14015),
 .UNSPECIFIED.,.F.,.F.,(4,1,4),(0.,0.00064451124489038,0.00128902248978076),
 .UNSPECIFIED.);
#188=B_SPLINE_CURVE_WITH_KNOTS('',3,(#14019,#14020,#14021,#14022,#14023),
 .UNSPECIFIED.,.F.,.F.,(4,1,4),(0.,0.00064451124489038,0.00128902248978076),
 .UNSPECIFIED.);
#189=B_SPLINE_CURVE_WITH_KNOTS('',3,(#14035,#14036,#14037,#14038,#14039),
 .UNSPECIFIED.,.F.,.F.,(4,1,4),(0.,0.000644511244890381,0.00128902248978076),
 .UNSPECIFIED.);
#190=B_SPLINE_CURVE_WITH_KNOTS('',3,(#14043,#14044,#14045,#14046,#14047),
 .UNSPECIFIED.,.F.,.F.,(4,1,4),(0.,0.000644511244890381,0.00128902248978076),
 .UNSPECIFIED.);
#191=B_SPLINE_CURVE_WITH_KNOTS('',3,(#14077,#14078,#14079,#14080),
 .UNSPECIFIED.,.F.,.F.,(4,4),(1.73472347597681E-18,3.92887555135823E-5),
 .UNSPECIFIED.);
#192=B_SPLINE_CURVE_WITH_KNOTS('',3,(#14088,#14089,#14090,#14091,#14092),
 .UNSPECIFIED.,.F.,.F.,(4,1,4),(0.,0.00064451124489038,0.00128902248978076),
 .UNSPECIFIED.);
#193=B_SPLINE_CURVE_WITH_KNOTS('',3,(#14141,#14142,#14143,#14144),
 .UNSPECIFIED.,.F.,.F.,(4,4),(0.,0.000866774269423609),.UNSPECIFIED.);
#194=B_SPLINE_CURVE_WITH_KNOTS('',3,(#14145,#14146,#14147,#14148),
 .UNSPECIFIED.,.F.,.F.,(4,4),(0.,0.000866774269423609),.UNSPECIFIED.);
#195=B_SPLINE_CURVE_WITH_KNOTS('',3,(#14160,#14161,#14162,#14163),
 .UNSPECIFIED.,.F.,.F.,(4,4),(0.,0.000866774269423606),.UNSPECIFIED.);
#196=B_SPLINE_CURVE_WITH_KNOTS('',3,(#14167,#14168,#14169,#14170),
 .UNSPECIFIED.,.F.,.F.,(4,4),(0.,0.000866774269423606),.UNSPECIFIED.);
#197=B_SPLINE_CURVE_WITH_KNOTS('',3,(#14182,#14183,#14184,#14185),
 .UNSPECIFIED.,.F.,.F.,(4,4),(0.,0.000866774269423606),.UNSPECIFIED.);
#198=B_SPLINE_CURVE_WITH_KNOTS('',3,(#14186,#14187,#14188,#14189),
 .UNSPECIFIED.,.F.,.F.,(4,4),(0.,0.000866774269423606),.UNSPECIFIED.);
#199=B_SPLINE_CURVE_WITH_KNOTS('',3,(#14533,#14534,#14535,#14536),
 .UNSPECIFIED.,.F.,.F.,(4,4),(0.,0.000579619256003073),.UNSPECIFIED.);
#200=B_SPLINE_CURVE_WITH_KNOTS('',3,(#14537,#14538,#14539,#14540),
 .UNSPECIFIED.,.F.,.F.,(4,4),(7.75791922889773E-18,0.000580430993835886),
 .UNSPECIFIED.);
#201=B_SPLINE_CURVE_WITH_KNOTS('',3,(#14605,#14606,#14607,#14608,#14609),
 .UNSPECIFIED.,.F.,.F.,(4,1,4),(0.,0.000765082880814124,0.00153016576162825),
 .UNSPECIFIED.);
#202=B_SPLINE_CURVE_WITH_KNOTS('',3,(#14616,#14617,#14618,#14619,#14620),
 .UNSPECIFIED.,.F.,.F.,(4,1,4),(7.26981609210096E-18,0.000745686920745933,
0.00149137384149186),.UNSPECIFIED.);
#203=B_SPLINE_CURVE_WITH_KNOTS('',3,(#14744,#14745,#14746,#14747),
 .UNSPECIFIED.,.F.,.F.,(4,4),(0.,0.000579619256003077),.UNSPECIFIED.);
#204=B_SPLINE_CURVE_WITH_KNOTS('',3,(#14777,#14778,#14779,#14780,#14781),
 .UNSPECIFIED.,.F.,.F.,(4,1,4),(1.15068537696723E-17,0.000745686920745948,
0.00149137384149188),.UNSPECIFIED.);
#205=B_SPLINE_CURVE_WITH_KNOTS('',3,(#14784,#14785,#14786,#14787),
 .UNSPECIFIED.,.F.,.F.,(4,4),(0.0070089612139467,0.00768130895190126),
 .UNSPECIFIED.);
#206=B_SPLINE_CURVE_WITH_KNOTS('',3,(#14789,#14790,#14791,#14792),
 .UNSPECIFIED.,.F.,.F.,(4,4),(9.8130778667736E-18,0.0010594804354366),
 .UNSPECIFIED.);
#207=B_SPLINE_CURVE_WITH_KNOTS('',3,(#14798,#14799,#14800,#14801),
 .UNSPECIFIED.,.F.,.F.,(4,4),(0.,0.00284630592204876),.UNSPECIFIED.);
#208=B_SPLINE_CURVE_WITH_KNOTS('',3,(#14803,#14804,#14805,#14806),
 .UNSPECIFIED.,.F.,.F.,(4,4),(4.96516725579031E-6,0.000962672440905144),
 .UNSPECIFIED.);
#209=B_SPLINE_CURVE_WITH_KNOTS('',3,(#14881,#14882,#14883,#14884),
 .UNSPECIFIED.,.F.,.F.,(4,4),(0.,0.00512641326168341),.UNSPECIFIED.);
#210=B_SPLINE_CURVE_WITH_KNOTS('',3,(#14916,#14917,#14918,#14919),
 .UNSPECIFIED.,.F.,.F.,(4,4),(1.4304896245382E-17,0.000579619603646058),
 .UNSPECIFIED.);
#211=B_SPLINE_CURVE_WITH_KNOTS('',3,(#14945,#14946,#14947,#14948),
 .UNSPECIFIED.,.F.,.F.,(4,4),(0.,0.00058043064989201),.UNSPECIFIED.);
#212=B_SPLINE_CURVE_WITH_KNOTS('',3,(#14952,#14953,#14954,#14955),
 .UNSPECIFIED.,.F.,.F.,(4,4),(4.9065389333868E-18,0.000579619603646064),
 .UNSPECIFIED.);
#213=B_SPLINE_CURVE_WITH_KNOTS('',3,(#15048,#15049,#15050,#15051,#15052),
 .UNSPECIFIED.,.F.,.F.,(4,1,4),(4.9065389333868E-18,0.000647755099547279,
0.00129551019909455),.UNSPECIFIED.);
#214=B_SPLINE_CURVE_WITH_KNOTS('',3,(#15054,#15055,#15056,#15057),
 .UNSPECIFIED.,.F.,.F.,(4,4),(0.00128811354790106,0.00151297192972003),
 .UNSPECIFIED.);
#215=B_SPLINE_CURVE_WITH_KNOTS('',3,(#15058,#15059,#15060,#15061),
 .UNSPECIFIED.,.F.,.F.,(4,4),(0.000480268200089564,0.00129701601022557),
 .UNSPECIFIED.);
#216=B_SPLINE_CURVE_WITH_KNOTS('',3,(#15063,#15064,#15065,#15066),
 .UNSPECIFIED.,.F.,.F.,(4,4),(2.48180674174953E-16,0.000673168598536063),
 .UNSPECIFIED.);
#217=B_SPLINE_CURVE_WITH_KNOTS('',3,(#15068,#15069,#15070,#15071),
 .UNSPECIFIED.,.F.,.F.,(4,4),(3.46944695195361E-18,0.00067342985682482),
 .UNSPECIFIED.);
#218=B_SPLINE_CURVE_WITH_KNOTS('',3,(#15073,#15074,#15075,#15076),
 .UNSPECIFIED.,.F.,.F.,(4,4),(2.85630258289184E-7,0.000817033440394336),
 .UNSPECIFIED.);
#219=B_SPLINE_CURVE_WITH_KNOTS('',3,(#15077,#15078,#15079,#15080),
 .UNSPECIFIED.,.F.,.F.,(4,4),(1.04083408558608E-17,0.00075334680050508),
 .UNSPECIFIED.);
#220=B_SPLINE_CURVE_WITH_KNOTS('',3,(#15082,#15083,#15084,#15085),
 .UNSPECIFIED.,.F.,.F.,(4,4),(0.,0.0007328939921069),.UNSPECIFIED.);
#221=B_SPLINE_CURVE_WITH_KNOTS('',3,(#15113,#15114,#15115,#15116),
 .UNSPECIFIED.,.F.,.F.,(4,4),(2.16840434497101E-19,0.000579619603646065),
 .UNSPECIFIED.);
#222=B_SPLINE_CURVE_WITH_KNOTS('',3,(#15160,#15161,#15162,#15163),
 .UNSPECIFIED.,.F.,.F.,(4,4),(0.,0.000579619256003077),.UNSPECIFIED.);
#223=B_SPLINE_CURVE_WITH_KNOTS('',3,(#15167,#15168,#15169,#15170),
 .UNSPECIFIED.,.F.,.F.,(4,4),(1.55158384577955E-17,0.000579619603646061),
 .UNSPECIFIED.);
#224=B_SPLINE_CURVE_WITH_KNOTS('',3,(#15194,#15195,#15196,#15197),
 .UNSPECIFIED.,.F.,.F.,(4,4),(0.,0.000579619256003072),.UNSPECIFIED.);
#225=B_SPLINE_CURVE_WITH_KNOTS('',3,(#15214,#15215,#15216,#15217),
 .UNSPECIFIED.,.F.,.F.,(4,4),(0.,0.000806943585542805),.UNSPECIFIED.);
#226=B_SPLINE_CURVE_WITH_KNOTS('',3,(#15219,#15220,#15221,#15222),
 .UNSPECIFIED.,.F.,.F.,(4,4),(0.,0.000806943585542805),.UNSPECIFIED.);
#227=B_SPLINE_CURVE_WITH_KNOTS('',3,(#15254,#15255,#15256,#15257),
 .UNSPECIFIED.,.F.,.F.,(4,4),(0.,5.82840437429118E-5),.UNSPECIFIED.);
#228=B_SPLINE_CURVE_WITH_KNOTS('',3,(#15261,#15262,#15263,#15264),
 .UNSPECIFIED.,.F.,.F.,(4,4),(0.,1.),.UNSPECIFIED.);
#229=B_SPLINE_CURVE_WITH_KNOTS('',3,(#15268,#15269,#15270,#15271),
 .UNSPECIFIED.,.F.,.F.,(4,4),(0.,0.00135173078170121),.UNSPECIFIED.);
#230=B_SPLINE_CURVE_WITH_KNOTS('',3,(#15276,#15277,#15278,#15279),
 .UNSPECIFIED.,.F.,.F.,(4,4),(0.,0.000650284545131442),.UNSPECIFIED.);
#231=B_SPLINE_CURVE_WITH_KNOTS('',3,(#15282,#15283,#15284,#15285),
 .UNSPECIFIED.,.F.,.F.,(4,4),(0.,1.),.UNSPECIFIED.);
#232=B_SPLINE_CURVE_WITH_KNOTS('',3,(#15324,#15325,#15326,#15327),
 .UNSPECIFIED.,.F.,.F.,(4,4),(0.,0.000523410678126555),.UNSPECIFIED.);
#233=B_SPLINE_CURVE_WITH_KNOTS('',3,(#15332,#15333,#15334,#15335),
 .UNSPECIFIED.,.F.,.F.,(4,4),(0.,0.000526720682312989),.UNSPECIFIED.);
#234=B_SPLINE_CURVE_WITH_KNOTS('',3,(#15339,#15340,#15341,#15342),
 .UNSPECIFIED.,.F.,.F.,(4,4),(6.93889390390723E-18,0.000767913681858554),
 .UNSPECIFIED.);
#235=B_SPLINE_CURVE_WITH_KNOTS('',3,(#15355,#15356,#15357,#15358),
 .UNSPECIFIED.,.F.,.F.,(4,4),(0.0617073156954046,0.981774832044502),
 .UNSPECIFIED.);
#236=B_SPLINE_CURVE_WITH_KNOTS('',3,(#15361,#15362,#15363,#15364),
 .UNSPECIFIED.,.F.,.F.,(4,4),(-5.99999999918532E-8,0.00365531927589771),
 .UNSPECIFIED.);
#237=B_SPLINE_CURVE_WITH_KNOTS('',3,(#15366,#15367,#15368,#15369),
 .UNSPECIFIED.,.F.,.F.,(4,4),(0.,6.58031876258988E-5),.UNSPECIFIED.);
#238=B_SPLINE_CURVE_WITH_KNOTS('',3,(#15371,#15372,#15373,#15374),
 .UNSPECIFIED.,.F.,.F.,(4,4),(0.0623639703455599,0.988037804275413),
 .UNSPECIFIED.);
#239=B_SPLINE_CURVE_WITH_KNOTS('',3,(#15376,#15377,#15378,#15379),
 .UNSPECIFIED.,.F.,.F.,(4,4),(0.,0.00374314452577816),.UNSPECIFIED.);
#240=B_SPLINE_CURVE_WITH_KNOTS('',3,(#15392,#15393,#15394,#15395),
 .UNSPECIFIED.,.F.,.F.,(4,4),(6.93889390390723E-18,0.000548219923781595),
 .UNSPECIFIED.);
#241=B_SPLINE_CURVE_WITH_KNOTS('',3,(#15402,#15403,#15404,#15405),
 .UNSPECIFIED.,.F.,.F.,(4,4),(0.,0.000582862072168677),.UNSPECIFIED.);
#242=B_SPLINE_CURVE_WITH_KNOTS('',3,(#15406,#15407,#15408,#15409),
 .UNSPECIFIED.,.F.,.F.,(4,4),(0.,0.000582862404814708),.UNSPECIFIED.);
#243=B_SPLINE_CURVE_WITH_KNOTS('',3,(#15507,#15508,#15509,#15510),
 .UNSPECIFIED.,.F.,.F.,(4,4),(1.73472347597681E-18,0.000290944964801808),
 .UNSPECIFIED.);
#244=B_SPLINE_CURVE_WITH_KNOTS('',3,(#15519,#15520,#15521,#15522),
 .UNSPECIFIED.,.F.,.F.,(4,4),(0.,0.000672491578543192),.UNSPECIFIED.);
#245=B_SPLINE_CURVE_WITH_KNOTS('',3,(#15531,#15532,#15533,#15534),
 .UNSPECIFIED.,.F.,.F.,(4,4),(3.82438584356384E-5,0.000329042920285326),
 .UNSPECIFIED.);
#246=B_SPLINE_CURVE_WITH_KNOTS('',3,(#15544,#15545,#15546,#15547),
 .UNSPECIFIED.,.F.,.F.,(4,4),(3.46944695195361E-18,0.000973324638622533),
 .UNSPECIFIED.);
#247=B_SPLINE_CURVE_WITH_KNOTS('',3,(#15548,#15549,#15550,#15551),
 .UNSPECIFIED.,.F.,.F.,(4,4),(6.36905797223233E-17,0.000321140960165103),
 .UNSPECIFIED.);
#248=B_SPLINE_CURVE_WITH_KNOTS('',3,(#15553,#15554,#15555,#15556),
 .UNSPECIFIED.,.F.,.F.,(4,4),(0.,0.999999646446605),.UNSPECIFIED.);
#249=B_SPLINE_CURVE_WITH_KNOTS('',3,(#15562,#15563,#15564,#15565),
 .UNSPECIFIED.,.F.,.F.,(4,4),(8.13720216708729E-9,0.000215348891416138),
 .UNSPECIFIED.);
#250=B_SPLINE_CURVE_WITH_KNOTS('',3,(#15567,#15568,#15569,#15570),
 .UNSPECIFIED.,.F.,.F.,(4,4),(0.,0.00143434466686332),.UNSPECIFIED.);
#251=B_SPLINE_CURVE_WITH_KNOTS('',3,(#15578,#15579,#15580,#15581),
 .UNSPECIFIED.,.F.,.F.,(4,4),(0.,0.000288622965577948),.UNSPECIFIED.);
#252=B_SPLINE_CURVE_WITH_KNOTS('',3,(#15614,#15615,#15616,#15617),
 .UNSPECIFIED.,.F.,.F.,(4,4),(-5.99999999934836E-8,0.00408919811540365),
 .UNSPECIFIED.);
#253=B_SPLINE_CURVE_WITH_KNOTS('',3,(#15618,#15619,#15620,#15621),
 .UNSPECIFIED.,.F.,.F.,(4,4),(0.,0.00315884586328644),.UNSPECIFIED.);
#254=B_SPLINE_CURVE_WITH_KNOTS('',3,(#15623,#15624,#15625,#15626),
 .UNSPECIFIED.,.F.,.F.,(4,4),(0.,0.00137779013740625),.UNSPECIFIED.);
#255=B_SPLINE_CURVE_WITH_KNOTS('',3,(#15648,#15649,#15650,#15651),
 .UNSPECIFIED.,.F.,.F.,(4,4),(0.,1.),.UNSPECIFIED.);
#256=B_SPLINE_CURVE_WITH_KNOTS('',3,(#15653,#15654,#15655,#15656),
 .UNSPECIFIED.,.F.,.F.,(4,4),(0.,1.),.UNSPECIFIED.);
#257=B_SPLINE_CURVE_WITH_KNOTS('',3,(#15658,#15659,#15660,#15661,#15662,
#15663,#15664),.UNSPECIFIED.,.F.,.F.,(4,1,1,1,4),(0.,0.00145094395977645,
0.0029018879195529,0.00435283187932934,0.00580377583910579),
 .UNSPECIFIED.);
#258=B_SPLINE_CURVE_WITH_KNOTS('',3,(#15668,#15669,#15670,#15671,#15672,
#15673,#15674),.UNSPECIFIED.,.F.,.F.,(4,3,4),(-0.408350920033092,0.,0.00408350920033092),
 .PIECEWISE_BEZIER_KNOTS.);
#259=B_SPLINE_CURVE_WITH_KNOTS('',1,(#15715,#15716),.UNSPECIFIED.,.F.,.F.,
(2,2),(0.,0.665919683961182),.UNSPECIFIED.);
#260=B_SPLINE_CURVE_WITH_KNOTS('',3,(#15719,#15720,#15721,#15722),
 .UNSPECIFIED.,.F.,.F.,(4,4),(1.00846545483387E-6,1.),.UNSPECIFIED.);
#261=B_SPLINE_CURVE_WITH_KNOTS('',3,(#15724,#15725,#15726,#15727),
 .UNSPECIFIED.,.F.,.F.,(4,4),(0.00212990280259722,0.999822572782002),
 .UNSPECIFIED.);
#262=B_SPLINE_CURVE_WITH_KNOTS('',3,(#15729,#15730,#15731,#15732,#15733),
 .UNSPECIFIED.,.F.,.F.,(4,1,4),(0.00598260150289242,0.00746027821894289,
0.00893795493499336),.UNSPECIFIED.);
#263=B_SPLINE_CURVE_WITH_KNOTS('',3,(#15735,#15736,#15737,#15738),
 .UNSPECIFIED.,.F.,.F.,(4,4),(1.76776590854903E-7,1.),.UNSPECIFIED.);
#264=B_SPLINE_CURVE_WITH_KNOTS('',3,(#15743,#15744,#15745,#15746),
 .UNSPECIFIED.,.F.,.F.,(4,4),(0.,7.13901582737378E-5),.UNSPECIFIED.);
#265=B_SPLINE_CURVE_WITH_KNOTS('',3,(#15747,#15748,#15749,#15750),
 .UNSPECIFIED.,.F.,.F.,(4,4),(0.,0.00202930056374989),.UNSPECIFIED.);
#266=B_SPLINE_CURVE_WITH_KNOTS('',1,(#15759,#15760),.UNSPECIFIED.,.F.,.F.,
(2,2),(-0.70710678122832,0.),.UNSPECIFIED.);
#267=B_SPLINE_CURVE_WITH_KNOTS('',3,(#15763,#15764,#15765,#15766),
 .UNSPECIFIED.,.F.,.F.,(4,4),(0.,0.000241691752248246),.UNSPECIFIED.);
#268=B_SPLINE_CURVE_WITH_KNOTS('',3,(#15767,#15768,#15769,#15770),
 .UNSPECIFIED.,.F.,.F.,(4,4),(0.000962174657037364,0.00123521183475691),
 .UNSPECIFIED.);
#269=B_SPLINE_CURVE_WITH_KNOTS('',3,(#15791,#15792,#15793,#15794),
 .UNSPECIFIED.,.F.,.F.,(4,4),(0.,0.000667142845946144),.UNSPECIFIED.);
#270=B_SPLINE_CURVE_WITH_KNOTS('',3,(#15827,#15828,#15829,#15830),
 .UNSPECIFIED.,.F.,.F.,(4,4),(4.04603565571184E-17,8.22499284179498E-5),
 .UNSPECIFIED.);
#271=B_SPLINE_CURVE_WITH_KNOTS('',3,(#15832,#15833,#15834,#15835),
 .UNSPECIFIED.,.F.,.F.,(4,4),(-0.707106781201387,0.),.UNSPECIFIED.);
#272=B_SPLINE_CURVE_WITH_KNOTS('',3,(#15856,#15857,#15858,#15859),
 .UNSPECIFIED.,.F.,.F.,(4,4),(0.000345698845843798,0.998138758382907),
 .UNSPECIFIED.);
#273=B_SPLINE_CURVE_WITH_KNOTS('',3,(#15862,#15863,#15864,#15865),
 .UNSPECIFIED.,.F.,.F.,(4,4),(0.,1.),.UNSPECIFIED.);
#274=B_SPLINE_CURVE_WITH_KNOTS('',3,(#15866,#15867,#15868,#15869,#15870),
 .UNSPECIFIED.,.F.,.F.,(4,1,4),(0.00118163556207311,0.00276343994861739,
0.00434524433516166),.UNSPECIFIED.);
#275=B_SPLINE_CURVE_WITH_KNOTS('',3,(#15875,#15876,#15877,#15878),
 .UNSPECIFIED.,.F.,.F.,(4,4),(0.,0.00200978119756832),.UNSPECIFIED.);
#276=B_SPLINE_CURVE_WITH_KNOTS('',3,(#15879,#15880,#15881,#15882),
 .UNSPECIFIED.,.F.,.F.,(4,4),(0.,7.13406108816007E-5),.UNSPECIFIED.);
#277=B_SPLINE_CURVE_WITH_KNOTS('',3,(#15898,#15899,#15900,#15901),
 .UNSPECIFIED.,.F.,.F.,(4,4),(0.,0.000670263914312925),.UNSPECIFIED.);
#278=B_SPLINE_CURVE_WITH_KNOTS('',3,(#15908,#15909,#15910,#15911),
 .UNSPECIFIED.,.F.,.F.,(4,4),(0.,0.00370204277778076),.UNSPECIFIED.);
#279=B_SPLINE_CURVE_WITH_KNOTS('',3,(#15913,#15914,#15915,#15916),
 .UNSPECIFIED.,.F.,.F.,(4,4),(0.,0.000108530699352338),.UNSPECIFIED.);
#280=B_SPLINE_CURVE_WITH_KNOTS('',3,(#15918,#15919,#15920,#15921),
 .UNSPECIFIED.,.F.,.F.,(4,4),(-1.60616766596289E-5,0.969820076875639),
 .UNSPECIFIED.);
#281=B_SPLINE_CURVE_WITH_KNOTS('',3,(#15923,#15924,#15925,#15926),
 .UNSPECIFIED.,.F.,.F.,(4,4),(0.,0.0145542673732331),.UNSPECIFIED.);
#282=B_SPLINE_CURVE_WITH_KNOTS('',3,(#15962,#15963,#15964,#15965),
 .UNSPECIFIED.,.F.,.F.,(4,4),(2.09186649350341E-15,0.004966620039706),
 .UNSPECIFIED.);
#283=B_SPLINE_CURVE_WITH_KNOTS('',3,(#15968,#15969,#15970,#15971),
 .UNSPECIFIED.,.F.,.F.,(4,4),(0.,0.0115184595818634),.UNSPECIFIED.);
#284=B_SPLINE_CURVE_WITH_KNOTS('',3,(#15973,#15974,#15975,#15976),
 .UNSPECIFIED.,.F.,.F.,(4,4),(0.,9.56857707336776E-5),.UNSPECIFIED.);
#285=B_SPLINE_CURVE_WITH_KNOTS('',3,(#15977,#15978,#15979,#15980),
 .UNSPECIFIED.,.F.,.F.,(4,4),(0.,0.0103022450123551),.UNSPECIFIED.);
#286=B_SPLINE_CURVE_WITH_KNOTS('',3,(#16006,#16007,#16008,#16009),
 .UNSPECIFIED.,.F.,.F.,(4,4),(0.,0.152339274943701),.UNSPECIFIED.);
#287=B_SPLINE_CURVE_WITH_KNOTS('',3,(#16053,#16054,#16055,#16056,#16057,
#16058,#16059),.UNSPECIFIED.,.F.,.F.,(4,1,1,1,4),(-6.00000000028787E-8,
0.00144398589125287,0.00288803178250573,0.0043320776737586,0.00577612356501147),
 .UNSPECIFIED.);
#288=B_SPLINE_CURVE_WITH_KNOTS('',3,(#16063,#16064,#16065,#16066),
 .UNSPECIFIED.,.F.,.F.,(4,4),(0.,1.79589853683113E-5),.UNSPECIFIED.);
#289=B_SPLINE_CURVE_WITH_KNOTS('',1,(#16069,#16070),.UNSPECIFIED.,.F.,.F.,
(2,2),(0.,1.52603199323837),.UNSPECIFIED.);
#290=B_SPLINE_CURVE_WITH_KNOTS('',3,(#16074,#16075,#16076,#16077),
 .UNSPECIFIED.,.F.,.F.,(4,4),(0.,1.),.UNSPECIFIED.);
#291=B_SPLINE_CURVE_WITH_KNOTS('',1,(#16083,#16084),.UNSPECIFIED.,.F.,.F.,
(2,2),(0.,1.45354185388314),.UNSPECIFIED.);
#292=B_SPLINE_CURVE_WITH_KNOTS('',3,(#16093,#16094,#16095,#16096),
 .UNSPECIFIED.,.F.,.F.,(4,4),(0.000335758200394619,0.000920331460344049),
 .UNSPECIFIED.);
#293=B_SPLINE_CURVE_WITH_KNOTS('',3,(#16105,#16106,#16107,#16108),
 .UNSPECIFIED.,.F.,.F.,(4,4),(0.,0.000591266495080782),.UNSPECIFIED.);
#294=B_SPLINE_CURVE_WITH_KNOTS('',3,(#16110,#16111,#16112,#16113),
 .UNSPECIFIED.,.F.,.F.,(4,4),(0.000335758198672935,0.00092114657292094),
 .UNSPECIFIED.);
#295=B_SPLINE_CURVE_WITH_KNOTS('',3,(#16119,#16120,#16121,#16122),
 .UNSPECIFIED.,.F.,.F.,(4,4),(0.,0.000591071532249981),.UNSPECIFIED.);
#296=B_SPLINE_CURVE_WITH_KNOTS('',3,(#16123,#16124,#16125,#16126),
 .UNSPECIFIED.,.F.,.F.,(4,4),(0.000335758200394618,0.000920331460344046),
 .UNSPECIFIED.);
#297=B_SPLINE_CURVE_WITH_KNOTS('',3,(#16135,#16136,#16137,#16138),
 .UNSPECIFIED.,.F.,.F.,(4,4),(0.,0.00059024341966086),.UNSPECIFIED.);
#298=B_SPLINE_CURVE_WITH_KNOTS('',3,(#16163,#16164,#16165,#16166,#16167,
#16168,#16169),.UNSPECIFIED.,.F.,.F.,(4,1,1,1,4),(0.020548719984515,0.0220122920627692,
0.0234758641410233,0.0249394362192775,0.0264030082975317),.UNSPECIFIED.);
#299=B_SPLINE_CURVE_WITH_KNOTS('',3,(#16182,#16183,#16184,#16185),
 .UNSPECIFIED.,.F.,.F.,(4,4),(0.,1.80233932409701E-5),.UNSPECIFIED.);
#300=B_SPLINE_CURVE_WITH_KNOTS('',3,(#16441,#16442,#16443,#16444),
 .UNSPECIFIED.,.F.,.F.,(4,4),(0.,0.00482465067682061),.UNSPECIFIED.);
#301=B_SPLINE_CURVE_WITH_KNOTS('',3,(#16446,#16447,#16448,#16449),
 .UNSPECIFIED.,.F.,.F.,(4,4),(0.,0.000235399577651602),.UNSPECIFIED.);
#302=B_SPLINE_CURVE_WITH_KNOTS('',3,(#16451,#16452,#16453,#16454),
 .UNSPECIFIED.,.F.,.F.,(4,4),(0.,0.00132991853191841),.UNSPECIFIED.);
#303=B_SPLINE_CURVE_WITH_KNOTS('',3,(#16455,#16456,#16457,#16458),
 .UNSPECIFIED.,.F.,.F.,(4,4),(0.,0.00154637621458113),.UNSPECIFIED.);
#304=B_SPLINE_CURVE_WITH_KNOTS('',3,(#16460,#16461,#16462,#16463),
 .UNSPECIFIED.,.F.,.F.,(4,4),(0.,0.000593978400584333),.UNSPECIFIED.);
#305=B_SPLINE_CURVE_WITH_KNOTS('',3,(#16465,#16466,#16467,#16468),
 .UNSPECIFIED.,.F.,.F.,(4,4),(0.,0.00604475577403875),.UNSPECIFIED.);
#306=B_SPLINE_CURVE_WITH_KNOTS('',3,(#16473,#16474,#16475,#16476),
 .UNSPECIFIED.,.F.,.F.,(4,4),(0.,1.26755221708594E-6),.UNSPECIFIED.);
#307=B_SPLINE_CURVE_WITH_KNOTS('',3,(#16487,#16488,#16489,#16490),
 .UNSPECIFIED.,.F.,.F.,(4,4),(0.,0.000674727980776209),.UNSPECIFIED.);
#308=B_SPLINE_CURVE_WITH_KNOTS('',3,(#16495,#16496,#16497,#16498),
 .UNSPECIFIED.,.F.,.F.,(4,4),(0.,0.000674727984568607),.UNSPECIFIED.);
#309=B_SPLINE_CURVE_WITH_KNOTS('',3,(#16499,#16500,#16501,#16502),
 .UNSPECIFIED.,.F.,.F.,(4,4),(0.,0.000670941180368461),.UNSPECIFIED.);
#310=B_SPLINE_CURVE_WITH_KNOTS('',3,(#16518,#16519,#16520,#16521,#16522),
 .UNSPECIFIED.,.F.,.F.,(4,1,4),(0.,0.00055364270018975,0.0011072854003795),
 .UNSPECIFIED.);
#311=B_SPLINE_CURVE_WITH_KNOTS('',3,(#16526,#16527,#16528,#16529),
 .UNSPECIFIED.,.F.,.F.,(4,4),(0.,0.000582862404814707),.UNSPECIFIED.);
#312=B_SPLINE_CURVE_WITH_KNOTS('',3,(#16538,#16539,#16540,#16541),
 .UNSPECIFIED.,.F.,.F.,(4,4),(0.,0.000582862072168667),.UNSPECIFIED.);
#313=B_SPLINE_CURVE_WITH_KNOTS('',3,(#16571,#16572,#16573,#16574),
 .UNSPECIFIED.,.F.,.F.,(4,4),(0.,0.00057850049887899),.UNSPECIFIED.);
#314=B_SPLINE_CURVE_WITH_KNOTS('',3,(#16575,#16576,#16577,#16578),
 .UNSPECIFIED.,.F.,.F.,(4,4),(0.,0.000578467683204608),.UNSPECIFIED.);
#315=B_SPLINE_CURVE_WITH_KNOTS('',3,(#16608,#16609,#16610,#16611),
 .UNSPECIFIED.,.F.,.F.,(4,4),(0.,0.000239490083520055),.UNSPECIFIED.);
#316=B_SPLINE_CURVE_WITH_KNOTS('',3,(#16795,#16796,#16797,#16798),
 .UNSPECIFIED.,.F.,.F.,(4,4),(2.43411376399176E-15,0.000306675217687767),
 .UNSPECIFIED.);
#317=B_SPLINE_CURVE_WITH_KNOTS('',3,(#16813,#16814,#16815,#16816),
 .UNSPECIFIED.,.F.,.F.,(4,4),(2.91208149266799E-15,0.000306675217692702),
 .UNSPECIFIED.);
#318=B_SPLINE_CURVE_WITH_KNOTS('',3,(#16820,#16821,#16822,#16823),
 .UNSPECIFIED.,.F.,.F.,(4,4),(0.,0.000591059163277181),.UNSPECIFIED.);
#319=B_SPLINE_CURVE_WITH_KNOTS('',3,(#16829,#16830,#16831,#16832),
 .UNSPECIFIED.,.F.,.F.,(4,4),(0.,0.000591059167015896),.UNSPECIFIED.);
#320=B_SPLINE_CURVE_WITH_KNOTS('',3,(#17001,#17002,#17003,#17004),
 .UNSPECIFIED.,.F.,.F.,(4,4),(0.,0.000117578099235082),.UNSPECIFIED.);
#321=B_SPLINE_CURVE_WITH_KNOTS('',3,(#17006,#17007,#17008,#17009),
 .UNSPECIFIED.,.F.,.F.,(4,4),(0.,1.),.UNSPECIFIED.);
#322=B_SPLINE_CURVE_WITH_KNOTS('',3,(#17035,#17036,#17037,#17038),
 .UNSPECIFIED.,.F.,.F.,(4,4),(0.,1.),.UNSPECIFIED.);
#323=B_SPLINE_CURVE_WITH_KNOTS('',3,(#17051,#17052,#17053,#17054),
 .UNSPECIFIED.,.F.,.F.,(4,4),(0.,1.),.UNSPECIFIED.);
#324=B_SPLINE_CURVE_WITH_KNOTS('',3,(#17733,#17734,#17735,#17736,#17737),
 .UNSPECIFIED.,.F.,.F.,(4,1,4),(0.,0.000545165075482791,0.00109033015096558),
 .UNSPECIFIED.);
#325=B_SPLINE_CURVE_WITH_KNOTS('',3,(#17763,#17764,#17765,#17766,#17767),
 .UNSPECIFIED.,.F.,.F.,(4,1,4),(0.,0.00054516507548279,0.00109033015096558),
 .UNSPECIFIED.);
#326=B_SPLINE_CURVE_WITH_KNOTS('',3,(#17781,#17782,#17783,#17784,#17785),
 .UNSPECIFIED.,.F.,.F.,(4,1,4),(0.,0.00054516507548279,0.00109033015096558),
 .UNSPECIFIED.);
#327=B_SPLINE_CURVE_WITH_KNOTS('',3,(#17806,#17807,#17808,#17809,#17810),
 .UNSPECIFIED.,.F.,.F.,(4,1,4),(0.,0.00054516507548279,0.00109033015096558),
 .UNSPECIFIED.);
#328=B_SPLINE_CURVE_WITH_KNOTS('',3,(#17839,#17840,#17841,#17842,#17843),
 .UNSPECIFIED.,.F.,.F.,(4,1,4),(0.,0.00054516507548279,0.00109033015096558),
 .UNSPECIFIED.);
#329=B_SPLINE_CURVE_WITH_KNOTS('',3,(#17864,#17865,#17866,#17867,#17868),
 .UNSPECIFIED.,.F.,.F.,(4,1,4),(0.,0.00054516507548279,0.00109033015096558),
 .UNSPECIFIED.);
#330=B_SPLINE_CURVE_WITH_KNOTS('',3,(#17909,#17910,#17911,#17912,#17913),
 .UNSPECIFIED.,.F.,.F.,(4,1,4),(0.,0.00054516507548279,0.00109033015096558),
 .UNSPECIFIED.);
#331=B_SPLINE_CURVE_WITH_KNOTS('',3,(#17939,#17940,#17941,#17942,#17943),
 .UNSPECIFIED.,.F.,.F.,(4,1,4),(0.,0.00054516507548279,0.00109033015096558),
 .UNSPECIFIED.);
#332=B_SPLINE_CURVE_WITH_KNOTS('',3,(#17962,#17963,#17964,#17965,#17966),
 .UNSPECIFIED.,.F.,.F.,(4,1,4),(0.,0.00054516507548279,0.00109033015096558),
 .UNSPECIFIED.);
#333=B_SPLINE_CURVE_WITH_KNOTS('',3,(#17987,#17988,#17989,#17990,#17991),
 .UNSPECIFIED.,.F.,.F.,(4,1,4),(0.,0.00054516507548279,0.00109033015096558),
 .UNSPECIFIED.);
#334=ELLIPSE('',#10106,0.707106781186547,0.5);
#335=ELLIPSE('',#10107,0.707106781186547,0.5);
#336=ELLIPSE('',#10108,0.707106781186547,0.5);
#337=ELLIPSE('',#10109,0.707106781186547,0.5);
#338=ELLIPSE('',#10112,1.05920319977734,1.05261210182525);
#339=ELLIPSE('',#10113,0.503465477541524,0.503395766422878);
#340=ELLIPSE('',#10115,0.707106781186547,0.5);
#341=ELLIPSE('',#10116,0.707106781186547,0.5);
#342=ELLIPSE('',#10117,0.707106781186547,0.5);
#343=ELLIPSE('',#10118,0.707106781186547,0.5);
#344=ELLIPSE('',#10121,0.707106781186547,0.5);
#345=ELLIPSE('',#10122,0.707106781186547,0.5);
#346=ELLIPSE('',#10123,0.707106781186547,0.5);
#347=ELLIPSE('',#10124,0.707106781186547,0.5);
#348=ELLIPSE('',#10126,0.707106781186547,0.5);
#349=ELLIPSE('',#10127,0.707106781186547,0.5);
#350=ELLIPSE('',#10128,0.707106781186547,0.5);
#351=ELLIPSE('',#10129,0.707106781186547,0.5);
#352=ELLIPSE('',#10131,0.707106781186547,0.5);
#353=ELLIPSE('',#10132,0.707106781186547,0.5);
#354=ELLIPSE('',#10140,332.315751942242,2.39999999998046);
#355=ELLIPSE('',#10142,332.315751942242,2.39999999998046);
#356=ELLIPSE('',#10147,332.315751942242,2.39999999998046);
#357=ELLIPSE('',#10153,1.35099962990372,1.17);
#358=ELLIPSE('',#10166,1.35099962990372,1.17);
#359=ELLIPSE('',#10178,0.500019039192868,0.5);
#360=ELLIPSE('',#10179,0.500019039192868,0.5);
#361=ELLIPSE('',#10184,1.35099962990372,1.17);
#362=ELLIPSE('',#10185,1.4283062688509,1.17);
#363=ELLIPSE('',#10187,1.35099962990372,1.17);
#364=ELLIPSE('',#10189,4.5416933436681,1.);
#365=ELLIPSE('',#10190,10.4458946904366,2.3);
#366=ELLIPSE('',#10191,8.17504801860257,1.8);
#367=ELLIPSE('',#10194,0.577350269189625,0.5);
#368=ELLIPSE('',#10198,0.577350269189624,0.5);
#369=ELLIPSE('',#10209,0.500019039192868,0.5);
#370=ELLIPSE('',#10215,0.500019039192868,0.5);
#371=ELLIPSE('',#10221,0.707106781186547,0.5);
#372=ELLIPSE('',#10225,0.707106781186547,0.5);
#373=ELLIPSE('',#10237,27.5815057500045,5.9582651745292);
#374=ELLIPSE('',#10238,4.5416933436681,1.);
#375=ELLIPSE('',#10240,332.319739090139,2.89999999998046);
#376=ELLIPSE('',#10251,0.500495363654125,0.5);
#377=ELLIPSE('',#10255,0.500019039192868,0.5);
#378=ELLIPSE('',#10257,0.500019039192868,0.5);
#379=ELLIPSE('',#10261,332.315751942242,2.39999999998046);
#380=ELLIPSE('',#10262,332.315751942242,2.39999999998046);
#381=ELLIPSE('',#10270,0.500019039192868,0.5);
#382=ELLIPSE('',#10278,315.12682043834,2.24999999999992);
#383=ELLIPSE('',#10280,315.12682043834,2.24999999999992);
#384=ELLIPSE('',#10286,0.500019039192868,0.5);
#385=ELLIPSE('',#10293,332.315751942242,2.39999999998046);
#386=ELLIPSE('',#10297,0.500019039192868,0.5);
#387=ELLIPSE('',#10298,0.500709723313307,0.5);
#388=ELLIPSE('',#10299,0.500495363654125,0.5);
#389=ELLIPSE('',#10304,332.315751942242,2.39999999998046);
#390=ELLIPSE('',#10305,332.315751942242,2.39999999998046);
#391=ELLIPSE('',#10307,332.315751942242,2.39999999998046);
#392=ELLIPSE('',#10309,332.315751942242,2.39999999998046);
#393=ELLIPSE('',#10311,0.500019039192868,0.5);
#394=ELLIPSE('',#10323,0.500709723313307,0.5);
#395=ELLIPSE('',#10339,5.44324099943033,5.39172108568066);
#396=ELLIPSE('',#10341,0.501220949040586,0.5);
#397=ELLIPSE('',#10346,0.518857016451048,0.5);
#398=ELLIPSE('',#10348,0.500495363654125,0.5);
#399=ELLIPSE('',#10349,0.500495363654125,0.5);
#400=ELLIPSE('',#10358,0.518857016451048,0.5);
#401=ELLIPSE('',#10359,0.518857016451048,0.5);
#402=ELLIPSE('',#10363,20.7094851414746,4.75391389139846);
#403=ELLIPSE('',#10366,18.1667733746836,4.);
#404=ELLIPSE('',#10372,2.12132034355964,1.5);
#405=ELLIPSE('',#10375,0.58888444610206,0.0494266414727613);
#406=ELLIPSE('',#10383,1.22077458870123,0.999999999950663);
#407=ELLIPSE('',#10396,175.335244208502,123.996001758297);
#408=ELLIPSE('',#10398,7.15138720774925,5.05679438949038);
#409=ELLIPSE('',#10400,4.12618199226429,2.39);
#410=ELLIPSE('',#10402,8.78855755151266,6.20543755446011);
#411=ELLIPSE('',#10407,7.15138720774953,5.05679438949038);
#412=ELLIPSE('',#10417,285088.893771445,134.79174683368);
#413=ELLIPSE('',#10418,190.579327800882,134.79174683368);
#414=ELLIPSE('',#10420,7.15138720775011,5.05679438949038);
#415=ELLIPSE('',#10422,8.8296727172753,6.23446821076309);
#416=ELLIPSE('',#10424,7.1513872077494,5.05679438949038);
#417=ELLIPSE('',#10448,57.3423481048129,4.);
#418=ELLIPSE('',#10449,18.1667733746725,4.);
#419=ELLIPSE('',#10471,0.500019039192868,0.5);
#420=ELLIPSE('',#10472,0.500019039192868,0.5);
#421=ELLIPSE('',#10474,0.500019039192868,0.5);
#422=ELLIPSE('',#10475,0.500019039192868,0.5);
#423=ELLIPSE('',#10476,0.500019039192868,0.5);
#424=ELLIPSE('',#10477,0.500019039192868,0.5);
#425=ELLIPSE('',#10484,14.3355870262039,1.);
#426=ELLIPSE('',#10485,133.41044104724,7.26929434976103);
#427=ELLIPSE('',#10571,8.29948252040197,2.3);
#428=ELLIPSE('',#10573,14.3355870262039,1.);
#429=ELLIPSE('',#10584,0.518857016451048,0.5);
#430=ELLIPSE('',#10591,0.500019039192868,0.5);
#431=ELLIPSE('',#10592,0.500019039192868,0.5);
#432=ELLIPSE('',#10594,332.319739090139,2.89999999998046);
#433=ELLIPSE('',#10596,332.319739090139,2.89999999998046);
#434=ELLIPSE('',#10598,332.319739090139,2.89999999998046);
#435=ELLIPSE('',#10600,332.319739090139,2.89999999998046);
#436=ELLIPSE('',#10602,332.319739090139,2.89999999998046);
#437=ELLIPSE('',#10604,332.319739090139,2.89999999998046);
#438=ELLIPSE('',#10606,332.319739090139,2.89999999998046);
#439=ELLIPSE('',#10608,332.319739090139,2.89999999998046);
#440=ELLIPSE('',#10610,0.500019039192868,0.5);
#441=ELLIPSE('',#10611,0.500019039192868,0.5);
#442=ELLIPSE('',#10613,315.130787070349,2.74999999999992);
#443=ELLIPSE('',#10615,315.130787070349,2.74999999999992);
#444=ELLIPSE('',#10617,332.319739090139,2.89999999998046);
#445=ELLIPSE('',#10640,14.3094044385455,0.5);
#446=ELLIPSE('',#10641,4.45836050896729,0.5);
#447=ELLIPSE('',#10643,4.45836050896729,0.5);
#448=ELLIPSE('',#10644,14.3094044385455,0.5);
#449=ELLIPSE('',#10686,0.565685424949236,0.4);
#450=ELLIPSE('',#10688,0.565685424949237,0.4);
#451=ELLIPSE('',#10692,0.565685424949239,0.4);
#452=ELLIPSE('',#10694,0.565685424949239,0.4);
#453=ELLIPSE('',#10698,0.565685424949236,0.4);
#454=ELLIPSE('',#10700,0.565685424949236,0.4);
#455=ELLIPSE('',#10704,0.565685424949234,0.4);
#456=ELLIPSE('',#10706,0.565685424949239,0.4);
#457=ELLIPSE('',#10709,0.565685424949234,0.4);
#458=ELLIPSE('',#10713,0.565685424949236,0.4);
#459=ELLIPSE('',#10741,0.565685424949233,0.4);
#460=ELLIPSE('',#10743,0.565685424949236,0.4);
#461=ELLIPSE('',#10747,0.56568542494924,0.4);
#462=ELLIPSE('',#10749,0.565685424949239,0.4);
#463=ELLIPSE('',#10753,0.565685424949237,0.4);
#464=ELLIPSE('',#10755,0.565685424949236,0.4);
#465=ELLIPSE('',#10759,0.565685424949233,0.4);
#466=ELLIPSE('',#10761,0.56568542494924,0.4);
#467=ELLIPSE('',#10764,0.565685424949232,0.4);
#468=ELLIPSE('',#10768,0.565685424949236,0.4);
#469=PLANE('',#10090);
#470=PLANE('',#10093);
#471=PLANE('',#10096);
#472=PLANE('',#10099);
#473=PLANE('',#10102);
#474=PLANE('',#10105);
#475=PLANE('',#10110);
#476=PLANE('',#10111);
#477=PLANE('',#10114);
#478=PLANE('',#10119);
#479=PLANE('',#10120);
#480=PLANE('',#10125);
#481=PLANE('',#10130);
#482=PLANE('',#10148);
#483=PLANE('',#10149);
#484=PLANE('',#10150);
#485=PLANE('',#10151);
#486=PLANE('',#10152);
#487=PLANE('',#10159);
#488=PLANE('',#10160);
#489=PLANE('',#10161);
#490=PLANE('',#10162);
#491=PLANE('',#10163);
#492=PLANE('',#10165);
#493=PLANE('',#10172);
#494=PLANE('',#10181);
#495=PLANE('',#10182);
#496=PLANE('',#10188);
#497=PLANE('',#10192);
#498=PLANE('',#10199);
#499=PLANE('',#10203);
#500=PLANE('',#10207);
#501=PLANE('',#10208);
#502=PLANE('',#10217);
#503=PLANE('',#10218);
#504=PLANE('',#10220);
#505=PLANE('',#10226);
#506=PLANE('',#10230);
#507=PLANE('',#10236);
#508=PLANE('',#10239);
#509=PLANE('',#10244);
#510=PLANE('',#10245);
#511=PLANE('',#10254);
#512=PLANE('',#10263);
#513=PLANE('',#10269);
#514=PLANE('',#10284);
#515=PLANE('',#10285);
#516=PLANE('',#10290);
#517=PLANE('',#10294);
#518=PLANE('',#10295);
#519=PLANE('',#10296);
#520=PLANE('',#10310);
#521=PLANE('',#10334);
#522=PLANE('',#10335);
#523=PLANE('',#10344);
#524=PLANE('',#10351);
#525=PLANE('',#10352);
#526=PLANE('',#10361);
#527=PLANE('',#10362);
#528=PLANE('',#10364);
#529=PLANE('',#10365);
#530=PLANE('',#10367);
#531=PLANE('',#10368);
#532=PLANE('',#10371);
#533=PLANE('',#10374);
#534=PLANE('',#10377);
#535=PLANE('',#10378);
#536=PLANE('',#10384);
#537=PLANE('',#10385);
#538=PLANE('',#10386);
#539=PLANE('',#10387);
#540=PLANE('',#10389);
#541=PLANE('',#10392);
#542=PLANE('',#10393);
#543=PLANE('',#10394);
#544=PLANE('',#10397);
#545=PLANE('',#10399);
#546=PLANE('',#10406);
#547=PLANE('',#10408);
#548=PLANE('',#10412);
#549=PLANE('',#10419);
#550=PLANE('',#10423);
#551=PLANE('',#10426);
#552=PLANE('',#10427);
#553=PLANE('',#10429);
#554=PLANE('',#10431);
#555=PLANE('',#10433);
#556=PLANE('',#10437);
#557=PLANE('',#10439);
#558=PLANE('',#10450);
#559=PLANE('',#10454);
#560=PLANE('',#10456);
#561=PLANE('',#10458);
#562=PLANE('',#10459);
#563=PLANE('',#10460);
#564=PLANE('',#10461);
#565=PLANE('',#10462);
#566=PLANE('',#10466);
#567=PLANE('',#10467);
#568=PLANE('',#10469);
#569=PLANE('',#10470);
#570=PLANE('',#10473);
#571=PLANE('',#10478);
#572=PLANE('',#10480);
#573=PLANE('',#10481);
#574=PLANE('',#10482);
#575=PLANE('',#10483);
#576=PLANE('',#10487);
#577=PLANE('',#10488);
#578=PLANE('',#10489);
#579=PLANE('',#10490);
#580=PLANE('',#10491);
#581=PLANE('',#10497);
#582=PLANE('',#10498);
#583=PLANE('',#10499);
#584=PLANE('',#10500);
#585=PLANE('',#10501);
#586=PLANE('',#10502);
#587=PLANE('',#10503);
#588=PLANE('',#10504);
#589=PLANE('',#10505);
#590=PLANE('',#10506);
#591=PLANE('',#10507);
#592=PLANE('',#10508);
#593=PLANE('',#10509);
#594=PLANE('',#10510);
#595=PLANE('',#10516);
#596=PLANE('',#10517);
#597=PLANE('',#10518);
#598=PLANE('',#10519);
#599=PLANE('',#10520);
#600=PLANE('',#10521);
#601=PLANE('',#10522);
#602=PLANE('',#10523);
#603=PLANE('',#10524);
#604=PLANE('',#10525);
#605=PLANE('',#10526);
#606=PLANE('',#10527);
#607=PLANE('',#10528);
#608=PLANE('',#10534);
#609=PLANE('',#10535);
#610=PLANE('',#10536);
#611=PLANE('',#10537);
#612=PLANE('',#10538);
#613=PLANE('',#10539);
#614=PLANE('',#10540);
#615=PLANE('',#10541);
#616=PLANE('',#10542);
#617=PLANE('',#10543);
#618=PLANE('',#10544);
#619=PLANE('',#10545);
#620=PLANE('',#10553);
#621=PLANE('',#10554);
#622=PLANE('',#10555);
#623=PLANE('',#10556);
#624=PLANE('',#10557);
#625=PLANE('',#10558);
#626=PLANE('',#10559);
#627=PLANE('',#10560);
#628=PLANE('',#10561);
#629=PLANE('',#10562);
#630=PLANE('',#10572);
#631=PLANE('',#10578);
#632=PLANE('',#10580);
#633=PLANE('',#10583);
#634=PLANE('',#10588);
#635=PLANE('',#10589);
#636=PLANE('',#10590);
#637=PLANE('',#10593);
#638=PLANE('',#10595);
#639=PLANE('',#10597);
#640=PLANE('',#10599);
#641=PLANE('',#10601);
#642=PLANE('',#10603);
#643=PLANE('',#10605);
#644=PLANE('',#10607);
#645=PLANE('',#10609);
#646=PLANE('',#10612);
#647=PLANE('',#10614);
#648=PLANE('',#10616);
#649=PLANE('',#10669);
#650=PLANE('',#10670);
#651=PLANE('',#10671);
#652=PLANE('',#10672);
#653=PLANE('',#10673);
#654=PLANE('',#10674);
#655=PLANE('',#10675);
#656=PLANE('',#10676);
#657=PLANE('',#10677);
#658=PLANE('',#10678);
#659=PLANE('',#10679);
#660=PLANE('',#10680);
#661=PLANE('',#10681);
#662=PLANE('',#10682);
#663=PLANE('',#10683);
#664=PLANE('',#10684);
#665=PLANE('',#10685);
#666=PLANE('',#10687);
#667=PLANE('',#10689);
#668=PLANE('',#10690);
#669=PLANE('',#10691);
#670=PLANE('',#10693);
#671=PLANE('',#10695);
#672=PLANE('',#10696);
#673=PLANE('',#10697);
#674=PLANE('',#10699);
#675=PLANE('',#10701);
#676=PLANE('',#10702);
#677=PLANE('',#10703);
#678=PLANE('',#10705);
#679=PLANE('',#10707);
#680=PLANE('',#10708);
#681=PLANE('',#10710);
#682=PLANE('',#10711);
#683=PLANE('',#10712);
#684=PLANE('',#10724);
#685=PLANE('',#10725);
#686=PLANE('',#10726);
#687=PLANE('',#10727);
#688=PLANE('',#10728);
#689=PLANE('',#10729);
#690=PLANE('',#10730);
#691=PLANE('',#10731);
#692=PLANE('',#10732);
#693=PLANE('',#10733);
#694=PLANE('',#10734);
#695=PLANE('',#10735);
#696=PLANE('',#10736);
#697=PLANE('',#10737);
#698=PLANE('',#10738);
#699=PLANE('',#10739);
#700=PLANE('',#10740);
#701=PLANE('',#10742);
#702=PLANE('',#10744);
#703=PLANE('',#10745);
#704=PLANE('',#10746);
#705=PLANE('',#10748);
#706=PLANE('',#10750);
#707=PLANE('',#10751);
#708=PLANE('',#10752);
#709=PLANE('',#10754);
#710=PLANE('',#10756);
#711=PLANE('',#10757);
#712=PLANE('',#10758);
#713=PLANE('',#10760);
#714=PLANE('',#10762);
#715=PLANE('',#10763);
#716=PLANE('',#10765);
#717=PLANE('',#10766);
#718=PLANE('',#10767);
#719=PLANE('',#10779);
#720=PLANE('',#10780);
#721=PLANE('',#10781);
#722=PLANE('',#10784);
#723=PLANE('',#10785);
#724=PLANE('',#10816);
#725=PLANE('',#10817);
#726=PLANE('',#10818);
#727=PLANE('',#10821);
#728=PLANE('',#10822);
#729=PLANE('',#10853);
#730=PLANE('',#10854);
#731=PLANE('',#10855);
#732=PLANE('',#10858);
#733=PLANE('',#10859);
#734=PLANE('',#10890);
#735=PLANE('',#10891);
#736=PLANE('',#10892);
#737=PLANE('',#10893);
#738=PLANE('',#10924);
#739=PLANE('',#10925);
#740=PLANE('',#10926);
#741=PLANE('',#10927);
#742=CIRCLE('',#10088,0.5);
#743=CIRCLE('',#10089,0.5);
#744=CIRCLE('',#10091,0.9);
#745=CIRCLE('',#10092,0.9);
#746=CIRCLE('',#10094,0.9);
#747=CIRCLE('',#10095,0.9);
#748=CIRCLE('',#10097,0.9);
#749=CIRCLE('',#10098,0.9);
#750=CIRCLE('',#10100,0.9);
#751=CIRCLE('',#10101,0.9);
#752=CIRCLE('',#10103,0.9);
#753=CIRCLE('',#10104,0.9);
#754=CIRCLE('',#10133,0.5);
#755=CIRCLE('',#10134,0.5);
#756=CIRCLE('',#10135,0.5);
#757=CIRCLE('',#10136,0.5);
#758=CIRCLE('',#10137,2.3);
#759=CIRCLE('',#10138,4.);
#760=CIRCLE('',#10141,2.39999999998046);
#761=CIRCLE('',#10143,2.3999999999805);
#762=CIRCLE('',#10145,2.39999999998046);
#763=CIRCLE('',#10146,2.39999999998046);
#764=CIRCLE('',#10154,0.4);
#765=CIRCLE('',#10155,0.4);
#766=CIRCLE('',#10156,0.4);
#767=CIRCLE('',#10157,0.4);
#768=CIRCLE('',#10158,0.4);
#769=CIRCLE('',#10164,0.5);
#770=CIRCLE('',#10167,0.4);
#771=CIRCLE('',#10168,0.4);
#772=CIRCLE('',#10169,0.4);
#773=CIRCLE('',#10170,0.4);
#774=CIRCLE('',#10171,0.4);
#775=CIRCLE('',#10173,0.5);
#776=CIRCLE('',#10174,0.5);
#777=CIRCLE('',#10175,0.5);
#778=CIRCLE('',#10176,0.5);
#779=CIRCLE('',#10177,0.5);
#780=CIRCLE('',#10180,3.32500000000006);
#781=CIRCLE('',#10195,0.5);
#782=CIRCLE('',#10197,0.5);
#783=CIRCLE('',#10200,0.5);
#784=CIRCLE('',#10201,0.5);
#785=CIRCLE('',#10202,0.5);
#786=CIRCLE('',#10204,0.5);
#787=CIRCLE('',#10205,0.5);
#788=CIRCLE('',#10206,0.5);
#789=CIRCLE('',#10210,3.15421356237306);
#790=CIRCLE('',#10211,0.5);
#791=CIRCLE('',#10212,0.5);
#792=CIRCLE('',#10213,0.5);
#793=CIRCLE('',#10214,0.5);
#794=CIRCLE('',#10216,3.32500000000093);
#795=CIRCLE('',#10222,0.5);
#796=CIRCLE('',#10223,3.);
#797=CIRCLE('',#10224,0.5);
#798=CIRCLE('',#10227,0.5);
#799=CIRCLE('',#10228,0.5);
#800=CIRCLE('',#10229,0.5);
#801=CIRCLE('',#10231,0.5);
#802=CIRCLE('',#10232,0.5);
#803=CIRCLE('',#10233,0.5);
#804=CIRCLE('',#10234,2.39999999998046);
#805=CIRCLE('',#10235,0.5);
#806=CIRCLE('',#10242,0.5);
#807=CIRCLE('',#10243,0.5);
#808=CIRCLE('',#10246,0.5);
#809=CIRCLE('',#10247,0.5);
#810=CIRCLE('',#10248,0.5);
#811=CIRCLE('',#10249,0.5);
#812=CIRCLE('',#10250,2.39999999998052);
#813=CIRCLE('',#10252,5.7);
#814=CIRCLE('',#10253,3.325);
#815=CIRCLE('',#10256,0.5);
#816=CIRCLE('',#10258,2.3999999999805);
#817=CIRCLE('',#10260,2.39999999998046);
#818=CIRCLE('',#10264,0.4);
#819=CIRCLE('',#10265,0.4);
#820=CIRCLE('',#10266,0.4);
#821=CIRCLE('',#10267,0.4);
#822=CIRCLE('',#10268,0.4);
#823=CIRCLE('',#10271,2.3);
#824=CIRCLE('',#10272,0.5);
#825=CIRCLE('',#10273,3.15421356237306);
#826=CIRCLE('',#10275,2.24999999999993);
#827=CIRCLE('',#10276,2.24999999999105);
#828=CIRCLE('',#10277,2.24999999999994);
#829=CIRCLE('',#10279,2.24999999999992);
#830=CIRCLE('',#10281,2.24999999999994);
#831=CIRCLE('',#10287,0.5);
#832=CIRCLE('',#10288,0.5);
#833=CIRCLE('',#10289,2.39999999998046);
#834=CIRCLE('',#10292,2.39999999998046);
#835=CIRCLE('',#10300,2.39999999998052);
#836=CIRCLE('',#10302,2.39999999998046);
#837=CIRCLE('',#10303,2.39999999998046);
#838=CIRCLE('',#10306,2.39999999998046);
#839=CIRCLE('',#10308,2.39999999998052);
#840=CIRCLE('',#10312,0.5);
#841=CIRCLE('',#10313,0.5);
#842=CIRCLE('',#10317,0.5);
#843=CIRCLE('',#10318,0.5);
#844=CIRCLE('',#10320,0.5);
#845=CIRCLE('',#10321,0.5);
#846=CIRCLE('',#10329,0.5);
#847=CIRCLE('',#10331,0.5);
#848=CIRCLE('',#10333,0.5);
#849=CIRCLE('',#10336,5.34110704929203);
#850=CIRCLE('',#10337,3.96);
#851=CIRCLE('',#10338,3.96);
#852=CIRCLE('',#10340,4.24999999997729);
#853=CIRCLE('',#10342,0.5);
#854=CIRCLE('',#10343,0.5);
#855=CIRCLE('',#10345,3.32499999999991);
#856=CIRCLE('',#10347,5.61267811418298);
#857=CIRCLE('',#10350,0.5);
#858=CIRCLE('',#10353,0.9);
#859=CIRCLE('',#10354,0.9);
#860=CIRCLE('',#10355,0.9);
#861=CIRCLE('',#10356,0.9);
#862=CIRCLE('',#10357,0.5);
#863=CIRCLE('',#10360,0.5);
#864=CIRCLE('',#10369,4.00000000000061);
#865=CIRCLE('',#10370,2.29999999999978);
#866=CIRCLE('',#10380,1.00000000009079);
#867=CIRCLE('',#10381,1.00000000009079);
#868=CIRCLE('',#10391,4.00000000035659);
#869=CIRCLE('',#10404,4.00000000000019);
#870=CIRCLE('',#10405,3.50000000000018);
#871=CIRCLE('',#10410,1.49999999999998);
#872=CIRCLE('',#10411,0.999999999999917);
#873=CIRCLE('',#10414,3.99999999999849);
#874=CIRCLE('',#10415,4.50000000348543);
#875=CIRCLE('',#10428,1.74999999998046);
#876=CIRCLE('',#10430,1.74999999998046);
#877=CIRCLE('',#10432,1.74999999998046);
#878=CIRCLE('',#10434,2.63999999999999);
#879=CIRCLE('',#10435,3.32499999999995);
#880=CIRCLE('',#10436,1.49999999999998);
#881=CIRCLE('',#10440,2.64);
#882=CIRCLE('',#10441,1.74999999998046);
#883=CIRCLE('',#10442,1.74999999998046);
#884=CIRCLE('',#10443,1.74999999998046);
#885=CIRCLE('',#10444,3.32500000000025);
#886=CIRCLE('',#10445,3.32500000000007);
#887=CIRCLE('',#10446,3.32500000000005);
#888=CIRCLE('',#10465,1.0000000035399);
#889=CIRCLE('',#10468,0.5);
#890=CIRCLE('',#10479,1.0000000035399);
#891=CIRCLE('',#10492,0.5);
#892=CIRCLE('',#10493,0.5);
#893=CIRCLE('',#10494,0.5);
#894=CIRCLE('',#10495,0.5);
#895=CIRCLE('',#10496,0.5);
#896=CIRCLE('',#10511,1.3999999999999);
#897=CIRCLE('',#10513,1.39999999999992);
#898=CIRCLE('',#10515,2.64000000000001);
#899=CIRCLE('',#10529,0.4);
#900=CIRCLE('',#10530,0.4);
#901=CIRCLE('',#10531,0.4);
#902=CIRCLE('',#10532,0.4);
#903=CIRCLE('',#10533,0.4);
#904=CIRCLE('',#10548,1.39999999999992);
#905=CIRCLE('',#10549,1.39999999999993);
#906=CIRCLE('',#10551,2.63999999999999);
#907=CIRCLE('',#10575,4.41098078478903);
#908=CIRCLE('',#10576,4.41098078478903);
#909=CIRCLE('',#10579,0.5);
#910=CIRCLE('',#10582,3.);
#911=CIRCLE('',#10585,0.5);
#912=CIRCLE('',#10586,0.5);
#913=CIRCLE('',#10587,0.5);
#914=CIRCLE('',#10635,0.5);
#915=CIRCLE('',#10636,0.5);
#916=CIRCLE('',#10638,0.5);
#917=CIRCLE('',#10645,0.5);
#918=CIRCLE('',#10646,0.5);
#919=CIRCLE('',#10648,0.5);
#920=CIRCLE('',#10649,0.5);
#921=CIRCLE('',#10650,0.5);
#922=CIRCLE('',#10651,0.5);
#923=CIRCLE('',#10652,0.5);
#924=CIRCLE('',#10653,0.5);
#925=CIRCLE('',#10654,0.5);
#926=CIRCLE('',#10656,0.5);
#927=CIRCLE('',#10668,0.5);
#928=CIRCLE('',#10782,0.9);
#929=CIRCLE('',#10783,0.9);
#930=CIRCLE('',#10787,0.5);
#931=CIRCLE('',#10788,0.5);
#932=CIRCLE('',#10790,0.5);
#933=CIRCLE('',#10791,0.5);
#934=CIRCLE('',#10793,0.5);
#935=CIRCLE('',#10794,0.5);
#936=CIRCLE('',#10796,0.5);
#937=CIRCLE('',#10797,0.5);
#938=CIRCLE('',#10799,0.5);
#939=CIRCLE('',#10801,0.5);
#940=CIRCLE('',#10803,0.5);
#941=CIRCLE('',#10805,0.5);
#942=CIRCLE('',#10808,0.5);
#943=CIRCLE('',#10810,0.5);
#944=CIRCLE('',#10812,0.5);
#945=CIRCLE('',#10814,0.5);
#946=CIRCLE('',#10819,0.9);
#947=CIRCLE('',#10820,0.9);
#948=CIRCLE('',#10824,0.5);
#949=CIRCLE('',#10825,0.5);
#950=CIRCLE('',#10827,0.5);
#951=CIRCLE('',#10828,0.5);
#952=CIRCLE('',#10830,0.5);
#953=CIRCLE('',#10831,0.5);
#954=CIRCLE('',#10833,0.5);
#955=CIRCLE('',#10834,0.5);
#956=CIRCLE('',#10836,0.5);
#957=CIRCLE('',#10838,0.5);
#958=CIRCLE('',#10840,0.5);
#959=CIRCLE('',#10842,0.5);
#960=CIRCLE('',#10845,0.5);
#961=CIRCLE('',#10847,0.5);
#962=CIRCLE('',#10849,0.5);
#963=CIRCLE('',#10851,0.5);
#964=CIRCLE('',#10856,0.9);
#965=CIRCLE('',#10857,0.9);
#966=CIRCLE('',#10861,0.5);
#967=CIRCLE('',#10862,0.5);
#968=CIRCLE('',#10864,0.5);
#969=CIRCLE('',#10865,0.5);
#970=CIRCLE('',#10867,0.5);
#971=CIRCLE('',#10868,0.5);
#972=CIRCLE('',#10870,0.5);
#973=CIRCLE('',#10871,0.5);
#974=CIRCLE('',#10873,0.5);
#975=CIRCLE('',#10875,0.5);
#976=CIRCLE('',#10877,0.5);
#977=CIRCLE('',#10879,0.5);
#978=CIRCLE('',#10882,0.5);
#979=CIRCLE('',#10884,0.5);
#980=CIRCLE('',#10886,0.5);
#981=CIRCLE('',#10888,0.5);
#982=CIRCLE('',#10895,0.5);
#983=CIRCLE('',#10896,0.5);
#984=CIRCLE('',#10898,0.5);
#985=CIRCLE('',#10899,0.5);
#986=CIRCLE('',#10901,0.5);
#987=CIRCLE('',#10902,0.5);
#988=CIRCLE('',#10904,0.5);
#989=CIRCLE('',#10905,0.5);
#990=CIRCLE('',#10907,0.5);
#991=CIRCLE('',#10909,0.5);
#992=CIRCLE('',#10911,0.5);
#993=CIRCLE('',#10913,0.5);
#994=CIRCLE('',#10916,0.5);
#995=CIRCLE('',#10918,0.5);
#996=CIRCLE('',#10920,0.5);
#997=CIRCLE('',#10922,0.5);
#998=CIRCLE('',#10929,0.5);
#999=CIRCLE('',#10930,0.5);
#1000=CIRCLE('',#10932,0.5);
#1001=CIRCLE('',#10933,0.5);
#1002=CIRCLE('',#10935,0.5);
#1003=CIRCLE('',#10936,0.5);
#1004=CIRCLE('',#10938,0.5);
#1005=CIRCLE('',#10939,0.5);
#1006=CIRCLE('',#10941,0.5);
#1007=CIRCLE('',#10943,0.5);
#1008=CIRCLE('',#10945,0.5);
#1009=CIRCLE('',#10947,0.5);
#1010=CIRCLE('',#10950,0.5);
#1011=CIRCLE('',#10952,0.5);
#1012=CIRCLE('',#10954,0.5);
#1013=CIRCLE('',#10956,0.5);
#1014=CIRCLE('',#10961,0.5);
#1015=CIRCLE('',#10963,0.5);
#1016=CIRCLE('',#10968,0.5);
#1017=CIRCLE('',#10970,0.5);
#1018=CIRCLE('',#10974,0.4);
#1019=CIRCLE('',#10976,0.4);
#1020=CIRCLE('',#10978,0.4);
#1021=CIRCLE('',#10980,0.4);
#1022=CIRCLE('',#10982,0.4);
#1023=CIRCLE('',#10983,0.4);
#1024=CIRCLE('',#10987,0.4);
#1025=CIRCLE('',#10989,0.4);
#1026=CIRCLE('',#10990,0.4);
#1027=CIRCLE('',#10991,0.4);
#1028=CIRCLE('',#10994,0.4);
#1029=CIRCLE('',#10997,0.4);
#1030=CIRCLE('',#10999,0.4);
#1031=CIRCLE('',#11001,0.4);
#1032=CIRCLE('',#11002,0.4);
#1033=CIRCLE('',#11003,0.4);
#1034=CIRCLE('',#11006,0.4);
#1035=CIRCLE('',#11009,0.4);
#1036=CIRCLE('',#11011,0.4);
#1037=CIRCLE('',#11012,0.4);
#1038=CIRCLE('',#11014,0.4);
#1039=CIRCLE('',#11016,0.4);
#1040=CIRCLE('',#11018,0.4);
#1041=CIRCLE('',#11020,0.4);
#1042=CIRCLE('',#11021,0.4);
#1043=CIRCLE('',#11024,0.4);
#1044=CIRCLE('',#11026,0.4);
#1045=CIRCLE('',#11028,0.4);
#1046=CIRCLE('',#11030,0.4);
#1047=CIRCLE('',#11032,0.4);
#1048=CIRCLE('',#11033,0.4);
#1049=CIRCLE('',#11034,0.4);
#1050=CIRCLE('',#11037,0.4);
#1051=CIRCLE('',#11040,0.4);
#1052=ORIENTED_EDGE('',*,*,#4000,.F.);
#1053=ORIENTED_EDGE('',*,*,#4001,.T.);
#1054=ORIENTED_EDGE('',*,*,#4002,.F.);
#1055=ORIENTED_EDGE('',*,*,#4003,.F.);
#1056=ORIENTED_EDGE('',*,*,#4004,.T.);
#1057=ORIENTED_EDGE('',*,*,#4005,.T.);
#1058=ORIENTED_EDGE('',*,*,#4006,.T.);
#1059=ORIENTED_EDGE('',*,*,#4007,.T.);
#1060=ORIENTED_EDGE('',*,*,#4008,.T.);
#1061=ORIENTED_EDGE('',*,*,#4009,.T.);
#1062=ORIENTED_EDGE('',*,*,#4010,.T.);
#1063=ORIENTED_EDGE('',*,*,#4011,.T.);
#1064=ORIENTED_EDGE('',*,*,#4012,.T.);
#1065=ORIENTED_EDGE('',*,*,#4013,.T.);
#1066=ORIENTED_EDGE('',*,*,#4014,.T.);
#1067=ORIENTED_EDGE('',*,*,#4015,.T.);
#1068=ORIENTED_EDGE('',*,*,#4016,.T.);
#1069=ORIENTED_EDGE('',*,*,#4017,.T.);
#1070=ORIENTED_EDGE('',*,*,#4018,.T.);
#1071=ORIENTED_EDGE('',*,*,#4019,.F.);
#1072=ORIENTED_EDGE('',*,*,#4020,.T.);
#1073=ORIENTED_EDGE('',*,*,#4021,.T.);
#1074=ORIENTED_EDGE('',*,*,#4022,.T.);
#1075=ORIENTED_EDGE('',*,*,#4023,.F.);
#1076=ORIENTED_EDGE('',*,*,#4024,.T.);
#1077=ORIENTED_EDGE('',*,*,#4025,.T.);
#1078=ORIENTED_EDGE('',*,*,#4026,.T.);
#1079=ORIENTED_EDGE('',*,*,#4027,.T.);
#1080=ORIENTED_EDGE('',*,*,#4028,.T.);
#1081=ORIENTED_EDGE('',*,*,#4029,.T.);
#1082=ORIENTED_EDGE('',*,*,#4030,.T.);
#1083=ORIENTED_EDGE('',*,*,#4023,.T.);
#1084=ORIENTED_EDGE('',*,*,#4031,.T.);
#1085=ORIENTED_EDGE('',*,*,#4032,.T.);
#1086=ORIENTED_EDGE('',*,*,#4033,.T.);
#1087=ORIENTED_EDGE('',*,*,#4034,.T.);
#1088=ORIENTED_EDGE('',*,*,#4035,.T.);
#1089=ORIENTED_EDGE('',*,*,#4019,.T.);
#1090=ORIENTED_EDGE('',*,*,#4036,.T.);
#1091=ORIENTED_EDGE('',*,*,#4037,.T.);
#1092=ORIENTED_EDGE('',*,*,#4038,.T.);
#1093=ORIENTED_EDGE('',*,*,#4039,.T.);
#1094=ORIENTED_EDGE('',*,*,#4040,.T.);
#1095=ORIENTED_EDGE('',*,*,#4041,.T.);
#1096=ORIENTED_EDGE('',*,*,#4042,.T.);
#1097=ORIENTED_EDGE('',*,*,#4043,.T.);
#1098=ORIENTED_EDGE('',*,*,#4044,.T.);
#1099=ORIENTED_EDGE('',*,*,#4045,.T.);
#1100=ORIENTED_EDGE('',*,*,#4046,.T.);
#1101=ORIENTED_EDGE('',*,*,#4047,.T.);
#1102=ORIENTED_EDGE('',*,*,#4048,.T.);
#1103=ORIENTED_EDGE('',*,*,#4049,.T.);
#1104=ORIENTED_EDGE('',*,*,#4050,.T.);
#1105=ORIENTED_EDGE('',*,*,#4051,.T.);
#1106=ORIENTED_EDGE('',*,*,#4052,.T.);
#1107=ORIENTED_EDGE('',*,*,#4053,.T.);
#1108=ORIENTED_EDGE('',*,*,#4054,.T.);
#1109=ORIENTED_EDGE('',*,*,#4055,.T.);
#1110=ORIENTED_EDGE('',*,*,#4056,.T.);
#1111=ORIENTED_EDGE('',*,*,#4057,.T.);
#1112=ORIENTED_EDGE('',*,*,#4058,.T.);
#1113=ORIENTED_EDGE('',*,*,#4059,.T.);
#1114=ORIENTED_EDGE('',*,*,#4060,.T.);
#1115=ORIENTED_EDGE('',*,*,#4061,.T.);
#1116=ORIENTED_EDGE('',*,*,#4062,.T.);
#1117=ORIENTED_EDGE('',*,*,#4063,.T.);
#1118=ORIENTED_EDGE('',*,*,#4064,.T.);
#1119=ORIENTED_EDGE('',*,*,#4065,.T.);
#1120=ORIENTED_EDGE('',*,*,#4066,.T.);
#1121=ORIENTED_EDGE('',*,*,#4067,.T.);
#1122=ORIENTED_EDGE('',*,*,#4068,.F.);
#1123=ORIENTED_EDGE('',*,*,#4069,.T.);
#1124=ORIENTED_EDGE('',*,*,#4070,.T.);
#1125=ORIENTED_EDGE('',*,*,#4071,.T.);
#1126=ORIENTED_EDGE('',*,*,#4072,.T.);
#1127=ORIENTED_EDGE('',*,*,#4073,.T.);
#1128=ORIENTED_EDGE('',*,*,#4074,.T.);
#1129=ORIENTED_EDGE('',*,*,#4075,.T.);
#1130=ORIENTED_EDGE('',*,*,#4076,.T.);
#1131=ORIENTED_EDGE('',*,*,#4077,.T.);
#1132=ORIENTED_EDGE('',*,*,#4078,.T.);
#1133=ORIENTED_EDGE('',*,*,#4079,.T.);
#1134=ORIENTED_EDGE('',*,*,#4080,.T.);
#1135=ORIENTED_EDGE('',*,*,#4081,.T.);
#1136=ORIENTED_EDGE('',*,*,#4082,.T.);
#1137=ORIENTED_EDGE('',*,*,#4083,.T.);
#1138=ORIENTED_EDGE('',*,*,#4043,.F.);
#1139=ORIENTED_EDGE('',*,*,#4084,.T.);
#1140=ORIENTED_EDGE('',*,*,#4085,.T.);
#1141=ORIENTED_EDGE('',*,*,#4086,.T.);
#1142=ORIENTED_EDGE('',*,*,#4087,.F.);
#1143=ORIENTED_EDGE('',*,*,#4088,.T.);
#1144=ORIENTED_EDGE('',*,*,#4089,.T.);
#1145=ORIENTED_EDGE('',*,*,#4090,.T.);
#1146=ORIENTED_EDGE('',*,*,#4091,.T.);
#1147=ORIENTED_EDGE('',*,*,#4092,.T.);
#1148=ORIENTED_EDGE('',*,*,#4093,.T.);
#1149=ORIENTED_EDGE('',*,*,#4094,.T.);
#1150=ORIENTED_EDGE('',*,*,#4095,.T.);
#1151=ORIENTED_EDGE('',*,*,#4096,.T.);
#1152=ORIENTED_EDGE('',*,*,#4097,.T.);
#1153=ORIENTED_EDGE('',*,*,#4098,.T.);
#1154=ORIENTED_EDGE('',*,*,#4099,.T.);
#1155=ORIENTED_EDGE('',*,*,#4100,.T.);
#1156=ORIENTED_EDGE('',*,*,#4101,.T.);
#1157=ORIENTED_EDGE('',*,*,#4102,.T.);
#1158=ORIENTED_EDGE('',*,*,#4103,.T.);
#1159=ORIENTED_EDGE('',*,*,#4104,.T.);
#1160=ORIENTED_EDGE('',*,*,#4105,.T.);
#1161=ORIENTED_EDGE('',*,*,#4106,.T.);
#1162=ORIENTED_EDGE('',*,*,#4107,.T.);
#1163=ORIENTED_EDGE('',*,*,#4016,.F.);
#1164=ORIENTED_EDGE('',*,*,#4108,.T.);
#1165=ORIENTED_EDGE('',*,*,#4109,.T.);
#1166=ORIENTED_EDGE('',*,*,#4110,.T.);
#1167=ORIENTED_EDGE('',*,*,#4111,.T.);
#1168=ORIENTED_EDGE('',*,*,#4112,.T.);
#1169=ORIENTED_EDGE('',*,*,#4113,.T.);
#1170=ORIENTED_EDGE('',*,*,#4114,.T.);
#1171=ORIENTED_EDGE('',*,*,#4115,.F.);
#1172=ORIENTED_EDGE('',*,*,#4116,.T.);
#1173=ORIENTED_EDGE('',*,*,#4117,.T.);
#1174=ORIENTED_EDGE('',*,*,#4118,.T.);
#1175=ORIENTED_EDGE('',*,*,#4119,.T.);
#1176=ORIENTED_EDGE('',*,*,#4120,.T.);
#1177=ORIENTED_EDGE('',*,*,#4121,.T.);
#1178=ORIENTED_EDGE('',*,*,#4122,.T.);
#1179=ORIENTED_EDGE('',*,*,#4010,.F.);
#1180=ORIENTED_EDGE('',*,*,#4123,.T.);
#1181=ORIENTED_EDGE('',*,*,#4124,.T.);
#1182=ORIENTED_EDGE('',*,*,#4125,.T.);
#1183=ORIENTED_EDGE('',*,*,#4087,.T.);
#1184=ORIENTED_EDGE('',*,*,#4126,.T.);
#1185=ORIENTED_EDGE('',*,*,#4051,.F.);
#1186=ORIENTED_EDGE('',*,*,#4127,.T.);
#1187=ORIENTED_EDGE('',*,*,#4128,.T.);
#1188=ORIENTED_EDGE('',*,*,#4129,.T.);
#1189=ORIENTED_EDGE('',*,*,#4119,.F.);
#1190=ORIENTED_EDGE('',*,*,#4130,.T.);
#1191=ORIENTED_EDGE('',*,*,#4131,.T.);
#1192=ORIENTED_EDGE('',*,*,#4132,.T.);
#1193=ORIENTED_EDGE('',*,*,#4059,.F.);
#1194=ORIENTED_EDGE('',*,*,#4133,.T.);
#1195=ORIENTED_EDGE('',*,*,#4134,.T.);
#1196=ORIENTED_EDGE('',*,*,#4135,.T.);
#1197=ORIENTED_EDGE('',*,*,#4111,.F.);
#1198=ORIENTED_EDGE('',*,*,#4136,.T.);
#1199=ORIENTED_EDGE('',*,*,#4137,.T.);
#1200=ORIENTED_EDGE('',*,*,#4138,.T.);
#1201=ORIENTED_EDGE('',*,*,#4067,.F.);
#1202=ORIENTED_EDGE('',*,*,#4139,.T.);
#1203=ORIENTED_EDGE('',*,*,#4140,.T.);
#1204=ORIENTED_EDGE('',*,*,#4141,.T.);
#1205=ORIENTED_EDGE('',*,*,#4104,.F.);
#1206=ORIENTED_EDGE('',*,*,#4142,.T.);
#1207=ORIENTED_EDGE('',*,*,#4143,.T.);
#1208=ORIENTED_EDGE('',*,*,#4144,.T.);
#1209=ORIENTED_EDGE('',*,*,#4145,.T.);
#1210=ORIENTED_EDGE('',*,*,#4146,.F.);
#1211=ORIENTED_EDGE('',*,*,#4147,.F.);
#1212=ORIENTED_EDGE('',*,*,#4148,.T.);
#1213=ORIENTED_EDGE('',*,*,#4149,.T.);
#1214=ORIENTED_EDGE('',*,*,#4150,.T.);
#1215=ORIENTED_EDGE('',*,*,#4151,.T.);
#1216=ORIENTED_EDGE('',*,*,#4152,.F.);
#1217=ORIENTED_EDGE('',*,*,#4153,.F.);
#1218=ORIENTED_EDGE('',*,*,#4154,.T.);
#1219=ORIENTED_EDGE('',*,*,#4155,.F.);
#1220=ORIENTED_EDGE('',*,*,#4156,.T.);
#1221=ORIENTED_EDGE('',*,*,#4157,.F.);
#1222=ORIENTED_EDGE('',*,*,#4158,.T.);
#1223=ORIENTED_EDGE('',*,*,#4159,.T.);
#1224=ORIENTED_EDGE('',*,*,#4160,.F.);
#1225=ORIENTED_EDGE('',*,*,#4161,.T.);
#1226=ORIENTED_EDGE('',*,*,#4162,.T.);
#1227=ORIENTED_EDGE('',*,*,#4163,.F.);
#1228=ORIENTED_EDGE('',*,*,#4000,.T.);
#1229=ORIENTED_EDGE('',*,*,#4164,.T.);
#1230=ORIENTED_EDGE('',*,*,#4165,.T.);
#1231=ORIENTED_EDGE('',*,*,#4166,.T.);
#1232=ORIENTED_EDGE('',*,*,#4167,.T.);
#1233=ORIENTED_EDGE('',*,*,#4168,.T.);
#1234=ORIENTED_EDGE('',*,*,#4169,.T.);
#1235=ORIENTED_EDGE('',*,*,#4170,.T.);
#1236=ORIENTED_EDGE('',*,*,#4171,.T.);
#1237=ORIENTED_EDGE('',*,*,#4172,.T.);
#1238=ORIENTED_EDGE('',*,*,#4173,.T.);
#1239=ORIENTED_EDGE('',*,*,#4174,.T.);
#1240=ORIENTED_EDGE('',*,*,#4175,.T.);
#1241=ORIENTED_EDGE('',*,*,#4176,.T.);
#1242=ORIENTED_EDGE('',*,*,#4177,.T.);
#1243=ORIENTED_EDGE('',*,*,#4178,.T.);
#1244=ORIENTED_EDGE('',*,*,#4179,.T.);
#1245=ORIENTED_EDGE('',*,*,#4180,.T.);
#1246=ORIENTED_EDGE('',*,*,#4181,.T.);
#1247=ORIENTED_EDGE('',*,*,#4143,.F.);
#1248=ORIENTED_EDGE('',*,*,#4182,.T.);
#1249=ORIENTED_EDGE('',*,*,#4183,.T.);
#1250=ORIENTED_EDGE('',*,*,#4184,.T.);
#1251=ORIENTED_EDGE('',*,*,#4185,.T.);
#1252=ORIENTED_EDGE('',*,*,#4186,.F.);
#1253=ORIENTED_EDGE('',*,*,#4187,.T.);
#1254=ORIENTED_EDGE('',*,*,#4188,.T.);
#1255=ORIENTED_EDGE('',*,*,#4189,.T.);
#1256=ORIENTED_EDGE('',*,*,#4190,.F.);
#1257=ORIENTED_EDGE('',*,*,#4191,.T.);
#1258=ORIENTED_EDGE('',*,*,#4192,.T.);
#1259=ORIENTED_EDGE('',*,*,#4193,.F.);
#1260=ORIENTED_EDGE('',*,*,#4194,.T.);
#1261=ORIENTED_EDGE('',*,*,#4195,.T.);
#1262=ORIENTED_EDGE('',*,*,#4196,.T.);
#1263=ORIENTED_EDGE('',*,*,#4197,.T.);
#1264=ORIENTED_EDGE('',*,*,#4198,.T.);
#1265=ORIENTED_EDGE('',*,*,#4168,.F.);
#1266=ORIENTED_EDGE('',*,*,#4199,.T.);
#1267=ORIENTED_EDGE('',*,*,#4200,.T.);
#1268=ORIENTED_EDGE('',*,*,#4201,.T.);
#1269=ORIENTED_EDGE('',*,*,#4202,.T.);
#1270=ORIENTED_EDGE('',*,*,#4203,.T.);
#1271=ORIENTED_EDGE('',*,*,#4172,.F.);
#1272=ORIENTED_EDGE('',*,*,#4204,.T.);
#1273=ORIENTED_EDGE('',*,*,#4205,.T.);
#1274=ORIENTED_EDGE('',*,*,#4206,.T.);
#1275=ORIENTED_EDGE('',*,*,#4207,.T.);
#1276=ORIENTED_EDGE('',*,*,#4208,.T.);
#1277=ORIENTED_EDGE('',*,*,#4176,.F.);
#1278=ORIENTED_EDGE('',*,*,#4209,.T.);
#1279=ORIENTED_EDGE('',*,*,#4210,.T.);
#1280=ORIENTED_EDGE('',*,*,#4211,.T.);
#1281=ORIENTED_EDGE('',*,*,#4212,.T.);
#1282=ORIENTED_EDGE('',*,*,#4213,.T.);
#1283=ORIENTED_EDGE('',*,*,#4180,.F.);
#1284=ORIENTED_EDGE('',*,*,#4214,.T.);
#1285=ORIENTED_EDGE('',*,*,#4215,.T.);
#1286=ORIENTED_EDGE('',*,*,#4216,.T.);
#1287=ORIENTED_EDGE('',*,*,#4217,.T.);
#1288=ORIENTED_EDGE('',*,*,#4218,.T.);
#1289=ORIENTED_EDGE('',*,*,#4219,.T.);
#1290=ORIENTED_EDGE('',*,*,#4220,.T.);
#1291=ORIENTED_EDGE('',*,*,#4221,.T.);
#1292=ORIENTED_EDGE('',*,*,#4222,.T.);
#1293=ORIENTED_EDGE('',*,*,#4223,.T.);
#1294=ORIENTED_EDGE('',*,*,#4224,.T.);
#1295=ORIENTED_EDGE('',*,*,#4225,.T.);
#1296=ORIENTED_EDGE('',*,*,#4226,.T.);
#1297=ORIENTED_EDGE('',*,*,#4227,.T.);
#1298=ORIENTED_EDGE('',*,*,#4228,.T.);
#1299=ORIENTED_EDGE('',*,*,#4229,.T.);
#1300=ORIENTED_EDGE('',*,*,#4230,.T.);
#1301=ORIENTED_EDGE('',*,*,#4231,.T.);
#1302=ORIENTED_EDGE('',*,*,#4232,.T.);
#1303=ORIENTED_EDGE('',*,*,#4233,.T.);
#1304=ORIENTED_EDGE('',*,*,#4234,.T.);
#1305=ORIENTED_EDGE('',*,*,#4235,.T.);
#1306=ORIENTED_EDGE('',*,*,#4236,.T.);
#1307=ORIENTED_EDGE('',*,*,#4193,.T.);
#1308=ORIENTED_EDGE('',*,*,#4237,.T.);
#1309=ORIENTED_EDGE('',*,*,#4238,.T.);
#1310=ORIENTED_EDGE('',*,*,#4149,.F.);
#1311=ORIENTED_EDGE('',*,*,#4239,.T.);
#1312=ORIENTED_EDGE('',*,*,#4240,.T.);
#1313=ORIENTED_EDGE('',*,*,#4241,.T.);
#1314=ORIENTED_EDGE('',*,*,#4242,.T.);
#1315=ORIENTED_EDGE('',*,*,#4243,.F.);
#1316=ORIENTED_EDGE('',*,*,#4244,.T.);
#1317=ORIENTED_EDGE('',*,*,#4245,.T.);
#1318=ORIENTED_EDGE('',*,*,#4246,.T.);
#1319=ORIENTED_EDGE('',*,*,#4247,.F.);
#1320=ORIENTED_EDGE('',*,*,#4248,.T.);
#1321=ORIENTED_EDGE('',*,*,#4249,.T.);
#1322=ORIENTED_EDGE('',*,*,#4250,.F.);
#1323=ORIENTED_EDGE('',*,*,#4251,.T.);
#1324=ORIENTED_EDGE('',*,*,#4252,.T.);
#1325=ORIENTED_EDGE('',*,*,#4253,.T.);
#1326=ORIENTED_EDGE('',*,*,#4254,.T.);
#1327=ORIENTED_EDGE('',*,*,#4255,.T.);
#1328=ORIENTED_EDGE('',*,*,#4221,.F.);
#1329=ORIENTED_EDGE('',*,*,#4256,.T.);
#1330=ORIENTED_EDGE('',*,*,#4257,.T.);
#1331=ORIENTED_EDGE('',*,*,#4258,.T.);
#1332=ORIENTED_EDGE('',*,*,#4259,.T.);
#1333=ORIENTED_EDGE('',*,*,#4260,.T.);
#1334=ORIENTED_EDGE('',*,*,#4225,.F.);
#1335=ORIENTED_EDGE('',*,*,#4261,.T.);
#1336=ORIENTED_EDGE('',*,*,#4262,.T.);
#1337=ORIENTED_EDGE('',*,*,#4263,.T.);
#1338=ORIENTED_EDGE('',*,*,#4264,.T.);
#1339=ORIENTED_EDGE('',*,*,#4265,.T.);
#1340=ORIENTED_EDGE('',*,*,#4229,.F.);
#1341=ORIENTED_EDGE('',*,*,#4266,.T.);
#1342=ORIENTED_EDGE('',*,*,#4267,.T.);
#1343=ORIENTED_EDGE('',*,*,#4268,.T.);
#1344=ORIENTED_EDGE('',*,*,#4269,.T.);
#1345=ORIENTED_EDGE('',*,*,#4270,.T.);
#1346=ORIENTED_EDGE('',*,*,#4233,.F.);
#1347=ORIENTED_EDGE('',*,*,#4271,.T.);
#1348=ORIENTED_EDGE('',*,*,#4272,.T.);
#1349=ORIENTED_EDGE('',*,*,#4273,.T.);
#1350=ORIENTED_EDGE('',*,*,#4274,.T.);
#1351=ORIENTED_EDGE('',*,*,#4275,.T.);
#1352=ORIENTED_EDGE('',*,*,#4246,.F.);
#1353=ORIENTED_EDGE('',*,*,#4276,.T.);
#1354=ORIENTED_EDGE('',*,*,#4277,.F.);
#1355=ORIENTED_EDGE('',*,*,#4278,.T.);
#1356=ORIENTED_EDGE('',*,*,#4279,.F.);
#1357=ORIENTED_EDGE('',*,*,#4280,.T.);
#1358=ORIENTED_EDGE('',*,*,#4281,.F.);
#1359=ORIENTED_EDGE('',*,*,#4282,.F.);
#1360=ORIENTED_EDGE('',*,*,#4283,.F.);
#1361=ORIENTED_EDGE('',*,*,#4284,.F.);
#1362=ORIENTED_EDGE('',*,*,#4285,.F.);
#1363=ORIENTED_EDGE('',*,*,#4242,.F.);
#1364=ORIENTED_EDGE('',*,*,#4286,.F.);
#1365=ORIENTED_EDGE('',*,*,#4287,.F.);
#1366=ORIENTED_EDGE('',*,*,#4288,.F.);
#1367=ORIENTED_EDGE('',*,*,#4289,.F.);
#1368=ORIENTED_EDGE('',*,*,#4290,.F.);
#1369=ORIENTED_EDGE('',*,*,#4291,.T.);
#1370=ORIENTED_EDGE('',*,*,#4292,.F.);
#1371=ORIENTED_EDGE('',*,*,#4293,.T.);
#1372=ORIENTED_EDGE('',*,*,#4294,.F.);
#1373=ORIENTED_EDGE('',*,*,#4295,.T.);
#1374=ORIENTED_EDGE('',*,*,#4296,.T.);
#1375=ORIENTED_EDGE('',*,*,#4297,.T.);
#1376=ORIENTED_EDGE('',*,*,#4162,.F.);
#1377=ORIENTED_EDGE('',*,*,#4298,.T.);
#1378=ORIENTED_EDGE('',*,*,#4299,.T.);
#1379=ORIENTED_EDGE('',*,*,#4300,.T.);
#1380=ORIENTED_EDGE('',*,*,#4301,.F.);
#1381=ORIENTED_EDGE('',*,*,#4302,.F.);
#1382=ORIENTED_EDGE('',*,*,#4303,.T.);
#1383=ORIENTED_EDGE('',*,*,#4304,.F.);
#1384=ORIENTED_EDGE('',*,*,#4153,.T.);
#1385=ORIENTED_EDGE('',*,*,#4305,.T.);
#1386=ORIENTED_EDGE('',*,*,#4306,.T.);
#1387=ORIENTED_EDGE('',*,*,#4307,.T.);
#1388=ORIENTED_EDGE('',*,*,#4308,.T.);
#1389=ORIENTED_EDGE('',*,*,#4309,.T.);
#1390=ORIENTED_EDGE('',*,*,#4310,.T.);
#1391=ORIENTED_EDGE('',*,*,#4311,.T.);
#1392=ORIENTED_EDGE('',*,*,#4312,.T.);
#1393=ORIENTED_EDGE('',*,*,#4313,.T.);
#1394=ORIENTED_EDGE('',*,*,#4314,.T.);
#1395=ORIENTED_EDGE('',*,*,#4315,.T.);
#1396=ORIENTED_EDGE('',*,*,#4238,.F.);
#1397=ORIENTED_EDGE('',*,*,#4316,.T.);
#1398=ORIENTED_EDGE('',*,*,#4317,.T.);
#1399=ORIENTED_EDGE('',*,*,#4318,.T.);
#1400=ORIENTED_EDGE('',*,*,#4319,.F.);
#1401=ORIENTED_EDGE('',*,*,#4320,.T.);
#1402=ORIENTED_EDGE('',*,*,#4321,.T.);
#1403=ORIENTED_EDGE('',*,*,#4322,.F.);
#1404=ORIENTED_EDGE('',*,*,#4323,.F.);
#1405=ORIENTED_EDGE('',*,*,#4324,.T.);
#1406=ORIENTED_EDGE('',*,*,#4325,.T.);
#1407=ORIENTED_EDGE('',*,*,#4326,.F.);
#1408=ORIENTED_EDGE('',*,*,#4327,.T.);
#1409=ORIENTED_EDGE('',*,*,#4328,.T.);
#1410=ORIENTED_EDGE('',*,*,#4329,.F.);
#1411=ORIENTED_EDGE('',*,*,#4330,.T.);
#1412=ORIENTED_EDGE('',*,*,#4331,.F.);
#1413=ORIENTED_EDGE('',*,*,#4332,.F.);
#1414=ORIENTED_EDGE('',*,*,#4333,.T.);
#1415=ORIENTED_EDGE('',*,*,#4247,.T.);
#1416=ORIENTED_EDGE('',*,*,#4302,.T.);
#1417=ORIENTED_EDGE('',*,*,#4334,.T.);
#1418=ORIENTED_EDGE('',*,*,#4329,.T.);
#1419=ORIENTED_EDGE('',*,*,#4335,.T.);
#1420=ORIENTED_EDGE('',*,*,#4336,.T.);
#1421=ORIENTED_EDGE('',*,*,#4337,.T.);
#1422=ORIENTED_EDGE('',*,*,#4338,.T.);
#1423=ORIENTED_EDGE('',*,*,#4339,.T.);
#1424=ORIENTED_EDGE('',*,*,#4340,.T.);
#1425=ORIENTED_EDGE('',*,*,#4341,.T.);
#1426=ORIENTED_EDGE('',*,*,#4342,.T.);
#1427=ORIENTED_EDGE('',*,*,#4343,.T.);
#1428=ORIENTED_EDGE('',*,*,#4344,.T.);
#1429=ORIENTED_EDGE('',*,*,#4345,.T.);
#1430=ORIENTED_EDGE('',*,*,#4332,.T.);
#1431=ORIENTED_EDGE('',*,*,#4346,.T.);
#1432=ORIENTED_EDGE('',*,*,#4347,.F.);
#1433=ORIENTED_EDGE('',*,*,#4321,.F.);
#1434=ORIENTED_EDGE('',*,*,#4348,.F.);
#1435=ORIENTED_EDGE('',*,*,#4336,.F.);
#1436=ORIENTED_EDGE('',*,*,#4325,.F.);
#1437=ORIENTED_EDGE('',*,*,#4349,.T.);
#1438=ORIENTED_EDGE('',*,*,#4344,.F.);
#1439=ORIENTED_EDGE('',*,*,#4350,.F.);
#1440=ORIENTED_EDGE('',*,*,#4351,.F.);
#1441=ORIENTED_EDGE('',*,*,#4352,.T.);
#1442=ORIENTED_EDGE('',*,*,#4244,.F.);
#1443=ORIENTED_EDGE('',*,*,#4353,.F.);
#1444=ORIENTED_EDGE('',*,*,#4354,.F.);
#1445=ORIENTED_EDGE('',*,*,#4355,.F.);
#1446=ORIENTED_EDGE('',*,*,#4356,.F.);
#1447=ORIENTED_EDGE('',*,*,#4357,.F.);
#1448=ORIENTED_EDGE('',*,*,#4358,.T.);
#1449=ORIENTED_EDGE('',*,*,#4359,.F.);
#1450=ORIENTED_EDGE('',*,*,#4360,.T.);
#1451=ORIENTED_EDGE('',*,*,#4240,.F.);
#1452=ORIENTED_EDGE('',*,*,#4361,.T.);
#1453=ORIENTED_EDGE('',*,*,#4362,.F.);
#1454=ORIENTED_EDGE('',*,*,#4363,.F.);
#1455=ORIENTED_EDGE('',*,*,#4364,.F.);
#1456=ORIENTED_EDGE('',*,*,#4365,.T.);
#1457=ORIENTED_EDGE('',*,*,#4366,.T.);
#1458=ORIENTED_EDGE('',*,*,#4367,.T.);
#1459=ORIENTED_EDGE('',*,*,#4368,.F.);
#1460=ORIENTED_EDGE('',*,*,#4369,.F.);
#1461=ORIENTED_EDGE('',*,*,#4370,.F.);
#1462=ORIENTED_EDGE('',*,*,#4277,.T.);
#1463=ORIENTED_EDGE('',*,*,#4371,.T.);
#1464=ORIENTED_EDGE('',*,*,#4351,.T.);
#1465=ORIENTED_EDGE('',*,*,#4372,.T.);
#1466=ORIENTED_EDGE('',*,*,#4164,.F.);
#1467=ORIENTED_EDGE('',*,*,#4003,.T.);
#1468=ORIENTED_EDGE('',*,*,#4373,.F.);
#1469=ORIENTED_EDGE('',*,*,#4327,.F.);
#1470=ORIENTED_EDGE('',*,*,#4374,.F.);
#1471=ORIENTED_EDGE('',*,*,#4375,.T.);
#1472=ORIENTED_EDGE('',*,*,#4376,.T.);
#1473=ORIENTED_EDGE('',*,*,#4377,.F.);
#1474=ORIENTED_EDGE('',*,*,#4378,.F.);
#1475=ORIENTED_EDGE('',*,*,#4379,.T.);
#1476=ORIENTED_EDGE('',*,*,#4380,.F.);
#1477=ORIENTED_EDGE('',*,*,#4381,.T.);
#1478=ORIENTED_EDGE('',*,*,#4382,.F.);
#1479=ORIENTED_EDGE('',*,*,#4383,.F.);
#1480=ORIENTED_EDGE('',*,*,#4384,.F.);
#1481=ORIENTED_EDGE('',*,*,#4385,.F.);
#1482=ORIENTED_EDGE('',*,*,#4386,.F.);
#1483=ORIENTED_EDGE('',*,*,#4387,.F.);
#1484=ORIENTED_EDGE('',*,*,#4388,.F.);
#1485=ORIENTED_EDGE('',*,*,#4389,.F.);
#1486=ORIENTED_EDGE('',*,*,#4390,.F.);
#1487=ORIENTED_EDGE('',*,*,#4391,.F.);
#1488=ORIENTED_EDGE('',*,*,#4392,.F.);
#1489=ORIENTED_EDGE('',*,*,#4393,.T.);
#1490=ORIENTED_EDGE('',*,*,#4394,.F.);
#1491=ORIENTED_EDGE('',*,*,#4395,.T.);
#1492=ORIENTED_EDGE('',*,*,#4310,.F.);
#1493=ORIENTED_EDGE('',*,*,#4396,.T.);
#1494=ORIENTED_EDGE('',*,*,#4397,.T.);
#1495=ORIENTED_EDGE('',*,*,#4398,.T.);
#1496=ORIENTED_EDGE('',*,*,#4399,.T.);
#1497=ORIENTED_EDGE('',*,*,#4400,.F.);
#1498=ORIENTED_EDGE('',*,*,#4401,.T.);
#1499=ORIENTED_EDGE('',*,*,#4402,.T.);
#1500=ORIENTED_EDGE('',*,*,#4403,.T.);
#1501=ORIENTED_EDGE('',*,*,#4404,.T.);
#1502=ORIENTED_EDGE('',*,*,#4362,.T.);
#1503=ORIENTED_EDGE('',*,*,#4405,.T.);
#1504=ORIENTED_EDGE('',*,*,#4147,.T.);
#1505=ORIENTED_EDGE('',*,*,#4406,.T.);
#1506=ORIENTED_EDGE('',*,*,#4407,.T.);
#1507=ORIENTED_EDGE('',*,*,#4408,.T.);
#1508=ORIENTED_EDGE('',*,*,#4409,.T.);
#1509=ORIENTED_EDGE('',*,*,#4410,.T.);
#1510=ORIENTED_EDGE('',*,*,#4294,.T.);
#1511=ORIENTED_EDGE('',*,*,#4411,.T.);
#1512=ORIENTED_EDGE('',*,*,#4412,.F.);
#1513=ORIENTED_EDGE('',*,*,#4413,.T.);
#1514=ORIENTED_EDGE('',*,*,#4190,.T.);
#1515=ORIENTED_EDGE('',*,*,#4414,.T.);
#1516=ORIENTED_EDGE('',*,*,#4415,.F.);
#1517=ORIENTED_EDGE('',*,*,#4416,.T.);
#1518=ORIENTED_EDGE('',*,*,#4417,.T.);
#1519=ORIENTED_EDGE('',*,*,#4418,.T.);
#1520=ORIENTED_EDGE('',*,*,#4080,.F.);
#1521=ORIENTED_EDGE('',*,*,#4419,.T.);
#1522=ORIENTED_EDGE('',*,*,#4420,.T.);
#1523=ORIENTED_EDGE('',*,*,#4421,.F.);
#1524=ORIENTED_EDGE('',*,*,#4422,.T.);
#1525=ORIENTED_EDGE('',*,*,#4423,.F.);
#1526=ORIENTED_EDGE('',*,*,#4424,.T.);
#1527=ORIENTED_EDGE('',*,*,#4425,.F.);
#1528=ORIENTED_EDGE('',*,*,#4426,.T.);
#1529=ORIENTED_EDGE('',*,*,#4403,.F.);
#1530=ORIENTED_EDGE('',*,*,#4427,.T.);
#1531=ORIENTED_EDGE('',*,*,#4187,.F.);
#1532=ORIENTED_EDGE('',*,*,#4428,.F.);
#1533=ORIENTED_EDGE('',*,*,#4429,.F.);
#1534=ORIENTED_EDGE('',*,*,#4430,.F.);
#1535=ORIENTED_EDGE('',*,*,#4431,.F.);
#1536=ORIENTED_EDGE('',*,*,#4432,.F.);
#1537=ORIENTED_EDGE('',*,*,#4433,.T.);
#1538=ORIENTED_EDGE('',*,*,#4434,.F.);
#1539=ORIENTED_EDGE('',*,*,#4435,.T.);
#1540=ORIENTED_EDGE('',*,*,#4183,.F.);
#1541=ORIENTED_EDGE('',*,*,#4436,.T.);
#1542=ORIENTED_EDGE('',*,*,#4102,.F.);
#1543=ORIENTED_EDGE('',*,*,#4437,.F.);
#1544=ORIENTED_EDGE('',*,*,#4438,.F.);
#1545=ORIENTED_EDGE('',*,*,#4439,.F.);
#1546=ORIENTED_EDGE('',*,*,#4440,.F.);
#1547=ORIENTED_EDGE('',*,*,#4441,.F.);
#1548=ORIENTED_EDGE('',*,*,#4442,.T.);
#1549=ORIENTED_EDGE('',*,*,#4443,.T.);
#1550=ORIENTED_EDGE('',*,*,#4444,.F.);
#1551=ORIENTED_EDGE('',*,*,#4445,.F.);
#1552=ORIENTED_EDGE('',*,*,#4446,.F.);
#1553=ORIENTED_EDGE('',*,*,#4447,.T.);
#1554=ORIENTED_EDGE('',*,*,#4448,.T.);
#1555=ORIENTED_EDGE('',*,*,#4412,.T.);
#1556=ORIENTED_EDGE('',*,*,#4449,.T.);
#1557=ORIENTED_EDGE('',*,*,#4450,.T.);
#1558=ORIENTED_EDGE('',*,*,#4451,.T.);
#1559=ORIENTED_EDGE('',*,*,#4452,.T.);
#1560=ORIENTED_EDGE('',*,*,#4453,.T.);
#1561=ORIENTED_EDGE('',*,*,#4299,.F.);
#1562=ORIENTED_EDGE('',*,*,#4454,.T.);
#1563=ORIENTED_EDGE('',*,*,#4317,.F.);
#1564=ORIENTED_EDGE('',*,*,#4455,.T.);
#1565=ORIENTED_EDGE('',*,*,#4447,.F.);
#1566=ORIENTED_EDGE('',*,*,#4456,.T.);
#1567=ORIENTED_EDGE('',*,*,#4457,.T.);
#1568=ORIENTED_EDGE('',*,*,#4458,.T.);
#1569=ORIENTED_EDGE('',*,*,#4421,.T.);
#1570=ORIENTED_EDGE('',*,*,#4459,.T.);
#1571=ORIENTED_EDGE('',*,*,#4189,.F.);
#1572=ORIENTED_EDGE('',*,*,#4460,.T.);
#1573=ORIENTED_EDGE('',*,*,#4401,.F.);
#1574=ORIENTED_EDGE('',*,*,#4461,.T.);
#1575=ORIENTED_EDGE('',*,*,#4462,.F.);
#1576=ORIENTED_EDGE('',*,*,#4463,.T.);
#1577=ORIENTED_EDGE('',*,*,#4464,.F.);
#1578=ORIENTED_EDGE('',*,*,#4465,.F.);
#1579=ORIENTED_EDGE('',*,*,#4466,.F.);
#1580=ORIENTED_EDGE('',*,*,#4467,.F.);
#1581=ORIENTED_EDGE('',*,*,#4468,.F.);
#1582=ORIENTED_EDGE('',*,*,#4185,.F.);
#1583=ORIENTED_EDGE('',*,*,#4469,.F.);
#1584=ORIENTED_EDGE('',*,*,#4470,.F.);
#1585=ORIENTED_EDGE('',*,*,#4471,.F.);
#1586=ORIENTED_EDGE('',*,*,#4472,.F.);
#1587=ORIENTED_EDGE('',*,*,#4473,.F.);
#1588=ORIENTED_EDGE('',*,*,#4474,.T.);
#1589=ORIENTED_EDGE('',*,*,#4475,.F.);
#1590=ORIENTED_EDGE('',*,*,#4476,.T.);
#1591=ORIENTED_EDGE('',*,*,#4477,.T.);
#1592=ORIENTED_EDGE('',*,*,#4478,.T.);
#1593=ORIENTED_EDGE('',*,*,#4479,.F.);
#1594=ORIENTED_EDGE('',*,*,#4480,.F.);
#1595=ORIENTED_EDGE('',*,*,#4414,.F.);
#1596=ORIENTED_EDGE('',*,*,#4481,.T.);
#1597=ORIENTED_EDGE('',*,*,#4482,.F.);
#1598=ORIENTED_EDGE('',*,*,#4483,.T.);
#1599=ORIENTED_EDGE('',*,*,#4484,.T.);
#1600=ORIENTED_EDGE('',*,*,#4407,.F.);
#1601=ORIENTED_EDGE('',*,*,#4485,.T.);
#1602=ORIENTED_EDGE('',*,*,#4486,.F.);
#1603=ORIENTED_EDGE('',*,*,#4487,.T.);
#1604=ORIENTED_EDGE('',*,*,#4488,.T.);
#1605=ORIENTED_EDGE('',*,*,#4489,.T.);
#1606=ORIENTED_EDGE('',*,*,#4490,.F.);
#1607=ORIENTED_EDGE('',*,*,#4491,.T.);
#1608=ORIENTED_EDGE('',*,*,#4492,.F.);
#1609=ORIENTED_EDGE('',*,*,#4493,.T.);
#1610=ORIENTED_EDGE('',*,*,#4490,.T.);
#1611=ORIENTED_EDGE('',*,*,#4494,.T.);
#1612=ORIENTED_EDGE('',*,*,#4301,.T.);
#1613=ORIENTED_EDGE('',*,*,#4495,.T.);
#1614=ORIENTED_EDGE('',*,*,#4496,.T.);
#1615=ORIENTED_EDGE('',*,*,#4497,.T.);
#1616=ORIENTED_EDGE('',*,*,#4486,.T.);
#1617=ORIENTED_EDGE('',*,*,#4498,.T.);
#1618=ORIENTED_EDGE('',*,*,#4145,.F.);
#1619=ORIENTED_EDGE('',*,*,#4499,.T.);
#1620=ORIENTED_EDGE('',*,*,#4500,.F.);
#1621=ORIENTED_EDGE('',*,*,#4501,.T.);
#1622=ORIENTED_EDGE('',*,*,#4502,.F.);
#1623=ORIENTED_EDGE('',*,*,#4503,.T.);
#1624=ORIENTED_EDGE('',*,*,#4178,.F.);
#1625=ORIENTED_EDGE('',*,*,#4504,.T.);
#1626=ORIENTED_EDGE('',*,*,#4505,.F.);
#1627=ORIENTED_EDGE('',*,*,#4506,.T.);
#1628=ORIENTED_EDGE('',*,*,#4507,.F.);
#1629=ORIENTED_EDGE('',*,*,#4508,.T.);
#1630=ORIENTED_EDGE('',*,*,#4174,.F.);
#1631=ORIENTED_EDGE('',*,*,#4509,.T.);
#1632=ORIENTED_EDGE('',*,*,#4510,.F.);
#1633=ORIENTED_EDGE('',*,*,#4511,.T.);
#1634=ORIENTED_EDGE('',*,*,#4512,.F.);
#1635=ORIENTED_EDGE('',*,*,#4513,.T.);
#1636=ORIENTED_EDGE('',*,*,#4170,.F.);
#1637=ORIENTED_EDGE('',*,*,#4514,.T.);
#1638=ORIENTED_EDGE('',*,*,#4515,.F.);
#1639=ORIENTED_EDGE('',*,*,#4516,.T.);
#1640=ORIENTED_EDGE('',*,*,#4517,.F.);
#1641=ORIENTED_EDGE('',*,*,#4518,.T.);
#1642=ORIENTED_EDGE('',*,*,#4166,.F.);
#1643=ORIENTED_EDGE('',*,*,#4519,.T.);
#1644=ORIENTED_EDGE('',*,*,#4520,.F.);
#1645=ORIENTED_EDGE('',*,*,#4521,.T.);
#1646=ORIENTED_EDGE('',*,*,#4522,.F.);
#1647=ORIENTED_EDGE('',*,*,#4523,.T.);
#1648=ORIENTED_EDGE('',*,*,#4235,.F.);
#1649=ORIENTED_EDGE('',*,*,#4326,.T.);
#1650=ORIENTED_EDGE('',*,*,#4350,.T.);
#1651=ORIENTED_EDGE('',*,*,#4346,.F.);
#1652=ORIENTED_EDGE('',*,*,#4334,.F.);
#1653=ORIENTED_EDGE('',*,*,#4524,.T.);
#1654=ORIENTED_EDGE('',*,*,#4525,.T.);
#1655=ORIENTED_EDGE('',*,*,#4526,.F.);
#1656=ORIENTED_EDGE('',*,*,#4527,.T.);
#1657=ORIENTED_EDGE('',*,*,#4314,.F.);
#1658=ORIENTED_EDGE('',*,*,#4528,.T.);
#1659=ORIENTED_EDGE('',*,*,#4529,.T.);
#1660=ORIENTED_EDGE('',*,*,#4530,.F.);
#1661=ORIENTED_EDGE('',*,*,#4531,.F.);
#1662=ORIENTED_EDGE('',*,*,#4532,.T.);
#1663=ORIENTED_EDGE('',*,*,#4533,.T.);
#1664=ORIENTED_EDGE('',*,*,#4534,.F.);
#1665=ORIENTED_EDGE('',*,*,#4535,.T.);
#1666=ORIENTED_EDGE('',*,*,#4536,.T.);
#1667=ORIENTED_EDGE('',*,*,#4537,.T.);
#1668=ORIENTED_EDGE('',*,*,#4538,.F.);
#1669=ORIENTED_EDGE('',*,*,#4539,.T.);
#1670=ORIENTED_EDGE('',*,*,#4534,.T.);
#1671=ORIENTED_EDGE('',*,*,#4540,.T.);
#1672=ORIENTED_EDGE('',*,*,#4541,.T.);
#1673=ORIENTED_EDGE('',*,*,#4377,.T.);
#1674=ORIENTED_EDGE('',*,*,#4542,.T.);
#1675=ORIENTED_EDGE('',*,*,#4543,.T.);
#1676=ORIENTED_EDGE('',*,*,#4538,.T.);
#1677=ORIENTED_EDGE('',*,*,#4544,.T.);
#1678=ORIENTED_EDGE('',*,*,#4545,.T.);
#1679=ORIENTED_EDGE('',*,*,#4530,.T.);
#1680=ORIENTED_EDGE('',*,*,#4546,.T.);
#1681=ORIENTED_EDGE('',*,*,#4547,.T.);
#1682=ORIENTED_EDGE('',*,*,#4331,.T.);
#1683=ORIENTED_EDGE('',*,*,#4548,.T.);
#1684=ORIENTED_EDGE('',*,*,#4549,.T.);
#1685=ORIENTED_EDGE('',*,*,#4550,.T.);
#1686=ORIENTED_EDGE('',*,*,#4551,.T.);
#1687=ORIENTED_EDGE('',*,*,#4155,.T.);
#1688=ORIENTED_EDGE('',*,*,#4552,.T.);
#1689=ORIENTED_EDGE('',*,*,#4526,.T.);
#1690=ORIENTED_EDGE('',*,*,#4553,.T.);
#1691=ORIENTED_EDGE('',*,*,#4554,.T.);
#1692=ORIENTED_EDGE('',*,*,#4555,.T.);
#1693=ORIENTED_EDGE('',*,*,#4374,.T.);
#1694=ORIENTED_EDGE('',*,*,#4556,.T.);
#1695=ORIENTED_EDGE('',*,*,#4557,.T.);
#1696=ORIENTED_EDGE('',*,*,#4306,.F.);
#1697=ORIENTED_EDGE('',*,*,#4558,.T.);
#1698=ORIENTED_EDGE('',*,*,#4559,.F.);
#1699=ORIENTED_EDGE('',*,*,#4560,.T.);
#1700=ORIENTED_EDGE('',*,*,#4561,.F.);
#1701=ORIENTED_EDGE('',*,*,#4562,.T.);
#1702=ORIENTED_EDGE('',*,*,#4563,.T.);
#1703=ORIENTED_EDGE('',*,*,#4564,.T.);
#1704=ORIENTED_EDGE('',*,*,#4565,.T.);
#1705=ORIENTED_EDGE('',*,*,#4566,.T.);
#1706=ORIENTED_EDGE('',*,*,#4425,.T.);
#1707=ORIENTED_EDGE('',*,*,#4567,.T.);
#1708=ORIENTED_EDGE('',*,*,#4568,.T.);
#1709=ORIENTED_EDGE('',*,*,#4569,.F.);
#1710=ORIENTED_EDGE('',*,*,#4570,.T.);
#1711=ORIENTED_EDGE('',*,*,#4561,.T.);
#1712=ORIENTED_EDGE('',*,*,#4571,.T.);
#1713=ORIENTED_EDGE('',*,*,#4479,.T.);
#1714=ORIENTED_EDGE('',*,*,#4572,.T.);
#1715=ORIENTED_EDGE('',*,*,#4573,.T.);
#1716=ORIENTED_EDGE('',*,*,#4574,.F.);
#1717=ORIENTED_EDGE('',*,*,#4575,.T.);
#1718=ORIENTED_EDGE('',*,*,#4576,.T.);
#1719=ORIENTED_EDGE('',*,*,#4577,.T.);
#1720=ORIENTED_EDGE('',*,*,#4578,.T.);
#1721=ORIENTED_EDGE('',*,*,#4579,.T.);
#1722=ORIENTED_EDGE('',*,*,#4580,.T.);
#1723=ORIENTED_EDGE('',*,*,#4096,.F.);
#1724=ORIENTED_EDGE('',*,*,#4581,.T.);
#1725=ORIENTED_EDGE('',*,*,#4577,.F.);
#1726=ORIENTED_EDGE('',*,*,#4582,.T.);
#1727=ORIENTED_EDGE('',*,*,#4583,.T.);
#1728=ORIENTED_EDGE('',*,*,#4584,.T.);
#1729=ORIENTED_EDGE('',*,*,#4585,.F.);
#1730=ORIENTED_EDGE('',*,*,#4586,.T.);
#1731=ORIENTED_EDGE('',*,*,#4587,.F.);
#1732=ORIENTED_EDGE('',*,*,#4588,.T.);
#1733=ORIENTED_EDGE('',*,*,#4589,.T.);
#1734=ORIENTED_EDGE('',*,*,#4585,.T.);
#1735=ORIENTED_EDGE('',*,*,#4590,.T.);
#1736=ORIENTED_EDGE('',*,*,#4591,.T.);
#1737=ORIENTED_EDGE('',*,*,#4592,.T.);
#1738=ORIENTED_EDGE('',*,*,#4475,.T.);
#1739=ORIENTED_EDGE('',*,*,#4593,.T.);
#1740=ORIENTED_EDGE('',*,*,#4440,.T.);
#1741=ORIENTED_EDGE('',*,*,#4594,.T.);
#1742=ORIENTED_EDGE('',*,*,#4595,.T.);
#1743=ORIENTED_EDGE('',*,*,#4596,.T.);
#1744=ORIENTED_EDGE('',*,*,#4100,.F.);
#1745=ORIENTED_EDGE('',*,*,#4597,.T.);
#1746=ORIENTED_EDGE('',*,*,#4598,.T.);
#1747=ORIENTED_EDGE('',*,*,#4599,.T.);
#1748=ORIENTED_EDGE('',*,*,#4595,.F.);
#1749=ORIENTED_EDGE('',*,*,#4600,.T.);
#1750=ORIENTED_EDGE('',*,*,#4601,.F.);
#1751=ORIENTED_EDGE('',*,*,#4602,.T.);
#1752=ORIENTED_EDGE('',*,*,#4594,.F.);
#1753=ORIENTED_EDGE('',*,*,#4439,.T.);
#1754=ORIENTED_EDGE('',*,*,#4603,.F.);
#1755=ORIENTED_EDGE('',*,*,#4600,.F.);
#1756=ORIENTED_EDGE('',*,*,#4593,.F.);
#1757=ORIENTED_EDGE('',*,*,#4474,.F.);
#1758=ORIENTED_EDGE('',*,*,#4604,.F.);
#1759=ORIENTED_EDGE('',*,*,#4441,.T.);
#1760=ORIENTED_EDGE('',*,*,#4563,.F.);
#1761=ORIENTED_EDGE('',*,*,#4605,.F.);
#1762=ORIENTED_EDGE('',*,*,#4606,.F.);
#1763=ORIENTED_EDGE('',*,*,#4607,.T.);
#1764=ORIENTED_EDGE('',*,*,#4608,.T.);
#1765=ORIENTED_EDGE('',*,*,#4093,.F.);
#1766=ORIENTED_EDGE('',*,*,#4609,.T.);
#1767=ORIENTED_EDGE('',*,*,#4610,.T.);
#1768=ORIENTED_EDGE('',*,*,#4611,.F.);
#1769=ORIENTED_EDGE('',*,*,#4612,.F.);
#1770=ORIENTED_EDGE('',*,*,#4095,.F.);
#1771=ORIENTED_EDGE('',*,*,#4613,.T.);
#1772=ORIENTED_EDGE('',*,*,#4578,.F.);
#1773=ORIENTED_EDGE('',*,*,#4581,.F.);
#1774=ORIENTED_EDGE('',*,*,#4101,.F.);
#1775=ORIENTED_EDGE('',*,*,#4602,.F.);
#1776=ORIENTED_EDGE('',*,*,#4614,.F.);
#1777=ORIENTED_EDGE('',*,*,#4437,.T.);
#1778=ORIENTED_EDGE('',*,*,#4406,.F.);
#1779=ORIENTED_EDGE('',*,*,#4146,.T.);
#1780=ORIENTED_EDGE('',*,*,#4498,.F.);
#1781=ORIENTED_EDGE('',*,*,#4485,.F.);
#1782=ORIENTED_EDGE('',*,*,#4411,.F.);
#1783=ORIENTED_EDGE('',*,*,#4293,.F.);
#1784=ORIENTED_EDGE('',*,*,#4615,.F.);
#1785=ORIENTED_EDGE('',*,*,#4363,.T.);
#1786=ORIENTED_EDGE('',*,*,#4305,.F.);
#1787=ORIENTED_EDGE('',*,*,#4152,.T.);
#1788=ORIENTED_EDGE('',*,*,#4616,.F.);
#1789=ORIENTED_EDGE('',*,*,#4558,.F.);
#1790=ORIENTED_EDGE('',*,*,#4311,.F.);
#1791=ORIENTED_EDGE('',*,*,#4395,.F.);
#1792=ORIENTED_EDGE('',*,*,#4617,.F.);
#1793=ORIENTED_EDGE('',*,*,#4618,.T.);
#1794=ORIENTED_EDGE('',*,*,#4313,.F.);
#1795=ORIENTED_EDGE('',*,*,#4619,.T.);
#1796=ORIENTED_EDGE('',*,*,#4620,.F.);
#1797=ORIENTED_EDGE('',*,*,#4528,.F.);
#1798=ORIENTED_EDGE('',*,*,#4621,.F.);
#1799=ORIENTED_EDGE('',*,*,#4622,.T.);
#1800=ORIENTED_EDGE('',*,*,#4571,.F.);
#1801=ORIENTED_EDGE('',*,*,#4560,.F.);
#1802=ORIENTED_EDGE('',*,*,#4623,.T.);
#1803=ORIENTED_EDGE('',*,*,#4624,.T.);
#1804=ORIENTED_EDGE('',*,*,#4625,.F.);
#1805=ORIENTED_EDGE('',*,*,#4626,.F.);
#1806=ORIENTED_EDGE('',*,*,#4627,.F.);
#1807=ORIENTED_EDGE('',*,*,#4628,.T.);
#1808=ORIENTED_EDGE('',*,*,#4629,.F.);
#1809=ORIENTED_EDGE('',*,*,#4630,.T.);
#1810=ORIENTED_EDGE('',*,*,#4627,.T.);
#1811=ORIENTED_EDGE('',*,*,#4631,.T.);
#1812=ORIENTED_EDGE('',*,*,#4632,.T.);
#1813=ORIENTED_EDGE('',*,*,#4633,.T.);
#1814=ORIENTED_EDGE('',*,*,#4634,.T.);
#1815=ORIENTED_EDGE('',*,*,#4077,.F.);
#1816=ORIENTED_EDGE('',*,*,#4635,.T.);
#1817=ORIENTED_EDGE('',*,*,#4636,.T.);
#1818=ORIENTED_EDGE('',*,*,#4637,.T.);
#1819=ORIENTED_EDGE('',*,*,#4638,.T.);
#1820=ORIENTED_EDGE('',*,*,#4639,.T.);
#1821=ORIENTED_EDGE('',*,*,#4640,.T.);
#1822=ORIENTED_EDGE('',*,*,#4641,.T.);
#1823=ORIENTED_EDGE('',*,*,#4642,.T.);
#1824=ORIENTED_EDGE('',*,*,#4643,.F.);
#1825=ORIENTED_EDGE('',*,*,#4644,.F.);
#1826=ORIENTED_EDGE('',*,*,#4645,.F.);
#1827=ORIENTED_EDGE('',*,*,#4646,.T.);
#1828=ORIENTED_EDGE('',*,*,#4647,.T.);
#1829=ORIENTED_EDGE('',*,*,#4648,.T.);
#1830=ORIENTED_EDGE('',*,*,#4649,.T.);
#1831=ORIENTED_EDGE('',*,*,#4650,.T.);
#1832=ORIENTED_EDGE('',*,*,#4651,.T.);
#1833=ORIENTED_EDGE('',*,*,#4652,.T.);
#1834=ORIENTED_EDGE('',*,*,#4653,.T.);
#1835=ORIENTED_EDGE('',*,*,#4319,.T.);
#1836=ORIENTED_EDGE('',*,*,#4654,.T.);
#1837=ORIENTED_EDGE('',*,*,#4655,.T.);
#1838=ORIENTED_EDGE('',*,*,#4656,.F.);
#1839=ORIENTED_EDGE('',*,*,#4657,.T.);
#1840=ORIENTED_EDGE('',*,*,#4658,.F.);
#1841=ORIENTED_EDGE('',*,*,#4659,.T.);
#1842=ORIENTED_EDGE('',*,*,#4660,.T.);
#1843=ORIENTED_EDGE('',*,*,#4661,.F.);
#1844=ORIENTED_EDGE('',*,*,#4662,.F.);
#1845=ORIENTED_EDGE('',*,*,#4663,.F.);
#1846=ORIENTED_EDGE('',*,*,#4664,.T.);
#1847=ORIENTED_EDGE('',*,*,#4665,.F.);
#1848=ORIENTED_EDGE('',*,*,#4666,.T.);
#1849=ORIENTED_EDGE('',*,*,#4667,.F.);
#1850=ORIENTED_EDGE('',*,*,#4668,.T.);
#1851=ORIENTED_EDGE('',*,*,#4669,.F.);
#1852=ORIENTED_EDGE('',*,*,#4573,.F.);
#1853=ORIENTED_EDGE('',*,*,#4670,.T.);
#1854=ORIENTED_EDGE('',*,*,#4671,.F.);
#1855=ORIENTED_EDGE('',*,*,#4672,.T.);
#1856=ORIENTED_EDGE('',*,*,#4591,.F.);
#1857=ORIENTED_EDGE('',*,*,#4673,.T.);
#1858=ORIENTED_EDGE('',*,*,#4674,.T.);
#1859=ORIENTED_EDGE('',*,*,#4675,.T.);
#1860=ORIENTED_EDGE('',*,*,#4575,.F.);
#1861=ORIENTED_EDGE('',*,*,#4613,.F.);
#1862=ORIENTED_EDGE('',*,*,#4094,.F.);
#1863=ORIENTED_EDGE('',*,*,#4612,.T.);
#1864=ORIENTED_EDGE('',*,*,#4676,.F.);
#1865=ORIENTED_EDGE('',*,*,#4677,.T.);
#1866=ORIENTED_EDGE('',*,*,#4678,.F.);
#1867=ORIENTED_EDGE('',*,*,#4679,.T.);
#1868=ORIENTED_EDGE('',*,*,#4680,.F.);
#1869=ORIENTED_EDGE('',*,*,#4681,.F.);
#1870=ORIENTED_EDGE('',*,*,#4682,.F.);
#1871=ORIENTED_EDGE('',*,*,#4683,.F.);
#1872=ORIENTED_EDGE('',*,*,#4684,.F.);
#1873=ORIENTED_EDGE('',*,*,#4685,.F.);
#1874=ORIENTED_EDGE('',*,*,#4686,.F.);
#1875=ORIENTED_EDGE('',*,*,#4687,.T.);
#1876=ORIENTED_EDGE('',*,*,#4678,.T.);
#1877=ORIENTED_EDGE('',*,*,#4688,.T.);
#1878=ORIENTED_EDGE('',*,*,#4689,.F.);
#1879=ORIENTED_EDGE('',*,*,#4690,.T.);
#1880=ORIENTED_EDGE('',*,*,#4610,.F.);
#1881=ORIENTED_EDGE('',*,*,#4691,.T.);
#1882=ORIENTED_EDGE('',*,*,#4692,.T.);
#1883=ORIENTED_EDGE('',*,*,#4693,.T.);
#1884=ORIENTED_EDGE('',*,*,#4694,.T.);
#1885=ORIENTED_EDGE('',*,*,#4695,.T.);
#1886=ORIENTED_EDGE('',*,*,#4696,.T.);
#1887=ORIENTED_EDGE('',*,*,#4697,.T.);
#1888=ORIENTED_EDGE('',*,*,#4607,.F.);
#1889=ORIENTED_EDGE('',*,*,#4698,.T.);
#1890=ORIENTED_EDGE('',*,*,#4699,.T.);
#1891=ORIENTED_EDGE('',*,*,#4700,.T.);
#1892=ORIENTED_EDGE('',*,*,#4701,.T.);
#1893=ORIENTED_EDGE('',*,*,#4702,.T.);
#1894=ORIENTED_EDGE('',*,*,#4703,.T.);
#1895=ORIENTED_EDGE('',*,*,#4704,.T.);
#1896=ORIENTED_EDGE('',*,*,#4705,.T.);
#1897=ORIENTED_EDGE('',*,*,#4706,.F.);
#1898=ORIENTED_EDGE('',*,*,#4707,.F.);
#1899=ORIENTED_EDGE('',*,*,#4708,.F.);
#1900=ORIENTED_EDGE('',*,*,#4709,.F.);
#1901=ORIENTED_EDGE('',*,*,#4710,.F.);
#1902=ORIENTED_EDGE('',*,*,#4711,.F.);
#1903=ORIENTED_EDGE('',*,*,#4712,.F.);
#1904=ORIENTED_EDGE('',*,*,#4713,.T.);
#1905=ORIENTED_EDGE('',*,*,#4689,.T.);
#1906=ORIENTED_EDGE('',*,*,#4714,.T.);
#1907=ORIENTED_EDGE('',*,*,#4715,.T.);
#1908=ORIENTED_EDGE('',*,*,#4706,.T.);
#1909=ORIENTED_EDGE('',*,*,#4716,.T.);
#1910=ORIENTED_EDGE('',*,*,#4686,.T.);
#1911=ORIENTED_EDGE('',*,*,#4717,.F.);
#1912=ORIENTED_EDGE('',*,*,#4661,.T.);
#1913=ORIENTED_EDGE('',*,*,#4718,.T.);
#1914=ORIENTED_EDGE('',*,*,#4719,.T.);
#1915=ORIENTED_EDGE('',*,*,#4667,.T.);
#1916=ORIENTED_EDGE('',*,*,#4720,.T.);
#1917=ORIENTED_EDGE('',*,*,#4702,.F.);
#1918=ORIENTED_EDGE('',*,*,#4721,.T.);
#1919=ORIENTED_EDGE('',*,*,#4722,.T.);
#1920=ORIENTED_EDGE('',*,*,#4723,.F.);
#1921=ORIENTED_EDGE('',*,*,#4156,.F.);
#1922=ORIENTED_EDGE('',*,*,#4551,.F.);
#1923=ORIENTED_EDGE('',*,*,#4724,.F.);
#1924=ORIENTED_EDGE('',*,*,#4725,.T.);
#1925=ORIENTED_EDGE('',*,*,#4726,.T.);
#1926=ORIENTED_EDGE('',*,*,#4727,.F.);
#1927=ORIENTED_EDGE('',*,*,#4728,.F.);
#1928=ORIENTED_EDGE('',*,*,#4729,.T.);
#1929=ORIENTED_EDGE('',*,*,#4730,.T.);
#1930=ORIENTED_EDGE('',*,*,#4731,.F.);
#1931=ORIENTED_EDGE('',*,*,#4732,.T.);
#1932=ORIENTED_EDGE('',*,*,#4733,.T.);
#1933=ORIENTED_EDGE('',*,*,#4734,.T.);
#1934=ORIENTED_EDGE('',*,*,#4649,.F.);
#1935=ORIENTED_EDGE('',*,*,#4735,.F.);
#1936=ORIENTED_EDGE('',*,*,#4736,.F.);
#1937=ORIENTED_EDGE('',*,*,#4737,.F.);
#1938=ORIENTED_EDGE('',*,*,#4724,.T.);
#1939=ORIENTED_EDGE('',*,*,#4550,.F.);
#1940=ORIENTED_EDGE('',*,*,#4738,.T.);
#1941=ORIENTED_EDGE('',*,*,#4739,.T.);
#1942=ORIENTED_EDGE('',*,*,#4341,.F.);
#1943=ORIENTED_EDGE('',*,*,#4740,.T.);
#1944=ORIENTED_EDGE('',*,*,#4728,.T.);
#1945=ORIENTED_EDGE('',*,*,#4741,.F.);
#1946=ORIENTED_EDGE('',*,*,#4071,.F.);
#1947=ORIENTED_EDGE('',*,*,#4742,.F.);
#1948=ORIENTED_EDGE('',*,*,#4743,.F.);
#1949=ORIENTED_EDGE('',*,*,#4744,.F.);
#1950=ORIENTED_EDGE('',*,*,#4072,.F.);
#1951=ORIENTED_EDGE('',*,*,#4741,.T.);
#1952=ORIENTED_EDGE('',*,*,#4745,.F.);
#1953=ORIENTED_EDGE('',*,*,#4746,.F.);
#1954=ORIENTED_EDGE('',*,*,#4073,.F.);
#1955=ORIENTED_EDGE('',*,*,#4744,.T.);
#1956=ORIENTED_EDGE('',*,*,#4747,.F.);
#1957=ORIENTED_EDGE('',*,*,#4748,.F.);
#1958=ORIENTED_EDGE('',*,*,#4074,.F.);
#1959=ORIENTED_EDGE('',*,*,#4746,.T.);
#1960=ORIENTED_EDGE('',*,*,#4749,.F.);
#1961=ORIENTED_EDGE('',*,*,#4750,.F.);
#1962=ORIENTED_EDGE('',*,*,#4075,.F.);
#1963=ORIENTED_EDGE('',*,*,#4748,.T.);
#1964=ORIENTED_EDGE('',*,*,#4751,.F.);
#1965=ORIENTED_EDGE('',*,*,#4076,.F.);
#1966=ORIENTED_EDGE('',*,*,#4750,.T.);
#1967=ORIENTED_EDGE('',*,*,#4752,.F.);
#1968=ORIENTED_EDGE('',*,*,#4753,.F.);
#1969=ORIENTED_EDGE('',*,*,#4635,.F.);
#1970=ORIENTED_EDGE('',*,*,#4754,.F.);
#1971=ORIENTED_EDGE('',*,*,#4745,.T.);
#1972=ORIENTED_EDGE('',*,*,#4755,.F.);
#1973=ORIENTED_EDGE('',*,*,#4756,.F.);
#1974=ORIENTED_EDGE('',*,*,#4757,.F.);
#1975=ORIENTED_EDGE('',*,*,#4758,.F.);
#1976=ORIENTED_EDGE('',*,*,#4756,.T.);
#1977=ORIENTED_EDGE('',*,*,#4759,.F.);
#1978=ORIENTED_EDGE('',*,*,#4760,.T.);
#1979=ORIENTED_EDGE('',*,*,#4761,.F.);
#1980=ORIENTED_EDGE('',*,*,#4757,.T.);
#1981=ORIENTED_EDGE('',*,*,#4762,.F.);
#1982=ORIENTED_EDGE('',*,*,#4763,.F.);
#1983=ORIENTED_EDGE('',*,*,#4646,.F.);
#1984=ORIENTED_EDGE('',*,*,#4764,.F.);
#1985=ORIENTED_EDGE('',*,*,#4765,.F.);
#1986=ORIENTED_EDGE('',*,*,#4766,.F.);
#1987=ORIENTED_EDGE('',*,*,#4767,.F.);
#1988=ORIENTED_EDGE('',*,*,#4647,.F.);
#1989=ORIENTED_EDGE('',*,*,#4766,.T.);
#1990=ORIENTED_EDGE('',*,*,#4768,.F.);
#1991=ORIENTED_EDGE('',*,*,#4735,.T.);
#1992=ORIENTED_EDGE('',*,*,#4648,.F.);
#1993=ORIENTED_EDGE('',*,*,#4767,.T.);
#1994=ORIENTED_EDGE('',*,*,#4769,.F.);
#1995=ORIENTED_EDGE('',*,*,#4753,.T.);
#1996=ORIENTED_EDGE('',*,*,#4770,.F.);
#1997=ORIENTED_EDGE('',*,*,#4771,.F.);
#1998=ORIENTED_EDGE('',*,*,#4636,.F.);
#1999=ORIENTED_EDGE('',*,*,#4772,.F.);
#2000=ORIENTED_EDGE('',*,*,#4637,.F.);
#2001=ORIENTED_EDGE('',*,*,#4771,.T.);
#2002=ORIENTED_EDGE('',*,*,#4773,.F.);
#2003=ORIENTED_EDGE('',*,*,#4638,.F.);
#2004=ORIENTED_EDGE('',*,*,#4772,.T.);
#2005=ORIENTED_EDGE('',*,*,#4774,.F.);
#2006=ORIENTED_EDGE('',*,*,#4775,.F.);
#2007=ORIENTED_EDGE('',*,*,#4639,.F.);
#2008=ORIENTED_EDGE('',*,*,#4775,.T.);
#2009=ORIENTED_EDGE('',*,*,#4776,.T.);
#2010=ORIENTED_EDGE('',*,*,#4777,.F.);
#2011=ORIENTED_EDGE('',*,*,#4640,.F.);
#2012=ORIENTED_EDGE('',*,*,#4777,.T.);
#2013=ORIENTED_EDGE('',*,*,#4778,.F.);
#2014=ORIENTED_EDGE('',*,*,#4779,.F.);
#2015=ORIENTED_EDGE('',*,*,#4780,.F.);
#2016=ORIENTED_EDGE('',*,*,#4641,.F.);
#2017=ORIENTED_EDGE('',*,*,#4779,.T.);
#2018=ORIENTED_EDGE('',*,*,#4781,.F.);
#2019=ORIENTED_EDGE('',*,*,#4642,.F.);
#2020=ORIENTED_EDGE('',*,*,#4780,.T.);
#2021=ORIENTED_EDGE('',*,*,#4782,.F.);
#2022=ORIENTED_EDGE('',*,*,#4783,.F.);
#2023=ORIENTED_EDGE('',*,*,#4784,.F.);
#2024=ORIENTED_EDGE('',*,*,#4785,.F.);
#2025=ORIENTED_EDGE('',*,*,#4786,.F.);
#2026=ORIENTED_EDGE('',*,*,#4787,.F.);
#2027=ORIENTED_EDGE('',*,*,#4788,.F.);
#2028=ORIENTED_EDGE('',*,*,#4789,.F.);
#2029=ORIENTED_EDGE('',*,*,#4790,.T.);
#2030=ORIENTED_EDGE('',*,*,#4786,.T.);
#2031=ORIENTED_EDGE('',*,*,#4791,.F.);
#2032=ORIENTED_EDGE('',*,*,#4792,.F.);
#2033=ORIENTED_EDGE('',*,*,#4793,.F.);
#2034=ORIENTED_EDGE('',*,*,#4784,.T.);
#2035=ORIENTED_EDGE('',*,*,#4794,.F.);
#2036=ORIENTED_EDGE('',*,*,#4795,.F.);
#2037=ORIENTED_EDGE('',*,*,#4796,.T.);
#2038=ORIENTED_EDGE('',*,*,#4797,.F.);
#2039=ORIENTED_EDGE('',*,*,#4788,.T.);
#2040=ORIENTED_EDGE('',*,*,#4798,.F.);
#2041=ORIENTED_EDGE('',*,*,#4799,.F.);
#2042=ORIENTED_EDGE('',*,*,#4800,.F.);
#2043=ORIENTED_EDGE('',*,*,#4792,.T.);
#2044=ORIENTED_EDGE('',*,*,#4801,.F.);
#2045=ORIENTED_EDGE('',*,*,#4802,.F.);
#2046=ORIENTED_EDGE('',*,*,#4803,.F.);
#2047=ORIENTED_EDGE('',*,*,#4804,.F.);
#2048=ORIENTED_EDGE('',*,*,#4795,.T.);
#2049=ORIENTED_EDGE('',*,*,#4805,.F.);
#2050=ORIENTED_EDGE('',*,*,#4806,.T.);
#2051=ORIENTED_EDGE('',*,*,#4807,.F.);
#2052=ORIENTED_EDGE('',*,*,#4799,.T.);
#2053=ORIENTED_EDGE('',*,*,#4808,.F.);
#2054=ORIENTED_EDGE('',*,*,#4768,.T.);
#2055=ORIENTED_EDGE('',*,*,#4809,.F.);
#2056=ORIENTED_EDGE('',*,*,#4810,.F.);
#2057=ORIENTED_EDGE('',*,*,#4803,.T.);
#2058=ORIENTED_EDGE('',*,*,#4811,.F.);
#2059=ORIENTED_EDGE('',*,*,#4812,.F.);
#2060=ORIENTED_EDGE('',*,*,#4069,.F.);
#2061=ORIENTED_EDGE('',*,*,#4806,.F.);
#2062=ORIENTED_EDGE('',*,*,#4813,.F.);
#2063=ORIENTED_EDGE('',*,*,#4814,.F.);
#2064=ORIENTED_EDGE('',*,*,#4815,.F.);
#2065=ORIENTED_EDGE('',*,*,#4812,.T.);
#2066=ORIENTED_EDGE('',*,*,#4816,.F.);
#2067=ORIENTED_EDGE('',*,*,#4817,.F.);
#2068=ORIENTED_EDGE('',*,*,#4814,.T.);
#2069=ORIENTED_EDGE('',*,*,#4818,.F.);
#2070=ORIENTED_EDGE('',*,*,#4819,.F.);
#2071=ORIENTED_EDGE('',*,*,#4820,.T.);
#2072=ORIENTED_EDGE('',*,*,#4819,.T.);
#2073=ORIENTED_EDGE('',*,*,#4821,.F.);
#2074=ORIENTED_EDGE('',*,*,#4822,.F.);
#2075=ORIENTED_EDGE('',*,*,#4823,.F.);
#2076=ORIENTED_EDGE('',*,*,#4824,.F.);
#2077=ORIENTED_EDGE('',*,*,#4825,.T.);
#2078=ORIENTED_EDGE('',*,*,#4823,.T.);
#2079=ORIENTED_EDGE('',*,*,#4826,.F.);
#2080=ORIENTED_EDGE('',*,*,#4827,.F.);
#2081=ORIENTED_EDGE('',*,*,#4828,.T.);
#2082=ORIENTED_EDGE('',*,*,#4824,.T.);
#2083=ORIENTED_EDGE('',*,*,#4829,.T.);
#2084=ORIENTED_EDGE('',*,*,#4830,.F.);
#2085=ORIENTED_EDGE('',*,*,#4831,.F.);
#2086=ORIENTED_EDGE('',*,*,#4832,.F.);
#2087=ORIENTED_EDGE('',*,*,#4827,.T.);
#2088=ORIENTED_EDGE('',*,*,#4833,.F.);
#2089=ORIENTED_EDGE('',*,*,#4834,.F.);
#2090=ORIENTED_EDGE('',*,*,#4835,.F.);
#2091=ORIENTED_EDGE('',*,*,#4836,.F.);
#2092=ORIENTED_EDGE('',*,*,#4831,.T.);
#2093=ORIENTED_EDGE('',*,*,#4837,.F.);
#2094=ORIENTED_EDGE('',*,*,#4781,.T.);
#2095=ORIENTED_EDGE('',*,*,#4838,.F.);
#2096=ORIENTED_EDGE('',*,*,#4835,.T.);
#2097=ORIENTED_EDGE('',*,*,#4839,.T.);
#2098=ORIENTED_EDGE('',*,*,#4840,.F.);
#2099=ORIENTED_EDGE('',*,*,#4841,.T.);
#2100=ORIENTED_EDGE('',*,*,#4842,.T.);
#2101=ORIENTED_EDGE('',*,*,#4843,.F.);
#2102=ORIENTED_EDGE('',*,*,#4633,.F.);
#2103=ORIENTED_EDGE('',*,*,#4632,.F.);
#2104=ORIENTED_EDGE('',*,*,#4631,.F.);
#2105=ORIENTED_EDGE('',*,*,#4626,.T.);
#2106=ORIENTED_EDGE('',*,*,#4625,.T.);
#2107=ORIENTED_EDGE('',*,*,#4843,.T.);
#2108=ORIENTED_EDGE('',*,*,#4844,.T.);
#2109=ORIENTED_EDGE('',*,*,#4078,.F.);
#2110=ORIENTED_EDGE('',*,*,#4634,.F.);
#2111=ORIENTED_EDGE('',*,*,#4845,.T.);
#2112=ORIENTED_EDGE('',*,*,#4846,.T.);
#2113=ORIENTED_EDGE('',*,*,#4847,.T.);
#2114=ORIENTED_EDGE('',*,*,#4848,.T.);
#2115=ORIENTED_EDGE('',*,*,#4849,.T.);
#2116=ORIENTED_EDGE('',*,*,#4850,.T.);
#2117=ORIENTED_EDGE('',*,*,#4755,.T.);
#2118=ORIENTED_EDGE('',*,*,#4743,.T.);
#2119=ORIENTED_EDGE('',*,*,#4851,.F.);
#2120=ORIENTED_EDGE('',*,*,#4852,.F.);
#2121=ORIENTED_EDGE('',*,*,#4762,.T.);
#2122=ORIENTED_EDGE('',*,*,#4759,.T.);
#2123=ORIENTED_EDGE('',*,*,#4663,.T.);
#2124=ORIENTED_EDGE('',*,*,#4853,.T.);
#2125=ORIENTED_EDGE('',*,*,#4850,.F.);
#2126=ORIENTED_EDGE('',*,*,#4854,.T.);
#2127=ORIENTED_EDGE('',*,*,#4849,.F.);
#2128=ORIENTED_EDGE('',*,*,#4853,.F.);
#2129=ORIENTED_EDGE('',*,*,#4664,.F.);
#2130=ORIENTED_EDGE('',*,*,#4854,.F.);
#2131=ORIENTED_EDGE('',*,*,#4855,.T.);
#2132=ORIENTED_EDGE('',*,*,#4856,.T.);
#2133=ORIENTED_EDGE('',*,*,#4857,.T.);
#2134=ORIENTED_EDGE('',*,*,#4658,.T.);
#2135=ORIENTED_EDGE('',*,*,#4858,.T.);
#2136=ORIENTED_EDGE('',*,*,#4859,.T.);
#2137=ORIENTED_EDGE('',*,*,#4860,.T.);
#2138=ORIENTED_EDGE('',*,*,#4861,.T.);
#2139=ORIENTED_EDGE('',*,*,#4862,.T.);
#2140=ORIENTED_EDGE('',*,*,#4863,.T.);
#2141=ORIENTED_EDGE('',*,*,#4864,.F.);
#2142=ORIENTED_EDGE('',*,*,#4865,.T.);
#2143=ORIENTED_EDGE('',*,*,#4866,.F.);
#2144=ORIENTED_EDGE('',*,*,#4867,.T.);
#2145=ORIENTED_EDGE('',*,*,#4868,.F.);
#2146=ORIENTED_EDGE('',*,*,#4808,.T.);
#2147=ORIENTED_EDGE('',*,*,#4802,.T.);
#2148=ORIENTED_EDGE('',*,*,#4869,.F.);
#2149=ORIENTED_EDGE('',*,*,#4821,.T.);
#2150=ORIENTED_EDGE('',*,*,#4818,.T.);
#2151=ORIENTED_EDGE('',*,*,#4816,.T.);
#2152=ORIENTED_EDGE('',*,*,#4813,.T.);
#2153=ORIENTED_EDGE('',*,*,#4870,.F.);
#2154=ORIENTED_EDGE('',*,*,#4871,.F.);
#2155=ORIENTED_EDGE('',*,*,#4872,.F.);
#2156=ORIENTED_EDGE('',*,*,#4760,.F.);
#2157=ORIENTED_EDGE('',*,*,#4873,.F.);
#2158=ORIENTED_EDGE('',*,*,#4820,.F.);
#2159=ORIENTED_EDGE('',*,*,#4825,.F.);
#2160=ORIENTED_EDGE('',*,*,#4828,.F.);
#2161=ORIENTED_EDGE('',*,*,#4874,.F.);
#2162=ORIENTED_EDGE('',*,*,#4776,.F.);
#2163=ORIENTED_EDGE('',*,*,#4875,.F.);
#2164=ORIENTED_EDGE('',*,*,#4817,.T.);
#2165=ORIENTED_EDGE('',*,*,#4873,.T.);
#2166=ORIENTED_EDGE('',*,*,#4763,.T.);
#2167=ORIENTED_EDGE('',*,*,#4852,.T.);
#2168=ORIENTED_EDGE('',*,*,#4070,.F.);
#2169=ORIENTED_EDGE('',*,*,#4815,.T.);
#2170=ORIENTED_EDGE('',*,*,#4875,.T.);
#2171=ORIENTED_EDGE('',*,*,#4851,.T.);
#2172=ORIENTED_EDGE('',*,*,#4742,.T.);
#2173=ORIENTED_EDGE('',*,*,#4794,.T.);
#2174=ORIENTED_EDGE('',*,*,#4787,.T.);
#2175=ORIENTED_EDGE('',*,*,#4790,.F.);
#2176=ORIENTED_EDGE('',*,*,#4876,.F.);
#2177=ORIENTED_EDGE('',*,*,#4829,.F.);
#2178=ORIENTED_EDGE('',*,*,#4826,.T.);
#2179=ORIENTED_EDGE('',*,*,#4822,.T.);
#2180=ORIENTED_EDGE('',*,*,#4869,.T.);
#2181=ORIENTED_EDGE('',*,*,#4801,.T.);
#2182=ORIENTED_EDGE('',*,*,#4867,.F.);
#2183=ORIENTED_EDGE('',*,*,#4877,.F.);
#2184=ORIENTED_EDGE('',*,*,#4481,.F.);
#2185=ORIENTED_EDGE('',*,*,#4878,.F.);
#2186=ORIENTED_EDGE('',*,*,#4482,.T.);
#2187=ORIENTED_EDGE('',*,*,#4877,.T.);
#2188=ORIENTED_EDGE('',*,*,#4868,.T.);
#2189=ORIENTED_EDGE('',*,*,#4878,.T.);
#2190=ORIENTED_EDGE('',*,*,#4865,.F.);
#2191=ORIENTED_EDGE('',*,*,#4879,.F.);
#2192=ORIENTED_EDGE('',*,*,#4303,.F.);
#2193=ORIENTED_EDGE('',*,*,#4880,.F.);
#2194=ORIENTED_EDGE('',*,*,#4304,.T.);
#2195=ORIENTED_EDGE('',*,*,#4879,.T.);
#2196=ORIENTED_EDGE('',*,*,#4866,.T.);
#2197=ORIENTED_EDGE('',*,*,#4880,.T.);
#2198=ORIENTED_EDGE('',*,*,#4863,.F.);
#2199=ORIENTED_EDGE('',*,*,#4881,.F.);
#2200=ORIENTED_EDGE('',*,*,#4399,.F.);
#2201=ORIENTED_EDGE('',*,*,#4882,.F.);
#2202=ORIENTED_EDGE('',*,*,#4400,.T.);
#2203=ORIENTED_EDGE('',*,*,#4881,.T.);
#2204=ORIENTED_EDGE('',*,*,#4864,.T.);
#2205=ORIENTED_EDGE('',*,*,#4882,.T.);
#2206=ORIENTED_EDGE('',*,*,#4883,.F.);
#2207=ORIENTED_EDGE('',*,*,#4761,.T.);
#2208=ORIENTED_EDGE('',*,*,#4872,.T.);
#2209=ORIENTED_EDGE('',*,*,#4884,.F.);
#2210=ORIENTED_EDGE('',*,*,#4885,.F.);
#2211=ORIENTED_EDGE('',*,*,#4758,.T.);
#2212=ORIENTED_EDGE('',*,*,#4883,.T.);
#2213=ORIENTED_EDGE('',*,*,#4886,.F.);
#2214=ORIENTED_EDGE('',*,*,#4887,.F.);
#2215=ORIENTED_EDGE('',*,*,#4747,.T.);
#2216=ORIENTED_EDGE('',*,*,#4754,.T.);
#2217=ORIENTED_EDGE('',*,*,#4885,.T.);
#2218=ORIENTED_EDGE('',*,*,#4888,.F.);
#2219=ORIENTED_EDGE('',*,*,#4838,.T.);
#2220=ORIENTED_EDGE('',*,*,#4778,.T.);
#2221=ORIENTED_EDGE('',*,*,#4874,.T.);
#2222=ORIENTED_EDGE('',*,*,#4832,.T.);
#2223=ORIENTED_EDGE('',*,*,#4836,.T.);
#2224=ORIENTED_EDGE('',*,*,#4870,.T.);
#2225=ORIENTED_EDGE('',*,*,#4774,.T.);
#2226=ORIENTED_EDGE('',*,*,#4889,.F.);
#2227=ORIENTED_EDGE('',*,*,#4890,.F.);
#2228=ORIENTED_EDGE('',*,*,#4871,.T.);
#2229=ORIENTED_EDGE('',*,*,#4890,.T.);
#2230=ORIENTED_EDGE('',*,*,#4891,.F.);
#2231=ORIENTED_EDGE('',*,*,#4884,.T.);
#2232=ORIENTED_EDGE('',*,*,#4892,.F.);
#2233=ORIENTED_EDGE('',*,*,#4749,.T.);
#2234=ORIENTED_EDGE('',*,*,#4887,.T.);
#2235=ORIENTED_EDGE('',*,*,#4893,.F.);
#2236=ORIENTED_EDGE('',*,*,#4752,.T.);
#2237=ORIENTED_EDGE('',*,*,#4751,.T.);
#2238=ORIENTED_EDGE('',*,*,#4892,.T.);
#2239=ORIENTED_EDGE('',*,*,#4894,.F.);
#2240=ORIENTED_EDGE('',*,*,#4770,.T.);
#2241=ORIENTED_EDGE('',*,*,#4895,.F.);
#2242=ORIENTED_EDGE('',*,*,#4896,.T.);
#2243=ORIENTED_EDGE('',*,*,#4731,.T.);
#2244=ORIENTED_EDGE('',*,*,#4769,.T.);
#2245=ORIENTED_EDGE('',*,*,#4811,.T.);
#2246=ORIENTED_EDGE('',*,*,#4805,.T.);
#2247=ORIENTED_EDGE('',*,*,#4798,.T.);
#2248=ORIENTED_EDGE('',*,*,#4833,.T.);
#2249=ORIENTED_EDGE('',*,*,#4830,.T.);
#2250=ORIENTED_EDGE('',*,*,#4876,.T.);
#2251=ORIENTED_EDGE('',*,*,#4789,.T.);
#2252=ORIENTED_EDGE('',*,*,#4797,.T.);
#2253=ORIENTED_EDGE('',*,*,#4897,.F.);
#2254=ORIENTED_EDGE('',*,*,#4898,.F.);
#2255=ORIENTED_EDGE('',*,*,#4001,.F.);
#2256=ORIENTED_EDGE('',*,*,#4163,.T.);
#2257=ORIENTED_EDGE('',*,*,#4899,.T.);
#2258=ORIENTED_EDGE('',*,*,#4900,.T.);
#2259=ORIENTED_EDGE('',*,*,#4901,.T.);
#2260=ORIENTED_EDGE('',*,*,#4308,.F.);
#2261=ORIENTED_EDGE('',*,*,#4902,.T.);
#2262=ORIENTED_EDGE('',*,*,#4903,.T.);
#2263=ORIENTED_EDGE('',*,*,#4904,.T.);
#2264=ORIENTED_EDGE('',*,*,#4569,.T.);
#2265=ORIENTED_EDGE('',*,*,#4622,.F.);
#2266=ORIENTED_EDGE('',*,*,#4492,.T.);
#2267=ORIENTED_EDGE('',*,*,#4905,.T.);
#2268=ORIENTED_EDGE('',*,*,#4906,.T.);
#2269=ORIENTED_EDGE('',*,*,#4907,.T.);
#2270=ORIENTED_EDGE('',*,*,#4496,.F.);
#2271=ORIENTED_EDGE('',*,*,#4908,.T.);
#2272=ORIENTED_EDGE('',*,*,#4452,.F.);
#2273=ORIENTED_EDGE('',*,*,#4909,.T.);
#2274=ORIENTED_EDGE('',*,*,#4160,.T.);
#2275=ORIENTED_EDGE('',*,*,#4910,.T.);
#2276=ORIENTED_EDGE('',*,*,#4911,.F.);
#2277=ORIENTED_EDGE('',*,*,#4912,.T.);
#2278=ORIENTED_EDGE('',*,*,#4409,.F.);
#2279=ORIENTED_EDGE('',*,*,#4913,.T.);
#2280=ORIENTED_EDGE('',*,*,#4914,.T.);
#2281=ORIENTED_EDGE('',*,*,#4915,.T.);
#2282=ORIENTED_EDGE('',*,*,#4587,.T.);
#2283=ORIENTED_EDGE('',*,*,#4916,.F.);
#2284=ORIENTED_EDGE('',*,*,#4886,.T.);
#2285=ORIENTED_EDGE('',*,*,#4891,.T.);
#2286=ORIENTED_EDGE('',*,*,#4917,.F.);
#2287=ORIENTED_EDGE('',*,*,#4888,.T.);
#2288=ORIENTED_EDGE('',*,*,#4916,.T.);
#2289=ORIENTED_EDGE('',*,*,#4918,.F.);
#2290=ORIENTED_EDGE('',*,*,#4893,.T.);
#2291=ORIENTED_EDGE('',*,*,#4889,.T.);
#2292=ORIENTED_EDGE('',*,*,#4773,.T.);
#2293=ORIENTED_EDGE('',*,*,#4894,.T.);
#2294=ORIENTED_EDGE('',*,*,#4918,.T.);
#2295=ORIENTED_EDGE('',*,*,#4917,.T.);
#2296=ORIENTED_EDGE('',*,*,#4783,.T.);
#2297=ORIENTED_EDGE('',*,*,#4919,.F.);
#2298=ORIENTED_EDGE('',*,*,#4920,.F.);
#2299=ORIENTED_EDGE('',*,*,#4921,.F.);
#2300=ORIENTED_EDGE('',*,*,#4643,.T.);
#2301=ORIENTED_EDGE('',*,*,#4921,.T.);
#2302=ORIENTED_EDGE('',*,*,#4922,.F.);
#2303=ORIENTED_EDGE('',*,*,#4923,.F.);
#2304=ORIENTED_EDGE('',*,*,#4644,.T.);
#2305=ORIENTED_EDGE('',*,*,#4764,.T.);
#2306=ORIENTED_EDGE('',*,*,#4645,.T.);
#2307=ORIENTED_EDGE('',*,*,#4923,.T.);
#2308=ORIENTED_EDGE('',*,*,#4924,.F.);
#2309=ORIENTED_EDGE('',*,*,#4925,.F.);
#2310=ORIENTED_EDGE('',*,*,#4656,.T.);
#2311=ORIENTED_EDGE('',*,*,#4926,.T.);
#2312=ORIENTED_EDGE('',*,*,#4927,.T.);
#2313=ORIENTED_EDGE('',*,*,#4928,.T.);
#2314=ORIENTED_EDGE('',*,*,#4804,.T.);
#2315=ORIENTED_EDGE('',*,*,#4810,.T.);
#2316=ORIENTED_EDGE('',*,*,#4929,.F.);
#2317=ORIENTED_EDGE('',*,*,#4839,.F.);
#2318=ORIENTED_EDGE('',*,*,#4837,.T.);
#2319=ORIENTED_EDGE('',*,*,#4834,.T.);
#2320=ORIENTED_EDGE('',*,*,#4897,.T.);
#2321=ORIENTED_EDGE('',*,*,#4796,.F.);
#2322=ORIENTED_EDGE('',*,*,#4782,.T.);
#2323=ORIENTED_EDGE('',*,*,#4840,.T.);
#2324=ORIENTED_EDGE('',*,*,#4929,.T.);
#2325=ORIENTED_EDGE('',*,*,#4809,.T.);
#2326=ORIENTED_EDGE('',*,*,#4765,.T.);
#2327=ORIENTED_EDGE('',*,*,#4925,.T.);
#2328=ORIENTED_EDGE('',*,*,#4930,.F.);
#2329=ORIENTED_EDGE('',*,*,#4919,.T.);
#2330=ORIENTED_EDGE('',*,*,#4924,.T.);
#2331=ORIENTED_EDGE('',*,*,#4922,.T.);
#2332=ORIENTED_EDGE('',*,*,#4920,.T.);
#2333=ORIENTED_EDGE('',*,*,#4930,.T.);
#2334=ORIENTED_EDGE('',*,*,#4931,.F.);
#2335=ORIENTED_EDGE('',*,*,#4932,.T.);
#2336=ORIENTED_EDGE('',*,*,#4392,.T.);
#2337=ORIENTED_EDGE('',*,*,#4933,.F.);
#2338=ORIENTED_EDGE('',*,*,#4934,.F.);
#2339=ORIENTED_EDGE('',*,*,#4935,.F.);
#2340=ORIENTED_EDGE('',*,*,#4933,.T.);
#2341=ORIENTED_EDGE('',*,*,#4391,.T.);
#2342=ORIENTED_EDGE('',*,*,#4936,.F.);
#2343=ORIENTED_EDGE('',*,*,#4937,.T.);
#2344=ORIENTED_EDGE('',*,*,#4931,.T.);
#2345=ORIENTED_EDGE('',*,*,#4935,.T.);
#2346=ORIENTED_EDGE('',*,*,#4938,.F.);
#2347=ORIENTED_EDGE('',*,*,#4939,.F.);
#2348=ORIENTED_EDGE('',*,*,#4940,.F.);
#2349=ORIENTED_EDGE('',*,*,#4941,.F.);
#2350=ORIENTED_EDGE('',*,*,#4942,.F.);
#2351=ORIENTED_EDGE('',*,*,#4943,.F.);
#2352=ORIENTED_EDGE('',*,*,#4944,.F.);
#2353=ORIENTED_EDGE('',*,*,#4945,.F.);
#2354=ORIENTED_EDGE('',*,*,#4946,.F.);
#2355=ORIENTED_EDGE('',*,*,#4947,.T.);
#2356=ORIENTED_EDGE('',*,*,#4948,.F.);
#2357=ORIENTED_EDGE('',*,*,#4949,.T.);
#2358=ORIENTED_EDGE('',*,*,#4950,.F.);
#2359=ORIENTED_EDGE('',*,*,#4951,.T.);
#2360=ORIENTED_EDGE('',*,*,#4532,.F.);
#2361=ORIENTED_EDGE('',*,*,#4952,.T.);
#2362=ORIENTED_EDGE('',*,*,#4953,.F.);
#2363=ORIENTED_EDGE('',*,*,#4619,.F.);
#2364=ORIENTED_EDGE('',*,*,#4312,.F.);
#2365=ORIENTED_EDGE('',*,*,#4618,.F.);
#2366=ORIENTED_EDGE('',*,*,#4394,.T.);
#2367=ORIENTED_EDGE('',*,*,#4954,.T.);
#2368=ORIENTED_EDGE('',*,*,#4936,.T.);
#2369=ORIENTED_EDGE('',*,*,#4617,.T.);
#2370=ORIENTED_EDGE('',*,*,#4955,.F.);
#2371=ORIENTED_EDGE('',*,*,#4938,.T.);
#2372=ORIENTED_EDGE('',*,*,#4934,.T.);
#2373=ORIENTED_EDGE('',*,*,#4390,.T.);
#2374=ORIENTED_EDGE('',*,*,#4956,.F.);
#2375=ORIENTED_EDGE('',*,*,#4939,.T.);
#2376=ORIENTED_EDGE('',*,*,#4955,.T.);
#2377=ORIENTED_EDGE('',*,*,#4389,.T.);
#2378=ORIENTED_EDGE('',*,*,#4957,.F.);
#2379=ORIENTED_EDGE('',*,*,#4940,.T.);
#2380=ORIENTED_EDGE('',*,*,#4956,.T.);
#2381=ORIENTED_EDGE('',*,*,#4388,.T.);
#2382=ORIENTED_EDGE('',*,*,#4958,.F.);
#2383=ORIENTED_EDGE('',*,*,#4941,.T.);
#2384=ORIENTED_EDGE('',*,*,#4957,.T.);
#2385=ORIENTED_EDGE('',*,*,#4387,.T.);
#2386=ORIENTED_EDGE('',*,*,#4959,.F.);
#2387=ORIENTED_EDGE('',*,*,#4942,.T.);
#2388=ORIENTED_EDGE('',*,*,#4958,.T.);
#2389=ORIENTED_EDGE('',*,*,#4386,.T.);
#2390=ORIENTED_EDGE('',*,*,#4960,.F.);
#2391=ORIENTED_EDGE('',*,*,#4943,.T.);
#2392=ORIENTED_EDGE('',*,*,#4959,.T.);
#2393=ORIENTED_EDGE('',*,*,#4385,.T.);
#2394=ORIENTED_EDGE('',*,*,#4961,.F.);
#2395=ORIENTED_EDGE('',*,*,#4944,.T.);
#2396=ORIENTED_EDGE('',*,*,#4960,.T.);
#2397=ORIENTED_EDGE('',*,*,#4384,.T.);
#2398=ORIENTED_EDGE('',*,*,#4962,.F.);
#2399=ORIENTED_EDGE('',*,*,#4945,.T.);
#2400=ORIENTED_EDGE('',*,*,#4961,.T.);
#2401=ORIENTED_EDGE('',*,*,#4383,.T.);
#2402=ORIENTED_EDGE('',*,*,#4382,.T.);
#2403=ORIENTED_EDGE('',*,*,#4963,.T.);
#2404=ORIENTED_EDGE('',*,*,#4946,.T.);
#2405=ORIENTED_EDGE('',*,*,#4962,.T.);
#2406=ORIENTED_EDGE('',*,*,#4948,.T.);
#2407=ORIENTED_EDGE('',*,*,#4964,.T.);
#2408=ORIENTED_EDGE('',*,*,#4380,.T.);
#2409=ORIENTED_EDGE('',*,*,#4965,.T.);
#2410=ORIENTED_EDGE('',*,*,#4953,.T.);
#2411=ORIENTED_EDGE('',*,*,#4966,.T.);
#2412=ORIENTED_EDGE('',*,*,#4546,.F.);
#2413=ORIENTED_EDGE('',*,*,#4529,.F.);
#2414=ORIENTED_EDGE('',*,*,#4620,.T.);
#2415=ORIENTED_EDGE('',*,*,#4541,.F.);
#2416=ORIENTED_EDGE('',*,*,#4967,.T.);
#2417=ORIENTED_EDGE('',*,*,#4950,.T.);
#2418=ORIENTED_EDGE('',*,*,#4968,.T.);
#2419=ORIENTED_EDGE('',*,*,#4378,.T.);
#2420=ORIENTED_EDGE('',*,*,#4969,.T.);
#2421=ORIENTED_EDGE('',*,*,#4531,.T.);
#2422=ORIENTED_EDGE('',*,*,#4970,.F.);
#2423=ORIENTED_EDGE('',*,*,#4969,.F.);
#2424=ORIENTED_EDGE('',*,*,#4971,.T.);
#2425=ORIENTED_EDGE('',*,*,#4970,.T.);
#2426=ORIENTED_EDGE('',*,*,#4366,.F.);
#2427=ORIENTED_EDGE('',*,*,#4972,.T.);
#2428=ORIENTED_EDGE('',*,*,#4290,.T.);
#2429=ORIENTED_EDGE('',*,*,#4973,.F.);
#2430=ORIENTED_EDGE('',*,*,#4974,.F.);
#2431=ORIENTED_EDGE('',*,*,#4367,.F.);
#2432=ORIENTED_EDGE('',*,*,#4973,.T.);
#2433=ORIENTED_EDGE('',*,*,#4289,.T.);
#2434=ORIENTED_EDGE('',*,*,#4292,.T.);
#2435=ORIENTED_EDGE('',*,*,#4975,.T.);
#2436=ORIENTED_EDGE('',*,*,#4364,.T.);
#2437=ORIENTED_EDGE('',*,*,#4615,.T.);
#2438=ORIENTED_EDGE('',*,*,#4976,.F.);
#2439=ORIENTED_EDGE('',*,*,#4368,.T.);
#2440=ORIENTED_EDGE('',*,*,#4974,.T.);
#2441=ORIENTED_EDGE('',*,*,#4288,.T.);
#2442=ORIENTED_EDGE('',*,*,#4977,.F.);
#2443=ORIENTED_EDGE('',*,*,#4369,.T.);
#2444=ORIENTED_EDGE('',*,*,#4976,.T.);
#2445=ORIENTED_EDGE('',*,*,#4287,.T.);
#2446=ORIENTED_EDGE('',*,*,#4241,.F.);
#2447=ORIENTED_EDGE('',*,*,#4370,.T.);
#2448=ORIENTED_EDGE('',*,*,#4977,.T.);
#2449=ORIENTED_EDGE('',*,*,#4286,.T.);
#2450=ORIENTED_EDGE('',*,*,#4978,.F.);
#2451=ORIENTED_EDGE('',*,*,#4353,.T.);
#2452=ORIENTED_EDGE('',*,*,#4243,.T.);
#2453=ORIENTED_EDGE('',*,*,#4285,.T.);
#2454=ORIENTED_EDGE('',*,*,#4979,.F.);
#2455=ORIENTED_EDGE('',*,*,#4354,.T.);
#2456=ORIENTED_EDGE('',*,*,#4978,.T.);
#2457=ORIENTED_EDGE('',*,*,#4284,.T.);
#2458=ORIENTED_EDGE('',*,*,#4980,.F.);
#2459=ORIENTED_EDGE('',*,*,#4355,.T.);
#2460=ORIENTED_EDGE('',*,*,#4979,.T.);
#2461=ORIENTED_EDGE('',*,*,#4283,.T.);
#2462=ORIENTED_EDGE('',*,*,#4981,.F.);
#2463=ORIENTED_EDGE('',*,*,#4356,.T.);
#2464=ORIENTED_EDGE('',*,*,#4980,.T.);
#2465=ORIENTED_EDGE('',*,*,#4282,.T.);
#2466=ORIENTED_EDGE('',*,*,#4281,.T.);
#2467=ORIENTED_EDGE('',*,*,#4982,.T.);
#2468=ORIENTED_EDGE('',*,*,#4357,.T.);
#2469=ORIENTED_EDGE('',*,*,#4981,.T.);
#2470=ORIENTED_EDGE('',*,*,#4359,.T.);
#2471=ORIENTED_EDGE('',*,*,#4983,.T.);
#2472=ORIENTED_EDGE('',*,*,#4279,.T.);
#2473=ORIENTED_EDGE('',*,*,#4984,.T.);
#2474=ORIENTED_EDGE('',*,*,#4373,.T.);
#2475=ORIENTED_EDGE('',*,*,#4002,.T.);
#2476=ORIENTED_EDGE('',*,*,#4898,.T.);
#2477=ORIENTED_EDGE('',*,*,#4621,.T.);
#2478=ORIENTED_EDGE('',*,*,#4559,.T.);
#2479=ORIENTED_EDGE('',*,*,#4616,.T.);
#2480=ORIENTED_EDGE('',*,*,#4151,.F.);
#2481=ORIENTED_EDGE('',*,*,#4985,.T.);
#2482=ORIENTED_EDGE('',*,*,#4986,.F.);
#2483=ORIENTED_EDGE('',*,*,#4987,.T.);
#2484=ORIENTED_EDGE('',*,*,#4988,.F.);
#2485=ORIENTED_EDGE('',*,*,#4989,.T.);
#2486=ORIENTED_EDGE('',*,*,#4231,.F.);
#2487=ORIENTED_EDGE('',*,*,#4990,.T.);
#2488=ORIENTED_EDGE('',*,*,#4991,.F.);
#2489=ORIENTED_EDGE('',*,*,#4992,.T.);
#2490=ORIENTED_EDGE('',*,*,#4993,.F.);
#2491=ORIENTED_EDGE('',*,*,#4994,.T.);
#2492=ORIENTED_EDGE('',*,*,#4227,.F.);
#2493=ORIENTED_EDGE('',*,*,#4995,.T.);
#2494=ORIENTED_EDGE('',*,*,#4996,.F.);
#2495=ORIENTED_EDGE('',*,*,#4997,.T.);
#2496=ORIENTED_EDGE('',*,*,#4998,.F.);
#2497=ORIENTED_EDGE('',*,*,#4999,.T.);
#2498=ORIENTED_EDGE('',*,*,#4223,.F.);
#2499=ORIENTED_EDGE('',*,*,#5000,.T.);
#2500=ORIENTED_EDGE('',*,*,#5001,.F.);
#2501=ORIENTED_EDGE('',*,*,#5002,.T.);
#2502=ORIENTED_EDGE('',*,*,#5003,.F.);
#2503=ORIENTED_EDGE('',*,*,#5004,.T.);
#2504=ORIENTED_EDGE('',*,*,#4219,.F.);
#2505=ORIENTED_EDGE('',*,*,#5005,.T.);
#2506=ORIENTED_EDGE('',*,*,#5006,.F.);
#2507=ORIENTED_EDGE('',*,*,#5007,.T.);
#2508=ORIENTED_EDGE('',*,*,#5008,.F.);
#2509=ORIENTED_EDGE('',*,*,#5009,.T.);
#2510=ORIENTED_EDGE('',*,*,#5010,.F.);
#2511=ORIENTED_EDGE('',*,*,#4322,.T.);
#2512=ORIENTED_EDGE('',*,*,#4347,.T.);
#2513=ORIENTED_EDGE('',*,*,#4335,.F.);
#2514=ORIENTED_EDGE('',*,*,#4328,.F.);
#2515=ORIENTED_EDGE('',*,*,#4442,.F.);
#2516=ORIENTED_EDGE('',*,*,#4604,.T.);
#2517=ORIENTED_EDGE('',*,*,#4473,.T.);
#2518=ORIENTED_EDGE('',*,*,#5011,.F.);
#2519=ORIENTED_EDGE('',*,*,#5012,.F.);
#2520=ORIENTED_EDGE('',*,*,#4443,.F.);
#2521=ORIENTED_EDGE('',*,*,#5011,.T.);
#2522=ORIENTED_EDGE('',*,*,#4472,.T.);
#2523=ORIENTED_EDGE('',*,*,#4601,.T.);
#2524=ORIENTED_EDGE('',*,*,#4603,.T.);
#2525=ORIENTED_EDGE('',*,*,#4438,.T.);
#2526=ORIENTED_EDGE('',*,*,#4614,.T.);
#2527=ORIENTED_EDGE('',*,*,#5013,.F.);
#2528=ORIENTED_EDGE('',*,*,#4444,.T.);
#2529=ORIENTED_EDGE('',*,*,#5012,.T.);
#2530=ORIENTED_EDGE('',*,*,#4471,.T.);
#2531=ORIENTED_EDGE('',*,*,#5014,.F.);
#2532=ORIENTED_EDGE('',*,*,#4445,.T.);
#2533=ORIENTED_EDGE('',*,*,#5013,.T.);
#2534=ORIENTED_EDGE('',*,*,#4470,.T.);
#2535=ORIENTED_EDGE('',*,*,#4184,.F.);
#2536=ORIENTED_EDGE('',*,*,#4446,.T.);
#2537=ORIENTED_EDGE('',*,*,#5014,.T.);
#2538=ORIENTED_EDGE('',*,*,#4469,.T.);
#2539=ORIENTED_EDGE('',*,*,#5015,.F.);
#2540=ORIENTED_EDGE('',*,*,#4428,.T.);
#2541=ORIENTED_EDGE('',*,*,#4186,.T.);
#2542=ORIENTED_EDGE('',*,*,#4468,.T.);
#2543=ORIENTED_EDGE('',*,*,#5016,.F.);
#2544=ORIENTED_EDGE('',*,*,#4429,.T.);
#2545=ORIENTED_EDGE('',*,*,#5015,.T.);
#2546=ORIENTED_EDGE('',*,*,#4467,.T.);
#2547=ORIENTED_EDGE('',*,*,#5017,.F.);
#2548=ORIENTED_EDGE('',*,*,#4430,.T.);
#2549=ORIENTED_EDGE('',*,*,#5016,.T.);
#2550=ORIENTED_EDGE('',*,*,#4466,.T.);
#2551=ORIENTED_EDGE('',*,*,#5018,.F.);
#2552=ORIENTED_EDGE('',*,*,#4431,.T.);
#2553=ORIENTED_EDGE('',*,*,#5017,.T.);
#2554=ORIENTED_EDGE('',*,*,#4465,.T.);
#2555=ORIENTED_EDGE('',*,*,#4464,.T.);
#2556=ORIENTED_EDGE('',*,*,#5019,.T.);
#2557=ORIENTED_EDGE('',*,*,#4432,.T.);
#2558=ORIENTED_EDGE('',*,*,#5018,.T.);
#2559=ORIENTED_EDGE('',*,*,#4434,.T.);
#2560=ORIENTED_EDGE('',*,*,#5020,.T.);
#2561=ORIENTED_EDGE('',*,*,#4462,.T.);
#2562=ORIENTED_EDGE('',*,*,#5021,.T.);
#2563=ORIENTED_EDGE('',*,*,#4859,.F.);
#2564=ORIENTED_EDGE('',*,*,#4971,.F.);
#2565=ORIENTED_EDGE('',*,*,#5022,.T.);
#2566=ORIENTED_EDGE('',*,*,#5023,.F.);
#2567=ORIENTED_EDGE('',*,*,#4848,.F.);
#2568=ORIENTED_EDGE('',*,*,#5024,.F.);
#2569=ORIENTED_EDGE('',*,*,#5024,.T.);
#2570=ORIENTED_EDGE('',*,*,#5023,.T.);
#2571=ORIENTED_EDGE('',*,*,#4704,.F.);
#2572=ORIENTED_EDGE('',*,*,#5025,.T.);
#2573=ORIENTED_EDGE('',*,*,#4665,.T.);
#2574=ORIENTED_EDGE('',*,*,#5026,.F.);
#2575=ORIENTED_EDGE('',*,*,#4715,.F.);
#2576=ORIENTED_EDGE('',*,*,#5027,.T.);
#2577=ORIENTED_EDGE('',*,*,#4676,.T.);
#2578=ORIENTED_EDGE('',*,*,#4611,.T.);
#2579=ORIENTED_EDGE('',*,*,#5028,.T.);
#2580=ORIENTED_EDGE('',*,*,#5029,.T.);
#2581=ORIENTED_EDGE('',*,*,#4698,.F.);
#2582=ORIENTED_EDGE('',*,*,#4606,.T.);
#2583=ORIENTED_EDGE('',*,*,#4683,.T.);
#2584=ORIENTED_EDGE('',*,*,#5030,.F.);
#2585=ORIENTED_EDGE('',*,*,#4709,.T.);
#2586=ORIENTED_EDGE('',*,*,#5031,.T.);
#2587=ORIENTED_EDGE('',*,*,#4682,.T.);
#2588=ORIENTED_EDGE('',*,*,#5032,.F.);
#2589=ORIENTED_EDGE('',*,*,#4710,.T.);
#2590=ORIENTED_EDGE('',*,*,#5030,.T.);
#2591=ORIENTED_EDGE('',*,*,#4681,.T.);
#2592=ORIENTED_EDGE('',*,*,#5033,.F.);
#2593=ORIENTED_EDGE('',*,*,#4711,.T.);
#2594=ORIENTED_EDGE('',*,*,#5032,.T.);
#2595=ORIENTED_EDGE('',*,*,#5034,.F.);
#2596=ORIENTED_EDGE('',*,*,#4712,.T.);
#2597=ORIENTED_EDGE('',*,*,#5033,.T.);
#2598=ORIENTED_EDGE('',*,*,#4680,.T.);
#2599=ORIENTED_EDGE('',*,*,#4685,.T.);
#2600=ORIENTED_EDGE('',*,*,#5035,.F.);
#2601=ORIENTED_EDGE('',*,*,#4707,.T.);
#2602=ORIENTED_EDGE('',*,*,#4717,.T.);
#2603=ORIENTED_EDGE('',*,*,#4684,.T.);
#2604=ORIENTED_EDGE('',*,*,#5031,.F.);
#2605=ORIENTED_EDGE('',*,*,#4708,.T.);
#2606=ORIENTED_EDGE('',*,*,#5035,.T.);
#2607=ORIENTED_EDGE('',*,*,#4700,.F.);
#2608=ORIENTED_EDGE('',*,*,#5036,.T.);
#2609=ORIENTED_EDGE('',*,*,#5037,.T.);
#2610=ORIENTED_EDGE('',*,*,#5038,.T.);
#2611=ORIENTED_EDGE('',*,*,#4862,.F.);
#2612=ORIENTED_EDGE('',*,*,#4847,.F.);
#2613=ORIENTED_EDGE('',*,*,#4861,.F.);
#2614=ORIENTED_EDGE('',*,*,#4846,.F.);
#2615=ORIENTED_EDGE('',*,*,#4860,.F.);
#2616=ORIENTED_EDGE('',*,*,#4845,.F.);
#2617=ORIENTED_EDGE('',*,*,#4669,.T.);
#2618=ORIENTED_EDGE('',*,*,#5039,.T.);
#2619=ORIENTED_EDGE('',*,*,#5040,.F.);
#2620=ORIENTED_EDGE('',*,*,#5041,.T.);
#2621=ORIENTED_EDGE('',*,*,#4629,.T.);
#2622=ORIENTED_EDGE('',*,*,#5042,.T.);
#2623=ORIENTED_EDGE('',*,*,#5043,.T.);
#2624=ORIENTED_EDGE('',*,*,#5044,.T.);
#2625=ORIENTED_EDGE('',*,*,#4415,.T.);
#2626=ORIENTED_EDGE('',*,*,#4480,.T.);
#2627=ORIENTED_EDGE('',*,*,#4574,.T.);
#2628=ORIENTED_EDGE('',*,*,#4527,.F.);
#2629=ORIENTED_EDGE('',*,*,#4552,.F.);
#2630=ORIENTED_EDGE('',*,*,#4154,.F.);
#2631=ORIENTED_EDGE('',*,*,#4315,.F.);
#2632=ORIENTED_EDGE('',*,*,#5045,.F.);
#2633=ORIENTED_EDGE('',*,*,#4807,.T.);
#2634=ORIENTED_EDGE('',*,*,#4068,.T.);
#2635=ORIENTED_EDGE('',*,*,#4158,.F.);
#2636=ORIENTED_EDGE('',*,*,#4736,.T.);
#2637=ORIENTED_EDGE('',*,*,#4727,.T.);
#2638=ORIENTED_EDGE('',*,*,#5046,.T.);
#2639=ORIENTED_EDGE('',*,*,#4895,.T.);
#2640=ORIENTED_EDGE('',*,*,#4791,.T.);
#2641=ORIENTED_EDGE('',*,*,#4785,.T.);
#2642=ORIENTED_EDGE('',*,*,#5047,.F.);
#2643=ORIENTED_EDGE('',*,*,#4549,.F.);
#2644=ORIENTED_EDGE('',*,*,#5048,.T.);
#2645=ORIENTED_EDGE('',*,*,#4738,.F.);
#2646=ORIENTED_EDGE('',*,*,#5049,.T.);
#2647=ORIENTED_EDGE('',*,*,#5050,.T.);
#2648=ORIENTED_EDGE('',*,*,#4651,.F.);
#2649=ORIENTED_EDGE('',*,*,#5051,.T.);
#2650=ORIENTED_EDGE('',*,*,#4338,.F.);
#2651=ORIENTED_EDGE('',*,*,#5052,.T.);
#2652=ORIENTED_EDGE('',*,*,#5049,.F.);
#2653=ORIENTED_EDGE('',*,*,#5053,.F.);
#2654=ORIENTED_EDGE('',*,*,#5054,.F.);
#2655=ORIENTED_EDGE('',*,*,#4927,.F.);
#2656=ORIENTED_EDGE('',*,*,#5055,.T.);
#2657=ORIENTED_EDGE('',*,*,#4450,.F.);
#2658=ORIENTED_EDGE('',*,*,#5056,.T.);
#2659=ORIENTED_EDGE('',*,*,#5010,.T.);
#2660=ORIENTED_EDGE('',*,*,#5057,.T.);
#2661=ORIENTED_EDGE('',*,*,#4250,.T.);
#2662=ORIENTED_EDGE('',*,*,#5058,.T.);
#2663=ORIENTED_EDGE('',*,*,#4323,.T.);
#2664=ORIENTED_EDGE('',*,*,#5047,.T.);
#2665=ORIENTED_EDGE('',*,*,#4793,.T.);
#2666=ORIENTED_EDGE('',*,*,#4800,.T.);
#2667=ORIENTED_EDGE('',*,*,#5045,.T.);
#2668=ORIENTED_EDGE('',*,*,#4157,.T.);
#2669=ORIENTED_EDGE('',*,*,#4723,.T.);
#2670=ORIENTED_EDGE('',*,*,#4737,.T.);
#2671=ORIENTED_EDGE('',*,*,#5059,.F.);
#2672=ORIENTED_EDGE('',*,*,#5060,.T.);
#2673=ORIENTED_EDGE('',*,*,#4423,.T.);
#2674=ORIENTED_EDGE('',*,*,#5061,.T.);
#2675=ORIENTED_EDGE('',*,*,#5022,.F.);
#2676=ORIENTED_EDGE('',*,*,#4722,.F.);
#2677=ORIENTED_EDGE('',*,*,#5062,.T.);
#2678=ORIENTED_EDGE('',*,*,#5037,.F.);
#2679=ORIENTED_EDGE('',*,*,#5063,.T.);
#2680=ORIENTED_EDGE('',*,*,#5028,.F.);
#2681=ORIENTED_EDGE('',*,*,#4605,.T.);
#2682=ORIENTED_EDGE('',*,*,#4568,.F.);
#2683=ORIENTED_EDGE('',*,*,#5064,.T.);
#2684=ORIENTED_EDGE('',*,*,#5059,.T.);
#2685=ORIENTED_EDGE('',*,*,#5065,.T.);
#2686=ORIENTED_EDGE('',*,*,#4457,.F.);
#2687=ORIENTED_EDGE('',*,*,#5066,.T.);
#2688=ORIENTED_EDGE('',*,*,#4858,.F.);
#2689=ORIENTED_EDGE('',*,*,#4662,.T.);
#2690=ORIENTED_EDGE('',*,*,#5034,.T.);
#2691=ORIENTED_EDGE('',*,*,#4679,.F.);
#2692=ORIENTED_EDGE('',*,*,#4690,.F.);
#2693=ORIENTED_EDGE('',*,*,#4713,.F.);
#2694=ORIENTED_EDGE('',*,*,#5026,.T.);
#2695=ORIENTED_EDGE('',*,*,#4687,.F.);
#2696=ORIENTED_EDGE('',*,*,#4716,.F.);
#2697=ORIENTED_EDGE('',*,*,#4705,.F.);
#2698=ORIENTED_EDGE('',*,*,#4588,.F.);
#2699=ORIENTED_EDGE('',*,*,#5067,.T.);
#2700=ORIENTED_EDGE('',*,*,#5068,.F.);
#2701=ORIENTED_EDGE('',*,*,#5069,.T.);
#2702=ORIENTED_EDGE('',*,*,#4098,.F.);
#2703=ORIENTED_EDGE('',*,*,#5070,.T.);
#2704=ORIENTED_EDGE('',*,*,#5071,.T.);
#2705=ORIENTED_EDGE('',*,*,#5072,.T.);
#2706=ORIENTED_EDGE('',*,*,#5071,.F.);
#2707=ORIENTED_EDGE('',*,*,#5073,.T.);
#2708=ORIENTED_EDGE('',*,*,#4579,.F.);
#2709=ORIENTED_EDGE('',*,*,#5074,.T.);
#2710=ORIENTED_EDGE('',*,*,#4598,.F.);
#2711=ORIENTED_EDGE('',*,*,#5075,.T.);
#2712=ORIENTED_EDGE('',*,*,#5068,.T.);
#2713=ORIENTED_EDGE('',*,*,#5076,.T.);
#2714=ORIENTED_EDGE('',*,*,#4674,.F.);
#2715=ORIENTED_EDGE('',*,*,#5077,.T.);
#2716=ORIENTED_EDGE('',*,*,#4583,.F.);
#2717=ORIENTED_EDGE('',*,*,#5078,.T.);
#2718=ORIENTED_EDGE('',*,*,#4477,.F.);
#2719=ORIENTED_EDGE('',*,*,#5079,.T.);
#2720=ORIENTED_EDGE('',*,*,#4671,.T.);
#2721=ORIENTED_EDGE('',*,*,#5080,.T.);
#2722=ORIENTED_EDGE('',*,*,#4296,.F.);
#2723=ORIENTED_EDGE('',*,*,#5081,.T.);
#2724=ORIENTED_EDGE('',*,*,#4911,.T.);
#2725=ORIENTED_EDGE('',*,*,#5082,.T.);
#2726=ORIENTED_EDGE('',*,*,#4914,.F.);
#2727=ORIENTED_EDGE('',*,*,#5083,.T.);
#2728=ORIENTED_EDGE('',*,*,#4483,.F.);
#2729=ORIENTED_EDGE('',*,*,#5084,.T.);
#2730=ORIENTED_EDGE('',*,*,#4397,.F.);
#2731=ORIENTED_EDGE('',*,*,#5085,.T.);
#2732=ORIENTED_EDGE('',*,*,#4900,.F.);
#2733=ORIENTED_EDGE('',*,*,#5086,.T.);
#2734=ORIENTED_EDGE('',*,*,#4903,.F.);
#2735=ORIENTED_EDGE('',*,*,#5087,.T.);
#2736=ORIENTED_EDGE('',*,*,#4556,.F.);
#2737=ORIENTED_EDGE('',*,*,#5088,.T.);
#2738=ORIENTED_EDGE('',*,*,#4554,.F.);
#2739=ORIENTED_EDGE('',*,*,#5089,.T.);
#2740=ORIENTED_EDGE('',*,*,#5090,.T.);
#2741=ORIENTED_EDGE('',*,*,#5091,.T.);
#2742=ORIENTED_EDGE('',*,*,#4536,.F.);
#2743=ORIENTED_EDGE('',*,*,#5092,.T.);
#2744=ORIENTED_EDGE('',*,*,#5093,.T.);
#2745=ORIENTED_EDGE('',*,*,#5094,.T.);
#2746=ORIENTED_EDGE('',*,*,#5090,.F.);
#2747=ORIENTED_EDGE('',*,*,#5095,.T.);
#2748=ORIENTED_EDGE('',*,*,#4524,.F.);
#2749=ORIENTED_EDGE('',*,*,#4545,.F.);
#2750=ORIENTED_EDGE('',*,*,#5096,.T.);
#2751=ORIENTED_EDGE('',*,*,#4376,.F.);
#2752=ORIENTED_EDGE('',*,*,#5097,.T.);
#2753=ORIENTED_EDGE('',*,*,#5093,.F.);
#2754=ORIENTED_EDGE('',*,*,#5098,.T.);
#2755=ORIENTED_EDGE('',*,*,#4542,.F.);
#2756=ORIENTED_EDGE('',*,*,#4488,.F.);
#2757=ORIENTED_EDGE('',*,*,#5099,.T.);
#2758=ORIENTED_EDGE('',*,*,#4906,.F.);
#2759=ORIENTED_EDGE('',*,*,#5100,.T.);
#2760=ORIENTED_EDGE('',*,*,#5064,.F.);
#2761=ORIENTED_EDGE('',*,*,#4567,.F.);
#2762=ORIENTED_EDGE('',*,*,#4424,.F.);
#2763=ORIENTED_EDGE('',*,*,#5060,.F.);
#2764=ORIENTED_EDGE('',*,*,#4422,.F.);
#2765=ORIENTED_EDGE('',*,*,#4458,.F.);
#2766=ORIENTED_EDGE('',*,*,#5065,.F.);
#2767=ORIENTED_EDGE('',*,*,#5061,.F.);
#2768=ORIENTED_EDGE('',*,*,#4703,.F.);
#2769=ORIENTED_EDGE('',*,*,#4720,.F.);
#2770=ORIENTED_EDGE('',*,*,#4666,.F.);
#2771=ORIENTED_EDGE('',*,*,#5025,.F.);
#2772=ORIENTED_EDGE('',*,*,#5062,.F.);
#2773=ORIENTED_EDGE('',*,*,#4721,.F.);
#2774=ORIENTED_EDGE('',*,*,#4701,.F.);
#2775=ORIENTED_EDGE('',*,*,#5038,.F.);
#2776=ORIENTED_EDGE('',*,*,#4420,.F.);
#2777=ORIENTED_EDGE('',*,*,#5101,.T.);
#2778=ORIENTED_EDGE('',*,*,#4855,.F.);
#2779=ORIENTED_EDGE('',*,*,#5066,.F.);
#2780=ORIENTED_EDGE('',*,*,#4459,.F.);
#2781=ORIENTED_EDGE('',*,*,#4580,.F.);
#2782=ORIENTED_EDGE('',*,*,#5073,.F.);
#2783=ORIENTED_EDGE('',*,*,#5070,.F.);
#2784=ORIENTED_EDGE('',*,*,#4097,.F.);
#2785=ORIENTED_EDGE('',*,*,#5069,.F.);
#2786=ORIENTED_EDGE('',*,*,#5075,.F.);
#2787=ORIENTED_EDGE('',*,*,#4597,.F.);
#2788=ORIENTED_EDGE('',*,*,#4099,.F.);
#2789=ORIENTED_EDGE('',*,*,#5072,.F.);
#2790=ORIENTED_EDGE('',*,*,#5074,.F.);
#2791=ORIENTED_EDGE('',*,*,#4586,.F.);
#2792=ORIENTED_EDGE('',*,*,#4589,.F.);
#2793=ORIENTED_EDGE('',*,*,#4599,.F.);
#2794=ORIENTED_EDGE('',*,*,#5076,.F.);
#2795=ORIENTED_EDGE('',*,*,#5067,.F.);
#2796=ORIENTED_EDGE('',*,*,#4596,.F.);
#2797=ORIENTED_EDGE('',*,*,#4901,.F.);
#2798=ORIENTED_EDGE('',*,*,#5085,.F.);
#2799=ORIENTED_EDGE('',*,*,#4396,.F.);
#2800=ORIENTED_EDGE('',*,*,#4309,.F.);
#2801=ORIENTED_EDGE('',*,*,#4557,.F.);
#2802=ORIENTED_EDGE('',*,*,#5087,.F.);
#2803=ORIENTED_EDGE('',*,*,#4902,.F.);
#2804=ORIENTED_EDGE('',*,*,#4307,.F.);
#2805=ORIENTED_EDGE('',*,*,#4904,.F.);
#2806=ORIENTED_EDGE('',*,*,#5088,.F.);
#2807=ORIENTED_EDGE('',*,*,#4562,.F.);
#2808=ORIENTED_EDGE('',*,*,#4570,.F.);
#2809=ORIENTED_EDGE('',*,*,#4398,.F.);
#2810=ORIENTED_EDGE('',*,*,#5086,.F.);
#2811=ORIENTED_EDGE('',*,*,#4899,.F.);
#2812=ORIENTED_EDGE('',*,*,#4165,.F.);
#2813=ORIENTED_EDGE('',*,*,#4484,.F.);
#2814=ORIENTED_EDGE('',*,*,#5083,.F.);
#2815=ORIENTED_EDGE('',*,*,#4913,.F.);
#2816=ORIENTED_EDGE('',*,*,#4408,.F.);
#2817=ORIENTED_EDGE('',*,*,#4912,.F.);
#2818=ORIENTED_EDGE('',*,*,#5081,.F.);
#2819=ORIENTED_EDGE('',*,*,#4295,.F.);
#2820=ORIENTED_EDGE('',*,*,#4410,.F.);
#2821=ORIENTED_EDGE('',*,*,#4915,.F.);
#2822=ORIENTED_EDGE('',*,*,#5084,.F.);
#2823=ORIENTED_EDGE('',*,*,#4491,.F.);
#2824=ORIENTED_EDGE('',*,*,#4493,.F.);
#2825=ORIENTED_EDGE('',*,*,#4297,.F.);
#2826=ORIENTED_EDGE('',*,*,#5082,.F.);
#2827=ORIENTED_EDGE('',*,*,#4910,.F.);
#2828=ORIENTED_EDGE('',*,*,#4159,.F.);
#2829=ORIENTED_EDGE('',*,*,#4672,.F.);
#2830=ORIENTED_EDGE('',*,*,#5079,.F.);
#2831=ORIENTED_EDGE('',*,*,#4476,.F.);
#2832=ORIENTED_EDGE('',*,*,#4592,.F.);
#2833=ORIENTED_EDGE('',*,*,#4584,.F.);
#2834=ORIENTED_EDGE('',*,*,#5077,.F.);
#2835=ORIENTED_EDGE('',*,*,#4673,.F.);
#2836=ORIENTED_EDGE('',*,*,#4590,.F.);
#2837=ORIENTED_EDGE('',*,*,#4478,.F.);
#2838=ORIENTED_EDGE('',*,*,#5080,.F.);
#2839=ORIENTED_EDGE('',*,*,#4670,.F.);
#2840=ORIENTED_EDGE('',*,*,#4572,.F.);
#2841=ORIENTED_EDGE('',*,*,#4675,.F.);
#2842=ORIENTED_EDGE('',*,*,#5078,.F.);
#2843=ORIENTED_EDGE('',*,*,#4582,.F.);
#2844=ORIENTED_EDGE('',*,*,#4576,.F.);
#2845=ORIENTED_EDGE('',*,*,#5094,.F.);
#2846=ORIENTED_EDGE('',*,*,#5097,.F.);
#2847=ORIENTED_EDGE('',*,*,#4375,.F.);
#2848=ORIENTED_EDGE('',*,*,#4555,.F.);
#2849=ORIENTED_EDGE('',*,*,#4525,.F.);
#2850=ORIENTED_EDGE('',*,*,#5095,.F.);
#2851=ORIENTED_EDGE('',*,*,#5089,.F.);
#2852=ORIENTED_EDGE('',*,*,#4553,.F.);
#2853=ORIENTED_EDGE('',*,*,#4543,.F.);
#2854=ORIENTED_EDGE('',*,*,#5098,.F.);
#2855=ORIENTED_EDGE('',*,*,#5092,.F.);
#2856=ORIENTED_EDGE('',*,*,#4535,.F.);
#2857=ORIENTED_EDGE('',*,*,#5091,.F.);
#2858=ORIENTED_EDGE('',*,*,#5096,.F.);
#2859=ORIENTED_EDGE('',*,*,#4544,.F.);
#2860=ORIENTED_EDGE('',*,*,#4537,.F.);
#2861=ORIENTED_EDGE('',*,*,#4547,.F.);
#2862=ORIENTED_EDGE('',*,*,#4966,.F.);
#2863=ORIENTED_EDGE('',*,*,#4952,.F.);
#2864=ORIENTED_EDGE('',*,*,#4539,.F.);
#2865=ORIENTED_EDGE('',*,*,#4909,.F.);
#2866=ORIENTED_EDGE('',*,*,#4454,.F.);
#2867=ORIENTED_EDGE('',*,*,#4298,.F.);
#2868=ORIENTED_EDGE('',*,*,#4161,.F.);
#2869=ORIENTED_EDGE('',*,*,#4907,.F.);
#2870=ORIENTED_EDGE('',*,*,#5099,.F.);
#2871=ORIENTED_EDGE('',*,*,#4487,.F.);
#2872=ORIENTED_EDGE('',*,*,#4497,.F.);
#2873=ORIENTED_EDGE('',*,*,#4489,.F.);
#2874=ORIENTED_EDGE('',*,*,#5100,.F.);
#2875=ORIENTED_EDGE('',*,*,#4905,.F.);
#2876=ORIENTED_EDGE('',*,*,#4494,.F.);
#2877=ORIENTED_EDGE('',*,*,#4650,.F.);
#2878=ORIENTED_EDGE('',*,*,#4734,.F.);
#2879=ORIENTED_EDGE('',*,*,#5102,.F.);
#2880=ORIENTED_EDGE('',*,*,#5051,.F.);
#2881=ORIENTED_EDGE('',*,*,#4740,.F.);
#2882=ORIENTED_EDGE('',*,*,#4340,.F.);
#2883=ORIENTED_EDGE('',*,*,#5103,.F.);
#2884=ORIENTED_EDGE('',*,*,#4729,.F.);
#2885=ORIENTED_EDGE('',*,*,#4733,.F.);
#2886=ORIENTED_EDGE('',*,*,#5104,.T.);
#2887=ORIENTED_EDGE('',*,*,#5053,.T.);
#2888=ORIENTED_EDGE('',*,*,#5102,.T.);
#2889=ORIENTED_EDGE('',*,*,#5103,.T.);
#2890=ORIENTED_EDGE('',*,*,#4339,.F.);
#2891=ORIENTED_EDGE('',*,*,#5105,.F.);
#2892=ORIENTED_EDGE('',*,*,#4730,.F.);
#2893=ORIENTED_EDGE('',*,*,#5054,.T.);
#2894=ORIENTED_EDGE('',*,*,#5106,.T.);
#2895=ORIENTED_EDGE('',*,*,#4725,.F.);
#2896=ORIENTED_EDGE('',*,*,#5105,.T.);
#2897=ORIENTED_EDGE('',*,*,#4653,.F.);
#2898=ORIENTED_EDGE('',*,*,#5107,.T.);
#2899=ORIENTED_EDGE('',*,*,#5108,.T.);
#2900=ORIENTED_EDGE('',*,*,#5109,.T.);
#2901=ORIENTED_EDGE('',*,*,#4320,.F.);
#2902=ORIENTED_EDGE('',*,*,#4318,.F.);
#2903=ORIENTED_EDGE('',*,*,#5110,.T.);
#2904=ORIENTED_EDGE('',*,*,#5111,.T.);
#2905=ORIENTED_EDGE('',*,*,#5112,.T.);
#2906=ORIENTED_EDGE('',*,*,#4654,.F.);
#2907=ORIENTED_EDGE('',*,*,#4657,.F.);
#2908=ORIENTED_EDGE('',*,*,#4928,.F.);
#2909=ORIENTED_EDGE('',*,*,#5113,.F.);
#2910=ORIENTED_EDGE('',*,*,#5042,.F.);
#2911=ORIENTED_EDGE('',*,*,#5113,.T.);
#2912=ORIENTED_EDGE('',*,*,#5056,.F.);
#2913=ORIENTED_EDGE('',*,*,#5114,.F.);
#2914=ORIENTED_EDGE('',*,*,#5043,.F.);
#2915=ORIENTED_EDGE('',*,*,#4416,.F.);
#2916=ORIENTED_EDGE('',*,*,#5044,.F.);
#2917=ORIENTED_EDGE('',*,*,#5114,.T.);
#2918=ORIENTED_EDGE('',*,*,#4449,.F.);
#2919=ORIENTED_EDGE('',*,*,#4330,.F.);
#2920=ORIENTED_EDGE('',*,*,#4343,.F.);
#2921=ORIENTED_EDGE('',*,*,#5115,.F.);
#2922=ORIENTED_EDGE('',*,*,#4548,.F.);
#2923=ORIENTED_EDGE('',*,*,#4739,.F.);
#2924=ORIENTED_EDGE('',*,*,#5048,.F.);
#2925=ORIENTED_EDGE('',*,*,#5115,.T.);
#2926=ORIENTED_EDGE('',*,*,#4342,.F.);
#2927=ORIENTED_EDGE('',*,*,#4655,.F.);
#2928=ORIENTED_EDGE('',*,*,#5112,.F.);
#2929=ORIENTED_EDGE('',*,*,#5116,.F.);
#2930=ORIENTED_EDGE('',*,*,#4926,.F.);
#2931=ORIENTED_EDGE('',*,*,#5116,.T.);
#2932=ORIENTED_EDGE('',*,*,#5111,.F.);
#2933=ORIENTED_EDGE('',*,*,#5117,.F.);
#2934=ORIENTED_EDGE('',*,*,#5055,.F.);
#2935=ORIENTED_EDGE('',*,*,#5117,.T.);
#2936=ORIENTED_EDGE('',*,*,#5110,.F.);
#2937=ORIENTED_EDGE('',*,*,#4456,.F.);
#2938=ORIENTED_EDGE('',*,*,#4451,.F.);
#2939=ORIENTED_EDGE('',*,*,#4348,.T.);
#2940=ORIENTED_EDGE('',*,*,#5109,.F.);
#2941=ORIENTED_EDGE('',*,*,#5118,.F.);
#2942=ORIENTED_EDGE('',*,*,#4337,.F.);
#2943=ORIENTED_EDGE('',*,*,#5118,.T.);
#2944=ORIENTED_EDGE('',*,*,#5108,.F.);
#2945=ORIENTED_EDGE('',*,*,#5119,.F.);
#2946=ORIENTED_EDGE('',*,*,#5052,.F.);
#2947=ORIENTED_EDGE('',*,*,#5119,.T.);
#2948=ORIENTED_EDGE('',*,*,#5107,.F.);
#2949=ORIENTED_EDGE('',*,*,#4652,.F.);
#2950=ORIENTED_EDGE('',*,*,#5050,.F.);
#2951=ORIENTED_EDGE('',*,*,#4668,.F.);
#2952=ORIENTED_EDGE('',*,*,#4719,.F.);
#2953=ORIENTED_EDGE('',*,*,#5120,.F.);
#2954=ORIENTED_EDGE('',*,*,#5039,.F.);
#2955=ORIENTED_EDGE('',*,*,#4630,.F.);
#2956=ORIENTED_EDGE('',*,*,#5041,.F.);
#2957=ORIENTED_EDGE('',*,*,#5121,.F.);
#2958=ORIENTED_EDGE('',*,*,#4628,.F.);
#2959=ORIENTED_EDGE('',*,*,#5040,.T.);
#2960=ORIENTED_EDGE('',*,*,#5120,.T.);
#2961=ORIENTED_EDGE('',*,*,#5122,.F.);
#2962=ORIENTED_EDGE('',*,*,#5121,.T.);
#2963=ORIENTED_EDGE('',*,*,#5122,.T.);
#2964=ORIENTED_EDGE('',*,*,#4718,.F.);
#2965=ORIENTED_EDGE('',*,*,#5123,.F.);
#2966=ORIENTED_EDGE('',*,*,#4623,.F.);
#2967=ORIENTED_EDGE('',*,*,#5123,.T.);
#2968=ORIENTED_EDGE('',*,*,#4660,.F.);
#2969=ORIENTED_EDGE('',*,*,#5124,.F.);
#2970=ORIENTED_EDGE('',*,*,#4624,.F.);
#2971=ORIENTED_EDGE('',*,*,#5124,.T.);
#2972=ORIENTED_EDGE('',*,*,#4659,.F.);
#2973=ORIENTED_EDGE('',*,*,#5125,.F.);
#2974=ORIENTED_EDGE('',*,*,#4841,.F.);
#2975=ORIENTED_EDGE('',*,*,#5125,.T.);
#2976=ORIENTED_EDGE('',*,*,#4857,.F.);
#2977=ORIENTED_EDGE('',*,*,#5126,.F.);
#2978=ORIENTED_EDGE('',*,*,#4842,.F.);
#2979=ORIENTED_EDGE('',*,*,#5126,.T.);
#2980=ORIENTED_EDGE('',*,*,#4856,.F.);
#2981=ORIENTED_EDGE('',*,*,#5101,.F.);
#2982=ORIENTED_EDGE('',*,*,#4419,.F.);
#2983=ORIENTED_EDGE('',*,*,#4079,.F.);
#2984=ORIENTED_EDGE('',*,*,#4844,.F.);
#2985=ORIENTED_EDGE('',*,*,#4699,.F.);
#2986=ORIENTED_EDGE('',*,*,#5029,.F.);
#2987=ORIENTED_EDGE('',*,*,#5063,.F.);
#2988=ORIENTED_EDGE('',*,*,#5036,.F.);
#2989=ORIENTED_EDGE('',*,*,#4714,.F.);
#2990=ORIENTED_EDGE('',*,*,#4688,.F.);
#2991=ORIENTED_EDGE('',*,*,#4677,.F.);
#2992=ORIENTED_EDGE('',*,*,#5027,.F.);
#2993=ORIENTED_EDGE('',*,*,#4433,.F.);
#2994=ORIENTED_EDGE('',*,*,#5019,.F.);
#2995=ORIENTED_EDGE('',*,*,#4463,.F.);
#2996=ORIENTED_EDGE('',*,*,#5020,.F.);
#2997=ORIENTED_EDGE('',*,*,#4435,.F.);
#2998=ORIENTED_EDGE('',*,*,#5021,.F.);
#2999=ORIENTED_EDGE('',*,*,#4461,.F.);
#3000=ORIENTED_EDGE('',*,*,#4404,.F.);
#3001=ORIENTED_EDGE('',*,*,#4291,.F.);
#3002=ORIENTED_EDGE('',*,*,#4972,.F.);
#3003=ORIENTED_EDGE('',*,*,#4365,.F.);
#3004=ORIENTED_EDGE('',*,*,#4975,.F.);
#3005=ORIENTED_EDGE('',*,*,#4358,.F.);
#3006=ORIENTED_EDGE('',*,*,#4982,.F.);
#3007=ORIENTED_EDGE('',*,*,#4280,.F.);
#3008=ORIENTED_EDGE('',*,*,#4983,.F.);
#3009=ORIENTED_EDGE('',*,*,#4360,.F.);
#3010=ORIENTED_EDGE('',*,*,#4984,.F.);
#3011=ORIENTED_EDGE('',*,*,#4278,.F.);
#3012=ORIENTED_EDGE('',*,*,#4372,.F.);
#3013=ORIENTED_EDGE('',*,*,#4393,.F.);
#3014=ORIENTED_EDGE('',*,*,#4932,.F.);
#3015=ORIENTED_EDGE('',*,*,#4937,.F.);
#3016=ORIENTED_EDGE('',*,*,#4954,.F.);
#3017=ORIENTED_EDGE('',*,*,#4947,.F.);
#3018=ORIENTED_EDGE('',*,*,#4963,.F.);
#3019=ORIENTED_EDGE('',*,*,#4381,.F.);
#3020=ORIENTED_EDGE('',*,*,#4964,.F.);
#3021=ORIENTED_EDGE('',*,*,#4949,.F.);
#3022=ORIENTED_EDGE('',*,*,#4965,.F.);
#3023=ORIENTED_EDGE('',*,*,#4379,.F.);
#3024=ORIENTED_EDGE('',*,*,#4968,.F.);
#3025=ORIENTED_EDGE('',*,*,#5046,.F.);
#3026=ORIENTED_EDGE('',*,*,#4726,.F.);
#3027=ORIENTED_EDGE('',*,*,#5127,.F.);
#3028=ORIENTED_EDGE('',*,*,#4732,.F.);
#3029=ORIENTED_EDGE('',*,*,#4896,.F.);
#3030=ORIENTED_EDGE('',*,*,#5106,.F.);
#3031=ORIENTED_EDGE('',*,*,#5104,.F.);
#3032=ORIENTED_EDGE('',*,*,#5127,.T.);
#3033=ORIENTED_EDGE('',*,*,#4274,.F.);
#3034=ORIENTED_EDGE('',*,*,#5128,.T.);
#3035=ORIENTED_EDGE('',*,*,#5129,.T.);
#3036=ORIENTED_EDGE('',*,*,#4988,.T.);
#3037=ORIENTED_EDGE('',*,*,#5130,.T.);
#3038=ORIENTED_EDGE('',*,*,#5131,.T.);
#3039=ORIENTED_EDGE('',*,*,#5132,.T.);
#3040=ORIENTED_EDGE('',*,*,#5133,.T.);
#3041=ORIENTED_EDGE('',*,*,#4272,.F.);
#3042=ORIENTED_EDGE('',*,*,#5134,.T.);
#3043=ORIENTED_EDGE('',*,*,#5135,.T.);
#3044=ORIENTED_EDGE('',*,*,#5136,.T.);
#3045=ORIENTED_EDGE('',*,*,#4986,.T.);
#3046=ORIENTED_EDGE('',*,*,#5137,.T.);
#3047=ORIENTED_EDGE('',*,*,#4269,.F.);
#3048=ORIENTED_EDGE('',*,*,#5138,.T.);
#3049=ORIENTED_EDGE('',*,*,#5139,.T.);
#3050=ORIENTED_EDGE('',*,*,#4993,.T.);
#3051=ORIENTED_EDGE('',*,*,#5140,.T.);
#3052=ORIENTED_EDGE('',*,*,#5141,.T.);
#3053=ORIENTED_EDGE('',*,*,#5142,.T.);
#3054=ORIENTED_EDGE('',*,*,#5143,.T.);
#3055=ORIENTED_EDGE('',*,*,#4267,.F.);
#3056=ORIENTED_EDGE('',*,*,#5144,.T.);
#3057=ORIENTED_EDGE('',*,*,#5145,.T.);
#3058=ORIENTED_EDGE('',*,*,#5146,.T.);
#3059=ORIENTED_EDGE('',*,*,#4991,.T.);
#3060=ORIENTED_EDGE('',*,*,#5147,.T.);
#3061=ORIENTED_EDGE('',*,*,#4264,.F.);
#3062=ORIENTED_EDGE('',*,*,#5148,.T.);
#3063=ORIENTED_EDGE('',*,*,#5149,.T.);
#3064=ORIENTED_EDGE('',*,*,#4998,.T.);
#3065=ORIENTED_EDGE('',*,*,#5150,.T.);
#3066=ORIENTED_EDGE('',*,*,#5151,.T.);
#3067=ORIENTED_EDGE('',*,*,#5152,.T.);
#3068=ORIENTED_EDGE('',*,*,#5153,.T.);
#3069=ORIENTED_EDGE('',*,*,#4262,.F.);
#3070=ORIENTED_EDGE('',*,*,#5154,.T.);
#3071=ORIENTED_EDGE('',*,*,#5155,.T.);
#3072=ORIENTED_EDGE('',*,*,#5156,.T.);
#3073=ORIENTED_EDGE('',*,*,#4996,.T.);
#3074=ORIENTED_EDGE('',*,*,#5157,.T.);
#3075=ORIENTED_EDGE('',*,*,#4259,.F.);
#3076=ORIENTED_EDGE('',*,*,#5158,.T.);
#3077=ORIENTED_EDGE('',*,*,#5159,.T.);
#3078=ORIENTED_EDGE('',*,*,#5003,.T.);
#3079=ORIENTED_EDGE('',*,*,#5160,.T.);
#3080=ORIENTED_EDGE('',*,*,#5161,.T.);
#3081=ORIENTED_EDGE('',*,*,#5162,.T.);
#3082=ORIENTED_EDGE('',*,*,#5163,.T.);
#3083=ORIENTED_EDGE('',*,*,#4257,.F.);
#3084=ORIENTED_EDGE('',*,*,#5164,.T.);
#3085=ORIENTED_EDGE('',*,*,#5165,.T.);
#3086=ORIENTED_EDGE('',*,*,#5166,.T.);
#3087=ORIENTED_EDGE('',*,*,#5001,.T.);
#3088=ORIENTED_EDGE('',*,*,#5167,.T.);
#3089=ORIENTED_EDGE('',*,*,#4254,.F.);
#3090=ORIENTED_EDGE('',*,*,#5168,.T.);
#3091=ORIENTED_EDGE('',*,*,#5169,.T.);
#3092=ORIENTED_EDGE('',*,*,#5008,.T.);
#3093=ORIENTED_EDGE('',*,*,#5170,.T.);
#3094=ORIENTED_EDGE('',*,*,#5171,.T.);
#3095=ORIENTED_EDGE('',*,*,#5172,.T.);
#3096=ORIENTED_EDGE('',*,*,#5173,.T.);
#3097=ORIENTED_EDGE('',*,*,#4252,.F.);
#3098=ORIENTED_EDGE('',*,*,#5174,.T.);
#3099=ORIENTED_EDGE('',*,*,#5175,.T.);
#3100=ORIENTED_EDGE('',*,*,#5176,.T.);
#3101=ORIENTED_EDGE('',*,*,#5006,.T.);
#3102=ORIENTED_EDGE('',*,*,#5177,.T.);
#3103=ORIENTED_EDGE('',*,*,#4256,.F.);
#3104=ORIENTED_EDGE('',*,*,#4220,.F.);
#3105=ORIENTED_EDGE('',*,*,#5178,.F.);
#3106=ORIENTED_EDGE('',*,*,#5164,.F.);
#3107=ORIENTED_EDGE('',*,*,#5178,.T.);
#3108=ORIENTED_EDGE('',*,*,#5004,.F.);
#3109=ORIENTED_EDGE('',*,*,#5159,.F.);
#3110=ORIENTED_EDGE('',*,*,#5179,.T.);
#3111=ORIENTED_EDGE('',*,*,#5162,.F.);
#3112=ORIENTED_EDGE('',*,*,#5131,.F.);
#3113=ORIENTED_EDGE('',*,*,#5180,.T.);
#3114=ORIENTED_EDGE('',*,*,#5135,.F.);
#3115=ORIENTED_EDGE('',*,*,#5181,.F.);
#3116=ORIENTED_EDGE('',*,*,#4275,.F.);
#3117=ORIENTED_EDGE('',*,*,#5181,.T.);
#3118=ORIENTED_EDGE('',*,*,#5137,.F.);
#3119=ORIENTED_EDGE('',*,*,#4985,.F.);
#3120=ORIENTED_EDGE('',*,*,#4150,.F.);
#3121=ORIENTED_EDGE('',*,*,#4271,.F.);
#3122=ORIENTED_EDGE('',*,*,#4232,.F.);
#3123=ORIENTED_EDGE('',*,*,#5182,.F.);
#3124=ORIENTED_EDGE('',*,*,#5134,.F.);
#3125=ORIENTED_EDGE('',*,*,#5182,.T.);
#3126=ORIENTED_EDGE('',*,*,#4989,.F.);
#3127=ORIENTED_EDGE('',*,*,#5129,.F.);
#3128=ORIENTED_EDGE('',*,*,#5183,.T.);
#3129=ORIENTED_EDGE('',*,*,#5132,.F.);
#3130=ORIENTED_EDGE('',*,*,#5141,.F.);
#3131=ORIENTED_EDGE('',*,*,#5184,.T.);
#3132=ORIENTED_EDGE('',*,*,#5145,.F.);
#3133=ORIENTED_EDGE('',*,*,#5185,.F.);
#3134=ORIENTED_EDGE('',*,*,#4270,.F.);
#3135=ORIENTED_EDGE('',*,*,#5185,.T.);
#3136=ORIENTED_EDGE('',*,*,#5147,.F.);
#3137=ORIENTED_EDGE('',*,*,#4990,.F.);
#3138=ORIENTED_EDGE('',*,*,#4234,.F.);
#3139=ORIENTED_EDGE('',*,*,#4266,.F.);
#3140=ORIENTED_EDGE('',*,*,#4228,.F.);
#3141=ORIENTED_EDGE('',*,*,#5186,.F.);
#3142=ORIENTED_EDGE('',*,*,#5144,.F.);
#3143=ORIENTED_EDGE('',*,*,#5186,.T.);
#3144=ORIENTED_EDGE('',*,*,#4994,.F.);
#3145=ORIENTED_EDGE('',*,*,#5139,.F.);
#3146=ORIENTED_EDGE('',*,*,#5187,.T.);
#3147=ORIENTED_EDGE('',*,*,#5142,.F.);
#3148=ORIENTED_EDGE('',*,*,#5151,.F.);
#3149=ORIENTED_EDGE('',*,*,#5188,.T.);
#3150=ORIENTED_EDGE('',*,*,#5155,.F.);
#3151=ORIENTED_EDGE('',*,*,#5189,.F.);
#3152=ORIENTED_EDGE('',*,*,#4265,.F.);
#3153=ORIENTED_EDGE('',*,*,#5189,.T.);
#3154=ORIENTED_EDGE('',*,*,#5157,.F.);
#3155=ORIENTED_EDGE('',*,*,#4995,.F.);
#3156=ORIENTED_EDGE('',*,*,#4230,.F.);
#3157=ORIENTED_EDGE('',*,*,#4261,.F.);
#3158=ORIENTED_EDGE('',*,*,#4224,.F.);
#3159=ORIENTED_EDGE('',*,*,#5190,.F.);
#3160=ORIENTED_EDGE('',*,*,#5154,.F.);
#3161=ORIENTED_EDGE('',*,*,#5190,.T.);
#3162=ORIENTED_EDGE('',*,*,#4999,.F.);
#3163=ORIENTED_EDGE('',*,*,#5149,.F.);
#3164=ORIENTED_EDGE('',*,*,#5191,.T.);
#3165=ORIENTED_EDGE('',*,*,#5152,.F.);
#3166=ORIENTED_EDGE('',*,*,#5161,.F.);
#3167=ORIENTED_EDGE('',*,*,#5192,.T.);
#3168=ORIENTED_EDGE('',*,*,#5165,.F.);
#3169=ORIENTED_EDGE('',*,*,#5193,.F.);
#3170=ORIENTED_EDGE('',*,*,#4260,.F.);
#3171=ORIENTED_EDGE('',*,*,#5193,.T.);
#3172=ORIENTED_EDGE('',*,*,#5167,.F.);
#3173=ORIENTED_EDGE('',*,*,#5000,.F.);
#3174=ORIENTED_EDGE('',*,*,#4226,.F.);
#3175=ORIENTED_EDGE('',*,*,#5171,.F.);
#3176=ORIENTED_EDGE('',*,*,#5194,.T.);
#3177=ORIENTED_EDGE('',*,*,#5175,.F.);
#3178=ORIENTED_EDGE('',*,*,#5195,.F.);
#3179=ORIENTED_EDGE('',*,*,#4255,.F.);
#3180=ORIENTED_EDGE('',*,*,#5195,.T.);
#3181=ORIENTED_EDGE('',*,*,#5177,.F.);
#3182=ORIENTED_EDGE('',*,*,#5005,.F.);
#3183=ORIENTED_EDGE('',*,*,#4222,.F.);
#3184=ORIENTED_EDGE('',*,*,#4251,.F.);
#3185=ORIENTED_EDGE('',*,*,#5057,.F.);
#3186=ORIENTED_EDGE('',*,*,#5196,.F.);
#3187=ORIENTED_EDGE('',*,*,#5174,.F.);
#3188=ORIENTED_EDGE('',*,*,#5196,.T.);
#3189=ORIENTED_EDGE('',*,*,#5009,.F.);
#3190=ORIENTED_EDGE('',*,*,#5169,.F.);
#3191=ORIENTED_EDGE('',*,*,#5197,.T.);
#3192=ORIENTED_EDGE('',*,*,#5172,.F.);
#3193=ORIENTED_EDGE('',*,*,#5191,.F.);
#3194=ORIENTED_EDGE('',*,*,#5148,.F.);
#3195=ORIENTED_EDGE('',*,*,#4263,.F.);
#3196=ORIENTED_EDGE('',*,*,#5153,.F.);
#3197=ORIENTED_EDGE('',*,*,#5179,.F.);
#3198=ORIENTED_EDGE('',*,*,#5158,.F.);
#3199=ORIENTED_EDGE('',*,*,#4258,.F.);
#3200=ORIENTED_EDGE('',*,*,#5163,.F.);
#3201=ORIENTED_EDGE('',*,*,#5197,.F.);
#3202=ORIENTED_EDGE('',*,*,#5168,.F.);
#3203=ORIENTED_EDGE('',*,*,#4253,.F.);
#3204=ORIENTED_EDGE('',*,*,#5173,.F.);
#3205=ORIENTED_EDGE('',*,*,#5007,.F.);
#3206=ORIENTED_EDGE('',*,*,#5176,.F.);
#3207=ORIENTED_EDGE('',*,*,#5194,.F.);
#3208=ORIENTED_EDGE('',*,*,#5170,.F.);
#3209=ORIENTED_EDGE('',*,*,#5002,.F.);
#3210=ORIENTED_EDGE('',*,*,#5166,.F.);
#3211=ORIENTED_EDGE('',*,*,#5192,.F.);
#3212=ORIENTED_EDGE('',*,*,#5160,.F.);
#3213=ORIENTED_EDGE('',*,*,#4997,.F.);
#3214=ORIENTED_EDGE('',*,*,#5156,.F.);
#3215=ORIENTED_EDGE('',*,*,#5188,.F.);
#3216=ORIENTED_EDGE('',*,*,#5150,.F.);
#3217=ORIENTED_EDGE('',*,*,#5187,.F.);
#3218=ORIENTED_EDGE('',*,*,#5138,.F.);
#3219=ORIENTED_EDGE('',*,*,#4268,.F.);
#3220=ORIENTED_EDGE('',*,*,#5143,.F.);
#3221=ORIENTED_EDGE('',*,*,#4992,.F.);
#3222=ORIENTED_EDGE('',*,*,#5146,.F.);
#3223=ORIENTED_EDGE('',*,*,#5184,.F.);
#3224=ORIENTED_EDGE('',*,*,#5140,.F.);
#3225=ORIENTED_EDGE('',*,*,#5183,.F.);
#3226=ORIENTED_EDGE('',*,*,#5128,.F.);
#3227=ORIENTED_EDGE('',*,*,#4273,.F.);
#3228=ORIENTED_EDGE('',*,*,#5133,.F.);
#3229=ORIENTED_EDGE('',*,*,#4987,.F.);
#3230=ORIENTED_EDGE('',*,*,#5136,.F.);
#3231=ORIENTED_EDGE('',*,*,#5180,.F.);
#3232=ORIENTED_EDGE('',*,*,#5130,.F.);
#3233=ORIENTED_EDGE('',*,*,#4217,.F.);
#3234=ORIENTED_EDGE('',*,*,#5198,.T.);
#3235=ORIENTED_EDGE('',*,*,#5199,.T.);
#3236=ORIENTED_EDGE('',*,*,#4502,.T.);
#3237=ORIENTED_EDGE('',*,*,#5200,.T.);
#3238=ORIENTED_EDGE('',*,*,#5201,.T.);
#3239=ORIENTED_EDGE('',*,*,#5202,.T.);
#3240=ORIENTED_EDGE('',*,*,#5203,.T.);
#3241=ORIENTED_EDGE('',*,*,#4215,.F.);
#3242=ORIENTED_EDGE('',*,*,#5204,.T.);
#3243=ORIENTED_EDGE('',*,*,#5205,.T.);
#3244=ORIENTED_EDGE('',*,*,#5206,.T.);
#3245=ORIENTED_EDGE('',*,*,#4500,.T.);
#3246=ORIENTED_EDGE('',*,*,#5207,.T.);
#3247=ORIENTED_EDGE('',*,*,#4212,.F.);
#3248=ORIENTED_EDGE('',*,*,#5208,.T.);
#3249=ORIENTED_EDGE('',*,*,#5209,.T.);
#3250=ORIENTED_EDGE('',*,*,#4507,.T.);
#3251=ORIENTED_EDGE('',*,*,#5210,.T.);
#3252=ORIENTED_EDGE('',*,*,#5211,.T.);
#3253=ORIENTED_EDGE('',*,*,#5212,.T.);
#3254=ORIENTED_EDGE('',*,*,#5213,.T.);
#3255=ORIENTED_EDGE('',*,*,#4210,.F.);
#3256=ORIENTED_EDGE('',*,*,#5214,.T.);
#3257=ORIENTED_EDGE('',*,*,#5215,.T.);
#3258=ORIENTED_EDGE('',*,*,#5216,.T.);
#3259=ORIENTED_EDGE('',*,*,#4505,.T.);
#3260=ORIENTED_EDGE('',*,*,#5217,.T.);
#3261=ORIENTED_EDGE('',*,*,#4207,.F.);
#3262=ORIENTED_EDGE('',*,*,#5218,.T.);
#3263=ORIENTED_EDGE('',*,*,#5219,.T.);
#3264=ORIENTED_EDGE('',*,*,#4512,.T.);
#3265=ORIENTED_EDGE('',*,*,#5220,.T.);
#3266=ORIENTED_EDGE('',*,*,#5221,.T.);
#3267=ORIENTED_EDGE('',*,*,#5222,.T.);
#3268=ORIENTED_EDGE('',*,*,#5223,.T.);
#3269=ORIENTED_EDGE('',*,*,#4205,.F.);
#3270=ORIENTED_EDGE('',*,*,#5224,.T.);
#3271=ORIENTED_EDGE('',*,*,#5225,.T.);
#3272=ORIENTED_EDGE('',*,*,#5226,.T.);
#3273=ORIENTED_EDGE('',*,*,#4510,.T.);
#3274=ORIENTED_EDGE('',*,*,#5227,.T.);
#3275=ORIENTED_EDGE('',*,*,#4202,.F.);
#3276=ORIENTED_EDGE('',*,*,#5228,.T.);
#3277=ORIENTED_EDGE('',*,*,#5229,.T.);
#3278=ORIENTED_EDGE('',*,*,#4517,.T.);
#3279=ORIENTED_EDGE('',*,*,#5230,.T.);
#3280=ORIENTED_EDGE('',*,*,#5231,.T.);
#3281=ORIENTED_EDGE('',*,*,#5232,.T.);
#3282=ORIENTED_EDGE('',*,*,#5233,.T.);
#3283=ORIENTED_EDGE('',*,*,#4200,.F.);
#3284=ORIENTED_EDGE('',*,*,#5234,.T.);
#3285=ORIENTED_EDGE('',*,*,#5235,.T.);
#3286=ORIENTED_EDGE('',*,*,#5236,.T.);
#3287=ORIENTED_EDGE('',*,*,#4515,.T.);
#3288=ORIENTED_EDGE('',*,*,#5237,.T.);
#3289=ORIENTED_EDGE('',*,*,#4197,.F.);
#3290=ORIENTED_EDGE('',*,*,#5238,.T.);
#3291=ORIENTED_EDGE('',*,*,#5239,.T.);
#3292=ORIENTED_EDGE('',*,*,#4522,.T.);
#3293=ORIENTED_EDGE('',*,*,#5240,.T.);
#3294=ORIENTED_EDGE('',*,*,#5241,.T.);
#3295=ORIENTED_EDGE('',*,*,#5242,.T.);
#3296=ORIENTED_EDGE('',*,*,#5243,.T.);
#3297=ORIENTED_EDGE('',*,*,#4195,.F.);
#3298=ORIENTED_EDGE('',*,*,#5244,.T.);
#3299=ORIENTED_EDGE('',*,*,#5245,.T.);
#3300=ORIENTED_EDGE('',*,*,#5246,.T.);
#3301=ORIENTED_EDGE('',*,*,#4520,.T.);
#3302=ORIENTED_EDGE('',*,*,#5247,.T.);
#3303=ORIENTED_EDGE('',*,*,#4199,.F.);
#3304=ORIENTED_EDGE('',*,*,#4167,.F.);
#3305=ORIENTED_EDGE('',*,*,#5248,.F.);
#3306=ORIENTED_EDGE('',*,*,#5234,.F.);
#3307=ORIENTED_EDGE('',*,*,#5248,.T.);
#3308=ORIENTED_EDGE('',*,*,#4518,.F.);
#3309=ORIENTED_EDGE('',*,*,#5229,.F.);
#3310=ORIENTED_EDGE('',*,*,#5249,.T.);
#3311=ORIENTED_EDGE('',*,*,#5232,.F.);
#3312=ORIENTED_EDGE('',*,*,#5201,.F.);
#3313=ORIENTED_EDGE('',*,*,#5250,.T.);
#3314=ORIENTED_EDGE('',*,*,#5205,.F.);
#3315=ORIENTED_EDGE('',*,*,#5251,.F.);
#3316=ORIENTED_EDGE('',*,*,#4218,.F.);
#3317=ORIENTED_EDGE('',*,*,#5251,.T.);
#3318=ORIENTED_EDGE('',*,*,#5207,.F.);
#3319=ORIENTED_EDGE('',*,*,#4499,.F.);
#3320=ORIENTED_EDGE('',*,*,#4144,.F.);
#3321=ORIENTED_EDGE('',*,*,#4214,.F.);
#3322=ORIENTED_EDGE('',*,*,#4179,.F.);
#3323=ORIENTED_EDGE('',*,*,#5252,.F.);
#3324=ORIENTED_EDGE('',*,*,#5204,.F.);
#3325=ORIENTED_EDGE('',*,*,#5252,.T.);
#3326=ORIENTED_EDGE('',*,*,#4503,.F.);
#3327=ORIENTED_EDGE('',*,*,#5199,.F.);
#3328=ORIENTED_EDGE('',*,*,#5253,.T.);
#3329=ORIENTED_EDGE('',*,*,#5202,.F.);
#3330=ORIENTED_EDGE('',*,*,#5211,.F.);
#3331=ORIENTED_EDGE('',*,*,#5254,.T.);
#3332=ORIENTED_EDGE('',*,*,#5215,.F.);
#3333=ORIENTED_EDGE('',*,*,#5255,.F.);
#3334=ORIENTED_EDGE('',*,*,#4213,.F.);
#3335=ORIENTED_EDGE('',*,*,#5255,.T.);
#3336=ORIENTED_EDGE('',*,*,#5217,.F.);
#3337=ORIENTED_EDGE('',*,*,#4504,.F.);
#3338=ORIENTED_EDGE('',*,*,#4181,.F.);
#3339=ORIENTED_EDGE('',*,*,#4209,.F.);
#3340=ORIENTED_EDGE('',*,*,#4175,.F.);
#3341=ORIENTED_EDGE('',*,*,#5256,.F.);
#3342=ORIENTED_EDGE('',*,*,#5214,.F.);
#3343=ORIENTED_EDGE('',*,*,#5256,.T.);
#3344=ORIENTED_EDGE('',*,*,#4508,.F.);
#3345=ORIENTED_EDGE('',*,*,#5209,.F.);
#3346=ORIENTED_EDGE('',*,*,#5257,.T.);
#3347=ORIENTED_EDGE('',*,*,#5212,.F.);
#3348=ORIENTED_EDGE('',*,*,#5221,.F.);
#3349=ORIENTED_EDGE('',*,*,#5258,.T.);
#3350=ORIENTED_EDGE('',*,*,#5225,.F.);
#3351=ORIENTED_EDGE('',*,*,#5259,.F.);
#3352=ORIENTED_EDGE('',*,*,#4208,.F.);
#3353=ORIENTED_EDGE('',*,*,#5259,.T.);
#3354=ORIENTED_EDGE('',*,*,#5227,.F.);
#3355=ORIENTED_EDGE('',*,*,#4509,.F.);
#3356=ORIENTED_EDGE('',*,*,#4177,.F.);
#3357=ORIENTED_EDGE('',*,*,#4204,.F.);
#3358=ORIENTED_EDGE('',*,*,#4171,.F.);
#3359=ORIENTED_EDGE('',*,*,#5260,.F.);
#3360=ORIENTED_EDGE('',*,*,#5224,.F.);
#3361=ORIENTED_EDGE('',*,*,#5260,.T.);
#3362=ORIENTED_EDGE('',*,*,#4513,.F.);
#3363=ORIENTED_EDGE('',*,*,#5219,.F.);
#3364=ORIENTED_EDGE('',*,*,#5261,.T.);
#3365=ORIENTED_EDGE('',*,*,#5222,.F.);
#3366=ORIENTED_EDGE('',*,*,#5231,.F.);
#3367=ORIENTED_EDGE('',*,*,#5262,.T.);
#3368=ORIENTED_EDGE('',*,*,#5235,.F.);
#3369=ORIENTED_EDGE('',*,*,#5263,.F.);
#3370=ORIENTED_EDGE('',*,*,#4203,.F.);
#3371=ORIENTED_EDGE('',*,*,#5263,.T.);
#3372=ORIENTED_EDGE('',*,*,#5237,.F.);
#3373=ORIENTED_EDGE('',*,*,#4514,.F.);
#3374=ORIENTED_EDGE('',*,*,#4173,.F.);
#3375=ORIENTED_EDGE('',*,*,#5241,.F.);
#3376=ORIENTED_EDGE('',*,*,#5264,.T.);
#3377=ORIENTED_EDGE('',*,*,#5245,.F.);
#3378=ORIENTED_EDGE('',*,*,#5265,.F.);
#3379=ORIENTED_EDGE('',*,*,#4198,.F.);
#3380=ORIENTED_EDGE('',*,*,#5265,.T.);
#3381=ORIENTED_EDGE('',*,*,#5247,.F.);
#3382=ORIENTED_EDGE('',*,*,#4519,.F.);
#3383=ORIENTED_EDGE('',*,*,#4169,.F.);
#3384=ORIENTED_EDGE('',*,*,#4194,.F.);
#3385=ORIENTED_EDGE('',*,*,#4236,.F.);
#3386=ORIENTED_EDGE('',*,*,#5266,.F.);
#3387=ORIENTED_EDGE('',*,*,#5244,.F.);
#3388=ORIENTED_EDGE('',*,*,#5266,.T.);
#3389=ORIENTED_EDGE('',*,*,#4523,.F.);
#3390=ORIENTED_EDGE('',*,*,#5239,.F.);
#3391=ORIENTED_EDGE('',*,*,#5267,.T.);
#3392=ORIENTED_EDGE('',*,*,#5242,.F.);
#3393=ORIENTED_EDGE('',*,*,#5261,.F.);
#3394=ORIENTED_EDGE('',*,*,#5218,.F.);
#3395=ORIENTED_EDGE('',*,*,#4206,.F.);
#3396=ORIENTED_EDGE('',*,*,#5223,.F.);
#3397=ORIENTED_EDGE('',*,*,#5249,.F.);
#3398=ORIENTED_EDGE('',*,*,#5228,.F.);
#3399=ORIENTED_EDGE('',*,*,#4201,.F.);
#3400=ORIENTED_EDGE('',*,*,#5233,.F.);
#3401=ORIENTED_EDGE('',*,*,#5267,.F.);
#3402=ORIENTED_EDGE('',*,*,#5238,.F.);
#3403=ORIENTED_EDGE('',*,*,#4196,.F.);
#3404=ORIENTED_EDGE('',*,*,#5243,.F.);
#3405=ORIENTED_EDGE('',*,*,#4521,.F.);
#3406=ORIENTED_EDGE('',*,*,#5246,.F.);
#3407=ORIENTED_EDGE('',*,*,#5264,.F.);
#3408=ORIENTED_EDGE('',*,*,#5240,.F.);
#3409=ORIENTED_EDGE('',*,*,#4516,.F.);
#3410=ORIENTED_EDGE('',*,*,#5236,.F.);
#3411=ORIENTED_EDGE('',*,*,#5262,.F.);
#3412=ORIENTED_EDGE('',*,*,#5230,.F.);
#3413=ORIENTED_EDGE('',*,*,#4511,.F.);
#3414=ORIENTED_EDGE('',*,*,#5226,.F.);
#3415=ORIENTED_EDGE('',*,*,#5258,.F.);
#3416=ORIENTED_EDGE('',*,*,#5220,.F.);
#3417=ORIENTED_EDGE('',*,*,#5257,.F.);
#3418=ORIENTED_EDGE('',*,*,#5208,.F.);
#3419=ORIENTED_EDGE('',*,*,#4211,.F.);
#3420=ORIENTED_EDGE('',*,*,#5213,.F.);
#3421=ORIENTED_EDGE('',*,*,#4506,.F.);
#3422=ORIENTED_EDGE('',*,*,#5216,.F.);
#3423=ORIENTED_EDGE('',*,*,#5254,.F.);
#3424=ORIENTED_EDGE('',*,*,#5210,.F.);
#3425=ORIENTED_EDGE('',*,*,#5253,.F.);
#3426=ORIENTED_EDGE('',*,*,#5198,.F.);
#3427=ORIENTED_EDGE('',*,*,#4216,.F.);
#3428=ORIENTED_EDGE('',*,*,#5203,.F.);
#3429=ORIENTED_EDGE('',*,*,#4501,.F.);
#3430=ORIENTED_EDGE('',*,*,#5206,.F.);
#3431=ORIENTED_EDGE('',*,*,#5250,.F.);
#3432=ORIENTED_EDGE('',*,*,#5200,.F.);
#3433=ORIENTED_EDGE('',*,*,#5268,.T.);
#3434=ORIENTED_EDGE('',*,*,#5269,.T.);
#3435=ORIENTED_EDGE('',*,*,#5270,.T.);
#3436=ORIENTED_EDGE('',*,*,#5271,.T.);
#3437=ORIENTED_EDGE('',*,*,#5272,.T.);
#3438=ORIENTED_EDGE('',*,*,#5273,.T.);
#3439=ORIENTED_EDGE('',*,*,#5274,.T.);
#3440=ORIENTED_EDGE('',*,*,#5275,.T.);
#3441=ORIENTED_EDGE('',*,*,#5276,.T.);
#3442=ORIENTED_EDGE('',*,*,#5277,.T.);
#3443=ORIENTED_EDGE('',*,*,#5278,.T.);
#3444=ORIENTED_EDGE('',*,*,#4140,.F.);
#3445=ORIENTED_EDGE('',*,*,#5279,.T.);
#3446=ORIENTED_EDGE('',*,*,#5280,.T.);
#3447=ORIENTED_EDGE('',*,*,#5281,.T.);
#3448=ORIENTED_EDGE('',*,*,#5282,.T.);
#3449=ORIENTED_EDGE('',*,*,#5283,.T.);
#3450=ORIENTED_EDGE('',*,*,#4137,.F.);
#3451=ORIENTED_EDGE('',*,*,#5284,.T.);
#3452=ORIENTED_EDGE('',*,*,#4065,.F.);
#3453=ORIENTED_EDGE('',*,*,#5285,.T.);
#3454=ORIENTED_EDGE('',*,*,#5268,.F.);
#3455=ORIENTED_EDGE('',*,*,#5286,.T.);
#3456=ORIENTED_EDGE('',*,*,#5274,.F.);
#3457=ORIENTED_EDGE('',*,*,#5287,.T.);
#3458=ORIENTED_EDGE('',*,*,#4061,.F.);
#3459=ORIENTED_EDGE('',*,*,#5288,.T.);
#3460=ORIENTED_EDGE('',*,*,#5270,.F.);
#3461=ORIENTED_EDGE('',*,*,#5289,.T.);
#3462=ORIENTED_EDGE('',*,*,#4106,.F.);
#3463=ORIENTED_EDGE('',*,*,#5290,.T.);
#3464=ORIENTED_EDGE('',*,*,#4109,.F.);
#3465=ORIENTED_EDGE('',*,*,#5291,.T.);
#3466=ORIENTED_EDGE('',*,*,#5272,.F.);
#3467=ORIENTED_EDGE('',*,*,#5292,.T.);
#3468=ORIENTED_EDGE('',*,*,#5293,.F.);
#3469=ORIENTED_EDGE('',*,*,#4105,.F.);
#3470=ORIENTED_EDGE('',*,*,#4141,.F.);
#3471=ORIENTED_EDGE('',*,*,#5281,.F.);
#3472=ORIENTED_EDGE('',*,*,#5290,.F.);
#3473=ORIENTED_EDGE('',*,*,#5293,.T.);
#3474=ORIENTED_EDGE('',*,*,#5294,.F.);
#3475=ORIENTED_EDGE('',*,*,#5295,.F.);
#3476=ORIENTED_EDGE('',*,*,#5271,.F.);
#3477=ORIENTED_EDGE('',*,*,#5294,.T.);
#3478=ORIENTED_EDGE('',*,*,#5280,.F.);
#3479=ORIENTED_EDGE('',*,*,#5286,.F.);
#3480=ORIENTED_EDGE('',*,*,#5295,.T.);
#3481=ORIENTED_EDGE('',*,*,#5296,.F.);
#3482=ORIENTED_EDGE('',*,*,#4139,.F.);
#3483=ORIENTED_EDGE('',*,*,#4066,.F.);
#3484=ORIENTED_EDGE('',*,*,#5296,.T.);
#3485=ORIENTED_EDGE('',*,*,#5279,.F.);
#3486=ORIENTED_EDGE('',*,*,#4136,.F.);
#3487=ORIENTED_EDGE('',*,*,#4110,.F.);
#3488=ORIENTED_EDGE('',*,*,#5297,.F.);
#3489=ORIENTED_EDGE('',*,*,#5284,.F.);
#3490=ORIENTED_EDGE('',*,*,#5297,.T.);
#3491=ORIENTED_EDGE('',*,*,#5292,.F.);
#3492=ORIENTED_EDGE('',*,*,#5298,.F.);
#3493=ORIENTED_EDGE('',*,*,#5298,.T.);
#3494=ORIENTED_EDGE('',*,*,#5275,.F.);
#3495=ORIENTED_EDGE('',*,*,#5299,.F.);
#3496=ORIENTED_EDGE('',*,*,#5282,.F.);
#3497=ORIENTED_EDGE('',*,*,#5299,.T.);
#3498=ORIENTED_EDGE('',*,*,#5288,.F.);
#3499=ORIENTED_EDGE('',*,*,#5300,.F.);
#3500=ORIENTED_EDGE('',*,*,#5300,.T.);
#3501=ORIENTED_EDGE('',*,*,#4060,.F.);
#3502=ORIENTED_EDGE('',*,*,#4138,.F.);
#3503=ORIENTED_EDGE('',*,*,#5283,.F.);
#3504=ORIENTED_EDGE('',*,*,#5301,.T.);
#3505=ORIENTED_EDGE('',*,*,#5302,.T.);
#3506=ORIENTED_EDGE('',*,*,#5303,.T.);
#3507=ORIENTED_EDGE('',*,*,#5304,.T.);
#3508=ORIENTED_EDGE('',*,*,#5305,.T.);
#3509=ORIENTED_EDGE('',*,*,#5306,.T.);
#3510=ORIENTED_EDGE('',*,*,#5307,.T.);
#3511=ORIENTED_EDGE('',*,*,#5308,.T.);
#3512=ORIENTED_EDGE('',*,*,#4115,.T.);
#3513=ORIENTED_EDGE('',*,*,#5309,.T.);
#3514=ORIENTED_EDGE('',*,*,#5310,.T.);
#3515=ORIENTED_EDGE('',*,*,#4134,.F.);
#3516=ORIENTED_EDGE('',*,*,#5311,.T.);
#3517=ORIENTED_EDGE('',*,*,#5312,.T.);
#3518=ORIENTED_EDGE('',*,*,#5313,.T.);
#3519=ORIENTED_EDGE('',*,*,#5314,.T.);
#3520=ORIENTED_EDGE('',*,*,#5315,.T.);
#3521=ORIENTED_EDGE('',*,*,#4131,.F.);
#3522=ORIENTED_EDGE('',*,*,#5316,.T.);
#3523=ORIENTED_EDGE('',*,*,#4057,.F.);
#3524=ORIENTED_EDGE('',*,*,#5317,.T.);
#3525=ORIENTED_EDGE('',*,*,#5301,.F.);
#3526=ORIENTED_EDGE('',*,*,#5318,.T.);
#3527=ORIENTED_EDGE('',*,*,#5307,.F.);
#3528=ORIENTED_EDGE('',*,*,#5319,.T.);
#3529=ORIENTED_EDGE('',*,*,#4053,.F.);
#3530=ORIENTED_EDGE('',*,*,#5320,.T.);
#3531=ORIENTED_EDGE('',*,*,#5303,.F.);
#3532=ORIENTED_EDGE('',*,*,#5321,.T.);
#3533=ORIENTED_EDGE('',*,*,#4113,.F.);
#3534=ORIENTED_EDGE('',*,*,#5322,.T.);
#3535=ORIENTED_EDGE('',*,*,#4117,.F.);
#3536=ORIENTED_EDGE('',*,*,#5323,.T.);
#3537=ORIENTED_EDGE('',*,*,#5305,.F.);
#3538=ORIENTED_EDGE('',*,*,#5324,.T.);
#3539=ORIENTED_EDGE('',*,*,#5325,.F.);
#3540=ORIENTED_EDGE('',*,*,#4112,.F.);
#3541=ORIENTED_EDGE('',*,*,#4135,.F.);
#3542=ORIENTED_EDGE('',*,*,#5313,.F.);
#3543=ORIENTED_EDGE('',*,*,#5322,.F.);
#3544=ORIENTED_EDGE('',*,*,#5325,.T.);
#3545=ORIENTED_EDGE('',*,*,#5326,.F.);
#3546=ORIENTED_EDGE('',*,*,#5327,.F.);
#3547=ORIENTED_EDGE('',*,*,#5304,.F.);
#3548=ORIENTED_EDGE('',*,*,#5326,.T.);
#3549=ORIENTED_EDGE('',*,*,#5312,.F.);
#3550=ORIENTED_EDGE('',*,*,#5318,.F.);
#3551=ORIENTED_EDGE('',*,*,#5327,.T.);
#3552=ORIENTED_EDGE('',*,*,#5328,.F.);
#3553=ORIENTED_EDGE('',*,*,#4133,.F.);
#3554=ORIENTED_EDGE('',*,*,#4058,.F.);
#3555=ORIENTED_EDGE('',*,*,#5328,.T.);
#3556=ORIENTED_EDGE('',*,*,#5311,.F.);
#3557=ORIENTED_EDGE('',*,*,#4130,.F.);
#3558=ORIENTED_EDGE('',*,*,#4118,.F.);
#3559=ORIENTED_EDGE('',*,*,#5329,.F.);
#3560=ORIENTED_EDGE('',*,*,#5316,.F.);
#3561=ORIENTED_EDGE('',*,*,#5329,.T.);
#3562=ORIENTED_EDGE('',*,*,#5324,.F.);
#3563=ORIENTED_EDGE('',*,*,#5330,.F.);
#3564=ORIENTED_EDGE('',*,*,#5330,.T.);
#3565=ORIENTED_EDGE('',*,*,#5308,.F.);
#3566=ORIENTED_EDGE('',*,*,#5331,.F.);
#3567=ORIENTED_EDGE('',*,*,#5314,.F.);
#3568=ORIENTED_EDGE('',*,*,#5331,.T.);
#3569=ORIENTED_EDGE('',*,*,#5320,.F.);
#3570=ORIENTED_EDGE('',*,*,#5332,.F.);
#3571=ORIENTED_EDGE('',*,*,#5332,.T.);
#3572=ORIENTED_EDGE('',*,*,#4052,.F.);
#3573=ORIENTED_EDGE('',*,*,#4132,.F.);
#3574=ORIENTED_EDGE('',*,*,#5315,.F.);
#3575=ORIENTED_EDGE('',*,*,#5333,.T.);
#3576=ORIENTED_EDGE('',*,*,#5334,.T.);
#3577=ORIENTED_EDGE('',*,*,#5335,.T.);
#3578=ORIENTED_EDGE('',*,*,#5336,.T.);
#3579=ORIENTED_EDGE('',*,*,#5337,.T.);
#3580=ORIENTED_EDGE('',*,*,#5338,.T.);
#3581=ORIENTED_EDGE('',*,*,#5339,.T.);
#3582=ORIENTED_EDGE('',*,*,#5340,.T.);
#3583=ORIENTED_EDGE('',*,*,#5341,.T.);
#3584=ORIENTED_EDGE('',*,*,#5342,.T.);
#3585=ORIENTED_EDGE('',*,*,#5343,.T.);
#3586=ORIENTED_EDGE('',*,*,#4128,.F.);
#3587=ORIENTED_EDGE('',*,*,#5344,.T.);
#3588=ORIENTED_EDGE('',*,*,#5345,.T.);
#3589=ORIENTED_EDGE('',*,*,#5346,.T.);
#3590=ORIENTED_EDGE('',*,*,#5347,.T.);
#3591=ORIENTED_EDGE('',*,*,#5348,.T.);
#3592=ORIENTED_EDGE('',*,*,#4089,.F.);
#3593=ORIENTED_EDGE('',*,*,#5349,.T.);
#3594=ORIENTED_EDGE('',*,*,#4049,.F.);
#3595=ORIENTED_EDGE('',*,*,#5350,.T.);
#3596=ORIENTED_EDGE('',*,*,#5333,.F.);
#3597=ORIENTED_EDGE('',*,*,#5351,.T.);
#3598=ORIENTED_EDGE('',*,*,#5339,.F.);
#3599=ORIENTED_EDGE('',*,*,#5352,.T.);
#3600=ORIENTED_EDGE('',*,*,#4045,.F.);
#3601=ORIENTED_EDGE('',*,*,#5353,.T.);
#3602=ORIENTED_EDGE('',*,*,#5335,.F.);
#3603=ORIENTED_EDGE('',*,*,#5354,.T.);
#3604=ORIENTED_EDGE('',*,*,#4121,.F.);
#3605=ORIENTED_EDGE('',*,*,#5355,.T.);
#3606=ORIENTED_EDGE('',*,*,#4124,.F.);
#3607=ORIENTED_EDGE('',*,*,#5356,.T.);
#3608=ORIENTED_EDGE('',*,*,#5337,.F.);
#3609=ORIENTED_EDGE('',*,*,#5357,.T.);
#3610=ORIENTED_EDGE('',*,*,#5358,.F.);
#3611=ORIENTED_EDGE('',*,*,#4120,.F.);
#3612=ORIENTED_EDGE('',*,*,#4129,.F.);
#3613=ORIENTED_EDGE('',*,*,#5346,.F.);
#3614=ORIENTED_EDGE('',*,*,#5355,.F.);
#3615=ORIENTED_EDGE('',*,*,#5358,.T.);
#3616=ORIENTED_EDGE('',*,*,#5359,.F.);
#3617=ORIENTED_EDGE('',*,*,#5360,.F.);
#3618=ORIENTED_EDGE('',*,*,#5336,.F.);
#3619=ORIENTED_EDGE('',*,*,#5359,.T.);
#3620=ORIENTED_EDGE('',*,*,#5345,.F.);
#3621=ORIENTED_EDGE('',*,*,#5351,.F.);
#3622=ORIENTED_EDGE('',*,*,#5360,.T.);
#3623=ORIENTED_EDGE('',*,*,#5361,.F.);
#3624=ORIENTED_EDGE('',*,*,#4127,.F.);
#3625=ORIENTED_EDGE('',*,*,#4050,.F.);
#3626=ORIENTED_EDGE('',*,*,#5361,.T.);
#3627=ORIENTED_EDGE('',*,*,#5344,.F.);
#3628=ORIENTED_EDGE('',*,*,#4088,.F.);
#3629=ORIENTED_EDGE('',*,*,#4125,.F.);
#3630=ORIENTED_EDGE('',*,*,#5362,.F.);
#3631=ORIENTED_EDGE('',*,*,#5349,.F.);
#3632=ORIENTED_EDGE('',*,*,#5362,.T.);
#3633=ORIENTED_EDGE('',*,*,#5357,.F.);
#3634=ORIENTED_EDGE('',*,*,#5363,.F.);
#3635=ORIENTED_EDGE('',*,*,#5363,.T.);
#3636=ORIENTED_EDGE('',*,*,#5340,.F.);
#3637=ORIENTED_EDGE('',*,*,#5364,.F.);
#3638=ORIENTED_EDGE('',*,*,#5347,.F.);
#3639=ORIENTED_EDGE('',*,*,#5364,.T.);
#3640=ORIENTED_EDGE('',*,*,#5353,.F.);
#3641=ORIENTED_EDGE('',*,*,#5365,.F.);
#3642=ORIENTED_EDGE('',*,*,#5365,.T.);
#3643=ORIENTED_EDGE('',*,*,#4044,.F.);
#3644=ORIENTED_EDGE('',*,*,#4090,.F.);
#3645=ORIENTED_EDGE('',*,*,#5348,.F.);
#3646=ORIENTED_EDGE('',*,*,#5366,.T.);
#3647=ORIENTED_EDGE('',*,*,#5367,.T.);
#3648=ORIENTED_EDGE('',*,*,#5368,.T.);
#3649=ORIENTED_EDGE('',*,*,#5369,.T.);
#3650=ORIENTED_EDGE('',*,*,#5370,.T.);
#3651=ORIENTED_EDGE('',*,*,#5371,.T.);
#3652=ORIENTED_EDGE('',*,*,#5372,.T.);
#3653=ORIENTED_EDGE('',*,*,#5373,.T.);
#3654=ORIENTED_EDGE('',*,*,#4085,.F.);
#3655=ORIENTED_EDGE('',*,*,#5374,.T.);
#3656=ORIENTED_EDGE('',*,*,#5375,.T.);
#3657=ORIENTED_EDGE('',*,*,#5376,.T.);
#3658=ORIENTED_EDGE('',*,*,#5377,.T.);
#3659=ORIENTED_EDGE('',*,*,#5378,.T.);
#3660=ORIENTED_EDGE('',*,*,#4025,.F.);
#3661=ORIENTED_EDGE('',*,*,#5379,.T.);
#3662=ORIENTED_EDGE('',*,*,#4041,.F.);
#3663=ORIENTED_EDGE('',*,*,#5380,.T.);
#3664=ORIENTED_EDGE('',*,*,#5366,.F.);
#3665=ORIENTED_EDGE('',*,*,#5381,.T.);
#3666=ORIENTED_EDGE('',*,*,#5372,.F.);
#3667=ORIENTED_EDGE('',*,*,#5382,.T.);
#3668=ORIENTED_EDGE('',*,*,#4037,.F.);
#3669=ORIENTED_EDGE('',*,*,#5383,.T.);
#3670=ORIENTED_EDGE('',*,*,#5368,.F.);
#3671=ORIENTED_EDGE('',*,*,#5384,.T.);
#3672=ORIENTED_EDGE('',*,*,#4091,.F.);
#3673=ORIENTED_EDGE('',*,*,#5385,.T.);
#3674=ORIENTED_EDGE('',*,*,#4029,.F.);
#3675=ORIENTED_EDGE('',*,*,#5386,.T.);
#3676=ORIENTED_EDGE('',*,*,#5370,.F.);
#3677=ORIENTED_EDGE('',*,*,#5387,.T.);
#3678=ORIENTED_EDGE('',*,*,#5388,.F.);
#3679=ORIENTED_EDGE('',*,*,#4126,.F.);
#3680=ORIENTED_EDGE('',*,*,#4086,.F.);
#3681=ORIENTED_EDGE('',*,*,#5376,.F.);
#3682=ORIENTED_EDGE('',*,*,#5385,.F.);
#3683=ORIENTED_EDGE('',*,*,#5388,.T.);
#3684=ORIENTED_EDGE('',*,*,#5389,.F.);
#3685=ORIENTED_EDGE('',*,*,#5390,.F.);
#3686=ORIENTED_EDGE('',*,*,#5369,.F.);
#3687=ORIENTED_EDGE('',*,*,#5389,.T.);
#3688=ORIENTED_EDGE('',*,*,#5375,.F.);
#3689=ORIENTED_EDGE('',*,*,#5381,.F.);
#3690=ORIENTED_EDGE('',*,*,#5390,.T.);
#3691=ORIENTED_EDGE('',*,*,#5391,.F.);
#3692=ORIENTED_EDGE('',*,*,#4084,.F.);
#3693=ORIENTED_EDGE('',*,*,#4042,.F.);
#3694=ORIENTED_EDGE('',*,*,#5391,.T.);
#3695=ORIENTED_EDGE('',*,*,#5374,.F.);
#3696=ORIENTED_EDGE('',*,*,#4024,.F.);
#3697=ORIENTED_EDGE('',*,*,#4030,.F.);
#3698=ORIENTED_EDGE('',*,*,#5392,.F.);
#3699=ORIENTED_EDGE('',*,*,#5379,.F.);
#3700=ORIENTED_EDGE('',*,*,#5392,.T.);
#3701=ORIENTED_EDGE('',*,*,#5387,.F.);
#3702=ORIENTED_EDGE('',*,*,#5393,.F.);
#3703=ORIENTED_EDGE('',*,*,#5393,.T.);
#3704=ORIENTED_EDGE('',*,*,#5373,.F.);
#3705=ORIENTED_EDGE('',*,*,#5394,.F.);
#3706=ORIENTED_EDGE('',*,*,#5377,.F.);
#3707=ORIENTED_EDGE('',*,*,#5394,.T.);
#3708=ORIENTED_EDGE('',*,*,#5383,.F.);
#3709=ORIENTED_EDGE('',*,*,#5395,.F.);
#3710=ORIENTED_EDGE('',*,*,#5395,.T.);
#3711=ORIENTED_EDGE('',*,*,#4036,.F.);
#3712=ORIENTED_EDGE('',*,*,#4026,.F.);
#3713=ORIENTED_EDGE('',*,*,#5378,.F.);
#3714=ORIENTED_EDGE('',*,*,#5396,.T.);
#3715=ORIENTED_EDGE('',*,*,#5397,.T.);
#3716=ORIENTED_EDGE('',*,*,#5398,.T.);
#3717=ORIENTED_EDGE('',*,*,#5399,.T.);
#3718=ORIENTED_EDGE('',*,*,#5400,.T.);
#3719=ORIENTED_EDGE('',*,*,#5401,.T.);
#3720=ORIENTED_EDGE('',*,*,#5402,.T.);
#3721=ORIENTED_EDGE('',*,*,#5403,.T.);
#3722=ORIENTED_EDGE('',*,*,#4021,.F.);
#3723=ORIENTED_EDGE('',*,*,#5404,.T.);
#3724=ORIENTED_EDGE('',*,*,#5405,.T.);
#3725=ORIENTED_EDGE('',*,*,#5406,.T.);
#3726=ORIENTED_EDGE('',*,*,#5407,.T.);
#3727=ORIENTED_EDGE('',*,*,#5408,.T.);
#3728=ORIENTED_EDGE('',*,*,#4417,.F.);
#3729=ORIENTED_EDGE('',*,*,#5409,.T.);
#3730=ORIENTED_EDGE('',*,*,#4034,.F.);
#3731=ORIENTED_EDGE('',*,*,#5410,.T.);
#3732=ORIENTED_EDGE('',*,*,#5396,.F.);
#3733=ORIENTED_EDGE('',*,*,#5411,.T.);
#3734=ORIENTED_EDGE('',*,*,#5402,.F.);
#3735=ORIENTED_EDGE('',*,*,#5412,.T.);
#3736=ORIENTED_EDGE('',*,*,#4082,.F.);
#3737=ORIENTED_EDGE('',*,*,#5413,.T.);
#3738=ORIENTED_EDGE('',*,*,#5398,.F.);
#3739=ORIENTED_EDGE('',*,*,#5414,.T.);
#3740=ORIENTED_EDGE('',*,*,#4027,.F.);
#3741=ORIENTED_EDGE('',*,*,#5415,.T.);
#3742=ORIENTED_EDGE('',*,*,#4565,.F.);
#3743=ORIENTED_EDGE('',*,*,#5416,.T.);
#3744=ORIENTED_EDGE('',*,*,#5400,.F.);
#3745=ORIENTED_EDGE('',*,*,#5417,.T.);
#3746=ORIENTED_EDGE('',*,*,#5418,.F.);
#3747=ORIENTED_EDGE('',*,*,#4031,.F.);
#3748=ORIENTED_EDGE('',*,*,#4022,.F.);
#3749=ORIENTED_EDGE('',*,*,#5406,.F.);
#3750=ORIENTED_EDGE('',*,*,#5415,.F.);
#3751=ORIENTED_EDGE('',*,*,#5418,.T.);
#3752=ORIENTED_EDGE('',*,*,#5419,.F.);
#3753=ORIENTED_EDGE('',*,*,#5420,.F.);
#3754=ORIENTED_EDGE('',*,*,#5399,.F.);
#3755=ORIENTED_EDGE('',*,*,#5419,.T.);
#3756=ORIENTED_EDGE('',*,*,#5405,.F.);
#3757=ORIENTED_EDGE('',*,*,#5411,.F.);
#3758=ORIENTED_EDGE('',*,*,#5420,.T.);
#3759=ORIENTED_EDGE('',*,*,#5421,.F.);
#3760=ORIENTED_EDGE('',*,*,#4020,.F.);
#3761=ORIENTED_EDGE('',*,*,#4035,.F.);
#3762=ORIENTED_EDGE('',*,*,#5421,.T.);
#3763=ORIENTED_EDGE('',*,*,#5404,.F.);
#3764=ORIENTED_EDGE('',*,*,#4426,.F.);
#3765=ORIENTED_EDGE('',*,*,#4566,.F.);
#3766=ORIENTED_EDGE('',*,*,#5422,.F.);
#3767=ORIENTED_EDGE('',*,*,#5409,.F.);
#3768=ORIENTED_EDGE('',*,*,#5422,.T.);
#3769=ORIENTED_EDGE('',*,*,#5417,.F.);
#3770=ORIENTED_EDGE('',*,*,#5423,.F.);
#3771=ORIENTED_EDGE('',*,*,#5423,.T.);
#3772=ORIENTED_EDGE('',*,*,#5403,.F.);
#3773=ORIENTED_EDGE('',*,*,#5424,.F.);
#3774=ORIENTED_EDGE('',*,*,#5407,.F.);
#3775=ORIENTED_EDGE('',*,*,#5424,.T.);
#3776=ORIENTED_EDGE('',*,*,#5413,.F.);
#3777=ORIENTED_EDGE('',*,*,#5425,.F.);
#3778=ORIENTED_EDGE('',*,*,#5425,.T.);
#3779=ORIENTED_EDGE('',*,*,#4081,.F.);
#3780=ORIENTED_EDGE('',*,*,#4418,.F.);
#3781=ORIENTED_EDGE('',*,*,#5408,.F.);
#3782=ORIENTED_EDGE('',*,*,#4148,.F.);
#3783=ORIENTED_EDGE('',*,*,#4405,.F.);
#3784=ORIENTED_EDGE('',*,*,#4361,.F.);
#3785=ORIENTED_EDGE('',*,*,#4239,.F.);
#3786=ORIENTED_EDGE('',*,*,#4142,.F.);
#3787=ORIENTED_EDGE('',*,*,#4103,.F.);
#3788=ORIENTED_EDGE('',*,*,#4436,.F.);
#3789=ORIENTED_EDGE('',*,*,#4182,.F.);
#3790=ORIENTED_EDGE('',*,*,#4413,.F.);
#3791=ORIENTED_EDGE('',*,*,#4448,.F.);
#3792=ORIENTED_EDGE('',*,*,#5426,.F.);
#3793=ORIENTED_EDGE('',*,*,#4191,.F.);
#3794=ORIENTED_EDGE('',*,*,#4237,.F.);
#3795=ORIENTED_EDGE('',*,*,#4192,.F.);
#3796=ORIENTED_EDGE('',*,*,#5427,.F.);
#3797=ORIENTED_EDGE('',*,*,#4316,.F.);
#3798=ORIENTED_EDGE('',*,*,#5426,.T.);
#3799=ORIENTED_EDGE('',*,*,#4455,.F.);
#3800=ORIENTED_EDGE('',*,*,#5427,.T.);
#3801=ORIENTED_EDGE('',*,*,#4951,.F.);
#3802=ORIENTED_EDGE('',*,*,#4967,.F.);
#3803=ORIENTED_EDGE('',*,*,#4540,.F.);
#3804=ORIENTED_EDGE('',*,*,#4533,.F.);
#3805=ORIENTED_EDGE('',*,*,#4276,.F.);
#3806=ORIENTED_EDGE('',*,*,#4245,.F.);
#3807=ORIENTED_EDGE('',*,*,#4352,.F.);
#3808=ORIENTED_EDGE('',*,*,#4371,.F.);
#3809=ORIENTED_EDGE('',*,*,#4333,.F.);
#3810=ORIENTED_EDGE('',*,*,#4345,.F.);
#3811=ORIENTED_EDGE('',*,*,#5428,.F.);
#3812=ORIENTED_EDGE('',*,*,#4248,.F.);
#3813=ORIENTED_EDGE('',*,*,#5428,.T.);
#3814=ORIENTED_EDGE('',*,*,#4349,.F.);
#3815=ORIENTED_EDGE('',*,*,#5429,.F.);
#3816=ORIENTED_EDGE('',*,*,#5058,.F.);
#3817=ORIENTED_EDGE('',*,*,#4249,.F.);
#3818=ORIENTED_EDGE('',*,*,#5429,.T.);
#3819=ORIENTED_EDGE('',*,*,#4324,.F.);
#3820=ORIENTED_EDGE('',*,*,#4908,.F.);
#3821=ORIENTED_EDGE('',*,*,#4495,.F.);
#3822=ORIENTED_EDGE('',*,*,#4300,.F.);
#3823=ORIENTED_EDGE('',*,*,#4453,.F.);
#3824=ORIENTED_EDGE('',*,*,#4460,.F.);
#3825=ORIENTED_EDGE('',*,*,#4188,.F.);
#3826=ORIENTED_EDGE('',*,*,#4427,.F.);
#3827=ORIENTED_EDGE('',*,*,#4402,.F.);
#3828=ORIENTED_EDGE('',*,*,#5430,.F.);
#3829=ORIENTED_EDGE('',*,*,#5431,.F.);
#3830=ORIENTED_EDGE('',*,*,#4062,.F.);
#3831=ORIENTED_EDGE('',*,*,#5431,.T.);
#3832=ORIENTED_EDGE('',*,*,#5278,.F.);
#3833=ORIENTED_EDGE('',*,*,#5432,.F.);
#3834=ORIENTED_EDGE('',*,*,#4063,.F.);
#3835=ORIENTED_EDGE('',*,*,#4108,.F.);
#3836=ORIENTED_EDGE('',*,*,#4018,.F.);
#3837=ORIENTED_EDGE('',*,*,#5433,.F.);
#3838=ORIENTED_EDGE('',*,*,#5291,.F.);
#3839=ORIENTED_EDGE('',*,*,#5430,.T.);
#3840=ORIENTED_EDGE('',*,*,#5287,.F.);
#3841=ORIENTED_EDGE('',*,*,#5434,.F.);
#3842=ORIENTED_EDGE('',*,*,#5276,.F.);
#3843=ORIENTED_EDGE('',*,*,#4064,.F.);
#3844=ORIENTED_EDGE('',*,*,#5432,.T.);
#3845=ORIENTED_EDGE('',*,*,#5435,.F.);
#3846=ORIENTED_EDGE('',*,*,#5273,.F.);
#3847=ORIENTED_EDGE('',*,*,#5433,.T.);
#3848=ORIENTED_EDGE('',*,*,#5436,.F.);
#3849=ORIENTED_EDGE('',*,*,#5269,.F.);
#3850=ORIENTED_EDGE('',*,*,#5437,.T.);
#3851=ORIENTED_EDGE('',*,*,#5434,.T.);
#3852=ORIENTED_EDGE('',*,*,#5435,.T.);
#3853=ORIENTED_EDGE('',*,*,#5277,.F.);
#3854=ORIENTED_EDGE('',*,*,#5437,.F.);
#3855=ORIENTED_EDGE('',*,*,#5285,.F.);
#3856=ORIENTED_EDGE('',*,*,#4107,.F.);
#3857=ORIENTED_EDGE('',*,*,#5289,.F.);
#3858=ORIENTED_EDGE('',*,*,#5436,.T.);
#3859=ORIENTED_EDGE('',*,*,#4017,.F.);
#3860=ORIENTED_EDGE('',*,*,#4114,.F.);
#3861=ORIENTED_EDGE('',*,*,#5321,.F.);
#3862=ORIENTED_EDGE('',*,*,#5438,.F.);
#3863=ORIENTED_EDGE('',*,*,#5309,.F.);
#3864=ORIENTED_EDGE('',*,*,#5438,.T.);
#3865=ORIENTED_EDGE('',*,*,#5302,.F.);
#3866=ORIENTED_EDGE('',*,*,#5439,.F.);
#3867=ORIENTED_EDGE('',*,*,#5440,.T.);
#3868=ORIENTED_EDGE('',*,*,#5306,.F.);
#3869=ORIENTED_EDGE('',*,*,#5441,.T.);
#3870=ORIENTED_EDGE('',*,*,#4116,.F.);
#3871=ORIENTED_EDGE('',*,*,#5310,.F.);
#3872=ORIENTED_EDGE('',*,*,#5441,.F.);
#3873=ORIENTED_EDGE('',*,*,#5323,.F.);
#3874=ORIENTED_EDGE('',*,*,#5439,.T.);
#3875=ORIENTED_EDGE('',*,*,#5317,.F.);
#3876=ORIENTED_EDGE('',*,*,#5442,.F.);
#3877=ORIENTED_EDGE('',*,*,#4013,.F.);
#3878=ORIENTED_EDGE('',*,*,#5442,.T.);
#3879=ORIENTED_EDGE('',*,*,#4056,.F.);
#3880=ORIENTED_EDGE('',*,*,#5443,.F.);
#3881=ORIENTED_EDGE('',*,*,#5440,.F.);
#3882=ORIENTED_EDGE('',*,*,#4015,.F.);
#3883=ORIENTED_EDGE('',*,*,#5444,.F.);
#3884=ORIENTED_EDGE('',*,*,#5319,.F.);
#3885=ORIENTED_EDGE('',*,*,#5443,.T.);
#3886=ORIENTED_EDGE('',*,*,#4055,.F.);
#3887=ORIENTED_EDGE('',*,*,#5445,.F.);
#3888=ORIENTED_EDGE('',*,*,#4014,.F.);
#3889=ORIENTED_EDGE('',*,*,#4054,.F.);
#3890=ORIENTED_EDGE('',*,*,#5444,.T.);
#3891=ORIENTED_EDGE('',*,*,#5445,.T.);
#3892=ORIENTED_EDGE('',*,*,#4122,.F.);
#3893=ORIENTED_EDGE('',*,*,#5354,.F.);
#3894=ORIENTED_EDGE('',*,*,#5446,.F.);
#3895=ORIENTED_EDGE('',*,*,#4011,.F.);
#3896=ORIENTED_EDGE('',*,*,#5446,.T.);
#3897=ORIENTED_EDGE('',*,*,#5334,.F.);
#3898=ORIENTED_EDGE('',*,*,#5447,.F.);
#3899=ORIENTED_EDGE('',*,*,#5448,.T.);
#3900=ORIENTED_EDGE('',*,*,#5338,.F.);
#3901=ORIENTED_EDGE('',*,*,#5449,.T.);
#3902=ORIENTED_EDGE('',*,*,#4123,.F.);
#3903=ORIENTED_EDGE('',*,*,#4012,.F.);
#3904=ORIENTED_EDGE('',*,*,#5449,.F.);
#3905=ORIENTED_EDGE('',*,*,#5356,.F.);
#3906=ORIENTED_EDGE('',*,*,#5447,.T.);
#3907=ORIENTED_EDGE('',*,*,#5350,.F.);
#3908=ORIENTED_EDGE('',*,*,#5450,.F.);
#3909=ORIENTED_EDGE('',*,*,#5341,.F.);
#3910=ORIENTED_EDGE('',*,*,#5450,.T.);
#3911=ORIENTED_EDGE('',*,*,#4048,.F.);
#3912=ORIENTED_EDGE('',*,*,#5451,.F.);
#3913=ORIENTED_EDGE('',*,*,#5448,.F.);
#3914=ORIENTED_EDGE('',*,*,#5343,.F.);
#3915=ORIENTED_EDGE('',*,*,#5452,.F.);
#3916=ORIENTED_EDGE('',*,*,#5352,.F.);
#3917=ORIENTED_EDGE('',*,*,#5451,.T.);
#3918=ORIENTED_EDGE('',*,*,#4047,.F.);
#3919=ORIENTED_EDGE('',*,*,#5453,.F.);
#3920=ORIENTED_EDGE('',*,*,#5342,.F.);
#3921=ORIENTED_EDGE('',*,*,#4046,.F.);
#3922=ORIENTED_EDGE('',*,*,#5452,.T.);
#3923=ORIENTED_EDGE('',*,*,#5453,.T.);
#3924=ORIENTED_EDGE('',*,*,#4608,.F.);
#3925=ORIENTED_EDGE('',*,*,#4697,.F.);
#3926=ORIENTED_EDGE('',*,*,#5454,.F.);
#3927=ORIENTED_EDGE('',*,*,#4564,.F.);
#3928=ORIENTED_EDGE('',*,*,#5455,.F.);
#3929=ORIENTED_EDGE('',*,*,#5456,.F.);
#3930=ORIENTED_EDGE('',*,*,#4083,.F.);
#3931=ORIENTED_EDGE('',*,*,#5456,.T.);
#3932=ORIENTED_EDGE('',*,*,#4008,.F.);
#3933=ORIENTED_EDGE('',*,*,#5457,.F.);
#3934=ORIENTED_EDGE('',*,*,#4032,.F.);
#3935=ORIENTED_EDGE('',*,*,#5454,.T.);
#3936=ORIENTED_EDGE('',*,*,#4696,.F.);
#3937=ORIENTED_EDGE('',*,*,#5458,.F.);
#3938=ORIENTED_EDGE('',*,*,#5416,.F.);
#3939=ORIENTED_EDGE('',*,*,#5455,.T.);
#3940=ORIENTED_EDGE('',*,*,#5412,.F.);
#3941=ORIENTED_EDGE('',*,*,#5459,.F.);
#3942=ORIENTED_EDGE('',*,*,#4009,.F.);
#3943=ORIENTED_EDGE('',*,*,#4033,.F.);
#3944=ORIENTED_EDGE('',*,*,#5457,.T.);
#3945=ORIENTED_EDGE('',*,*,#5460,.F.);
#3946=ORIENTED_EDGE('',*,*,#5401,.F.);
#3947=ORIENTED_EDGE('',*,*,#5458,.T.);
#3948=ORIENTED_EDGE('',*,*,#5461,.F.);
#3949=ORIENTED_EDGE('',*,*,#5397,.F.);
#3950=ORIENTED_EDGE('',*,*,#5462,.T.);
#3951=ORIENTED_EDGE('',*,*,#5459,.T.);
#3952=ORIENTED_EDGE('',*,*,#5460,.T.);
#3953=ORIENTED_EDGE('',*,*,#4007,.F.);
#3954=ORIENTED_EDGE('',*,*,#5462,.F.);
#3955=ORIENTED_EDGE('',*,*,#5410,.F.);
#3956=ORIENTED_EDGE('',*,*,#4609,.F.);
#3957=ORIENTED_EDGE('',*,*,#4092,.F.);
#3958=ORIENTED_EDGE('',*,*,#5463,.F.);
#3959=ORIENTED_EDGE('',*,*,#4691,.F.);
#3960=ORIENTED_EDGE('',*,*,#5461,.T.);
#3961=ORIENTED_EDGE('',*,*,#4695,.F.);
#3962=ORIENTED_EDGE('',*,*,#5464,.F.);
#3963=ORIENTED_EDGE('',*,*,#5414,.F.);
#3964=ORIENTED_EDGE('',*,*,#5463,.T.);
#3965=ORIENTED_EDGE('',*,*,#5384,.F.);
#3966=ORIENTED_EDGE('',*,*,#5465,.F.);
#3967=ORIENTED_EDGE('',*,*,#4692,.F.);
#3968=ORIENTED_EDGE('',*,*,#5464,.T.);
#3969=ORIENTED_EDGE('',*,*,#4694,.F.);
#3970=ORIENTED_EDGE('',*,*,#5466,.F.);
#3971=ORIENTED_EDGE('',*,*,#4028,.F.);
#3972=ORIENTED_EDGE('',*,*,#5465,.T.);
#3973=ORIENTED_EDGE('',*,*,#5367,.F.);
#3974=ORIENTED_EDGE('',*,*,#5467,.F.);
#3975=ORIENTED_EDGE('',*,*,#5468,.T.);
#3976=ORIENTED_EDGE('',*,*,#5371,.F.);
#3977=ORIENTED_EDGE('',*,*,#5469,.T.);
#3978=ORIENTED_EDGE('',*,*,#5466,.T.);
#3979=ORIENTED_EDGE('',*,*,#4693,.F.);
#3980=ORIENTED_EDGE('',*,*,#5469,.F.);
#3981=ORIENTED_EDGE('',*,*,#5386,.F.);
#3982=ORIENTED_EDGE('',*,*,#5467,.T.);
#3983=ORIENTED_EDGE('',*,*,#5380,.F.);
#3984=ORIENTED_EDGE('',*,*,#5470,.F.);
#3985=ORIENTED_EDGE('',*,*,#4004,.F.);
#3986=ORIENTED_EDGE('',*,*,#5470,.T.);
#3987=ORIENTED_EDGE('',*,*,#4040,.F.);
#3988=ORIENTED_EDGE('',*,*,#5471,.F.);
#3989=ORIENTED_EDGE('',*,*,#5468,.F.);
#3990=ORIENTED_EDGE('',*,*,#4006,.F.);
#3991=ORIENTED_EDGE('',*,*,#5472,.F.);
#3992=ORIENTED_EDGE('',*,*,#5382,.F.);
#3993=ORIENTED_EDGE('',*,*,#5471,.T.);
#3994=ORIENTED_EDGE('',*,*,#4039,.F.);
#3995=ORIENTED_EDGE('',*,*,#5473,.F.);
#3996=ORIENTED_EDGE('',*,*,#4005,.F.);
#3997=ORIENTED_EDGE('',*,*,#4038,.F.);
#3998=ORIENTED_EDGE('',*,*,#5472,.T.);
#3999=ORIENTED_EDGE('',*,*,#5473,.T.);
#4000=EDGE_CURVE('',#5474,#5475,#6401,.F.);
#4001=EDGE_CURVE('',#5474,#5476,#742,.T.);
#4002=EDGE_CURVE('',#5477,#5476,#6402,.F.);
#4003=EDGE_CURVE('',#5475,#5477,#743,.T.);
#4004=EDGE_CURVE('',#5478,#5479,#744,.F.);
#4005=EDGE_CURVE('',#5479,#5480,#6403,.F.);
#4006=EDGE_CURVE('',#5480,#5478,#745,.F.);
#4007=EDGE_CURVE('',#5481,#5482,#746,.F.);
#4008=EDGE_CURVE('',#5482,#5483,#6404,.F.);
#4009=EDGE_CURVE('',#5483,#5481,#747,.F.);
#4010=EDGE_CURVE('',#5484,#5485,#6405,.T.);
#4011=EDGE_CURVE('',#5485,#5486,#748,.T.);
#4012=EDGE_CURVE('',#5486,#5484,#749,.T.);
#4013=EDGE_CURVE('',#5487,#5488,#750,.T.);
#4014=EDGE_CURVE('',#5488,#5489,#6406,.F.);
#4015=EDGE_CURVE('',#5489,#5487,#751,.T.);
#4016=EDGE_CURVE('',#5490,#5491,#6407,.T.);
#4017=EDGE_CURVE('',#5491,#5492,#752,.T.);
#4018=EDGE_CURVE('',#5492,#5490,#753,.T.);
#4019=EDGE_CURVE('',#5493,#5494,#6408,.F.);
#4020=EDGE_CURVE('',#5493,#5495,#334,.T.);
#4021=EDGE_CURVE('',#5495,#5496,#6409,.T.);
#4022=EDGE_CURVE('',#5496,#5497,#335,.T.);
#4023=EDGE_CURVE('',#5498,#5497,#6410,.F.);
#4024=EDGE_CURVE('',#5498,#5499,#336,.T.);
#4025=EDGE_CURVE('',#5499,#5500,#6411,.T.);
#4026=EDGE_CURVE('',#5500,#5494,#337,.T.);
#4027=EDGE_CURVE('',#5501,#5502,#6412,.F.);
#4028=EDGE_CURVE('',#5502,#5503,#6413,.T.);
#4029=EDGE_CURVE('',#5503,#5504,#6414,.F.);
#4030=EDGE_CURVE('',#5504,#5498,#6415,.T.);
#4031=EDGE_CURVE('',#5497,#5501,#6416,.F.);
#4032=EDGE_CURVE('',#5505,#5506,#6417,.T.);
#4033=EDGE_CURVE('',#5506,#5507,#182,.T.);
#4034=EDGE_CURVE('',#5507,#5508,#6418,.T.);
#4035=EDGE_CURVE('',#5508,#5493,#6419,.T.);
#4036=EDGE_CURVE('',#5494,#5509,#6420,.F.);
#4037=EDGE_CURVE('',#5509,#5510,#6421,.T.);
#4038=EDGE_CURVE('',#5510,#5511,#183,.F.);
#4039=EDGE_CURVE('',#5511,#5512,#6422,.T.);
#4040=EDGE_CURVE('',#5512,#5513,#184,.T.);
#4041=EDGE_CURVE('',#5513,#5514,#6423,.T.);
#4042=EDGE_CURVE('',#5514,#5515,#6424,.T.);
#4043=EDGE_CURVE('',#5515,#5516,#6425,.F.);
#4044=EDGE_CURVE('',#5516,#5517,#6426,.F.);
#4045=EDGE_CURVE('',#5517,#5518,#6427,.T.);
#4046=EDGE_CURVE('',#5518,#5519,#185,.F.);
#4047=EDGE_CURVE('',#5519,#5520,#6428,.T.);
#4048=EDGE_CURVE('',#5520,#5521,#186,.T.);
#4049=EDGE_CURVE('',#5521,#5522,#6429,.T.);
#4050=EDGE_CURVE('',#5522,#5523,#6430,.T.);
#4051=EDGE_CURVE('',#5523,#5524,#6431,.F.);
#4052=EDGE_CURVE('',#5524,#5525,#6432,.F.);
#4053=EDGE_CURVE('',#5525,#5526,#6433,.T.);
#4054=EDGE_CURVE('',#5526,#5527,#187,.F.);
#4055=EDGE_CURVE('',#5527,#5528,#6434,.T.);
#4056=EDGE_CURVE('',#5528,#5529,#188,.T.);
#4057=EDGE_CURVE('',#5529,#5530,#6435,.T.);
#4058=EDGE_CURVE('',#5530,#5531,#6436,.T.);
#4059=EDGE_CURVE('',#5531,#5532,#6437,.F.);
#4060=EDGE_CURVE('',#5532,#5533,#6438,.F.);
#4061=EDGE_CURVE('',#5533,#5534,#6439,.T.);
#4062=EDGE_CURVE('',#5534,#5535,#189,.F.);
#4063=EDGE_CURVE('',#5535,#5536,#6440,.T.);
#4064=EDGE_CURVE('',#5536,#5537,#190,.T.);
#4065=EDGE_CURVE('',#5537,#5538,#6441,.T.);
#4066=EDGE_CURVE('',#5538,#5539,#6442,.T.);
#4067=EDGE_CURVE('',#5539,#5540,#6443,.F.);
#4068=EDGE_CURVE('',#5541,#5540,#6444,.T.);
#4069=EDGE_CURVE('',#5541,#5542,#6445,.T.);
#4070=EDGE_CURVE('',#5542,#5543,#6446,.T.);
#4071=EDGE_CURVE('',#5543,#5544,#6447,.T.);
#4072=EDGE_CURVE('',#5544,#5545,#338,.T.);
#4073=EDGE_CURVE('',#5545,#5546,#6448,.T.);
#4074=EDGE_CURVE('',#5546,#5547,#339,.T.);
#4075=EDGE_CURVE('',#5547,#5548,#6449,.T.);
#4076=EDGE_CURVE('',#5548,#5549,#6450,.T.);
#4077=EDGE_CURVE('',#5549,#5550,#6451,.T.);
#4078=EDGE_CURVE('',#5550,#5551,#6452,.T.);
#4079=EDGE_CURVE('',#5551,#5552,#191,.T.);
#4080=EDGE_CURVE('',#5552,#5553,#6453,.F.);
#4081=EDGE_CURVE('',#5553,#5554,#6454,.F.);
#4082=EDGE_CURVE('',#5554,#5555,#6455,.T.);
#4083=EDGE_CURVE('',#5555,#5505,#192,.F.);
#4084=EDGE_CURVE('',#5515,#5556,#340,.T.);
#4085=EDGE_CURVE('',#5556,#5557,#6456,.T.);
#4086=EDGE_CURVE('',#5557,#5558,#341,.T.);
#4087=EDGE_CURVE('',#5559,#5558,#6457,.F.);
#4088=EDGE_CURVE('',#5559,#5560,#342,.T.);
#4089=EDGE_CURVE('',#5560,#5561,#6458,.T.);
#4090=EDGE_CURVE('',#5561,#5516,#343,.T.);
#4091=EDGE_CURVE('',#5562,#5563,#6459,.F.);
#4092=EDGE_CURVE('',#5563,#5564,#6460,.T.);
#4093=EDGE_CURVE('',#5564,#5565,#6461,.T.);
#4094=EDGE_CURVE('',#5565,#5566,#6462,.T.);
#4095=EDGE_CURVE('',#5566,#5567,#6463,.T.);
#4096=EDGE_CURVE('',#5567,#5568,#6464,.T.);
#4097=EDGE_CURVE('',#5568,#5569,#6465,.F.);
#4098=EDGE_CURVE('',#5569,#5570,#6466,.T.);
#4099=EDGE_CURVE('',#5570,#5571,#6467,.T.);
#4100=EDGE_CURVE('',#5571,#5572,#6468,.T.);
#4101=EDGE_CURVE('',#5572,#5573,#6469,.T.);
#4102=EDGE_CURVE('',#5573,#5574,#6470,.T.);
#4103=EDGE_CURVE('',#5574,#5575,#6471,.F.);
#4104=EDGE_CURVE('',#5575,#5576,#6472,.F.);
#4105=EDGE_CURVE('',#5576,#5577,#6473,.F.);
#4106=EDGE_CURVE('',#5577,#5578,#6474,.F.);
#4107=EDGE_CURVE('',#5578,#5491,#193,.F.);
#4108=EDGE_CURVE('',#5490,#5579,#194,.T.);
#4109=EDGE_CURVE('',#5579,#5580,#6475,.F.);
#4110=EDGE_CURVE('',#5580,#5581,#6476,.T.);
#4111=EDGE_CURVE('',#5581,#5582,#6477,.F.);
#4112=EDGE_CURVE('',#5582,#5583,#6478,.F.);
#4113=EDGE_CURVE('',#5583,#5584,#6479,.F.);
#4114=EDGE_CURVE('',#5584,#5585,#195,.F.);
#4115=EDGE_CURVE('',#5586,#5585,#6480,.T.);
#4116=EDGE_CURVE('',#5586,#5587,#196,.T.);
#4117=EDGE_CURVE('',#5587,#5588,#6481,.F.);
#4118=EDGE_CURVE('',#5588,#5589,#6482,.T.);
#4119=EDGE_CURVE('',#5589,#5590,#6483,.F.);
#4120=EDGE_CURVE('',#5590,#5591,#6484,.F.);
#4121=EDGE_CURVE('',#5591,#5592,#6485,.F.);
#4122=EDGE_CURVE('',#5592,#5485,#197,.F.);
#4123=EDGE_CURVE('',#5484,#5593,#198,.T.);
#4124=EDGE_CURVE('',#5593,#5594,#6486,.F.);
#4125=EDGE_CURVE('',#5594,#5559,#6487,.T.);
#4126=EDGE_CURVE('',#5558,#5562,#6488,.F.);
#4127=EDGE_CURVE('',#5523,#5595,#344,.T.);
#4128=EDGE_CURVE('',#5595,#5596,#6489,.T.);
#4129=EDGE_CURVE('',#5596,#5590,#345,.T.);
#4130=EDGE_CURVE('',#5589,#5597,#346,.T.);
#4131=EDGE_CURVE('',#5597,#5598,#6490,.T.);
#4132=EDGE_CURVE('',#5598,#5524,#347,.T.);
#4133=EDGE_CURVE('',#5531,#5599,#348,.T.);
#4134=EDGE_CURVE('',#5599,#5600,#6491,.T.);
#4135=EDGE_CURVE('',#5600,#5582,#349,.T.);
#4136=EDGE_CURVE('',#5581,#5601,#350,.T.);
#4137=EDGE_CURVE('',#5601,#5602,#6492,.T.);
#4138=EDGE_CURVE('',#5602,#5532,#351,.T.);
#4139=EDGE_CURVE('',#5539,#5603,#352,.T.);
#4140=EDGE_CURVE('',#5603,#5604,#6493,.T.);
#4141=EDGE_CURVE('',#5604,#5576,#353,.T.);
#4142=EDGE_CURVE('',#5575,#5605,#754,.F.);
#4143=EDGE_CURVE('',#5605,#5606,#6494,.T.);
#4144=EDGE_CURVE('',#5606,#5607,#6495,.T.);
#4145=EDGE_CURVE('',#5607,#5608,#6496,.T.);
#4146=EDGE_CURVE('',#5609,#5608,#755,.T.);
#4147=EDGE_CURVE('',#5610,#5609,#6497,.F.);
#4148=EDGE_CURVE('',#5610,#5611,#756,.F.);
#4149=EDGE_CURVE('',#5611,#5612,#6498,.T.);
#4150=EDGE_CURVE('',#5612,#5613,#6499,.T.);
#4151=EDGE_CURVE('',#5613,#5614,#6500,.T.);
#4152=EDGE_CURVE('',#5615,#5614,#757,.T.);
#4153=EDGE_CURVE('',#5616,#5615,#6501,.F.);
#4154=EDGE_CURVE('',#5616,#5617,#758,.T.);
#4155=EDGE_CURVE('',#5618,#5617,#6502,.T.);
#4156=EDGE_CURVE('',#5618,#5619,#6503,.T.);
#4157=EDGE_CURVE('',#5620,#5619,#6504,.T.);
#4158=EDGE_CURVE('',#5620,#5540,#759,.T.);
#4159=EDGE_CURVE('',#5621,#5622,#354,.F.);
#4160=EDGE_CURVE('',#5623,#5622,#760,.T.);
#4161=EDGE_CURVE('',#5623,#5624,#355,.F.);
#4162=EDGE_CURVE('',#5624,#5621,#761,.T.);
#4163=EDGE_CURVE('',#5474,#5625,#762,.T.);
#4164=EDGE_CURVE('',#5475,#5626,#763,.T.);
#4165=EDGE_CURVE('',#5626,#5625,#356,.F.);
#4166=EDGE_CURVE('',#5627,#5628,#6505,.T.);
#4167=EDGE_CURVE('',#5628,#5629,#6506,.T.);
#4168=EDGE_CURVE('',#5629,#5630,#6507,.T.);
#4169=EDGE_CURVE('',#5630,#5627,#6508,.T.);
#4170=EDGE_CURVE('',#5631,#5632,#6509,.T.);
#4171=EDGE_CURVE('',#5632,#5633,#6510,.T.);
#4172=EDGE_CURVE('',#5633,#5634,#6511,.T.);
#4173=EDGE_CURVE('',#5634,#5631,#6512,.T.);
#4174=EDGE_CURVE('',#5635,#5636,#6513,.T.);
#4175=EDGE_CURVE('',#5636,#5637,#6514,.T.);
#4176=EDGE_CURVE('',#5637,#5638,#6515,.T.);
#4177=EDGE_CURVE('',#5638,#5635,#6516,.T.);
#4178=EDGE_CURVE('',#5639,#5640,#6517,.T.);
#4179=EDGE_CURVE('',#5640,#5641,#6518,.T.);
#4180=EDGE_CURVE('',#5641,#5642,#6519,.T.);
#4181=EDGE_CURVE('',#5642,#5639,#6520,.T.);
#4182=EDGE_CURVE('',#5605,#5643,#6521,.T.);
#4183=EDGE_CURVE('',#5643,#5644,#6522,.F.);
#4184=EDGE_CURVE('',#5644,#5645,#6523,.T.);
#4185=EDGE_CURVE('',#5645,#5646,#6524,.T.);
#4186=EDGE_CURVE('',#5647,#5646,#6525,.T.);
#4187=EDGE_CURVE('',#5647,#5648,#6526,.F.);
#4188=EDGE_CURVE('',#5648,#5649,#6527,.F.);
#4189=EDGE_CURVE('',#5649,#5650,#6528,.T.);
#4190=EDGE_CURVE('',#5651,#5650,#357,.T.);
#4191=EDGE_CURVE('',#5651,#5652,#6529,.F.);
#4192=EDGE_CURVE('',#5652,#5653,#6530,.F.);
#4193=EDGE_CURVE('',#5654,#5653,#6531,.T.);
#4194=EDGE_CURVE('',#5654,#5655,#6532,.T.);
#4195=EDGE_CURVE('',#5655,#5656,#6533,.T.);
#4196=EDGE_CURVE('',#5656,#5657,#764,.F.);
#4197=EDGE_CURVE('',#5657,#5658,#6534,.T.);
#4198=EDGE_CURVE('',#5658,#5630,#6535,.T.);
#4199=EDGE_CURVE('',#5629,#5659,#6536,.T.);
#4200=EDGE_CURVE('',#5659,#5660,#6537,.T.);
#4201=EDGE_CURVE('',#5660,#5661,#765,.F.);
#4202=EDGE_CURVE('',#5661,#5662,#6538,.T.);
#4203=EDGE_CURVE('',#5662,#5634,#6539,.T.);
#4204=EDGE_CURVE('',#5633,#5663,#6540,.T.);
#4205=EDGE_CURVE('',#5663,#5664,#6541,.T.);
#4206=EDGE_CURVE('',#5664,#5665,#766,.F.);
#4207=EDGE_CURVE('',#5665,#5666,#6542,.T.);
#4208=EDGE_CURVE('',#5666,#5638,#6543,.T.);
#4209=EDGE_CURVE('',#5637,#5667,#6544,.T.);
#4210=EDGE_CURVE('',#5667,#5668,#6545,.T.);
#4211=EDGE_CURVE('',#5668,#5669,#767,.F.);
#4212=EDGE_CURVE('',#5669,#5670,#6546,.T.);
#4213=EDGE_CURVE('',#5670,#5642,#6547,.T.);
#4214=EDGE_CURVE('',#5641,#5671,#6548,.T.);
#4215=EDGE_CURVE('',#5671,#5672,#6549,.T.);
#4216=EDGE_CURVE('',#5672,#5673,#768,.F.);
#4217=EDGE_CURVE('',#5673,#5674,#6550,.T.);
#4218=EDGE_CURVE('',#5674,#5606,#6551,.T.);
#4219=EDGE_CURVE('',#5675,#5676,#6552,.T.);
#4220=EDGE_CURVE('',#5676,#5677,#6553,.T.);
#4221=EDGE_CURVE('',#5677,#5678,#6554,.T.);
#4222=EDGE_CURVE('',#5678,#5675,#6555,.T.);
#4223=EDGE_CURVE('',#5679,#5680,#6556,.T.);
#4224=EDGE_CURVE('',#5680,#5681,#6557,.T.);
#4225=EDGE_CURVE('',#5681,#5682,#6558,.T.);
#4226=EDGE_CURVE('',#5682,#5679,#6559,.T.);
#4227=EDGE_CURVE('',#5683,#5684,#6560,.T.);
#4228=EDGE_CURVE('',#5684,#5685,#6561,.T.);
#4229=EDGE_CURVE('',#5685,#5686,#6562,.T.);
#4230=EDGE_CURVE('',#5686,#5683,#6563,.T.);
#4231=EDGE_CURVE('',#5687,#5688,#6564,.T.);
#4232=EDGE_CURVE('',#5688,#5689,#6565,.T.);
#4233=EDGE_CURVE('',#5689,#5690,#6566,.T.);
#4234=EDGE_CURVE('',#5690,#5687,#6567,.T.);
#4235=EDGE_CURVE('',#5691,#5692,#6568,.T.);
#4236=EDGE_CURVE('',#5692,#5654,#6569,.T.);
#4237=EDGE_CURVE('',#5653,#5693,#769,.F.);
#4238=EDGE_CURVE('',#5693,#5691,#6570,.T.);
#4239=EDGE_CURVE('',#5611,#5694,#6571,.T.);
#4240=EDGE_CURVE('',#5694,#5695,#6572,.F.);
#4241=EDGE_CURVE('',#5695,#5696,#6573,.T.);
#4242=EDGE_CURVE('',#5696,#5697,#6574,.T.);
#4243=EDGE_CURVE('',#5698,#5697,#6575,.T.);
#4244=EDGE_CURVE('',#5698,#5699,#6576,.F.);
#4245=EDGE_CURVE('',#5699,#5700,#6577,.F.);
#4246=EDGE_CURVE('',#5700,#5701,#6578,.T.);
#4247=EDGE_CURVE('',#5702,#5701,#358,.T.);
#4248=EDGE_CURVE('',#5702,#5703,#6579,.F.);
#4249=EDGE_CURVE('',#5703,#5704,#6580,.F.);
#4250=EDGE_CURVE('',#5705,#5704,#6581,.T.);
#4251=EDGE_CURVE('',#5705,#5706,#6582,.T.);
#4252=EDGE_CURVE('',#5706,#5707,#6583,.T.);
#4253=EDGE_CURVE('',#5707,#5708,#770,.F.);
#4254=EDGE_CURVE('',#5708,#5709,#6584,.T.);
#4255=EDGE_CURVE('',#5709,#5678,#6585,.T.);
#4256=EDGE_CURVE('',#5677,#5710,#6586,.T.);
#4257=EDGE_CURVE('',#5710,#5711,#6587,.T.);
#4258=EDGE_CURVE('',#5711,#5712,#771,.F.);
#4259=EDGE_CURVE('',#5712,#5713,#6588,.T.);
#4260=EDGE_CURVE('',#5713,#5682,#6589,.T.);
#4261=EDGE_CURVE('',#5681,#5714,#6590,.T.);
#4262=EDGE_CURVE('',#5714,#5715,#6591,.T.);
#4263=EDGE_CURVE('',#5715,#5716,#772,.F.);
#4264=EDGE_CURVE('',#5716,#5717,#6592,.T.);
#4265=EDGE_CURVE('',#5717,#5686,#6593,.T.);
#4266=EDGE_CURVE('',#5685,#5718,#6594,.T.);
#4267=EDGE_CURVE('',#5718,#5719,#6595,.T.);
#4268=EDGE_CURVE('',#5719,#5720,#773,.F.);
#4269=EDGE_CURVE('',#5720,#5721,#6596,.T.);
#4270=EDGE_CURVE('',#5721,#5690,#6597,.T.);
#4271=EDGE_CURVE('',#5689,#5722,#6598,.T.);
#4272=EDGE_CURVE('',#5722,#5723,#6599,.T.);
#4273=EDGE_CURVE('',#5723,#5724,#774,.F.);
#4274=EDGE_CURVE('',#5724,#5725,#6600,.T.);
#4275=EDGE_CURVE('',#5725,#5612,#6601,.T.);
#4276=EDGE_CURVE('',#5700,#5726,#775,.T.);
#4277=EDGE_CURVE('',#5727,#5726,#6602,.T.);
#4278=EDGE_CURVE('',#5727,#5728,#776,.F.);
#4279=EDGE_CURVE('',#5729,#5728,#6603,.T.);
#4280=EDGE_CURVE('',#5729,#5730,#777,.F.);
#4281=EDGE_CURVE('',#5731,#5730,#6604,.T.);
#4282=EDGE_CURVE('',#5732,#5731,#6605,.T.);
#4283=EDGE_CURVE('',#5733,#5732,#6606,.T.);
#4284=EDGE_CURVE('',#5734,#5733,#6607,.T.);
#4285=EDGE_CURVE('',#5697,#5734,#6608,.T.);
#4286=EDGE_CURVE('',#5735,#5696,#6609,.T.);
#4287=EDGE_CURVE('',#5736,#5735,#6610,.T.);
#4288=EDGE_CURVE('',#5737,#5736,#6611,.T.);
#4289=EDGE_CURVE('',#5738,#5737,#6612,.T.);
#4290=EDGE_CURVE('',#5739,#5738,#6613,.T.);
#4291=EDGE_CURVE('',#5739,#5740,#778,.F.);
#4292=EDGE_CURVE('',#5741,#5740,#6614,.T.);
#4293=EDGE_CURVE('',#5741,#5742,#779,.T.);
#4294=EDGE_CURVE('',#5743,#5742,#6615,.T.);
#4295=EDGE_CURVE('',#5743,#5744,#359,.T.);
#4296=EDGE_CURVE('',#5744,#5745,#6616,.T.);
#4297=EDGE_CURVE('',#5745,#5621,#199,.T.);
#4298=EDGE_CURVE('',#5624,#5746,#200,.T.);
#4299=EDGE_CURVE('',#5746,#5747,#6617,.T.);
#4300=EDGE_CURVE('',#5747,#5748,#360,.T.);
#4301=EDGE_CURVE('',#5749,#5748,#6618,.T.);
#4302=EDGE_CURVE('',#5701,#5749,#6619,.F.);
#4303=EDGE_CURVE('',#5750,#5751,#780,.T.);
#4304=EDGE_CURVE('',#5750,#5751,#6620,.T.);
#4305=EDGE_CURVE('',#5615,#5752,#6621,.T.);
#4306=EDGE_CURVE('',#5752,#5753,#6622,.T.);
#4307=EDGE_CURVE('',#5753,#5754,#6623,.F.);
#4308=EDGE_CURVE('',#5754,#5755,#6624,.T.);
#4309=EDGE_CURVE('',#5755,#5756,#6625,.F.);
#4310=EDGE_CURVE('',#5756,#5757,#6626,.T.);
#4311=EDGE_CURVE('',#5757,#5758,#6627,.T.);
#4312=EDGE_CURVE('',#5758,#5759,#6628,.T.);
#4313=EDGE_CURVE('',#5759,#5760,#6629,.T.);
#4314=EDGE_CURVE('',#5760,#5761,#6630,.T.);
#4315=EDGE_CURVE('',#5761,#5616,#6631,.T.);
#4316=EDGE_CURVE('',#5693,#5762,#6632,.T.);
#4317=EDGE_CURVE('',#5762,#5763,#6633,.F.);
#4318=EDGE_CURVE('',#5763,#5764,#6634,.F.);
#4319=EDGE_CURVE('',#5765,#5764,#6635,.T.);
#4320=EDGE_CURVE('',#5765,#5766,#6636,.F.);
#4321=EDGE_CURVE('',#5766,#5767,#6637,.F.);
#4322=EDGE_CURVE('',#5768,#5767,#6638,.T.);
#4323=EDGE_CURVE('',#5769,#5768,#6639,.T.);
#4324=EDGE_CURVE('',#5769,#5770,#6640,.T.);
#4325=EDGE_CURVE('',#5770,#5771,#6641,.F.);
#4326=EDGE_CURVE('',#5691,#5771,#6642,.T.);
#4327=EDGE_CURVE('',#5772,#5773,#6643,.F.);
#4328=EDGE_CURVE('',#5773,#5774,#361,.T.);
#4329=EDGE_CURVE('',#5775,#5774,#6644,.T.);
#4330=EDGE_CURVE('',#5775,#5776,#201,.F.);
#4331=EDGE_CURVE('',#5772,#5776,#362,.T.);
#4332=EDGE_CURVE('',#5777,#5778,#6645,.T.);
#4333=EDGE_CURVE('',#5777,#5702,#202,.F.);
#4334=EDGE_CURVE('',#5749,#5778,#363,.T.);
#4335=EDGE_CURVE('',#5774,#5779,#6646,.T.);
#4336=EDGE_CURVE('',#5779,#5780,#6647,.T.);
#4337=EDGE_CURVE('',#5780,#5781,#364,.F.);
#4338=EDGE_CURVE('',#5781,#5782,#6648,.F.);
#4339=EDGE_CURVE('',#5782,#5783,#6649,.T.);
#4340=EDGE_CURVE('',#5783,#5784,#365,.T.);
#4341=EDGE_CURVE('',#5784,#5785,#6650,.T.);
#4342=EDGE_CURVE('',#5785,#5786,#366,.T.);
#4343=EDGE_CURVE('',#5786,#5775,#6651,.T.);
#4344=EDGE_CURVE('',#5787,#5788,#6652,.T.);
#4345=EDGE_CURVE('',#5788,#5777,#6653,.T.);
#4346=EDGE_CURVE('',#5778,#5787,#6654,.T.);
#4347=EDGE_CURVE('',#5767,#5779,#367,.F.);
#4348=EDGE_CURVE('',#5780,#5766,#781,.T.);
#4349=EDGE_CURVE('',#5770,#5788,#782,.F.);
#4350=EDGE_CURVE('',#5771,#5787,#368,.F.);
#4351=EDGE_CURVE('',#5789,#5790,#6655,.T.);
#4352=EDGE_CURVE('',#5789,#5699,#783,.F.);
#4353=EDGE_CURVE('',#5791,#5698,#6656,.T.);
#4354=EDGE_CURVE('',#5792,#5791,#6657,.T.);
#4355=EDGE_CURVE('',#5793,#5792,#6658,.T.);
#4356=EDGE_CURVE('',#5794,#5793,#6659,.T.);
#4357=EDGE_CURVE('',#5795,#5794,#6660,.T.);
#4358=EDGE_CURVE('',#5795,#5796,#784,.T.);
#4359=EDGE_CURVE('',#5797,#5796,#6661,.T.);
#4360=EDGE_CURVE('',#5797,#5790,#785,.T.);
#4361=EDGE_CURVE('',#5694,#5798,#786,.T.);
#4362=EDGE_CURVE('',#5799,#5798,#6662,.T.);
#4363=EDGE_CURVE('',#5800,#5799,#787,.T.);
#4364=EDGE_CURVE('',#5801,#5800,#6663,.T.);
#4365=EDGE_CURVE('',#5801,#5802,#788,.T.);
#4366=EDGE_CURVE('',#5802,#5803,#6664,.T.);
#4367=EDGE_CURVE('',#5803,#5804,#6665,.T.);
#4368=EDGE_CURVE('',#5805,#5804,#6666,.T.);
#4369=EDGE_CURVE('',#5806,#5805,#6667,.T.);
#4370=EDGE_CURVE('',#5695,#5806,#6668,.T.);
#4371=EDGE_CURVE('',#5726,#5789,#6669,.T.);
#4372=EDGE_CURVE('',#5790,#5727,#6670,.T.);
#4373=EDGE_CURVE('',#5773,#5477,#6671,.T.);
#4374=EDGE_CURVE('',#5807,#5772,#6672,.T.);
#4375=EDGE_CURVE('',#5807,#5808,#369,.T.);
#4376=EDGE_CURVE('',#5808,#5809,#6673,.T.);
#4377=EDGE_CURVE('',#5810,#5809,#789,.T.);
#4378=EDGE_CURVE('',#5811,#5810,#6674,.T.);
#4379=EDGE_CURVE('',#5811,#5812,#790,.F.);
#4380=EDGE_CURVE('',#5813,#5812,#6675,.T.);
#4381=EDGE_CURVE('',#5813,#5814,#791,.F.);
#4382=EDGE_CURVE('',#5815,#5814,#6676,.T.);
#4383=EDGE_CURVE('',#5816,#5815,#6677,.T.);
#4384=EDGE_CURVE('',#5817,#5816,#6678,.T.);
#4385=EDGE_CURVE('',#5818,#5817,#6679,.T.);
#4386=EDGE_CURVE('',#5819,#5818,#6680,.T.);
#4387=EDGE_CURVE('',#5820,#5819,#6681,.T.);
#4388=EDGE_CURVE('',#5821,#5820,#6682,.T.);
#4389=EDGE_CURVE('',#5822,#5821,#6683,.T.);
#4390=EDGE_CURVE('',#5823,#5822,#6684,.T.);
#4391=EDGE_CURVE('',#5824,#5823,#6685,.T.);
#4392=EDGE_CURVE('',#5825,#5824,#6686,.T.);
#4393=EDGE_CURVE('',#5825,#5826,#792,.F.);
#4394=EDGE_CURVE('',#5827,#5826,#6687,.T.);
#4395=EDGE_CURVE('',#5827,#5757,#793,.T.);
#4396=EDGE_CURVE('',#5756,#5828,#370,.T.);
#4397=EDGE_CURVE('',#5828,#5829,#6688,.T.);
#4398=EDGE_CURVE('',#5829,#5626,#203,.T.);
#4399=EDGE_CURVE('',#5830,#5831,#794,.T.);
#4400=EDGE_CURVE('',#5830,#5831,#6689,.T.);
#4401=EDGE_CURVE('',#5832,#5833,#6690,.T.);
#4402=EDGE_CURVE('',#5833,#5834,#6691,.T.);
#4403=EDGE_CURVE('',#5834,#5835,#6692,.T.);
#4404=EDGE_CURVE('',#5835,#5832,#6693,.T.);
#4405=EDGE_CURVE('',#5798,#5610,#6694,.F.);
#4406=EDGE_CURVE('',#5609,#5836,#6695,.T.);
#4407=EDGE_CURVE('',#5836,#5837,#6696,.T.);
#4408=EDGE_CURVE('',#5837,#5838,#6697,.F.);
#4409=EDGE_CURVE('',#5838,#5839,#6698,.T.);
#4410=EDGE_CURVE('',#5839,#5743,#6699,.T.);
#4411=EDGE_CURVE('',#5742,#5799,#6700,.T.);
#4412=EDGE_CURVE('',#5840,#5841,#6701,.T.);
#4413=EDGE_CURVE('',#5840,#5651,#204,.F.);
#4414=EDGE_CURVE('',#5650,#5842,#6702,.F.);
#4415=EDGE_CURVE('',#5843,#5842,#205,.T.);
#4416=EDGE_CURVE('',#5843,#5841,#206,.T.);
#4417=EDGE_CURVE('',#5844,#5845,#6703,.T.);
#4418=EDGE_CURVE('',#5845,#5553,#371,.T.);
#4419=EDGE_CURVE('',#5552,#5846,#207,.T.);
#4420=EDGE_CURVE('',#5846,#5847,#208,.T.);
#4421=EDGE_CURVE('',#5848,#5847,#6704,.T.);
#4422=EDGE_CURVE('',#5848,#5849,#795,.T.);
#4423=EDGE_CURVE('',#5850,#5849,#796,.T.);
#4424=EDGE_CURVE('',#5850,#5851,#797,.T.);
#4425=EDGE_CURVE('',#5852,#5851,#6705,.F.);
#4426=EDGE_CURVE('',#5852,#5844,#372,.T.);
#4427=EDGE_CURVE('',#5834,#5648,#798,.F.);
#4428=EDGE_CURVE('',#5853,#5647,#6706,.T.);
#4429=EDGE_CURVE('',#5854,#5853,#6707,.T.);
#4430=EDGE_CURVE('',#5855,#5854,#6708,.T.);
#4431=EDGE_CURVE('',#5856,#5855,#6709,.T.);
#4432=EDGE_CURVE('',#5857,#5856,#6710,.T.);
#4433=EDGE_CURVE('',#5857,#5858,#799,.T.);
#4434=EDGE_CURVE('',#5859,#5858,#6711,.T.);
#4435=EDGE_CURVE('',#5859,#5835,#800,.T.);
#4436=EDGE_CURVE('',#5643,#5574,#801,.T.);
#4437=EDGE_CURVE('',#5860,#5573,#802,.T.);
#4438=EDGE_CURVE('',#5861,#5860,#6712,.T.);
#4439=EDGE_CURVE('',#5862,#5861,#803,.T.);
#4440=EDGE_CURVE('',#5863,#5862,#804,.T.);
#4441=EDGE_CURVE('',#5864,#5863,#805,.T.);
#4442=EDGE_CURVE('',#5864,#5865,#6713,.T.);
#4443=EDGE_CURVE('',#5865,#5866,#6714,.T.);
#4444=EDGE_CURVE('',#5867,#5866,#6715,.T.);
#4445=EDGE_CURVE('',#5868,#5867,#6716,.T.);
#4446=EDGE_CURVE('',#5644,#5868,#6717,.T.);
#4447=EDGE_CURVE('',#5869,#5870,#6718,.T.);
#4448=EDGE_CURVE('',#5870,#5840,#6719,.T.);
#4449=EDGE_CURVE('',#5841,#5871,#373,.F.);
#4450=EDGE_CURVE('',#5871,#5872,#6720,.T.);
#4451=EDGE_CURVE('',#5872,#5869,#374,.F.);
#4452=EDGE_CURVE('',#5873,#5874,#6721,.T.);
#4453=EDGE_CURVE('',#5874,#5747,#6722,.T.);
#4454=EDGE_CURVE('',#5746,#5873,#375,.F.);
#4455=EDGE_CURVE('',#5762,#5870,#806,.F.);
#4456=EDGE_CURVE('',#5869,#5763,#807,.T.);
#4457=EDGE_CURVE('',#5875,#5876,#6723,.F.);
#4458=EDGE_CURVE('',#5876,#5848,#6724,.T.);
#4459=EDGE_CURVE('',#5847,#5875,#209,.T.);
#4460=EDGE_CURVE('',#5649,#5833,#808,.T.);
#4461=EDGE_CURVE('',#5832,#5877,#809,.F.);
#4462=EDGE_CURVE('',#5878,#5877,#6725,.T.);
#4463=EDGE_CURVE('',#5878,#5879,#810,.F.);
#4464=EDGE_CURVE('',#5880,#5879,#6726,.T.);
#4465=EDGE_CURVE('',#5881,#5880,#6727,.T.);
#4466=EDGE_CURVE('',#5882,#5881,#6728,.T.);
#4467=EDGE_CURVE('',#5883,#5882,#6729,.T.);
#4468=EDGE_CURVE('',#5646,#5883,#6730,.T.);
#4469=EDGE_CURVE('',#5884,#5645,#6731,.T.);
#4470=EDGE_CURVE('',#5885,#5884,#6732,.T.);
#4471=EDGE_CURVE('',#5886,#5885,#6733,.T.);
#4472=EDGE_CURVE('',#5887,#5886,#6734,.T.);
#4473=EDGE_CURVE('',#5888,#5887,#6735,.T.);
#4474=EDGE_CURVE('',#5888,#5889,#811,.T.);
#4475=EDGE_CURVE('',#5890,#5889,#812,.T.);
#4476=EDGE_CURVE('',#5890,#5891,#210,.T.);
#4477=EDGE_CURVE('',#5891,#5892,#6736,.T.);
#4478=EDGE_CURVE('',#5892,#5893,#376,.T.);
#4479=EDGE_CURVE('',#5894,#5893,#6737,.T.);
#4480=EDGE_CURVE('',#5842,#5894,#813,.T.);
#4481=EDGE_CURVE('',#5895,#5896,#814,.T.);
#4482=EDGE_CURVE('',#5895,#5896,#6738,.T.);
#4483=EDGE_CURVE('',#5897,#5898,#6739,.T.);
#4484=EDGE_CURVE('',#5898,#5837,#377,.T.);
#4485=EDGE_CURVE('',#5836,#5899,#815,.T.);
#4486=EDGE_CURVE('',#5900,#5899,#6740,.T.);
#4487=EDGE_CURVE('',#5900,#5901,#378,.T.);
#4488=EDGE_CURVE('',#5901,#5902,#6741,.T.);
#4489=EDGE_CURVE('',#5902,#5903,#211,.T.);
#4490=EDGE_CURVE('',#5904,#5903,#816,.T.);
#4491=EDGE_CURVE('',#5904,#5897,#212,.T.);
#4492=EDGE_CURVE('',#5905,#5906,#817,.T.);
#4493=EDGE_CURVE('',#5905,#5904,#379,.F.);
#4494=EDGE_CURVE('',#5903,#5906,#380,.F.);
#4495=EDGE_CURVE('',#5748,#5907,#6742,.F.);
#4496=EDGE_CURVE('',#5907,#5908,#6743,.T.);
#4497=EDGE_CURVE('',#5908,#5900,#6744,.F.);
#4498=EDGE_CURVE('',#5899,#5608,#6745,.F.);
#4499=EDGE_CURVE('',#5607,#5909,#6746,.T.);
#4500=EDGE_CURVE('',#5910,#5909,#6747,.T.);
#4501=EDGE_CURVE('',#5910,#5911,#818,.F.);
#4502=EDGE_CURVE('',#5912,#5911,#6748,.T.);
#4503=EDGE_CURVE('',#5912,#5640,#6749,.T.);
#4504=EDGE_CURVE('',#5639,#5913,#6750,.T.);
#4505=EDGE_CURVE('',#5914,#5913,#6751,.T.);
#4506=EDGE_CURVE('',#5914,#5915,#819,.F.);
#4507=EDGE_CURVE('',#5916,#5915,#6752,.T.);
#4508=EDGE_CURVE('',#5916,#5636,#6753,.T.);
#4509=EDGE_CURVE('',#5635,#5917,#6754,.T.);
#4510=EDGE_CURVE('',#5918,#5917,#6755,.T.);
#4511=EDGE_CURVE('',#5918,#5919,#820,.F.);
#4512=EDGE_CURVE('',#5920,#5919,#6756,.T.);
#4513=EDGE_CURVE('',#5920,#5632,#6757,.T.);
#4514=EDGE_CURVE('',#5631,#5921,#6758,.T.);
#4515=EDGE_CURVE('',#5922,#5921,#6759,.T.);
#4516=EDGE_CURVE('',#5922,#5923,#821,.F.);
#4517=EDGE_CURVE('',#5924,#5923,#6760,.T.);
#4518=EDGE_CURVE('',#5924,#5628,#6761,.T.);
#4519=EDGE_CURVE('',#5627,#5925,#6762,.T.);
#4520=EDGE_CURVE('',#5926,#5925,#6763,.T.);
#4521=EDGE_CURVE('',#5926,#5927,#822,.F.);
#4522=EDGE_CURVE('',#5928,#5927,#6764,.T.);
#4523=EDGE_CURVE('',#5928,#5692,#6765,.T.);
#4524=EDGE_CURVE('',#5929,#5930,#6766,.T.);
#4525=EDGE_CURVE('',#5930,#5931,#381,.T.);
#4526=EDGE_CURVE('',#5932,#5931,#6767,.T.);
#4527=EDGE_CURVE('',#5932,#5761,#823,.T.);
#4528=EDGE_CURVE('',#5760,#5933,#824,.T.);
#4529=EDGE_CURVE('',#5933,#5934,#6768,.T.);
#4530=EDGE_CURVE('',#5929,#5934,#825,.T.);
#4531=EDGE_CURVE('',#5935,#5935,#826,.T.);
#4532=EDGE_CURVE('',#5936,#5937,#827,.T.);
#4533=EDGE_CURVE('',#5937,#5938,#6769,.T.);
#4534=EDGE_CURVE('',#5939,#5938,#828,.T.);
#4535=EDGE_CURVE('',#5939,#5940,#382,.F.);
#4536=EDGE_CURVE('',#5940,#5941,#829,.T.);
#4537=EDGE_CURVE('',#5941,#5942,#383,.F.);
#4538=EDGE_CURVE('',#5943,#5942,#830,.T.);
#4539=EDGE_CURVE('',#5943,#5936,#6770,.F.);
#4540=EDGE_CURVE('',#5938,#5944,#213,.T.);
#4541=EDGE_CURVE('',#5944,#5810,#214,.T.);
#4542=EDGE_CURVE('',#5809,#5945,#215,.F.);
#4543=EDGE_CURVE('',#5945,#5939,#216,.T.);
#4544=EDGE_CURVE('',#5942,#5946,#217,.T.);
#4545=EDGE_CURVE('',#5946,#5929,#218,.F.);
#4546=EDGE_CURVE('',#5934,#5947,#219,.T.);
#4547=EDGE_CURVE('',#5947,#5943,#220,.T.);
#4548=EDGE_CURVE('',#5776,#5948,#6771,.F.);
#4549=EDGE_CURVE('',#5948,#5949,#6772,.T.);
#4550=EDGE_CURVE('',#5949,#5950,#6773,.T.);
#4551=EDGE_CURVE('',#5950,#5618,#6774,.T.);
#4552=EDGE_CURVE('',#5617,#5932,#6775,.T.);
#4553=EDGE_CURVE('',#5931,#5951,#6776,.F.);
#4554=EDGE_CURVE('',#5951,#5952,#6777,.T.);
#4555=EDGE_CURVE('',#5952,#5807,#6778,.F.);
#4556=EDGE_CURVE('',#5953,#5954,#6779,.T.);
#4557=EDGE_CURVE('',#5954,#5753,#384,.T.);
#4558=EDGE_CURVE('',#5752,#5955,#831,.T.);
#4559=EDGE_CURVE('',#5956,#5955,#6780,.T.);
#4560=EDGE_CURVE('',#5956,#5957,#832,.T.);
#4561=EDGE_CURVE('',#5958,#5957,#833,.T.);
#4562=EDGE_CURVE('',#5958,#5953,#221,.T.);
#4563=EDGE_CURVE('',#5959,#5960,#6781,.T.);
#4564=EDGE_CURVE('',#5960,#5961,#6782,.T.);
#4565=EDGE_CURVE('',#5961,#5962,#6783,.F.);
#4566=EDGE_CURVE('',#5962,#5852,#6784,.T.);
#4567=EDGE_CURVE('',#5851,#5963,#6785,.F.);
#4568=EDGE_CURVE('',#5963,#5959,#6786,.F.);
#4569=EDGE_CURVE('',#5964,#5965,#834,.T.);
#4570=EDGE_CURVE('',#5964,#5958,#385,.F.);
#4571=EDGE_CURVE('',#5957,#5965,#6787,.T.);
#4572=EDGE_CURVE('',#5893,#5966,#6788,.T.);
#4573=EDGE_CURVE('',#5966,#5967,#6789,.T.);
#4574=EDGE_CURVE('',#5894,#5967,#6790,.F.);
#4575=EDGE_CURVE('',#5968,#5969,#6791,.T.);
#4576=EDGE_CURVE('',#5969,#5970,#6792,.F.);
#4577=EDGE_CURVE('',#5970,#5971,#6793,.T.);
#4578=EDGE_CURVE('',#5971,#5968,#6794,.F.);
#4579=EDGE_CURVE('',#5972,#5973,#6795,.T.);
#4580=EDGE_CURVE('',#5973,#5568,#386,.T.);
#4581=EDGE_CURVE('',#5567,#5971,#387,.T.);
#4582=EDGE_CURVE('',#5970,#5974,#388,.T.);
#4583=EDGE_CURVE('',#5974,#5975,#6796,.T.);
#4584=EDGE_CURVE('',#5975,#5976,#222,.T.);
#4585=EDGE_CURVE('',#5977,#5976,#835,.T.);
#4586=EDGE_CURVE('',#5977,#5972,#223,.T.);
#4587=EDGE_CURVE('',#5978,#5978,#836,.T.);
#4588=EDGE_CURVE('',#5979,#5980,#837,.T.);
#4589=EDGE_CURVE('',#5980,#5977,#389,.F.);
#4590=EDGE_CURVE('',#5976,#5981,#390,.F.);
#4591=EDGE_CURVE('',#5981,#5982,#838,.T.);
#4592=EDGE_CURVE('',#5982,#5890,#391,.F.);
#4593=EDGE_CURVE('',#5889,#5863,#6797,.T.);
#4594=EDGE_CURVE('',#5862,#5983,#6798,.F.);
#4595=EDGE_CURVE('',#5983,#5984,#839,.T.);
#4596=EDGE_CURVE('',#5984,#5979,#392,.F.);
#4597=EDGE_CURVE('',#5571,#5985,#393,.T.);
#4598=EDGE_CURVE('',#5985,#5986,#6799,.T.);
#4599=EDGE_CURVE('',#5986,#5984,#224,.T.);
#4600=EDGE_CURVE('',#5983,#5987,#840,.T.);
#4601=EDGE_CURVE('',#5988,#5987,#6800,.T.);
#4602=EDGE_CURVE('',#5988,#5572,#841,.T.);
#4603=EDGE_CURVE('',#5987,#5861,#6801,.F.);
#4604=EDGE_CURVE('',#5864,#5888,#6802,.T.);
#4605=EDGE_CURVE('',#5989,#5959,#842,.F.);
#4606=EDGE_CURVE('',#5990,#5989,#6803,.F.);
#4607=EDGE_CURVE('',#5990,#5991,#843,.T.);
#4608=EDGE_CURVE('',#5991,#5960,#225,.T.);
#4609=EDGE_CURVE('',#5564,#5992,#226,.F.);
#4610=EDGE_CURVE('',#5992,#5993,#844,.T.);
#4611=EDGE_CURVE('',#5994,#5993,#6804,.F.);
#4612=EDGE_CURVE('',#5565,#5994,#845,.T.);
#4613=EDGE_CURVE('',#5566,#5968,#394,.T.);
#4614=EDGE_CURVE('',#5860,#5988,#6805,.F.);
#4615=EDGE_CURVE('',#5800,#5741,#6806,.F.);
#4616=EDGE_CURVE('',#5955,#5614,#6807,.F.);
#4617=EDGE_CURVE('',#5995,#5827,#6808,.F.);
#4618=EDGE_CURVE('',#5995,#5758,#846,.T.);
#4619=EDGE_CURVE('',#5759,#5996,#847,.T.);
#4620=EDGE_CURVE('',#5933,#5996,#6809,.F.);
#4621=EDGE_CURVE('',#5997,#5956,#6810,.T.);
#4622=EDGE_CURVE('',#5997,#5965,#848,.T.);
#4623=EDGE_CURVE('',#5998,#5999,#6811,.T.);
#4624=EDGE_CURVE('',#5999,#6000,#227,.T.);
#4625=EDGE_CURVE('',#6001,#6000,#6812,.F.);
#4626=EDGE_CURVE('',#6002,#6001,#228,.F.);
#4627=EDGE_CURVE('',#6003,#6002,#6813,.T.);
#4628=EDGE_CURVE('',#6003,#5998,#229,.T.);
#4629=EDGE_CURVE('',#6004,#6005,#849,.F.);
#4630=EDGE_CURVE('',#6004,#6003,#230,.T.);
#4631=EDGE_CURVE('',#6002,#6006,#850,.F.);
#4632=EDGE_CURVE('',#6006,#6007,#231,.T.);
#4633=EDGE_CURVE('',#6007,#6008,#851,.F.);
#4634=EDGE_CURVE('',#6008,#5550,#6814,.T.);
#4635=EDGE_CURVE('',#5549,#6009,#6815,.T.);
#4636=EDGE_CURVE('',#6009,#6010,#6816,.T.);
#4637=EDGE_CURVE('',#6010,#6011,#395,.T.);
#4638=EDGE_CURVE('',#6011,#6012,#6817,.T.);
#4639=EDGE_CURVE('',#6012,#6013,#852,.T.);
#4640=EDGE_CURVE('',#6013,#6014,#6818,.T.);
#4641=EDGE_CURVE('',#6014,#6015,#6819,.T.);
#4642=EDGE_CURVE('',#6015,#6016,#6820,.T.);
#4643=EDGE_CURVE('',#6017,#6016,#6821,.T.);
#4644=EDGE_CURVE('',#6018,#6017,#6822,.T.);
#4645=EDGE_CURVE('',#6019,#6018,#6823,.T.);
#4646=EDGE_CURVE('',#6019,#6020,#6824,.T.);
#4647=EDGE_CURVE('',#6020,#6021,#6825,.T.);
#4648=EDGE_CURVE('',#6021,#6022,#6826,.T.);
#4649=EDGE_CURVE('',#6022,#6023,#6827,.F.);
#4650=EDGE_CURVE('',#6023,#6024,#396,.T.);
#4651=EDGE_CURVE('',#6024,#6025,#6828,.F.);
#4652=EDGE_CURVE('',#6025,#6026,#232,.T.);
#4653=EDGE_CURVE('',#6026,#5765,#853,.T.);
#4654=EDGE_CURVE('',#5764,#6027,#854,.T.);
#4655=EDGE_CURVE('',#6027,#6028,#233,.T.);
#4656=EDGE_CURVE('',#6029,#6028,#6829,.F.);
#4657=EDGE_CURVE('',#6029,#6005,#234,.T.);
#4658=EDGE_CURVE('',#6030,#6031,#235,.F.);
#4659=EDGE_CURVE('',#6030,#6032,#236,.T.);
#4660=EDGE_CURVE('',#6032,#6033,#237,.T.);
#4661=EDGE_CURVE('',#6034,#6033,#238,.T.);
#4662=EDGE_CURVE('',#6031,#6034,#239,.T.);
#4663=EDGE_CURVE('',#6035,#6036,#6830,.T.);
#4664=EDGE_CURVE('',#6035,#6036,#855,.T.);
#4665=EDGE_CURVE('',#6037,#6038,#6831,.T.);
#4666=EDGE_CURVE('',#6037,#6039,#397,.T.);
#4667=EDGE_CURVE('',#6040,#6039,#6832,.T.);
#4668=EDGE_CURVE('',#6040,#6041,#240,.T.);
#4669=EDGE_CURVE('',#5967,#6041,#856,.F.);
#4670=EDGE_CURVE('',#5966,#6042,#398,.F.);
#4671=EDGE_CURVE('',#6043,#6042,#6833,.T.);
#4672=EDGE_CURVE('',#6043,#5982,#241,.T.);
#4673=EDGE_CURVE('',#5981,#6044,#242,.T.);
#4674=EDGE_CURVE('',#6044,#6045,#6834,.T.);
#4675=EDGE_CURVE('',#6045,#5969,#399,.F.);
#4676=EDGE_CURVE('',#6046,#5994,#6835,.T.);
#4677=EDGE_CURVE('',#6046,#6047,#857,.F.);
#4678=EDGE_CURVE('',#6048,#6047,#6836,.T.);
#4679=EDGE_CURVE('',#6048,#6049,#6837,.T.);
#4680=EDGE_CURVE('',#6050,#6049,#6838,.T.);
#4681=EDGE_CURVE('',#6051,#6050,#6839,.T.);
#4682=EDGE_CURVE('',#6052,#6051,#6840,.T.);
#4683=EDGE_CURVE('',#6053,#6052,#6841,.T.);
#4684=EDGE_CURVE('',#6054,#6053,#6842,.T.);
#4685=EDGE_CURVE('',#6055,#6054,#6843,.T.);
#4686=EDGE_CURVE('',#6056,#6055,#6844,.T.);
#4687=EDGE_CURVE('',#6056,#6038,#6845,.T.);
#4688=EDGE_CURVE('',#6047,#6057,#6846,.F.);
#4689=EDGE_CURVE('',#6058,#6057,#6847,.T.);
#4690=EDGE_CURVE('',#6058,#6048,#6848,.T.);
#4691=EDGE_CURVE('',#5992,#6059,#6849,.F.);
#4692=EDGE_CURVE('',#6059,#6060,#858,.F.);
#4693=EDGE_CURVE('',#6060,#6061,#859,.F.);
#4694=EDGE_CURVE('',#6061,#6062,#6850,.F.);
#4695=EDGE_CURVE('',#6062,#6063,#860,.F.);
#4696=EDGE_CURVE('',#6063,#6064,#861,.F.);
#4697=EDGE_CURVE('',#6064,#5991,#6851,.F.);
#4698=EDGE_CURVE('',#5990,#6065,#6852,.T.);
#4699=EDGE_CURVE('',#6065,#6066,#862,.T.);
#4700=EDGE_CURVE('',#6066,#6067,#6853,.F.);
#4701=EDGE_CURVE('',#6067,#6068,#400,.F.);
#4702=EDGE_CURVE('',#6068,#6069,#6854,.T.);
#4703=EDGE_CURVE('',#6069,#6070,#401,.F.);
#4704=EDGE_CURVE('',#6070,#6071,#6855,.T.);
#4705=EDGE_CURVE('',#6071,#6072,#6856,.T.);
#4706=EDGE_CURVE('',#6073,#6072,#6857,.T.);
#4707=EDGE_CURVE('',#6074,#6073,#6858,.T.);
#4708=EDGE_CURVE('',#6075,#6074,#6859,.T.);
#4709=EDGE_CURVE('',#6076,#6075,#6860,.T.);
#4710=EDGE_CURVE('',#6077,#6076,#6861,.T.);
#4711=EDGE_CURVE('',#6078,#6077,#6862,.T.);
#4712=EDGE_CURVE('',#6079,#6078,#6863,.T.);
#4713=EDGE_CURVE('',#6079,#6058,#6864,.T.);
#4714=EDGE_CURVE('',#6057,#6080,#863,.T.);
#4715=EDGE_CURVE('',#6080,#5993,#6865,.T.);
#4716=EDGE_CURVE('',#6072,#6056,#6866,.T.);
#4717=EDGE_CURVE('',#6073,#6055,#6867,.T.);
#4718=EDGE_CURVE('',#6033,#6081,#6868,.F.);
#4719=EDGE_CURVE('',#6081,#6040,#402,.T.);
#4720=EDGE_CURVE('',#6039,#6069,#6869,.F.);
#4721=EDGE_CURVE('',#6068,#6082,#6870,.F.);
#4722=EDGE_CURVE('',#6082,#6034,#6871,.F.);
#4723=EDGE_CURVE('',#5619,#6083,#6872,.T.);
#4724=EDGE_CURVE('',#6083,#5950,#6873,.T.);
#4725=EDGE_CURVE('',#6084,#6085,#243,.T.);
#4726=EDGE_CURVE('',#6085,#6086,#6874,.F.);
#4727=EDGE_CURVE('',#6087,#6086,#403,.T.);
#4728=EDGE_CURVE('',#6088,#6087,#6875,.T.);
#4729=EDGE_CURVE('',#6088,#6089,#244,.T.);
#4730=EDGE_CURVE('',#6089,#6084,#6876,.T.);
#4731=EDGE_CURVE('',#6090,#6091,#6877,.T.);
#4732=EDGE_CURVE('',#6090,#6092,#6878,.T.);
#4733=EDGE_CURVE('',#6092,#6093,#245,.T.);
#4734=EDGE_CURVE('',#6093,#6023,#6879,.T.);
#4735=EDGE_CURVE('',#6091,#6022,#6880,.T.);
#4736=EDGE_CURVE('',#6094,#6087,#864,.T.);
#4737=EDGE_CURVE('',#6083,#6094,#6881,.T.);
#4738=EDGE_CURVE('',#5949,#6095,#865,.T.);
#4739=EDGE_CURVE('',#6095,#5785,#246,.T.);
#4740=EDGE_CURVE('',#5784,#6088,#247,.T.);
#4741=EDGE_CURVE('',#5544,#6096,#248,.F.);
#4742=EDGE_CURVE('',#6097,#5543,#404,.T.);
#4743=EDGE_CURVE('',#6096,#6097,#6882,.T.);
#4744=EDGE_CURVE('',#5545,#6098,#249,.T.);
#4745=EDGE_CURVE('',#6098,#6096,#250,.T.);
#4746=EDGE_CURVE('',#5546,#6099,#405,.T.);
#4747=EDGE_CURVE('',#6099,#6098,#6883,.T.);
#4748=EDGE_CURVE('',#5547,#6100,#6884,.T.);
#4749=EDGE_CURVE('',#6100,#6099,#251,.T.);
#4750=EDGE_CURVE('',#5548,#6101,#6885,.T.);
#4751=EDGE_CURVE('',#6101,#6100,#6886,.T.);
#4752=EDGE_CURVE('',#6102,#6101,#6887,.T.);
#4753=EDGE_CURVE('',#6009,#6102,#6888,.T.);
#4754=EDGE_CURVE('',#6098,#6103,#6889,.T.);
#4755=EDGE_CURVE('',#6104,#6096,#6890,.T.);
#4756=EDGE_CURVE('',#6103,#6104,#866,.T.);
#4757=EDGE_CURVE('',#6105,#6106,#867,.T.);
#4758=EDGE_CURVE('',#6103,#6105,#252,.T.);
#4759=EDGE_CURVE('',#6106,#6104,#253,.T.);
#4760=EDGE_CURVE('',#6107,#6108,#254,.T.);
#4761=EDGE_CURVE('',#6105,#6108,#6891,.T.);
#4762=EDGE_CURVE('',#6109,#6106,#6892,.F.);
#4763=EDGE_CURVE('',#6107,#6109,#406,.T.);
#4764=EDGE_CURVE('',#6110,#6019,#6893,.T.);
#4765=EDGE_CURVE('',#6111,#6110,#6894,.T.);
#4766=EDGE_CURVE('',#6020,#6111,#6895,.T.);
#4767=EDGE_CURVE('',#6021,#6112,#6896,.T.);
#4768=EDGE_CURVE('',#6112,#6111,#6897,.T.);
#4769=EDGE_CURVE('',#6091,#6112,#6898,.T.);
#4770=EDGE_CURVE('',#6113,#6102,#6899,.T.);
#4771=EDGE_CURVE('',#6010,#6113,#255,.F.);
#4772=EDGE_CURVE('',#6011,#6114,#256,.T.);
#4773=EDGE_CURVE('',#6114,#6113,#257,.T.);
#4774=EDGE_CURVE('',#6115,#6114,#6900,.T.);
#4775=EDGE_CURVE('',#6012,#6115,#258,.T.);
#4776=EDGE_CURVE('',#6115,#6116,#868,.T.);
#4777=EDGE_CURVE('',#6013,#6116,#6901,.T.);
#4778=EDGE_CURVE('',#6117,#6116,#6902,.T.);
#4779=EDGE_CURVE('',#6014,#6117,#6903,.T.);
#4780=EDGE_CURVE('',#6015,#6118,#6904,.T.);
#4781=EDGE_CURVE('',#6118,#6117,#6905,.T.);
#4782=EDGE_CURVE('',#6119,#6118,#6906,.T.);
#4783=EDGE_CURVE('',#6016,#6119,#6907,.T.);
#4784=EDGE_CURVE('',#6120,#6121,#259,.T.);
#4785=EDGE_CURVE('',#6122,#6120,#260,.T.);
#4786=EDGE_CURVE('',#6123,#6122,#261,.T.);
#4787=EDGE_CURVE('',#6121,#6123,#262,.T.);
#4788=EDGE_CURVE('',#6124,#6125,#263,.T.);
#4789=EDGE_CURVE('',#6126,#6124,#407,.T.);
#4790=EDGE_CURVE('',#6126,#6123,#264,.T.);
#4791=EDGE_CURVE('',#6125,#6122,#265,.T.);
#4792=EDGE_CURVE('',#6127,#6128,#266,.T.);
#4793=EDGE_CURVE('',#6120,#6127,#267,.T.);
#4794=EDGE_CURVE('',#6128,#6121,#268,.F.);
#4795=EDGE_CURVE('',#6129,#6130,#6908,.F.);
#4796=EDGE_CURVE('',#6129,#6131,#408,.T.);
#4797=EDGE_CURVE('',#6124,#6131,#6909,.T.);
#4798=EDGE_CURVE('',#6130,#6125,#6910,.T.);
#4799=EDGE_CURVE('',#6132,#6133,#6911,.T.);
#4800=EDGE_CURVE('',#6127,#6132,#6912,.T.);
#4801=EDGE_CURVE('',#6134,#6128,#409,.F.);
#4802=EDGE_CURVE('',#6133,#6134,#6913,.T.);
#4803=EDGE_CURVE('',#6135,#6136,#6914,.T.);
#4804=EDGE_CURVE('',#6129,#6135,#269,.T.);
#4805=EDGE_CURVE('',#6136,#6130,#410,.T.);
#4806=EDGE_CURVE('',#6137,#5541,#6915,.T.);
#4807=EDGE_CURVE('',#6132,#5541,#869,.T.);
#4808=EDGE_CURVE('',#6137,#6133,#870,.T.);
#4809=EDGE_CURVE('',#6138,#6111,#6916,.T.);
#4810=EDGE_CURVE('',#6135,#6138,#411,.F.);
#4811=EDGE_CURVE('',#6112,#6136,#6917,.T.);
#4812=EDGE_CURVE('',#5542,#6139,#6918,.T.);
#4813=EDGE_CURVE('',#6139,#6137,#6919,.T.);
#4814=EDGE_CURVE('',#6140,#6141,#6920,.T.);
#4815=EDGE_CURVE('',#5542,#6140,#871,.T.);
#4816=EDGE_CURVE('',#6141,#6139,#872,.T.);
#4817=EDGE_CURVE('',#6140,#6142,#6921,.T.);
#4818=EDGE_CURVE('',#6143,#6141,#6922,.T.);
#4819=EDGE_CURVE('',#6142,#6143,#6923,.T.);
#4820=EDGE_CURVE('',#6144,#6142,#873,.T.);
#4821=EDGE_CURVE('',#6145,#6143,#874,.T.);
#4822=EDGE_CURVE('',#6146,#6145,#270,.T.);
#4823=EDGE_CURVE('',#6144,#6146,#271,.T.);
#4824=EDGE_CURVE('',#6147,#6148,#272,.T.);
#4825=EDGE_CURVE('',#6147,#6144,#273,.T.);
#4826=EDGE_CURVE('',#6148,#6146,#274,.T.);
#4827=EDGE_CURVE('',#6149,#6150,#412,.F.);
#4828=EDGE_CURVE('',#6149,#6147,#275,.T.);
#4829=EDGE_CURVE('',#6148,#6151,#276,.T.);
#4830=EDGE_CURVE('',#6150,#6151,#413,.F.);
#4831=EDGE_CURVE('',#6152,#6153,#6924,.F.);
#4832=EDGE_CURVE('',#6149,#6152,#6925,.T.);
#4833=EDGE_CURVE('',#6154,#6150,#6926,.T.);
#4834=EDGE_CURVE('',#6153,#6154,#414,.F.);
#4835=EDGE_CURVE('',#6155,#6156,#6927,.T.);
#4836=EDGE_CURVE('',#6152,#6155,#415,.T.);
#4837=EDGE_CURVE('',#6156,#6153,#277,.T.);
#4838=EDGE_CURVE('',#6155,#6117,#6928,.T.);
#4839=EDGE_CURVE('',#6156,#6157,#416,.T.);
#4840=EDGE_CURVE('',#6118,#6157,#6929,.T.);
#4841=EDGE_CURVE('',#6000,#6158,#278,.T.);
#4842=EDGE_CURVE('',#6158,#6159,#279,.T.);
#4843=EDGE_CURVE('',#6008,#6159,#280,.T.);
#4844=EDGE_CURVE('',#6159,#5551,#281,.T.);
#4845=EDGE_CURVE('',#6160,#6160,#875,.T.);
#4846=EDGE_CURVE('',#6161,#6161,#876,.T.);
#4847=EDGE_CURVE('',#6162,#6162,#877,.T.);
#4848=EDGE_CURVE('',#6163,#6163,#878,.T.);
#4849=EDGE_CURVE('',#6164,#6165,#879,.T.);
#4850=EDGE_CURVE('',#6165,#6164,#6930,.T.);
#4851=EDGE_CURVE('',#6166,#6097,#880,.T.);
#4852=EDGE_CURVE('',#6109,#6166,#6931,.T.);
#4853=EDGE_CURVE('',#6036,#6164,#6932,.T.);
#4854=EDGE_CURVE('',#6165,#6035,#6933,.T.);
#4855=EDGE_CURVE('',#6167,#6168,#282,.T.);
#4856=EDGE_CURVE('',#6168,#6169,#283,.T.);
#4857=EDGE_CURVE('',#6169,#6030,#284,.T.);
#4858=EDGE_CURVE('',#6031,#6167,#285,.T.);
#4859=EDGE_CURVE('',#6170,#6170,#881,.T.);
#4860=EDGE_CURVE('',#6171,#6171,#882,.T.);
#4861=EDGE_CURVE('',#6172,#6172,#883,.T.);
#4862=EDGE_CURVE('',#6173,#6173,#884,.T.);
#4863=EDGE_CURVE('',#6174,#6175,#885,.T.);
#4864=EDGE_CURVE('',#6174,#6175,#6934,.T.);
#4865=EDGE_CURVE('',#6176,#6177,#886,.T.);
#4866=EDGE_CURVE('',#6176,#6177,#6935,.T.);
#4867=EDGE_CURVE('',#6178,#6179,#887,.T.);
#4868=EDGE_CURVE('',#6178,#6179,#6936,.T.);
#4869=EDGE_CURVE('',#6145,#6134,#6937,.T.);
#4870=EDGE_CURVE('',#6180,#6115,#417,.T.);
#4871=EDGE_CURVE('',#6181,#6180,#286,.T.);
#4872=EDGE_CURVE('',#6108,#6181,#418,.T.);
#4873=EDGE_CURVE('',#6142,#6107,#6938,.T.);
#4874=EDGE_CURVE('',#6116,#6149,#6939,.T.);
#4875=EDGE_CURVE('',#6140,#6166,#6940,.T.);
#4876=EDGE_CURVE('',#6151,#6126,#6941,.F.);
#4877=EDGE_CURVE('',#5896,#6178,#6942,.T.);
#4878=EDGE_CURVE('',#6179,#5895,#6943,.T.);
#4879=EDGE_CURVE('',#5751,#6176,#6944,.T.);
#4880=EDGE_CURVE('',#6177,#5750,#6945,.T.);
#4881=EDGE_CURVE('',#5831,#6174,#6946,.T.);
#4882=EDGE_CURVE('',#6175,#5830,#6947,.T.);
#4883=EDGE_CURVE('',#6105,#6182,#114,.T.);
#4884=EDGE_CURVE('',#6182,#6181,#6948,.T.);
#4885=EDGE_CURVE('',#6103,#6183,#115,.T.);
#4886=EDGE_CURVE('',#6183,#6182,#287,.T.);
#4887=EDGE_CURVE('',#6099,#6184,#6949,.T.);
#4888=EDGE_CURVE('',#6184,#6183,#288,.T.);
#4889=EDGE_CURVE('',#6185,#6114,#289,.T.);
#4890=EDGE_CURVE('',#6180,#6185,#6950,.T.);
#4891=EDGE_CURVE('',#6182,#6185,#290,.F.);
#4892=EDGE_CURVE('',#6100,#6186,#6951,.T.);
#4893=EDGE_CURVE('',#6186,#6184,#888,.F.);
#4894=EDGE_CURVE('',#6113,#6186,#291,.T.);
#4895=EDGE_CURVE('',#6187,#6125,#6952,.T.);
#4896=EDGE_CURVE('',#6187,#6090,#889,.F.);
#4897=EDGE_CURVE('',#6154,#6131,#6953,.F.);
#4898=EDGE_CURVE('',#5476,#5997,#6954,.T.);
#4899=EDGE_CURVE('',#5625,#6188,#292,.F.);
#4900=EDGE_CURVE('',#6188,#6189,#6955,.F.);
#4901=EDGE_CURVE('',#6189,#5755,#419,.F.);
#4902=EDGE_CURVE('',#5754,#6190,#420,.F.);
#4903=EDGE_CURVE('',#6190,#6191,#6956,.F.);
#4904=EDGE_CURVE('',#6191,#5964,#293,.T.);
#4905=EDGE_CURVE('',#5906,#6192,#294,.F.);
#4906=EDGE_CURVE('',#6192,#6193,#6957,.F.);
#4907=EDGE_CURVE('',#6193,#5908,#421,.F.);
#4908=EDGE_CURVE('',#5907,#5874,#422,.F.);
#4909=EDGE_CURVE('',#5873,#5623,#295,.T.);
#4910=EDGE_CURVE('',#5622,#6194,#296,.F.);
#4911=EDGE_CURVE('',#6195,#6194,#6958,.T.);
#4912=EDGE_CURVE('',#6195,#5839,#423,.F.);
#4913=EDGE_CURVE('',#5838,#6196,#424,.F.);
#4914=EDGE_CURVE('',#6196,#6197,#6959,.F.);
#4915=EDGE_CURVE('',#6197,#5905,#297,.T.);
#4916=EDGE_CURVE('',#6183,#6198,#890,.T.);
#4917=EDGE_CURVE('',#6198,#6185,#298,.T.);
#4918=EDGE_CURVE('',#6186,#6198,#299,.T.);
#4919=EDGE_CURVE('',#6199,#6119,#6960,.T.);
#4920=EDGE_CURVE('',#6200,#6199,#6961,.T.);
#4921=EDGE_CURVE('',#6017,#6200,#6962,.T.);
#4922=EDGE_CURVE('',#6201,#6200,#6963,.T.);
#4923=EDGE_CURVE('',#6018,#6201,#6964,.T.);
#4924=EDGE_CURVE('',#6202,#6201,#6965,.T.);
#4925=EDGE_CURVE('',#6110,#6202,#6966,.T.);
#4926=EDGE_CURVE('',#6028,#6203,#425,.F.);
#4927=EDGE_CURVE('',#6203,#6204,#6967,.F.);
#4928=EDGE_CURVE('',#6204,#6029,#426,.F.);
#4929=EDGE_CURVE('',#6157,#6138,#6968,.T.);
#4930=EDGE_CURVE('',#6199,#6202,#6969,.T.);
#4931=EDGE_CURVE('',#6205,#6206,#6970,.T.);
#4932=EDGE_CURVE('',#6205,#5825,#6971,.F.);
#4933=EDGE_CURVE('',#6206,#5824,#6972,.T.);
#4934=EDGE_CURVE('',#6207,#5823,#6973,.T.);
#4935=EDGE_CURVE('',#6206,#6207,#6974,.T.);
#4936=EDGE_CURVE('',#6208,#5995,#6975,.T.);
#4937=EDGE_CURVE('',#6208,#6205,#891,.T.);
#4938=EDGE_CURVE('',#6209,#6207,#6976,.T.);
#4939=EDGE_CURVE('',#6210,#6209,#6977,.T.);
#4940=EDGE_CURVE('',#6211,#6210,#6978,.T.);
#4941=EDGE_CURVE('',#6212,#6211,#6979,.T.);
#4942=EDGE_CURVE('',#6213,#6212,#6980,.T.);
#4943=EDGE_CURVE('',#6214,#6213,#6981,.T.);
#4944=EDGE_CURVE('',#6215,#6214,#6982,.T.);
#4945=EDGE_CURVE('',#6216,#6215,#6983,.T.);
#4946=EDGE_CURVE('',#6217,#6216,#6984,.T.);
#4947=EDGE_CURVE('',#6217,#6218,#892,.T.);
#4948=EDGE_CURVE('',#6219,#6218,#6985,.T.);
#4949=EDGE_CURVE('',#6219,#6220,#893,.T.);
#4950=EDGE_CURVE('',#6221,#6220,#6986,.T.);
#4951=EDGE_CURVE('',#6221,#5937,#894,.F.);
#4952=EDGE_CURVE('',#5936,#6222,#895,.F.);
#4953=EDGE_CURVE('',#5996,#6222,#6987,.T.);
#4954=EDGE_CURVE('',#5826,#6208,#6988,.T.);
#4955=EDGE_CURVE('',#6209,#5822,#6989,.T.);
#4956=EDGE_CURVE('',#6210,#5821,#6990,.T.);
#4957=EDGE_CURVE('',#6211,#5820,#6991,.T.);
#4958=EDGE_CURVE('',#6212,#5819,#6992,.T.);
#4959=EDGE_CURVE('',#6213,#5818,#6993,.T.);
#4960=EDGE_CURVE('',#6214,#5817,#6994,.T.);
#4961=EDGE_CURVE('',#6215,#5816,#6995,.T.);
#4962=EDGE_CURVE('',#6216,#5815,#6996,.T.);
#4963=EDGE_CURVE('',#5814,#6217,#6997,.F.);
#4964=EDGE_CURVE('',#6218,#5813,#6998,.T.);
#4965=EDGE_CURVE('',#5812,#6219,#6999,.F.);
#4966=EDGE_CURVE('',#6222,#5947,#7000,.F.);
#4967=EDGE_CURVE('',#5944,#6221,#7001,.T.);
#4968=EDGE_CURVE('',#6220,#5811,#7002,.T.);
#4969=EDGE_CURVE('',#6223,#6223,#896,.T.);
#4970=EDGE_CURVE('',#6224,#6224,#897,.T.);
#4971=EDGE_CURVE('',#6225,#6225,#898,.T.);
#4972=EDGE_CURVE('',#5802,#5739,#7003,.F.);
#4973=EDGE_CURVE('',#5803,#5738,#7004,.T.);
#4974=EDGE_CURVE('',#5804,#5737,#7005,.T.);
#4975=EDGE_CURVE('',#5740,#5801,#7006,.T.);
#4976=EDGE_CURVE('',#5805,#5736,#7007,.T.);
#4977=EDGE_CURVE('',#5806,#5735,#7008,.T.);
#4978=EDGE_CURVE('',#5791,#5734,#7009,.T.);
#4979=EDGE_CURVE('',#5792,#5733,#7010,.T.);
#4980=EDGE_CURVE('',#5793,#5732,#7011,.T.);
#4981=EDGE_CURVE('',#5794,#5731,#7012,.T.);
#4982=EDGE_CURVE('',#5730,#5795,#7013,.F.);
#4983=EDGE_CURVE('',#5796,#5729,#7014,.T.);
#4984=EDGE_CURVE('',#5728,#5797,#7015,.F.);
#4985=EDGE_CURVE('',#5613,#6226,#7016,.T.);
#4986=EDGE_CURVE('',#6227,#6226,#7017,.T.);
#4987=EDGE_CURVE('',#6227,#6228,#899,.F.);
#4988=EDGE_CURVE('',#6229,#6228,#7018,.T.);
#4989=EDGE_CURVE('',#6229,#5688,#7019,.T.);
#4990=EDGE_CURVE('',#5687,#6230,#7020,.T.);
#4991=EDGE_CURVE('',#6231,#6230,#7021,.T.);
#4992=EDGE_CURVE('',#6231,#6232,#900,.F.);
#4993=EDGE_CURVE('',#6233,#6232,#7022,.T.);
#4994=EDGE_CURVE('',#6233,#5684,#7023,.T.);
#4995=EDGE_CURVE('',#5683,#6234,#7024,.T.);
#4996=EDGE_CURVE('',#6235,#6234,#7025,.T.);
#4997=EDGE_CURVE('',#6235,#6236,#901,.F.);
#4998=EDGE_CURVE('',#6237,#6236,#7026,.T.);
#4999=EDGE_CURVE('',#6237,#5680,#7027,.T.);
#5000=EDGE_CURVE('',#5679,#6238,#7028,.T.);
#5001=EDGE_CURVE('',#6239,#6238,#7029,.T.);
#5002=EDGE_CURVE('',#6239,#6240,#902,.F.);
#5003=EDGE_CURVE('',#6241,#6240,#7030,.T.);
#5004=EDGE_CURVE('',#6241,#5676,#7031,.T.);
#5005=EDGE_CURVE('',#5675,#6242,#7032,.T.);
#5006=EDGE_CURVE('',#6243,#6242,#7033,.T.);
#5007=EDGE_CURVE('',#6243,#6244,#903,.F.);
#5008=EDGE_CURVE('',#6245,#6244,#7034,.T.);
#5009=EDGE_CURVE('',#6245,#6246,#7035,.T.);
#5010=EDGE_CURVE('',#5768,#6246,#7036,.T.);
#5011=EDGE_CURVE('',#5865,#5887,#7037,.T.);
#5012=EDGE_CURVE('',#5866,#5886,#7038,.T.);
#5013=EDGE_CURVE('',#5867,#5885,#7039,.T.);
#5014=EDGE_CURVE('',#5868,#5884,#7040,.T.);
#5015=EDGE_CURVE('',#5853,#5883,#7041,.T.);
#5016=EDGE_CURVE('',#5854,#5882,#7042,.T.);
#5017=EDGE_CURVE('',#5855,#5881,#7043,.T.);
#5018=EDGE_CURVE('',#5856,#5880,#7044,.T.);
#5019=EDGE_CURVE('',#5879,#5857,#7045,.F.);
#5020=EDGE_CURVE('',#5858,#5878,#7046,.T.);
#5021=EDGE_CURVE('',#5877,#5859,#7047,.F.);
#5022=EDGE_CURVE('',#6247,#6247,#904,.F.);
#5023=EDGE_CURVE('',#6248,#6248,#905,.T.);
#5024=EDGE_CURVE('',#6249,#6249,#906,.T.);
#5025=EDGE_CURVE('',#6070,#6037,#7048,.T.);
#5026=EDGE_CURVE('',#6071,#6038,#7049,.T.);
#5027=EDGE_CURVE('',#6080,#6046,#7050,.T.);
#5028=EDGE_CURVE('',#5989,#6250,#7051,.F.);
#5029=EDGE_CURVE('',#6250,#6065,#7052,.F.);
#5030=EDGE_CURVE('',#6076,#6052,#7053,.T.);
#5031=EDGE_CURVE('',#6075,#6053,#7054,.T.);
#5032=EDGE_CURVE('',#6077,#6051,#7055,.T.);
#5033=EDGE_CURVE('',#6078,#6050,#7056,.T.);
#5034=EDGE_CURVE('',#6079,#6049,#7057,.T.);
#5035=EDGE_CURVE('',#6074,#6054,#7058,.T.);
#5036=EDGE_CURVE('',#6066,#6251,#7059,.T.);
#5037=EDGE_CURVE('',#6251,#6252,#7060,.F.);
#5038=EDGE_CURVE('',#6252,#6067,#7061,.T.);
#5039=EDGE_CURVE('',#6041,#6253,#300,.T.);
#5040=EDGE_CURVE('',#6254,#6253,#301,.T.);
#5041=EDGE_CURVE('',#6254,#6004,#302,.T.);
#5042=EDGE_CURVE('',#6005,#6255,#303,.T.);
#5043=EDGE_CURVE('',#6255,#6256,#304,.T.);
#5044=EDGE_CURVE('',#6256,#5843,#305,.T.);
#5045=EDGE_CURVE('',#6132,#5620,#7062,.T.);
#5046=EDGE_CURVE('',#6086,#6187,#306,.T.);
#5047=EDGE_CURVE('',#6094,#6120,#7063,.T.);
#5048=EDGE_CURVE('',#5948,#6095,#427,.T.);
#5049=EDGE_CURVE('',#6257,#6258,#7064,.T.);
#5050=EDGE_CURVE('',#6258,#6025,#428,.F.);
#5051=EDGE_CURVE('',#6024,#6257,#7065,.T.);
#5052=EDGE_CURVE('',#5781,#6258,#307,.T.);
#5053=EDGE_CURVE('',#6259,#6257,#907,.T.);
#5054=EDGE_CURVE('',#5782,#6259,#908,.T.);
#5055=EDGE_CURVE('',#6203,#5872,#308,.T.);
#5056=EDGE_CURVE('',#5871,#6204,#309,.T.);
#5057=EDGE_CURVE('',#6246,#5705,#7066,.T.);
#5058=EDGE_CURVE('',#5704,#5769,#909,.F.);
#5059=EDGE_CURVE('',#6260,#6261,#910,.F.);
#5060=EDGE_CURVE('',#6260,#5850,#7067,.F.);
#5061=EDGE_CURVE('',#5849,#6261,#7068,.T.);
#5062=EDGE_CURVE('',#6082,#6252,#429,.F.);
#5063=EDGE_CURVE('',#6251,#6250,#911,.T.);
#5064=EDGE_CURVE('',#5963,#6260,#912,.T.);
#5065=EDGE_CURVE('',#6261,#5876,#913,.T.);
#5066=EDGE_CURVE('',#5875,#6167,#310,.T.);
#5067=EDGE_CURVE('',#5979,#6262,#311,.T.);
#5068=EDGE_CURVE('',#6263,#6262,#7069,.T.);
#5069=EDGE_CURVE('',#6263,#5570,#430,.F.);
#5070=EDGE_CURVE('',#5569,#6264,#431,.F.);
#5071=EDGE_CURVE('',#6264,#6265,#7070,.T.);
#5072=EDGE_CURVE('',#6265,#5980,#312,.T.);
#5073=EDGE_CURVE('',#6264,#5973,#7071,.F.);
#5074=EDGE_CURVE('',#5972,#6265,#432,.F.);
#5075=EDGE_CURVE('',#5985,#6263,#7072,.F.);
#5076=EDGE_CURVE('',#6262,#5986,#433,.F.);
#5077=EDGE_CURVE('',#6044,#5975,#434,.F.);
#5078=EDGE_CURVE('',#5974,#6045,#7073,.F.);
#5079=EDGE_CURVE('',#5891,#6043,#435,.F.);
#5080=EDGE_CURVE('',#6042,#5892,#7074,.F.);
#5081=EDGE_CURVE('',#5744,#6195,#7075,.F.);
#5082=EDGE_CURVE('',#6194,#5745,#436,.F.);
#5083=EDGE_CURVE('',#6196,#5898,#7076,.F.);
#5084=EDGE_CURVE('',#5897,#6197,#437,.F.);
#5085=EDGE_CURVE('',#5828,#6189,#7077,.F.);
#5086=EDGE_CURVE('',#6188,#5829,#438,.F.);
#5087=EDGE_CURVE('',#6190,#5954,#7078,.F.);
#5088=EDGE_CURVE('',#5953,#6191,#439,.F.);
#5089=EDGE_CURVE('',#5951,#6266,#440,.F.);
#5090=EDGE_CURVE('',#6266,#6267,#7079,.T.);
#5091=EDGE_CURVE('',#6267,#5941,#313,.T.);
#5092=EDGE_CURVE('',#5940,#6268,#314,.T.);
#5093=EDGE_CURVE('',#6268,#6269,#7080,.T.);
#5094=EDGE_CURVE('',#6269,#5952,#441,.F.);
#5095=EDGE_CURVE('',#6266,#5930,#7081,.F.);
#5096=EDGE_CURVE('',#5946,#6267,#442,.F.);
#5097=EDGE_CURVE('',#5808,#6269,#7082,.F.);
#5098=EDGE_CURVE('',#6268,#5945,#443,.F.);
#5099=EDGE_CURVE('',#5901,#6193,#7083,.F.);
#5100=EDGE_CURVE('',#6192,#5902,#444,.F.);
#5101=EDGE_CURVE('',#5846,#6168,#315,.T.);
#5102=EDGE_CURVE('',#6257,#6093,#914,.T.);
#5103=EDGE_CURVE('',#6089,#5783,#915,.F.);
#5104=EDGE_CURVE('',#6092,#6259,#316,.T.);
#5105=EDGE_CURVE('',#6084,#5782,#916,.T.);
#5106=EDGE_CURVE('',#6259,#6085,#317,.F.);
#5107=EDGE_CURVE('',#6026,#6270,#445,.F.);
#5108=EDGE_CURVE('',#6270,#6271,#318,.T.);
#5109=EDGE_CURVE('',#6271,#5766,#446,.F.);
#5110=EDGE_CURVE('',#5763,#6272,#447,.F.);
#5111=EDGE_CURVE('',#6272,#6273,#319,.T.);
#5112=EDGE_CURVE('',#6273,#6027,#448,.F.);
#5113=EDGE_CURVE('',#6255,#6204,#917,.T.);
#5114=EDGE_CURVE('',#6256,#5871,#918,.T.);
#5115=EDGE_CURVE('',#5948,#5786,#919,.T.);
#5116=EDGE_CURVE('',#6203,#6273,#920,.T.);
#5117=EDGE_CURVE('',#5872,#6272,#921,.T.);
#5118=EDGE_CURVE('',#5781,#6271,#922,.T.);
#5119=EDGE_CURVE('',#6258,#6270,#923,.T.);
#5120=EDGE_CURVE('',#6253,#6081,#924,.T.);
#5121=EDGE_CURVE('',#5998,#6254,#925,.T.);
#5122=EDGE_CURVE('',#5998,#6081,#320,.F.);
#5123=EDGE_CURVE('',#5999,#6033,#321,.F.);
#5124=EDGE_CURVE('',#6000,#6032,#926,.T.);
#5125=EDGE_CURVE('',#6158,#6030,#322,.F.);
#5126=EDGE_CURVE('',#6159,#6169,#323,.F.);
#5127=EDGE_CURVE('',#6092,#6085,#927,.T.);
#5128=EDGE_CURVE('',#5724,#6274,#7084,.F.);
#5129=EDGE_CURVE('',#6274,#6229,#7085,.T.);
#5130=EDGE_CURVE('',#6228,#6275,#7086,.T.);
#5131=EDGE_CURVE('',#6275,#5725,#7087,.T.);
#5132=EDGE_CURVE('',#6276,#6277,#7088,.T.);
#5133=EDGE_CURVE('',#6277,#5723,#7089,.T.);
#5134=EDGE_CURVE('',#5722,#6276,#7090,.T.);
#5135=EDGE_CURVE('',#6278,#6279,#7091,.T.);
#5136=EDGE_CURVE('',#6279,#6227,#7092,.F.);
#5137=EDGE_CURVE('',#6226,#6278,#7093,.T.);
#5138=EDGE_CURVE('',#5720,#6280,#7094,.F.);
#5139=EDGE_CURVE('',#6280,#6233,#7095,.T.);
#5140=EDGE_CURVE('',#6232,#6281,#7096,.T.);
#5141=EDGE_CURVE('',#6281,#5721,#7097,.T.);
#5142=EDGE_CURVE('',#6282,#6283,#7098,.T.);
#5143=EDGE_CURVE('',#6283,#5719,#7099,.T.);
#5144=EDGE_CURVE('',#5718,#6282,#7100,.T.);
#5145=EDGE_CURVE('',#6284,#6285,#7101,.T.);
#5146=EDGE_CURVE('',#6285,#6231,#7102,.F.);
#5147=EDGE_CURVE('',#6230,#6284,#7103,.T.);
#5148=EDGE_CURVE('',#5716,#6286,#7104,.F.);
#5149=EDGE_CURVE('',#6286,#6237,#7105,.T.);
#5150=EDGE_CURVE('',#6236,#6287,#7106,.T.);
#5151=EDGE_CURVE('',#6287,#5717,#7107,.T.);
#5152=EDGE_CURVE('',#6288,#6289,#7108,.T.);
#5153=EDGE_CURVE('',#6289,#5715,#7109,.T.);
#5154=EDGE_CURVE('',#5714,#6288,#7110,.T.);
#5155=EDGE_CURVE('',#6290,#6291,#7111,.T.);
#5156=EDGE_CURVE('',#6291,#6235,#7112,.F.);
#5157=EDGE_CURVE('',#6234,#6290,#7113,.T.);
#5158=EDGE_CURVE('',#5712,#6292,#7114,.F.);
#5159=EDGE_CURVE('',#6292,#6241,#7115,.T.);
#5160=EDGE_CURVE('',#6240,#6293,#7116,.T.);
#5161=EDGE_CURVE('',#6293,#5713,#7117,.T.);
#5162=EDGE_CURVE('',#6294,#6295,#7118,.T.);
#5163=EDGE_CURVE('',#6295,#5711,#7119,.T.);
#5164=EDGE_CURVE('',#5710,#6294,#7120,.T.);
#5165=EDGE_CURVE('',#6296,#6297,#7121,.T.);
#5166=EDGE_CURVE('',#6297,#6239,#7122,.F.);
#5167=EDGE_CURVE('',#6238,#6296,#7123,.T.);
#5168=EDGE_CURVE('',#5708,#6298,#7124,.F.);
#5169=EDGE_CURVE('',#6298,#6245,#7125,.T.);
#5170=EDGE_CURVE('',#6244,#6299,#7126,.T.);
#5171=EDGE_CURVE('',#6299,#5709,#7127,.T.);
#5172=EDGE_CURVE('',#6300,#6301,#7128,.T.);
#5173=EDGE_CURVE('',#6301,#5707,#7129,.T.);
#5174=EDGE_CURVE('',#5706,#6300,#7130,.T.);
#5175=EDGE_CURVE('',#6302,#6303,#7131,.T.);
#5176=EDGE_CURVE('',#6303,#6243,#7132,.F.);
#5177=EDGE_CURVE('',#6242,#6302,#7133,.T.);
#5178=EDGE_CURVE('',#6294,#5676,#7134,.F.);
#5179=EDGE_CURVE('',#6292,#6295,#449,.F.);
#5180=EDGE_CURVE('',#6275,#6279,#450,.F.);
#5181=EDGE_CURVE('',#5612,#6278,#7135,.F.);
#5182=EDGE_CURVE('',#6276,#5688,#7136,.F.);
#5183=EDGE_CURVE('',#6274,#6277,#451,.F.);
#5184=EDGE_CURVE('',#6281,#6285,#452,.F.);
#5185=EDGE_CURVE('',#5690,#6284,#7137,.F.);
#5186=EDGE_CURVE('',#6282,#5684,#7138,.F.);
#5187=EDGE_CURVE('',#6280,#6283,#453,.F.);
#5188=EDGE_CURVE('',#6287,#6291,#454,.F.);
#5189=EDGE_CURVE('',#5686,#6290,#7139,.F.);
#5190=EDGE_CURVE('',#6288,#5680,#7140,.F.);
#5191=EDGE_CURVE('',#6286,#6289,#455,.F.);
#5192=EDGE_CURVE('',#6293,#6297,#456,.F.);
#5193=EDGE_CURVE('',#5682,#6296,#7141,.F.);
#5194=EDGE_CURVE('',#6299,#6303,#457,.F.);
#5195=EDGE_CURVE('',#5678,#6302,#7142,.F.);
#5196=EDGE_CURVE('',#6300,#6246,#7143,.F.);
#5197=EDGE_CURVE('',#6298,#6301,#458,.F.);
#5198=EDGE_CURVE('',#5673,#6304,#7144,.F.);
#5199=EDGE_CURVE('',#6304,#5912,#7145,.T.);
#5200=EDGE_CURVE('',#5911,#6305,#7146,.T.);
#5201=EDGE_CURVE('',#6305,#5674,#7147,.T.);
#5202=EDGE_CURVE('',#6306,#6307,#7148,.T.);
#5203=EDGE_CURVE('',#6307,#5672,#7149,.T.);
#5204=EDGE_CURVE('',#5671,#6306,#7150,.T.);
#5205=EDGE_CURVE('',#6308,#6309,#7151,.T.);
#5206=EDGE_CURVE('',#6309,#5910,#7152,.F.);
#5207=EDGE_CURVE('',#5909,#6308,#7153,.T.);
#5208=EDGE_CURVE('',#5669,#6310,#7154,.F.);
#5209=EDGE_CURVE('',#6310,#5916,#7155,.T.);
#5210=EDGE_CURVE('',#5915,#6311,#7156,.T.);
#5211=EDGE_CURVE('',#6311,#5670,#7157,.T.);
#5212=EDGE_CURVE('',#6312,#6313,#7158,.T.);
#5213=EDGE_CURVE('',#6313,#5668,#7159,.T.);
#5214=EDGE_CURVE('',#5667,#6312,#7160,.T.);
#5215=EDGE_CURVE('',#6314,#6315,#7161,.T.);
#5216=EDGE_CURVE('',#6315,#5914,#7162,.F.);
#5217=EDGE_CURVE('',#5913,#6314,#7163,.T.);
#5218=EDGE_CURVE('',#5665,#6316,#7164,.F.);
#5219=EDGE_CURVE('',#6316,#5920,#7165,.T.);
#5220=EDGE_CURVE('',#5919,#6317,#7166,.T.);
#5221=EDGE_CURVE('',#6317,#5666,#7167,.T.);
#5222=EDGE_CURVE('',#6318,#6319,#7168,.T.);
#5223=EDGE_CURVE('',#6319,#5664,#7169,.T.);
#5224=EDGE_CURVE('',#5663,#6318,#7170,.T.);
#5225=EDGE_CURVE('',#6320,#6321,#7171,.T.);
#5226=EDGE_CURVE('',#6321,#5918,#7172,.F.);
#5227=EDGE_CURVE('',#5917,#6320,#7173,.T.);
#5228=EDGE_CURVE('',#5661,#6322,#7174,.F.);
#5229=EDGE_CURVE('',#6322,#5924,#7175,.T.);
#5230=EDGE_CURVE('',#5923,#6323,#7176,.T.);
#5231=EDGE_CURVE('',#6323,#5662,#7177,.T.);
#5232=EDGE_CURVE('',#6324,#6325,#7178,.T.);
#5233=EDGE_CURVE('',#6325,#5660,#7179,.T.);
#5234=EDGE_CURVE('',#5659,#6324,#7180,.T.);
#5235=EDGE_CURVE('',#6326,#6327,#7181,.T.);
#5236=EDGE_CURVE('',#6327,#5922,#7182,.F.);
#5237=EDGE_CURVE('',#5921,#6326,#7183,.T.);
#5238=EDGE_CURVE('',#5657,#6328,#7184,.F.);
#5239=EDGE_CURVE('',#6328,#5928,#7185,.T.);
#5240=EDGE_CURVE('',#5927,#6329,#7186,.T.);
#5241=EDGE_CURVE('',#6329,#5658,#7187,.T.);
#5242=EDGE_CURVE('',#6330,#6331,#7188,.T.);
#5243=EDGE_CURVE('',#6331,#5656,#7189,.T.);
#5244=EDGE_CURVE('',#5655,#6330,#7190,.T.);
#5245=EDGE_CURVE('',#6332,#6333,#7191,.T.);
#5246=EDGE_CURVE('',#6333,#5926,#7192,.F.);
#5247=EDGE_CURVE('',#5925,#6332,#7193,.T.);
#5248=EDGE_CURVE('',#6324,#5628,#7194,.F.);
#5249=EDGE_CURVE('',#6322,#6325,#459,.F.);
#5250=EDGE_CURVE('',#6305,#6309,#460,.F.);
#5251=EDGE_CURVE('',#5606,#6308,#7195,.F.);
#5252=EDGE_CURVE('',#6306,#5640,#7196,.F.);
#5253=EDGE_CURVE('',#6304,#6307,#461,.F.);
#5254=EDGE_CURVE('',#6311,#6315,#462,.F.);
#5255=EDGE_CURVE('',#5642,#6314,#7197,.F.);
#5256=EDGE_CURVE('',#6312,#5636,#7198,.F.);
#5257=EDGE_CURVE('',#6310,#6313,#463,.F.);
#5258=EDGE_CURVE('',#6317,#6321,#464,.F.);
#5259=EDGE_CURVE('',#5638,#6320,#7199,.F.);
#5260=EDGE_CURVE('',#6318,#5632,#7200,.F.);
#5261=EDGE_CURVE('',#6316,#6319,#465,.F.);
#5262=EDGE_CURVE('',#6323,#6327,#466,.F.);
#5263=EDGE_CURVE('',#5634,#6326,#7201,.F.);
#5264=EDGE_CURVE('',#6329,#6333,#467,.F.);
#5265=EDGE_CURVE('',#5630,#6332,#7202,.F.);
#5266=EDGE_CURVE('',#6330,#5692,#7203,.F.);
#5267=EDGE_CURVE('',#6328,#6331,#468,.F.);
#5268=EDGE_CURVE('',#6334,#6335,#7204,.F.);
#5269=EDGE_CURVE('',#6335,#6336,#7205,.F.);
#5270=EDGE_CURVE('',#6336,#6337,#7206,.T.);
#5271=EDGE_CURVE('',#6337,#6334,#7207,.T.);
#5272=EDGE_CURVE('',#6338,#6339,#7208,.T.);
#5273=EDGE_CURVE('',#6339,#6340,#7209,.T.);
#5274=EDGE_CURVE('',#6340,#6341,#7210,.F.);
#5275=EDGE_CURVE('',#6341,#6338,#7211,.T.);
#5276=EDGE_CURVE('',#6342,#6343,#928,.T.);
#5277=EDGE_CURVE('',#6343,#6344,#929,.T.);
#5278=EDGE_CURVE('',#6344,#6342,#7212,.F.);
#5279=EDGE_CURVE('',#5603,#6345,#7213,.F.);
#5280=EDGE_CURVE('',#6345,#6346,#7214,.F.);
#5281=EDGE_CURVE('',#6346,#5604,#7215,.T.);
#5282=EDGE_CURVE('',#6347,#6348,#7216,.F.);
#5283=EDGE_CURVE('',#6348,#5602,#7217,.T.);
#5284=EDGE_CURVE('',#5601,#6347,#7218,.F.);
#5285=EDGE_CURVE('',#5537,#6335,#930,.F.);
#5286=EDGE_CURVE('',#6334,#5538,#931,.T.);
#5287=EDGE_CURVE('',#6340,#5534,#932,.F.);
#5288=EDGE_CURVE('',#5533,#6341,#933,.F.);
#5289=EDGE_CURVE('',#6336,#5578,#934,.F.);
#5290=EDGE_CURVE('',#5577,#6337,#935,.T.);
#5291=EDGE_CURVE('',#5579,#6339,#936,.F.);
#5292=EDGE_CURVE('',#6338,#5580,#937,.F.);
#5293=EDGE_CURVE('',#5577,#6346,#938,.T.);
#5294=EDGE_CURVE('',#6337,#6346,#939,.T.);
#5295=EDGE_CURVE('',#6334,#6345,#940,.T.);
#5296=EDGE_CURVE('',#5538,#6345,#941,.T.);
#5297=EDGE_CURVE('',#6347,#5580,#942,.T.);
#5298=EDGE_CURVE('',#6347,#6338,#943,.T.);
#5299=EDGE_CURVE('',#6348,#6341,#944,.T.);
#5300=EDGE_CURVE('',#6348,#5533,#945,.T.);
#5301=EDGE_CURVE('',#6349,#6350,#7219,.F.);
#5302=EDGE_CURVE('',#6350,#6351,#7220,.F.);
#5303=EDGE_CURVE('',#6351,#6352,#7221,.T.);
#5304=EDGE_CURVE('',#6352,#6349,#7222,.T.);
#5305=EDGE_CURVE('',#6353,#6354,#7223,.T.);
#5306=EDGE_CURVE('',#6354,#6355,#7224,.T.);
#5307=EDGE_CURVE('',#6355,#6356,#7225,.F.);
#5308=EDGE_CURVE('',#6356,#6353,#7226,.T.);
#5309=EDGE_CURVE('',#5585,#6357,#946,.T.);
#5310=EDGE_CURVE('',#6357,#5586,#947,.T.);
#5311=EDGE_CURVE('',#5599,#6358,#7227,.F.);
#5312=EDGE_CURVE('',#6358,#6359,#7228,.F.);
#5313=EDGE_CURVE('',#6359,#5600,#7229,.T.);
#5314=EDGE_CURVE('',#6360,#6361,#7230,.F.);
#5315=EDGE_CURVE('',#6361,#5598,#7231,.T.);
#5316=EDGE_CURVE('',#5597,#6360,#7232,.F.);
#5317=EDGE_CURVE('',#5529,#6350,#948,.F.);
#5318=EDGE_CURVE('',#6349,#5530,#949,.T.);
#5319=EDGE_CURVE('',#6355,#5526,#950,.F.);
#5320=EDGE_CURVE('',#5525,#6356,#951,.F.);
#5321=EDGE_CURVE('',#6351,#5584,#952,.F.);
#5322=EDGE_CURVE('',#5583,#6352,#953,.T.);
#5323=EDGE_CURVE('',#5587,#6354,#954,.F.);
#5324=EDGE_CURVE('',#6353,#5588,#955,.F.);
#5325=EDGE_CURVE('',#5583,#6359,#956,.T.);
#5326=EDGE_CURVE('',#6352,#6359,#957,.T.);
#5327=EDGE_CURVE('',#6349,#6358,#958,.T.);
#5328=EDGE_CURVE('',#5530,#6358,#959,.T.);
#5329=EDGE_CURVE('',#6360,#5588,#960,.T.);
#5330=EDGE_CURVE('',#6360,#6353,#961,.T.);
#5331=EDGE_CURVE('',#6361,#6356,#962,.T.);
#5332=EDGE_CURVE('',#6361,#5525,#963,.T.);
#5333=EDGE_CURVE('',#6362,#6363,#7233,.F.);
#5334=EDGE_CURVE('',#6363,#6364,#7234,.F.);
#5335=EDGE_CURVE('',#6364,#6365,#7235,.T.);
#5336=EDGE_CURVE('',#6365,#6362,#7236,.T.);
#5337=EDGE_CURVE('',#6366,#6367,#7237,.T.);
#5338=EDGE_CURVE('',#6367,#6368,#7238,.T.);
#5339=EDGE_CURVE('',#6368,#6369,#7239,.F.);
#5340=EDGE_CURVE('',#6369,#6366,#7240,.T.);
#5341=EDGE_CURVE('',#6370,#6371,#964,.T.);
#5342=EDGE_CURVE('',#6371,#6372,#7241,.F.);
#5343=EDGE_CURVE('',#6372,#6370,#965,.T.);
#5344=EDGE_CURVE('',#5595,#6373,#7242,.F.);
#5345=EDGE_CURVE('',#6373,#6374,#7243,.F.);
#5346=EDGE_CURVE('',#6374,#5596,#7244,.T.);
#5347=EDGE_CURVE('',#6375,#6376,#7245,.F.);
#5348=EDGE_CURVE('',#6376,#5561,#7246,.T.);
#5349=EDGE_CURVE('',#5560,#6375,#7247,.F.);
#5350=EDGE_CURVE('',#5521,#6363,#966,.F.);
#5351=EDGE_CURVE('',#6362,#5522,#967,.T.);
#5352=EDGE_CURVE('',#6368,#5518,#968,.F.);
#5353=EDGE_CURVE('',#5517,#6369,#969,.F.);
#5354=EDGE_CURVE('',#6364,#5592,#970,.F.);
#5355=EDGE_CURVE('',#5591,#6365,#971,.T.);
#5356=EDGE_CURVE('',#5593,#6367,#972,.F.);
#5357=EDGE_CURVE('',#6366,#5594,#973,.F.);
#5358=EDGE_CURVE('',#5591,#6374,#974,.T.);
#5359=EDGE_CURVE('',#6365,#6374,#975,.T.);
#5360=EDGE_CURVE('',#6362,#6373,#976,.T.);
#5361=EDGE_CURVE('',#5522,#6373,#977,.T.);
#5362=EDGE_CURVE('',#6375,#5594,#978,.T.);
#5363=EDGE_CURVE('',#6375,#6366,#979,.T.);
#5364=EDGE_CURVE('',#6376,#6369,#980,.T.);
#5365=EDGE_CURVE('',#6376,#5517,#981,.T.);
#5366=EDGE_CURVE('',#6377,#6378,#7248,.F.);
#5367=EDGE_CURVE('',#6378,#6379,#7249,.T.);
#5368=EDGE_CURVE('',#6379,#6380,#7250,.T.);
#5369=EDGE_CURVE('',#6380,#6377,#7251,.T.);
#5370=EDGE_CURVE('',#6381,#6382,#7252,.T.);
#5371=EDGE_CURVE('',#6382,#6383,#7253,.F.);
#5372=EDGE_CURVE('',#6383,#6384,#7254,.F.);
#5373=EDGE_CURVE('',#6384,#6381,#7255,.T.);
#5374=EDGE_CURVE('',#5556,#6385,#7256,.F.);
#5375=EDGE_CURVE('',#6385,#6386,#7257,.F.);
#5376=EDGE_CURVE('',#6386,#5557,#7258,.T.);
#5377=EDGE_CURVE('',#6387,#6388,#7259,.F.);
#5378=EDGE_CURVE('',#6388,#5500,#7260,.T.);
#5379=EDGE_CURVE('',#5499,#6387,#7261,.F.);
#5380=EDGE_CURVE('',#5513,#6378,#982,.T.);
#5381=EDGE_CURVE('',#6377,#5514,#983,.T.);
#5382=EDGE_CURVE('',#6383,#5510,#984,.T.);
#5383=EDGE_CURVE('',#5509,#6384,#985,.F.);
#5384=EDGE_CURVE('',#6379,#5563,#986,.T.);
#5385=EDGE_CURVE('',#5562,#6380,#987,.T.);
#5386=EDGE_CURVE('',#5503,#6382,#988,.T.);
#5387=EDGE_CURVE('',#6381,#5504,#989,.F.);
#5388=EDGE_CURVE('',#5562,#6386,#990,.T.);
#5389=EDGE_CURVE('',#6380,#6386,#991,.T.);
#5390=EDGE_CURVE('',#6377,#6385,#992,.T.);
#5391=EDGE_CURVE('',#5514,#6385,#993,.T.);
#5392=EDGE_CURVE('',#6387,#5504,#994,.T.);
#5393=EDGE_CURVE('',#6387,#6381,#995,.T.);
#5394=EDGE_CURVE('',#6388,#6384,#996,.T.);
#5395=EDGE_CURVE('',#6388,#5509,#997,.T.);
#5396=EDGE_CURVE('',#6389,#6390,#7262,.F.);
#5397=EDGE_CURVE('',#6390,#6391,#7263,.T.);
#5398=EDGE_CURVE('',#6391,#6392,#7264,.T.);
#5399=EDGE_CURVE('',#6392,#6389,#7265,.T.);
#5400=EDGE_CURVE('',#6393,#6394,#7266,.T.);
#5401=EDGE_CURVE('',#6394,#6395,#7267,.F.);
#5402=EDGE_CURVE('',#6395,#6396,#7268,.F.);
#5403=EDGE_CURVE('',#6396,#6393,#7269,.T.);
#5404=EDGE_CURVE('',#5495,#6397,#7270,.F.);
#5405=EDGE_CURVE('',#6397,#6398,#7271,.F.);
#5406=EDGE_CURVE('',#6398,#5496,#7272,.T.);
#5407=EDGE_CURVE('',#6399,#6400,#7273,.F.);
#5408=EDGE_CURVE('',#6400,#5845,#7274,.T.);
#5409=EDGE_CURVE('',#5844,#6399,#7275,.F.);
#5410=EDGE_CURVE('',#5507,#6390,#998,.T.);
#5411=EDGE_CURVE('',#6389,#5508,#999,.T.);
#5412=EDGE_CURVE('',#6395,#5555,#1000,.T.);
#5413=EDGE_CURVE('',#5554,#6396,#1001,.F.);
#5414=EDGE_CURVE('',#6391,#5502,#1002,.T.);
#5415=EDGE_CURVE('',#5501,#6392,#1003,.T.);
#5416=EDGE_CURVE('',#5961,#6394,#1004,.T.);
#5417=EDGE_CURVE('',#6393,#5962,#1005,.F.);
#5418=EDGE_CURVE('',#5501,#6398,#1006,.T.);
#5419=EDGE_CURVE('',#6392,#6398,#1007,.T.);
#5420=EDGE_CURVE('',#6389,#6397,#1008,.T.);
#5421=EDGE_CURVE('',#5508,#6397,#1009,.T.);
#5422=EDGE_CURVE('',#6399,#5962,#1010,.T.);
#5423=EDGE_CURVE('',#6399,#6393,#1011,.T.);
#5424=EDGE_CURVE('',#6400,#6396,#1012,.T.);
#5425=EDGE_CURVE('',#6400,#5554,#1013,.T.);
#5426=EDGE_CURVE('',#5652,#5870,#1014,.T.);
#5427=EDGE_CURVE('',#5762,#5652,#1015,.T.);
#5428=EDGE_CURVE('',#5703,#5788,#1016,.T.);
#5429=EDGE_CURVE('',#5703,#5770,#1017,.T.);
#5430=EDGE_CURVE('',#6342,#5534,#324,.T.);
#5431=EDGE_CURVE('',#5535,#6342,#1018,.T.);
#5432=EDGE_CURVE('',#5536,#6344,#1019,.T.);
#5433=EDGE_CURVE('',#6339,#5492,#1020,.T.);
#5434=EDGE_CURVE('',#6343,#6340,#1021,.T.);
#5435=EDGE_CURVE('',#5537,#6344,#325,.F.);
#5436=EDGE_CURVE('',#6336,#5492,#1022,.T.);
#5437=EDGE_CURVE('',#6335,#6343,#1023,.T.);
#5438=EDGE_CURVE('',#6357,#6351,#1024,.T.);
#5439=EDGE_CURVE('',#5487,#6350,#1025,.T.);
#5440=EDGE_CURVE('',#5487,#6355,#1026,.F.);
#5441=EDGE_CURVE('',#6354,#6357,#1027,.T.);
#5442=EDGE_CURVE('',#5488,#5529,#326,.T.);
#5443=EDGE_CURVE('',#5488,#5528,#1028,.T.);
#5444=EDGE_CURVE('',#5526,#5489,#327,.F.);
#5445=EDGE_CURVE('',#5489,#5527,#1029,.T.);
#5446=EDGE_CURVE('',#5486,#6364,#1030,.T.);
#5447=EDGE_CURVE('',#6370,#6363,#1031,.T.);
#5448=EDGE_CURVE('',#6370,#6368,#1032,.F.);
#5449=EDGE_CURVE('',#6367,#5486,#1033,.T.);
#5450=EDGE_CURVE('',#6371,#5521,#328,.T.);
#5451=EDGE_CURVE('',#6371,#5520,#1034,.T.);
#5452=EDGE_CURVE('',#5518,#6372,#329,.F.);
#5453=EDGE_CURVE('',#6372,#5519,#1035,.T.);
#5454=EDGE_CURVE('',#5961,#6064,#1036,.T.);
#5455=EDGE_CURVE('',#5483,#5555,#330,.T.);
#5456=EDGE_CURVE('',#5505,#5483,#1037,.T.);
#5457=EDGE_CURVE('',#5506,#5482,#1038,.T.);
#5458=EDGE_CURVE('',#6394,#6063,#1039,.T.);
#5459=EDGE_CURVE('',#5481,#6395,#1040,.T.);
#5460=EDGE_CURVE('',#5507,#5482,#331,.F.);
#5461=EDGE_CURVE('',#6391,#6063,#1041,.T.);
#5462=EDGE_CURVE('',#6390,#5481,#1042,.T.);
#5463=EDGE_CURVE('',#6059,#5563,#1043,.T.);
#5464=EDGE_CURVE('',#5502,#6062,#1044,.T.);
#5465=EDGE_CURVE('',#6060,#6379,#1045,.T.);
#5466=EDGE_CURVE('',#5503,#6061,#1046,.T.);
#5467=EDGE_CURVE('',#5478,#6378,#1047,.T.);
#5468=EDGE_CURVE('',#5478,#6383,#1048,.F.);
#5469=EDGE_CURVE('',#6382,#6060,#1049,.T.);
#5470=EDGE_CURVE('',#5479,#5513,#332,.T.);
#5471=EDGE_CURVE('',#5479,#5512,#1050,.T.);
#5472=EDGE_CURVE('',#5510,#5480,#333,.F.);
#5473=EDGE_CURVE('',#5480,#5511,#1051,.T.);
#5474=VERTEX_POINT('',#13877);
#5475=VERTEX_POINT('',#13878);
#5476=VERTEX_POINT('',#13880);
#5477=VERTEX_POINT('',#13882);
#5478=VERTEX_POINT('',#13886);
#5479=VERTEX_POINT('',#13887);
#5480=VERTEX_POINT('',#13889);
#5481=VERTEX_POINT('',#13893);
#5482=VERTEX_POINT('',#13894);
#5483=VERTEX_POINT('',#13896);
#5484=VERTEX_POINT('',#13900);
#5485=VERTEX_POINT('',#13901);
#5486=VERTEX_POINT('',#13903);
#5487=VERTEX_POINT('',#13907);
#5488=VERTEX_POINT('',#13908);
#5489=VERTEX_POINT('',#13910);
#5490=VERTEX_POINT('',#13914);
#5491=VERTEX_POINT('',#13915);
#5492=VERTEX_POINT('',#13917);
#5493=VERTEX_POINT('',#13921);
#5494=VERTEX_POINT('',#13922);
#5495=VERTEX_POINT('',#13924);
#5496=VERTEX_POINT('',#13926);
#5497=VERTEX_POINT('',#13928);
#5498=VERTEX_POINT('',#13930);
#5499=VERTEX_POINT('',#13932);
#5500=VERTEX_POINT('',#13934);
#5501=VERTEX_POINT('',#13938);
#5502=VERTEX_POINT('',#13939);
#5503=VERTEX_POINT('',#13941);
#5504=VERTEX_POINT('',#13943);
#5505=VERTEX_POINT('',#13948);
#5506=VERTEX_POINT('',#13949);
#5507=VERTEX_POINT('',#13955);
#5508=VERTEX_POINT('',#13957);
#5509=VERTEX_POINT('',#13960);
#5510=VERTEX_POINT('',#13962);
#5511=VERTEX_POINT('',#13968);
#5512=VERTEX_POINT('',#13970);
#5513=VERTEX_POINT('',#13976);
#5514=VERTEX_POINT('',#13978);
#5515=VERTEX_POINT('',#13980);
#5516=VERTEX_POINT('',#13982);
#5517=VERTEX_POINT('',#13984);
#5518=VERTEX_POINT('',#13986);
#5519=VERTEX_POINT('',#13992);
#5520=VERTEX_POINT('',#13994);
#5521=VERTEX_POINT('',#14000);
#5522=VERTEX_POINT('',#14002);
#5523=VERTEX_POINT('',#14004);
#5524=VERTEX_POINT('',#14006);
#5525=VERTEX_POINT('',#14008);
#5526=VERTEX_POINT('',#14010);
#5527=VERTEX_POINT('',#14016);
#5528=VERTEX_POINT('',#14018);
#5529=VERTEX_POINT('',#14024);
#5530=VERTEX_POINT('',#14026);
#5531=VERTEX_POINT('',#14028);
#5532=VERTEX_POINT('',#14030);
#5533=VERTEX_POINT('',#14032);
#5534=VERTEX_POINT('',#14034);
#5535=VERTEX_POINT('',#14040);
#5536=VERTEX_POINT('',#14042);
#5537=VERTEX_POINT('',#14048);
#5538=VERTEX_POINT('',#14050);
#5539=VERTEX_POINT('',#14052);
#5540=VERTEX_POINT('',#14054);
#5541=VERTEX_POINT('',#14056);
#5542=VERTEX_POINT('',#14058);
#5543=VERTEX_POINT('',#14060);
#5544=VERTEX_POINT('',#14062);
#5545=VERTEX_POINT('',#14064);
#5546=VERTEX_POINT('',#14066);
#5547=VERTEX_POINT('',#14068);
#5548=VERTEX_POINT('',#14070);
#5549=VERTEX_POINT('',#14072);
#5550=VERTEX_POINT('',#14074);
#5551=VERTEX_POINT('',#14076);
#5552=VERTEX_POINT('',#14081);
#5553=VERTEX_POINT('',#14083);
#5554=VERTEX_POINT('',#14085);
#5555=VERTEX_POINT('',#14087);
#5556=VERTEX_POINT('',#14095);
#5557=VERTEX_POINT('',#14097);
#5558=VERTEX_POINT('',#14099);
#5559=VERTEX_POINT('',#14101);
#5560=VERTEX_POINT('',#14103);
#5561=VERTEX_POINT('',#14105);
#5562=VERTEX_POINT('',#14109);
#5563=VERTEX_POINT('',#14110);
#5564=VERTEX_POINT('',#14112);
#5565=VERTEX_POINT('',#14114);
#5566=VERTEX_POINT('',#14116);
#5567=VERTEX_POINT('',#14118);
#5568=VERTEX_POINT('',#14120);
#5569=VERTEX_POINT('',#14122);
#5570=VERTEX_POINT('',#14124);
#5571=VERTEX_POINT('',#14126);
#5572=VERTEX_POINT('',#14128);
#5573=VERTEX_POINT('',#14130);
#5574=VERTEX_POINT('',#14132);
#5575=VERTEX_POINT('',#14134);
#5576=VERTEX_POINT('',#14136);
#5577=VERTEX_POINT('',#14138);
#5578=VERTEX_POINT('',#14140);
#5579=VERTEX_POINT('',#14149);
#5580=VERTEX_POINT('',#14151);
#5581=VERTEX_POINT('',#14153);
#5582=VERTEX_POINT('',#14155);
#5583=VERTEX_POINT('',#14157);
#5584=VERTEX_POINT('',#14159);
#5585=VERTEX_POINT('',#14164);
#5586=VERTEX_POINT('',#14166);
#5587=VERTEX_POINT('',#14171);
#5588=VERTEX_POINT('',#14173);
#5589=VERTEX_POINT('',#14175);
#5590=VERTEX_POINT('',#14177);
#5591=VERTEX_POINT('',#14179);
#5592=VERTEX_POINT('',#14181);
#5593=VERTEX_POINT('',#14190);
#5594=VERTEX_POINT('',#14192);
#5595=VERTEX_POINT('',#14197);
#5596=VERTEX_POINT('',#14199);
#5597=VERTEX_POINT('',#14202);
#5598=VERTEX_POINT('',#14204);
#5599=VERTEX_POINT('',#14208);
#5600=VERTEX_POINT('',#14210);
#5601=VERTEX_POINT('',#14213);
#5602=VERTEX_POINT('',#14215);
#5603=VERTEX_POINT('',#14219);
#5604=VERTEX_POINT('',#14221);
#5605=VERTEX_POINT('',#14224);
#5606=VERTEX_POINT('',#14226);
#5607=VERTEX_POINT('',#14228);
#5608=VERTEX_POINT('',#14230);
#5609=VERTEX_POINT('',#14232);
#5610=VERTEX_POINT('',#14234);
#5611=VERTEX_POINT('',#14236);
#5612=VERTEX_POINT('',#14238);
#5613=VERTEX_POINT('',#14240);
#5614=VERTEX_POINT('',#14242);
#5615=VERTEX_POINT('',#14244);
#5616=VERTEX_POINT('',#14246);
#5617=VERTEX_POINT('',#14248);
#5618=VERTEX_POINT('',#14250);
#5619=VERTEX_POINT('',#14252);
#5620=VERTEX_POINT('',#14254);
#5621=VERTEX_POINT('',#14258);
#5622=VERTEX_POINT('',#14259);
#5623=VERTEX_POINT('',#14261);
#5624=VERTEX_POINT('',#14263);
#5625=VERTEX_POINT('',#14267);
#5626=VERTEX_POINT('',#14269);
#5627=VERTEX_POINT('',#14273);
#5628=VERTEX_POINT('',#14274);
#5629=VERTEX_POINT('',#14276);
#5630=VERTEX_POINT('',#14278);
#5631=VERTEX_POINT('',#14282);
#5632=VERTEX_POINT('',#14283);
#5633=VERTEX_POINT('',#14285);
#5634=VERTEX_POINT('',#14287);
#5635=VERTEX_POINT('',#14291);
#5636=VERTEX_POINT('',#14292);
#5637=VERTEX_POINT('',#14294);
#5638=VERTEX_POINT('',#14296);
#5639=VERTEX_POINT('',#14300);
#5640=VERTEX_POINT('',#14301);
#5641=VERTEX_POINT('',#14303);
#5642=VERTEX_POINT('',#14305);
#5643=VERTEX_POINT('',#14309);
#5644=VERTEX_POINT('',#14311);
#5645=VERTEX_POINT('',#14313);
#5646=VERTEX_POINT('',#14315);
#5647=VERTEX_POINT('',#14317);
#5648=VERTEX_POINT('',#14319);
#5649=VERTEX_POINT('',#14321);
#5650=VERTEX_POINT('',#14323);
#5651=VERTEX_POINT('',#14325);
#5652=VERTEX_POINT('',#14327);
#5653=VERTEX_POINT('',#14329);
#5654=VERTEX_POINT('',#14331);
#5655=VERTEX_POINT('',#14333);
#5656=VERTEX_POINT('',#14335);
#5657=VERTEX_POINT('',#14337);
#5658=VERTEX_POINT('',#14339);
#5659=VERTEX_POINT('',#14342);
#5660=VERTEX_POINT('',#14344);
#5661=VERTEX_POINT('',#14346);
#5662=VERTEX_POINT('',#14348);
#5663=VERTEX_POINT('',#14351);
#5664=VERTEX_POINT('',#14353);
#5665=VERTEX_POINT('',#14355);
#5666=VERTEX_POINT('',#14357);
#5667=VERTEX_POINT('',#14360);
#5668=VERTEX_POINT('',#14362);
#5669=VERTEX_POINT('',#14364);
#5670=VERTEX_POINT('',#14366);
#5671=VERTEX_POINT('',#14369);
#5672=VERTEX_POINT('',#14371);
#5673=VERTEX_POINT('',#14373);
#5674=VERTEX_POINT('',#14375);
#5675=VERTEX_POINT('',#14379);
#5676=VERTEX_POINT('',#14380);
#5677=VERTEX_POINT('',#14382);
#5678=VERTEX_POINT('',#14384);
#5679=VERTEX_POINT('',#14388);
#5680=VERTEX_POINT('',#14389);
#5681=VERTEX_POINT('',#14391);
#5682=VERTEX_POINT('',#14393);
#5683=VERTEX_POINT('',#14397);
#5684=VERTEX_POINT('',#14398);
#5685=VERTEX_POINT('',#14400);
#5686=VERTEX_POINT('',#14402);
#5687=VERTEX_POINT('',#14406);
#5688=VERTEX_POINT('',#14407);
#5689=VERTEX_POINT('',#14409);
#5690=VERTEX_POINT('',#14411);
#5691=VERTEX_POINT('',#14415);
#5692=VERTEX_POINT('',#14416);
#5693=VERTEX_POINT('',#14419);
#5694=VERTEX_POINT('',#14423);
#5695=VERTEX_POINT('',#14425);
#5696=VERTEX_POINT('',#14427);
#5697=VERTEX_POINT('',#14429);
#5698=VERTEX_POINT('',#14431);
#5699=VERTEX_POINT('',#14433);
#5700=VERTEX_POINT('',#14435);
#5701=VERTEX_POINT('',#14437);
#5702=VERTEX_POINT('',#14439);
#5703=VERTEX_POINT('',#14441);
#5704=VERTEX_POINT('',#14443);
#5705=VERTEX_POINT('',#14445);
#5706=VERTEX_POINT('',#14447);
#5707=VERTEX_POINT('',#14449);
#5708=VERTEX_POINT('',#14451);
#5709=VERTEX_POINT('',#14453);
#5710=VERTEX_POINT('',#14456);
#5711=VERTEX_POINT('',#14458);
#5712=VERTEX_POINT('',#14460);
#5713=VERTEX_POINT('',#14462);
#5714=VERTEX_POINT('',#14465);
#5715=VERTEX_POINT('',#14467);
#5716=VERTEX_POINT('',#14469);
#5717=VERTEX_POINT('',#14471);
#5718=VERTEX_POINT('',#14474);
#5719=VERTEX_POINT('',#14476);
#5720=VERTEX_POINT('',#14478);
#5721=VERTEX_POINT('',#14480);
#5722=VERTEX_POINT('',#14483);
#5723=VERTEX_POINT('',#14485);
#5724=VERTEX_POINT('',#14487);
#5725=VERTEX_POINT('',#14489);
#5726=VERTEX_POINT('',#14493);
#5727=VERTEX_POINT('',#14495);
#5728=VERTEX_POINT('',#14497);
#5729=VERTEX_POINT('',#14499);
#5730=VERTEX_POINT('',#14501);
#5731=VERTEX_POINT('',#14503);
#5732=VERTEX_POINT('',#14505);
#5733=VERTEX_POINT('',#14507);
#5734=VERTEX_POINT('',#14509);
#5735=VERTEX_POINT('',#14512);
#5736=VERTEX_POINT('',#14514);
#5737=VERTEX_POINT('',#14516);
#5738=VERTEX_POINT('',#14518);
#5739=VERTEX_POINT('',#14520);
#5740=VERTEX_POINT('',#14522);
#5741=VERTEX_POINT('',#14524);
#5742=VERTEX_POINT('',#14526);
#5743=VERTEX_POINT('',#14528);
#5744=VERTEX_POINT('',#14530);
#5745=VERTEX_POINT('',#14532);
#5746=VERTEX_POINT('',#14541);
#5747=VERTEX_POINT('',#14543);
#5748=VERTEX_POINT('',#14545);
#5749=VERTEX_POINT('',#14547);
#5750=VERTEX_POINT('',#14550);
#5751=VERTEX_POINT('',#14551);
#5752=VERTEX_POINT('',#14555);
#5753=VERTEX_POINT('',#14557);
#5754=VERTEX_POINT('',#14559);
#5755=VERTEX_POINT('',#14561);
#5756=VERTEX_POINT('',#14563);
#5757=VERTEX_POINT('',#14565);
#5758=VERTEX_POINT('',#14567);
#5759=VERTEX_POINT('',#14569);
#5760=VERTEX_POINT('',#14571);
#5761=VERTEX_POINT('',#14573);
#5762=VERTEX_POINT('',#14577);
#5763=VERTEX_POINT('',#14579);
#5764=VERTEX_POINT('',#14581);
#5765=VERTEX_POINT('',#14583);
#5766=VERTEX_POINT('',#14585);
#5767=VERTEX_POINT('',#14587);
#5768=VERTEX_POINT('',#14589);
#5769=VERTEX_POINT('',#14591);
#5770=VERTEX_POINT('',#14593);
#5771=VERTEX_POINT('',#14595);
#5772=VERTEX_POINT('',#14599);
#5773=VERTEX_POINT('',#14600);
#5774=VERTEX_POINT('',#14602);
#5775=VERTEX_POINT('',#14604);
#5776=VERTEX_POINT('',#14610);
#5777=VERTEX_POINT('',#14614);
#5778=VERTEX_POINT('',#14615);
#5779=VERTEX_POINT('',#14624);
#5780=VERTEX_POINT('',#14626);
#5781=VERTEX_POINT('',#14628);
#5782=VERTEX_POINT('',#14630);
#5783=VERTEX_POINT('',#14632);
#5784=VERTEX_POINT('',#14634);
#5785=VERTEX_POINT('',#14636);
#5786=VERTEX_POINT('',#14638);
#5787=VERTEX_POINT('',#14642);
#5788=VERTEX_POINT('',#14643);
#5789=VERTEX_POINT('',#14654);
#5790=VERTEX_POINT('',#14655);
#5791=VERTEX_POINT('',#14658);
#5792=VERTEX_POINT('',#14660);
#5793=VERTEX_POINT('',#14662);
#5794=VERTEX_POINT('',#14664);
#5795=VERTEX_POINT('',#14666);
#5796=VERTEX_POINT('',#14668);
#5797=VERTEX_POINT('',#14670);
#5798=VERTEX_POINT('',#14674);
#5799=VERTEX_POINT('',#14676);
#5800=VERTEX_POINT('',#14678);
#5801=VERTEX_POINT('',#14680);
#5802=VERTEX_POINT('',#14682);
#5803=VERTEX_POINT('',#14684);
#5804=VERTEX_POINT('',#14686);
#5805=VERTEX_POINT('',#14688);
#5806=VERTEX_POINT('',#14690);
#5807=VERTEX_POINT('',#14698);
#5808=VERTEX_POINT('',#14700);
#5809=VERTEX_POINT('',#14702);
#5810=VERTEX_POINT('',#14704);
#5811=VERTEX_POINT('',#14706);
#5812=VERTEX_POINT('',#14708);
#5813=VERTEX_POINT('',#14710);
#5814=VERTEX_POINT('',#14712);
#5815=VERTEX_POINT('',#14714);
#5816=VERTEX_POINT('',#14716);
#5817=VERTEX_POINT('',#14718);
#5818=VERTEX_POINT('',#14720);
#5819=VERTEX_POINT('',#14722);
#5820=VERTEX_POINT('',#14724);
#5821=VERTEX_POINT('',#14726);
#5822=VERTEX_POINT('',#14728);
#5823=VERTEX_POINT('',#14730);
#5824=VERTEX_POINT('',#14732);
#5825=VERTEX_POINT('',#14734);
#5826=VERTEX_POINT('',#14736);
#5827=VERTEX_POINT('',#14738);
#5828=VERTEX_POINT('',#14741);
#5829=VERTEX_POINT('',#14743);
#5830=VERTEX_POINT('',#14749);
#5831=VERTEX_POINT('',#14750);
#5832=VERTEX_POINT('',#14754);
#5833=VERTEX_POINT('',#14755);
#5834=VERTEX_POINT('',#14757);
#5835=VERTEX_POINT('',#14759);
#5836=VERTEX_POINT('',#14764);
#5837=VERTEX_POINT('',#14766);
#5838=VERTEX_POINT('',#14768);
#5839=VERTEX_POINT('',#14770);
#5840=VERTEX_POINT('',#14775);
#5841=VERTEX_POINT('',#14776);
#5842=VERTEX_POINT('',#14783);
#5843=VERTEX_POINT('',#14788);
#5844=VERTEX_POINT('',#14795);
#5845=VERTEX_POINT('',#14796);
#5846=VERTEX_POINT('',#14802);
#5847=VERTEX_POINT('',#14807);
#5848=VERTEX_POINT('',#14809);
#5849=VERTEX_POINT('',#14811);
#5850=VERTEX_POINT('',#14813);
#5851=VERTEX_POINT('',#14815);
#5852=VERTEX_POINT('',#14817);
#5853=VERTEX_POINT('',#14822);
#5854=VERTEX_POINT('',#14824);
#5855=VERTEX_POINT('',#14826);
#5856=VERTEX_POINT('',#14828);
#5857=VERTEX_POINT('',#14830);
#5858=VERTEX_POINT('',#14832);
#5859=VERTEX_POINT('',#14834);
#5860=VERTEX_POINT('',#14839);
#5861=VERTEX_POINT('',#14841);
#5862=VERTEX_POINT('',#14843);
#5863=VERTEX_POINT('',#14845);
#5864=VERTEX_POINT('',#14847);
#5865=VERTEX_POINT('',#14849);
#5866=VERTEX_POINT('',#14851);
#5867=VERTEX_POINT('',#14853);
#5868=VERTEX_POINT('',#14855);
#5869=VERTEX_POINT('',#14859);
#5870=VERTEX_POINT('',#14860);
#5871=VERTEX_POINT('',#14863);
#5872=VERTEX_POINT('',#14865);
#5873=VERTEX_POINT('',#14869);
#5874=VERTEX_POINT('',#14870);
#5875=VERTEX_POINT('',#14878);
#5876=VERTEX_POINT('',#14879);
#5877=VERTEX_POINT('',#14888);
#5878=VERTEX_POINT('',#14890);
#5879=VERTEX_POINT('',#14892);
#5880=VERTEX_POINT('',#14894);
#5881=VERTEX_POINT('',#14896);
#5882=VERTEX_POINT('',#14898);
#5883=VERTEX_POINT('',#14900);
#5884=VERTEX_POINT('',#14903);
#5885=VERTEX_POINT('',#14905);
#5886=VERTEX_POINT('',#14907);
#5887=VERTEX_POINT('',#14909);
#5888=VERTEX_POINT('',#14911);
#5889=VERTEX_POINT('',#14913);
#5890=VERTEX_POINT('',#14915);
#5891=VERTEX_POINT('',#14920);
#5892=VERTEX_POINT('',#14922);
#5893=VERTEX_POINT('',#14924);
#5894=VERTEX_POINT('',#14926);
#5895=VERTEX_POINT('',#14929);
#5896=VERTEX_POINT('',#14930);
#5897=VERTEX_POINT('',#14934);
#5898=VERTEX_POINT('',#14935);
#5899=VERTEX_POINT('',#14938);
#5900=VERTEX_POINT('',#14940);
#5901=VERTEX_POINT('',#14942);
#5902=VERTEX_POINT('',#14944);
#5903=VERTEX_POINT('',#14949);
#5904=VERTEX_POINT('',#14951);
#5905=VERTEX_POINT('',#14958);
#5906=VERTEX_POINT('',#14959);
#5907=VERTEX_POINT('',#14964);
#5908=VERTEX_POINT('',#14966);
#5909=VERTEX_POINT('',#14970);
#5910=VERTEX_POINT('',#14972);
#5911=VERTEX_POINT('',#14974);
#5912=VERTEX_POINT('',#14976);
#5913=VERTEX_POINT('',#14979);
#5914=VERTEX_POINT('',#14981);
#5915=VERTEX_POINT('',#14983);
#5916=VERTEX_POINT('',#14985);
#5917=VERTEX_POINT('',#14988);
#5918=VERTEX_POINT('',#14990);
#5919=VERTEX_POINT('',#14992);
#5920=VERTEX_POINT('',#14994);
#5921=VERTEX_POINT('',#14997);
#5922=VERTEX_POINT('',#14999);
#5923=VERTEX_POINT('',#15001);
#5924=VERTEX_POINT('',#15003);
#5925=VERTEX_POINT('',#15006);
#5926=VERTEX_POINT('',#15008);
#5927=VERTEX_POINT('',#15010);
#5928=VERTEX_POINT('',#15012);
#5929=VERTEX_POINT('',#15016);
#5930=VERTEX_POINT('',#15017);
#5931=VERTEX_POINT('',#15019);
#5932=VERTEX_POINT('',#15021);
#5933=VERTEX_POINT('',#15024);
#5934=VERTEX_POINT('',#15026);
#5935=VERTEX_POINT('',#15030);
#5936=VERTEX_POINT('',#15032);
#5937=VERTEX_POINT('',#15033);
#5938=VERTEX_POINT('',#15035);
#5939=VERTEX_POINT('',#15037);
#5940=VERTEX_POINT('',#15039);
#5941=VERTEX_POINT('',#15041);
#5942=VERTEX_POINT('',#15043);
#5943=VERTEX_POINT('',#15045);
#5944=VERTEX_POINT('',#15053);
#5945=VERTEX_POINT('',#15062);
#5946=VERTEX_POINT('',#15072);
#5947=VERTEX_POINT('',#15081);
#5948=VERTEX_POINT('',#15088);
#5949=VERTEX_POINT('',#15090);
#5950=VERTEX_POINT('',#15092);
#5951=VERTEX_POINT('',#15096);
#5952=VERTEX_POINT('',#15098);
#5953=VERTEX_POINT('',#15102);
#5954=VERTEX_POINT('',#15103);
#5955=VERTEX_POINT('',#15106);
#5956=VERTEX_POINT('',#15108);
#5957=VERTEX_POINT('',#15110);
#5958=VERTEX_POINT('',#15112);
#5959=VERTEX_POINT('',#15119);
#5960=VERTEX_POINT('',#15120);
#5961=VERTEX_POINT('',#15122);
#5962=VERTEX_POINT('',#15124);
#5963=VERTEX_POINT('',#15127);
#5964=VERTEX_POINT('',#15131);
#5965=VERTEX_POINT('',#15132);
#5966=VERTEX_POINT('',#15137);
#5967=VERTEX_POINT('',#15139);
#5968=VERTEX_POINT('',#15143);
#5969=VERTEX_POINT('',#15144);
#5970=VERTEX_POINT('',#15146);
#5971=VERTEX_POINT('',#15148);
#5972=VERTEX_POINT('',#15152);
#5973=VERTEX_POINT('',#15153);
#5974=VERTEX_POINT('',#15157);
#5975=VERTEX_POINT('',#15159);
#5976=VERTEX_POINT('',#15164);
#5977=VERTEX_POINT('',#15166);
#5978=VERTEX_POINT('',#15173);
#5979=VERTEX_POINT('',#15175);
#5980=VERTEX_POINT('',#15176);
#5981=VERTEX_POINT('',#15179);
#5982=VERTEX_POINT('',#15181);
#5983=VERTEX_POINT('',#15185);
#5984=VERTEX_POINT('',#15187);
#5985=VERTEX_POINT('',#15191);
#5986=VERTEX_POINT('',#15193);
#5987=VERTEX_POINT('',#15199);
#5988=VERTEX_POINT('',#15201);
#5989=VERTEX_POINT('',#15209);
#5990=VERTEX_POINT('',#15211);
#5991=VERTEX_POINT('',#15213);
#5992=VERTEX_POINT('',#15223);
#5993=VERTEX_POINT('',#15225);
#5994=VERTEX_POINT('',#15227);
#5995=VERTEX_POINT('',#15240);
#5996=VERTEX_POINT('',#15244);
#5997=VERTEX_POINT('',#15248);
#5998=VERTEX_POINT('',#15252);
#5999=VERTEX_POINT('',#15253);
#6000=VERTEX_POINT('',#15258);
#6001=VERTEX_POINT('',#15260);
#6002=VERTEX_POINT('',#15265);
#6003=VERTEX_POINT('',#15267);
#6004=VERTEX_POINT('',#15274);
#6005=VERTEX_POINT('',#15275);
#6006=VERTEX_POINT('',#15281);
#6007=VERTEX_POINT('',#15286);
#6008=VERTEX_POINT('',#15288);
#6009=VERTEX_POINT('',#15291);
#6010=VERTEX_POINT('',#15293);
#6011=VERTEX_POINT('',#15295);
#6012=VERTEX_POINT('',#15297);
#6013=VERTEX_POINT('',#15299);
#6014=VERTEX_POINT('',#15301);
#6015=VERTEX_POINT('',#15303);
#6016=VERTEX_POINT('',#15305);
#6017=VERTEX_POINT('',#15307);
#6018=VERTEX_POINT('',#15309);
#6019=VERTEX_POINT('',#15311);
#6020=VERTEX_POINT('',#15313);
#6021=VERTEX_POINT('',#15315);
#6022=VERTEX_POINT('',#15317);
#6023=VERTEX_POINT('',#15319);
#6024=VERTEX_POINT('',#15321);
#6025=VERTEX_POINT('',#15323);
#6026=VERTEX_POINT('',#15328);
#6027=VERTEX_POINT('',#15331);
#6028=VERTEX_POINT('',#15336);
#6029=VERTEX_POINT('',#15338);
#6030=VERTEX_POINT('',#15359);
#6031=VERTEX_POINT('',#15360);
#6032=VERTEX_POINT('',#15365);
#6033=VERTEX_POINT('',#15370);
#6034=VERTEX_POINT('',#15375);
#6035=VERTEX_POINT('',#15382);
#6036=VERTEX_POINT('',#15383);
#6037=VERTEX_POINT('',#15386);
#6038=VERTEX_POINT('',#15387);
#6039=VERTEX_POINT('',#15389);
#6040=VERTEX_POINT('',#15391);
#6041=VERTEX_POINT('',#15396);
#6042=VERTEX_POINT('',#15399);
#6043=VERTEX_POINT('',#15401);
#6044=VERTEX_POINT('',#15410);
#6045=VERTEX_POINT('',#15412);
#6046=VERTEX_POINT('',#15415);
#6047=VERTEX_POINT('',#15417);
#6048=VERTEX_POINT('',#15419);
#6049=VERTEX_POINT('',#15421);
#6050=VERTEX_POINT('',#15423);
#6051=VERTEX_POINT('',#15425);
#6052=VERTEX_POINT('',#15427);
#6053=VERTEX_POINT('',#15429);
#6054=VERTEX_POINT('',#15431);
#6055=VERTEX_POINT('',#15433);
#6056=VERTEX_POINT('',#15435);
#6057=VERTEX_POINT('',#15439);
#6058=VERTEX_POINT('',#15441);
#6059=VERTEX_POINT('',#15445);
#6060=VERTEX_POINT('',#15447);
#6061=VERTEX_POINT('',#15449);
#6062=VERTEX_POINT('',#15451);
#6063=VERTEX_POINT('',#15453);
#6064=VERTEX_POINT('',#15455);
#6065=VERTEX_POINT('',#15458);
#6066=VERTEX_POINT('',#15460);
#6067=VERTEX_POINT('',#15462);
#6068=VERTEX_POINT('',#15464);
#6069=VERTEX_POINT('',#15466);
#6070=VERTEX_POINT('',#15468);
#6071=VERTEX_POINT('',#15470);
#6072=VERTEX_POINT('',#15472);
#6073=VERTEX_POINT('',#15474);
#6074=VERTEX_POINT('',#15476);
#6075=VERTEX_POINT('',#15478);
#6076=VERTEX_POINT('',#15480);
#6077=VERTEX_POINT('',#15482);
#6078=VERTEX_POINT('',#15484);
#6079=VERTEX_POINT('',#15486);
#6080=VERTEX_POINT('',#15489);
#6081=VERTEX_POINT('',#15496);
#6082=VERTEX_POINT('',#15500);
#6083=VERTEX_POINT('',#15504);
#6084=VERTEX_POINT('',#15511);
#6085=VERTEX_POINT('',#15512);
#6086=VERTEX_POINT('',#15514);
#6087=VERTEX_POINT('',#15516);
#6088=VERTEX_POINT('',#15518);
#6089=VERTEX_POINT('',#15523);
#6090=VERTEX_POINT('',#15527);
#6091=VERTEX_POINT('',#15528);
#6092=VERTEX_POINT('',#15530);
#6093=VERTEX_POINT('',#15535);
#6094=VERTEX_POINT('',#15540);
#6095=VERTEX_POINT('',#15543);
#6096=VERTEX_POINT('',#15557);
#6097=VERTEX_POINT('',#15559);
#6098=VERTEX_POINT('',#15566);
#6099=VERTEX_POINT('',#15573);
#6100=VERTEX_POINT('',#15577);
#6101=VERTEX_POINT('',#15584);
#6102=VERTEX_POINT('',#15588);
#6103=VERTEX_POINT('',#15592);
#6104=VERTEX_POINT('',#15594);
#6105=VERTEX_POINT('',#15612);
#6106=VERTEX_POINT('',#15613);
#6107=VERTEX_POINT('',#15627);
#6108=VERTEX_POINT('',#15628);
#6109=VERTEX_POINT('',#15631);
#6110=VERTEX_POINT('',#15635);
#6111=VERTEX_POINT('',#15637);
#6112=VERTEX_POINT('',#15641);
#6113=VERTEX_POINT('',#15647);
#6114=VERTEX_POINT('',#15657);
#6115=VERTEX_POINT('',#15667);
#6116=VERTEX_POINT('',#15677);
#6117=VERTEX_POINT('',#15681);
#6118=VERTEX_POINT('',#15685);
#6119=VERTEX_POINT('',#15689);
#6120=VERTEX_POINT('',#15717);
#6121=VERTEX_POINT('',#15718);
#6122=VERTEX_POINT('',#15723);
#6123=VERTEX_POINT('',#15728);
#6124=VERTEX_POINT('',#15739);
#6125=VERTEX_POINT('',#15740);
#6126=VERTEX_POINT('',#15742);
#6127=VERTEX_POINT('',#15761);
#6128=VERTEX_POINT('',#15762);
#6129=VERTEX_POINT('',#15773);
#6130=VERTEX_POINT('',#15774);
#6131=VERTEX_POINT('',#15776);
#6132=VERTEX_POINT('',#15781);
#6133=VERTEX_POINT('',#15782);
#6134=VERTEX_POINT('',#15785);
#6135=VERTEX_POINT('',#15789);
#6136=VERTEX_POINT('',#15790);
#6137=VERTEX_POINT('',#15798);
#6138=VERTEX_POINT('',#15803);
#6139=VERTEX_POINT('',#15808);
#6140=VERTEX_POINT('',#15812);
#6141=VERTEX_POINT('',#15813);
#6142=VERTEX_POINT('',#15818);
#6143=VERTEX_POINT('',#15820);
#6144=VERTEX_POINT('',#15824);
#6145=VERTEX_POINT('',#15826);
#6146=VERTEX_POINT('',#15831);
#6147=VERTEX_POINT('',#15860);
#6148=VERTEX_POINT('',#15861);
#6149=VERTEX_POINT('',#15873);
#6150=VERTEX_POINT('',#15874);
#6151=VERTEX_POINT('',#15883);
#6152=VERTEX_POINT('',#15887);
#6153=VERTEX_POINT('',#15888);
#6154=VERTEX_POINT('',#15891);
#6155=VERTEX_POINT('',#15895);
#6156=VERTEX_POINT('',#15896);
#6157=VERTEX_POINT('',#15905);
#6158=VERTEX_POINT('',#15912);
#6159=VERTEX_POINT('',#15917);
#6160=VERTEX_POINT('',#15929);
#6161=VERTEX_POINT('',#15932);
#6162=VERTEX_POINT('',#15935);
#6163=VERTEX_POINT('',#15938);
#6164=VERTEX_POINT('',#15940);
#6165=VERTEX_POINT('',#15941);
#6166=VERTEX_POINT('',#15944);
#6167=VERTEX_POINT('',#15966);
#6168=VERTEX_POINT('',#15967);
#6169=VERTEX_POINT('',#15972);
#6170=VERTEX_POINT('',#15983);
#6171=VERTEX_POINT('',#15985);
#6172=VERTEX_POINT('',#15987);
#6173=VERTEX_POINT('',#15989);
#6174=VERTEX_POINT('',#15991);
#6175=VERTEX_POINT('',#15992);
#6176=VERTEX_POINT('',#15995);
#6177=VERTEX_POINT('',#15996);
#6178=VERTEX_POINT('',#15999);
#6179=VERTEX_POINT('',#16000);
#6180=VERTEX_POINT('',#16005);
#6181=VERTEX_POINT('',#16010);
#6182=VERTEX_POINT('',#16034);
#6183=VERTEX_POINT('',#16052);
#6184=VERTEX_POINT('',#16062);
#6185=VERTEX_POINT('',#16071);
#6186=VERTEX_POINT('',#16080);
#6187=VERTEX_POINT('',#16087);
#6188=VERTEX_POINT('',#16097);
#6189=VERTEX_POINT('',#16099);
#6190=VERTEX_POINT('',#16102);
#6191=VERTEX_POINT('',#16104);
#6192=VERTEX_POINT('',#16114);
#6193=VERTEX_POINT('',#16116);
#6194=VERTEX_POINT('',#16127);
#6195=VERTEX_POINT('',#16129);
#6196=VERTEX_POINT('',#16132);
#6197=VERTEX_POINT('',#16134);
#6198=VERTEX_POINT('',#16162);
#6199=VERTEX_POINT('',#16200);
#6200=VERTEX_POINT('',#16202);
#6201=VERTEX_POINT('',#16206);
#6202=VERTEX_POINT('',#16210);
#6203=VERTEX_POINT('',#16214);
#6204=VERTEX_POINT('',#16216);
#6205=VERTEX_POINT('',#16225);
#6206=VERTEX_POINT('',#16226);
#6207=VERTEX_POINT('',#16231);
#6208=VERTEX_POINT('',#16235);
#6209=VERTEX_POINT('',#16238);
#6210=VERTEX_POINT('',#16240);
#6211=VERTEX_POINT('',#16242);
#6212=VERTEX_POINT('',#16244);
#6213=VERTEX_POINT('',#16246);
#6214=VERTEX_POINT('',#16248);
#6215=VERTEX_POINT('',#16250);
#6216=VERTEX_POINT('',#16252);
#6217=VERTEX_POINT('',#16254);
#6218=VERTEX_POINT('',#16256);
#6219=VERTEX_POINT('',#16258);
#6220=VERTEX_POINT('',#16260);
#6221=VERTEX_POINT('',#16262);
#6222=VERTEX_POINT('',#16265);
#6223=VERTEX_POINT('',#16297);
#6224=VERTEX_POINT('',#16300);
#6225=VERTEX_POINT('',#16303);
#6226=VERTEX_POINT('',#16331);
#6227=VERTEX_POINT('',#16333);
#6228=VERTEX_POINT('',#16335);
#6229=VERTEX_POINT('',#16337);
#6230=VERTEX_POINT('',#16340);
#6231=VERTEX_POINT('',#16342);
#6232=VERTEX_POINT('',#16344);
#6233=VERTEX_POINT('',#16346);
#6234=VERTEX_POINT('',#16349);
#6235=VERTEX_POINT('',#16351);
#6236=VERTEX_POINT('',#16353);
#6237=VERTEX_POINT('',#16355);
#6238=VERTEX_POINT('',#16358);
#6239=VERTEX_POINT('',#16360);
#6240=VERTEX_POINT('',#16362);
#6241=VERTEX_POINT('',#16364);
#6242=VERTEX_POINT('',#16367);
#6243=VERTEX_POINT('',#16369);
#6244=VERTEX_POINT('',#16371);
#6245=VERTEX_POINT('',#16373);
#6246=VERTEX_POINT('',#16375);
#6247=VERTEX_POINT('',#16403);
#6248=VERTEX_POINT('',#16405);
#6249=VERTEX_POINT('',#16408);
#6250=VERTEX_POINT('',#16417);
#6251=VERTEX_POINT('',#16433);
#6252=VERTEX_POINT('',#16435);
#6253=VERTEX_POINT('',#16445);
#6254=VERTEX_POINT('',#16450);
#6255=VERTEX_POINT('',#16459);
#6256=VERTEX_POINT('',#16464);
#6257=VERTEX_POINT('',#16482);
#6258=VERTEX_POINT('',#16483);
#6259=VERTEX_POINT('',#16492);
#6260=VERTEX_POINT('',#16509);
#6261=VERTEX_POINT('',#16510);
#6262=VERTEX_POINT('',#16530);
#6263=VERTEX_POINT('',#16532);
#6264=VERTEX_POINT('',#16535);
#6265=VERTEX_POINT('',#16537);
#6266=VERTEX_POINT('',#16568);
#6267=VERTEX_POINT('',#16570);
#6268=VERTEX_POINT('',#16579);
#6269=VERTEX_POINT('',#16581);
#6270=VERTEX_POINT('',#16819);
#6271=VERTEX_POINT('',#16824);
#6272=VERTEX_POINT('',#16828);
#6273=VERTEX_POINT('',#16833);
#6274=VERTEX_POINT('',#17093);
#6275=VERTEX_POINT('',#17096);
#6276=VERTEX_POINT('',#17100);
#6277=VERTEX_POINT('',#17101);
#6278=VERTEX_POINT('',#17106);
#6279=VERTEX_POINT('',#17107);
#6280=VERTEX_POINT('',#17112);
#6281=VERTEX_POINT('',#17115);
#6282=VERTEX_POINT('',#17119);
#6283=VERTEX_POINT('',#17120);
#6284=VERTEX_POINT('',#17125);
#6285=VERTEX_POINT('',#17126);
#6286=VERTEX_POINT('',#17131);
#6287=VERTEX_POINT('',#17134);
#6288=VERTEX_POINT('',#17138);
#6289=VERTEX_POINT('',#17139);
#6290=VERTEX_POINT('',#17144);
#6291=VERTEX_POINT('',#17145);
#6292=VERTEX_POINT('',#17150);
#6293=VERTEX_POINT('',#17153);
#6294=VERTEX_POINT('',#17157);
#6295=VERTEX_POINT('',#17158);
#6296=VERTEX_POINT('',#17163);
#6297=VERTEX_POINT('',#17164);
#6298=VERTEX_POINT('',#17169);
#6299=VERTEX_POINT('',#17172);
#6300=VERTEX_POINT('',#17176);
#6301=VERTEX_POINT('',#17177);
#6302=VERTEX_POINT('',#17182);
#6303=VERTEX_POINT('',#17183);
#6304=VERTEX_POINT('',#17238);
#6305=VERTEX_POINT('',#17241);
#6306=VERTEX_POINT('',#17245);
#6307=VERTEX_POINT('',#17246);
#6308=VERTEX_POINT('',#17251);
#6309=VERTEX_POINT('',#17252);
#6310=VERTEX_POINT('',#17257);
#6311=VERTEX_POINT('',#17260);
#6312=VERTEX_POINT('',#17264);
#6313=VERTEX_POINT('',#17265);
#6314=VERTEX_POINT('',#17270);
#6315=VERTEX_POINT('',#17271);
#6316=VERTEX_POINT('',#17276);
#6317=VERTEX_POINT('',#17279);
#6318=VERTEX_POINT('',#17283);
#6319=VERTEX_POINT('',#17284);
#6320=VERTEX_POINT('',#17289);
#6321=VERTEX_POINT('',#17290);
#6322=VERTEX_POINT('',#17295);
#6323=VERTEX_POINT('',#17298);
#6324=VERTEX_POINT('',#17302);
#6325=VERTEX_POINT('',#17303);
#6326=VERTEX_POINT('',#17308);
#6327=VERTEX_POINT('',#17309);
#6328=VERTEX_POINT('',#17314);
#6329=VERTEX_POINT('',#17317);
#6330=VERTEX_POINT('',#17321);
#6331=VERTEX_POINT('',#17322);
#6332=VERTEX_POINT('',#17327);
#6333=VERTEX_POINT('',#17328);
#6334=VERTEX_POINT('',#17383);
#6335=VERTEX_POINT('',#17384);
#6336=VERTEX_POINT('',#17386);
#6337=VERTEX_POINT('',#17388);
#6338=VERTEX_POINT('',#17392);
#6339=VERTEX_POINT('',#17393);
#6340=VERTEX_POINT('',#17395);
#6341=VERTEX_POINT('',#17397);
#6342=VERTEX_POINT('',#17401);
#6343=VERTEX_POINT('',#17402);
#6344=VERTEX_POINT('',#17404);
#6345=VERTEX_POINT('',#17408);
#6346=VERTEX_POINT('',#17410);
#6347=VERTEX_POINT('',#17414);
#6348=VERTEX_POINT('',#17415);
#6349=VERTEX_POINT('',#17450);
#6350=VERTEX_POINT('',#17451);
#6351=VERTEX_POINT('',#17453);
#6352=VERTEX_POINT('',#17455);
#6353=VERTEX_POINT('',#17459);
#6354=VERTEX_POINT('',#17460);
#6355=VERTEX_POINT('',#17462);
#6356=VERTEX_POINT('',#17464);
#6357=VERTEX_POINT('',#17468);
#6358=VERTEX_POINT('',#17472);
#6359=VERTEX_POINT('',#17474);
#6360=VERTEX_POINT('',#17478);
#6361=VERTEX_POINT('',#17479);
#6362=VERTEX_POINT('',#17514);
#6363=VERTEX_POINT('',#17515);
#6364=VERTEX_POINT('',#17517);
#6365=VERTEX_POINT('',#17519);
#6366=VERTEX_POINT('',#17523);
#6367=VERTEX_POINT('',#17524);
#6368=VERTEX_POINT('',#17526);
#6369=VERTEX_POINT('',#17528);
#6370=VERTEX_POINT('',#17532);
#6371=VERTEX_POINT('',#17533);
#6372=VERTEX_POINT('',#17535);
#6373=VERTEX_POINT('',#17539);
#6374=VERTEX_POINT('',#17541);
#6375=VERTEX_POINT('',#17545);
#6376=VERTEX_POINT('',#17546);
#6377=VERTEX_POINT('',#17581);
#6378=VERTEX_POINT('',#17582);
#6379=VERTEX_POINT('',#17584);
#6380=VERTEX_POINT('',#17586);
#6381=VERTEX_POINT('',#17590);
#6382=VERTEX_POINT('',#17591);
#6383=VERTEX_POINT('',#17593);
#6384=VERTEX_POINT('',#17595);
#6385=VERTEX_POINT('',#17599);
#6386=VERTEX_POINT('',#17601);
#6387=VERTEX_POINT('',#17605);
#6388=VERTEX_POINT('',#17606);
#6389=VERTEX_POINT('',#17641);
#6390=VERTEX_POINT('',#17642);
#6391=VERTEX_POINT('',#17644);
#6392=VERTEX_POINT('',#17646);
#6393=VERTEX_POINT('',#17650);
#6394=VERTEX_POINT('',#17651);
#6395=VERTEX_POINT('',#17653);
#6396=VERTEX_POINT('',#17655);
#6397=VERTEX_POINT('',#17659);
#6398=VERTEX_POINT('',#17661);
#6399=VERTEX_POINT('',#17665);
#6400=VERTEX_POINT('',#17666);
#6401=LINE('',#13876,#7276);
#6402=LINE('',#13881,#7277);
#6403=LINE('',#13888,#7278);
#6404=LINE('',#13895,#7279);
#6405=LINE('',#13899,#7280);
#6406=LINE('',#13909,#7281);
#6407=LINE('',#13913,#7282);
#6408=LINE('',#13920,#7283);
#6409=LINE('',#13925,#7284);
#6410=LINE('',#13929,#7285);
#6411=LINE('',#13933,#7286);
#6412=LINE('',#13937,#7287);
#6413=LINE('',#13940,#7288);
#6414=LINE('',#13942,#7289);
#6415=LINE('',#13944,#7290);
#6416=LINE('',#13945,#7291);
#6417=LINE('',#13947,#7292);
#6418=LINE('',#13956,#7293);
#6419=LINE('',#13958,#7294);
#6420=LINE('',#13959,#7295);
#6421=LINE('',#13961,#7296);
#6422=LINE('',#13969,#7297);
#6423=LINE('',#13977,#7298);
#6424=LINE('',#13979,#7299);
#6425=LINE('',#13981,#7300);
#6426=LINE('',#13983,#7301);
#6427=LINE('',#13985,#7302);
#6428=LINE('',#13993,#7303);
#6429=LINE('',#14001,#7304);
#6430=LINE('',#14003,#7305);
#6431=LINE('',#14005,#7306);
#6432=LINE('',#14007,#7307);
#6433=LINE('',#14009,#7308);
#6434=LINE('',#14017,#7309);
#6435=LINE('',#14025,#7310);
#6436=LINE('',#14027,#7311);
#6437=LINE('',#14029,#7312);
#6438=LINE('',#14031,#7313);
#6439=LINE('',#14033,#7314);
#6440=LINE('',#14041,#7315);
#6441=LINE('',#14049,#7316);
#6442=LINE('',#14051,#7317);
#6443=LINE('',#14053,#7318);
#6444=LINE('',#14055,#7319);
#6445=LINE('',#14057,#7320);
#6446=LINE('',#14059,#7321);
#6447=LINE('',#14061,#7322);
#6448=LINE('',#14065,#7323);
#6449=LINE('',#14069,#7324);
#6450=LINE('',#14071,#7325);
#6451=LINE('',#14073,#7326);
#6452=LINE('',#14075,#7327);
#6453=LINE('',#14082,#7328);
#6454=LINE('',#14084,#7329);
#6455=LINE('',#14086,#7330);
#6456=LINE('',#14096,#7331);
#6457=LINE('',#14100,#7332);
#6458=LINE('',#14104,#7333);
#6459=LINE('',#14108,#7334);
#6460=LINE('',#14111,#7335);
#6461=LINE('',#14113,#7336);
#6462=LINE('',#14115,#7337);
#6463=LINE('',#14117,#7338);
#6464=LINE('',#14119,#7339);
#6465=LINE('',#14121,#7340);
#6466=LINE('',#14123,#7341);
#6467=LINE('',#14125,#7342);
#6468=LINE('',#14127,#7343);
#6469=LINE('',#14129,#7344);
#6470=LINE('',#14131,#7345);
#6471=LINE('',#14133,#7346);
#6472=LINE('',#14135,#7347);
#6473=LINE('',#14137,#7348);
#6474=LINE('',#14139,#7349);
#6475=LINE('',#14150,#7350);
#6476=LINE('',#14152,#7351);
#6477=LINE('',#14154,#7352);
#6478=LINE('',#14156,#7353);
#6479=LINE('',#14158,#7354);
#6480=LINE('',#14165,#7355);
#6481=LINE('',#14172,#7356);
#6482=LINE('',#14174,#7357);
#6483=LINE('',#14176,#7358);
#6484=LINE('',#14178,#7359);
#6485=LINE('',#14180,#7360);
#6486=LINE('',#14191,#7361);
#6487=LINE('',#14193,#7362);
#6488=LINE('',#14194,#7363);
#6489=LINE('',#14198,#7364);
#6490=LINE('',#14203,#7365);
#6491=LINE('',#14209,#7366);
#6492=LINE('',#14214,#7367);
#6493=LINE('',#14220,#7368);
#6494=LINE('',#14225,#7369);
#6495=LINE('',#14227,#7370);
#6496=LINE('',#14229,#7371);
#6497=LINE('',#14233,#7372);
#6498=LINE('',#14237,#7373);
#6499=LINE('',#14239,#7374);
#6500=LINE('',#14241,#7375);
#6501=LINE('',#14245,#7376);
#6502=LINE('',#14249,#7377);
#6503=LINE('',#14251,#7378);
#6504=LINE('',#14253,#7379);
#6505=LINE('',#14272,#7380);
#6506=LINE('',#14275,#7381);
#6507=LINE('',#14277,#7382);
#6508=LINE('',#14279,#7383);
#6509=LINE('',#14281,#7384);
#6510=LINE('',#14284,#7385);
#6511=LINE('',#14286,#7386);
#6512=LINE('',#14288,#7387);
#6513=LINE('',#14290,#7388);
#6514=LINE('',#14293,#7389);
#6515=LINE('',#14295,#7390);
#6516=LINE('',#14297,#7391);
#6517=LINE('',#14299,#7392);
#6518=LINE('',#14302,#7393);
#6519=LINE('',#14304,#7394);
#6520=LINE('',#14306,#7395);
#6521=LINE('',#14308,#7396);
#6522=LINE('',#14310,#7397);
#6523=LINE('',#14312,#7398);
#6524=LINE('',#14314,#7399);
#6525=LINE('',#14316,#7400);
#6526=LINE('',#14318,#7401);
#6527=LINE('',#14320,#7402);
#6528=LINE('',#14322,#7403);
#6529=LINE('',#14326,#7404);
#6530=LINE('',#14328,#7405);
#6531=LINE('',#14330,#7406);
#6532=LINE('',#14332,#7407);
#6533=LINE('',#14334,#7408);
#6534=LINE('',#14338,#7409);
#6535=LINE('',#14340,#7410);
#6536=LINE('',#14341,#7411);
#6537=LINE('',#14343,#7412);
#6538=LINE('',#14347,#7413);
#6539=LINE('',#14349,#7414);
#6540=LINE('',#14350,#7415);
#6541=LINE('',#14352,#7416);
#6542=LINE('',#14356,#7417);
#6543=LINE('',#14358,#7418);
#6544=LINE('',#14359,#7419);
#6545=LINE('',#14361,#7420);
#6546=LINE('',#14365,#7421);
#6547=LINE('',#14367,#7422);
#6548=LINE('',#14368,#7423);
#6549=LINE('',#14370,#7424);
#6550=LINE('',#14374,#7425);
#6551=LINE('',#14376,#7426);
#6552=LINE('',#14378,#7427);
#6553=LINE('',#14381,#7428);
#6554=LINE('',#14383,#7429);
#6555=LINE('',#14385,#7430);
#6556=LINE('',#14387,#7431);
#6557=LINE('',#14390,#7432);
#6558=LINE('',#14392,#7433);
#6559=LINE('',#14394,#7434);
#6560=LINE('',#14396,#7435);
#6561=LINE('',#14399,#7436);
#6562=LINE('',#14401,#7437);
#6563=LINE('',#14403,#7438);
#6564=LINE('',#14405,#7439);
#6565=LINE('',#14408,#7440);
#6566=LINE('',#14410,#7441);
#6567=LINE('',#14412,#7442);
#6568=LINE('',#14414,#7443);
#6569=LINE('',#14417,#7444);
#6570=LINE('',#14420,#7445);
#6571=LINE('',#14422,#7446);
#6572=LINE('',#14424,#7447);
#6573=LINE('',#14426,#7448);
#6574=LINE('',#14428,#7449);
#6575=LINE('',#14430,#7450);
#6576=LINE('',#14432,#7451);
#6577=LINE('',#14434,#7452);
#6578=LINE('',#14436,#7453);
#6579=LINE('',#14440,#7454);
#6580=LINE('',#14442,#7455);
#6581=LINE('',#14444,#7456);
#6582=LINE('',#14446,#7457);
#6583=LINE('',#14448,#7458);
#6584=LINE('',#14452,#7459);
#6585=LINE('',#14454,#7460);
#6586=LINE('',#14455,#7461);
#6587=LINE('',#14457,#7462);
#6588=LINE('',#14461,#7463);
#6589=LINE('',#14463,#7464);
#6590=LINE('',#14464,#7465);
#6591=LINE('',#14466,#7466);
#6592=LINE('',#14470,#7467);
#6593=LINE('',#14472,#7468);
#6594=LINE('',#14473,#7469);
#6595=LINE('',#14475,#7470);
#6596=LINE('',#14479,#7471);
#6597=LINE('',#14481,#7472);
#6598=LINE('',#14482,#7473);
#6599=LINE('',#14484,#7474);
#6600=LINE('',#14488,#7475);
#6601=LINE('',#14490,#7476);
#6602=LINE('',#14494,#7477);
#6603=LINE('',#14498,#7478);
#6604=LINE('',#14502,#7479);
#6605=LINE('',#14504,#7480);
#6606=LINE('',#14506,#7481);
#6607=LINE('',#14508,#7482);
#6608=LINE('',#14510,#7483);
#6609=LINE('',#14511,#7484);
#6610=LINE('',#14513,#7485);
#6611=LINE('',#14515,#7486);
#6612=LINE('',#14517,#7487);
#6613=LINE('',#14519,#7488);
#6614=LINE('',#14523,#7489);
#6615=LINE('',#14527,#7490);
#6616=LINE('',#14531,#7491);
#6617=LINE('',#14542,#7492);
#6618=LINE('',#14546,#7493);
#6619=LINE('',#14548,#7494);
#6620=LINE('',#14552,#7495);
#6621=LINE('',#14554,#7496);
#6622=LINE('',#14556,#7497);
#6623=LINE('',#14558,#7498);
#6624=LINE('',#14560,#7499);
#6625=LINE('',#14562,#7500);
#6626=LINE('',#14564,#7501);
#6627=LINE('',#14566,#7502);
#6628=LINE('',#14568,#7503);
#6629=LINE('',#14570,#7504);
#6630=LINE('',#14572,#7505);
#6631=LINE('',#14574,#7506);
#6632=LINE('',#14576,#7507);
#6633=LINE('',#14578,#7508);
#6634=LINE('',#14580,#7509);
#6635=LINE('',#14582,#7510);
#6636=LINE('',#14584,#7511);
#6637=LINE('',#14586,#7512);
#6638=LINE('',#14588,#7513);
#6639=LINE('',#14590,#7514);
#6640=LINE('',#14592,#7515);
#6641=LINE('',#14594,#7516);
#6642=LINE('',#14596,#7517);
#6643=LINE('',#14598,#7518);
#6644=LINE('',#14603,#7519);
#6645=LINE('',#14613,#7520);
#6646=LINE('',#14623,#7521);
#6647=LINE('',#14625,#7522);
#6648=LINE('',#14629,#7523);
#6649=LINE('',#14631,#7524);
#6650=LINE('',#14635,#7525);
#6651=LINE('',#14639,#7526);
#6652=LINE('',#14641,#7527);
#6653=LINE('',#14644,#7528);
#6654=LINE('',#14645,#7529);
#6655=LINE('',#14653,#7530);
#6656=LINE('',#14657,#7531);
#6657=LINE('',#14659,#7532);
#6658=LINE('',#14661,#7533);
#6659=LINE('',#14663,#7534);
#6660=LINE('',#14665,#7535);
#6661=LINE('',#14669,#7536);
#6662=LINE('',#14675,#7537);
#6663=LINE('',#14679,#7538);
#6664=LINE('',#14683,#7539);
#6665=LINE('',#14685,#7540);
#6666=LINE('',#14687,#7541);
#6667=LINE('',#14689,#7542);
#6668=LINE('',#14691,#7543);
#6669=LINE('',#14693,#7544);
#6670=LINE('',#14694,#7545);
#6671=LINE('',#14696,#7546);
#6672=LINE('',#14697,#7547);
#6673=LINE('',#14701,#7548);
#6674=LINE('',#14705,#7549);
#6675=LINE('',#14709,#7550);
#6676=LINE('',#14713,#7551);
#6677=LINE('',#14715,#7552);
#6678=LINE('',#14717,#7553);
#6679=LINE('',#14719,#7554);
#6680=LINE('',#14721,#7555);
#6681=LINE('',#14723,#7556);
#6682=LINE('',#14725,#7557);
#6683=LINE('',#14727,#7558);
#6684=LINE('',#14729,#7559);
#6685=LINE('',#14731,#7560);
#6686=LINE('',#14733,#7561);
#6687=LINE('',#14737,#7562);
#6688=LINE('',#14742,#7563);
#6689=LINE('',#14751,#7564);
#6690=LINE('',#14753,#7565);
#6691=LINE('',#14756,#7566);
#6692=LINE('',#14758,#7567);
#6693=LINE('',#14760,#7568);
#6694=LINE('',#14762,#7569);
#6695=LINE('',#14763,#7570);
#6696=LINE('',#14765,#7571);
#6697=LINE('',#14767,#7572);
#6698=LINE('',#14769,#7573);
#6699=LINE('',#14771,#7574);
#6700=LINE('',#14772,#7575);
#6701=LINE('',#14774,#7576);
#6702=LINE('',#14782,#7577);
#6703=LINE('',#14794,#7578);
#6704=LINE('',#14808,#7579);
#6705=LINE('',#14816,#7580);
#6706=LINE('',#14821,#7581);
#6707=LINE('',#14823,#7582);
#6708=LINE('',#14825,#7583);
#6709=LINE('',#14827,#7584);
#6710=LINE('',#14829,#7585);
#6711=LINE('',#14833,#7586);
#6712=LINE('',#14840,#7587);
#6713=LINE('',#14848,#7588);
#6714=LINE('',#14850,#7589);
#6715=LINE('',#14852,#7590);
#6716=LINE('',#14854,#7591);
#6717=LINE('',#14856,#7592);
#6718=LINE('',#14858,#7593);
#6719=LINE('',#14861,#7594);
#6720=LINE('',#14864,#7595);
#6721=LINE('',#14868,#7596);
#6722=LINE('',#14871,#7597);
#6723=LINE('',#14877,#7598);
#6724=LINE('',#14880,#7599);
#6725=LINE('',#14889,#7600);
#6726=LINE('',#14893,#7601);
#6727=LINE('',#14895,#7602);
#6728=LINE('',#14897,#7603);
#6729=LINE('',#14899,#7604);
#6730=LINE('',#14901,#7605);
#6731=LINE('',#14902,#7606);
#6732=LINE('',#14904,#7607);
#6733=LINE('',#14906,#7608);
#6734=LINE('',#14908,#7609);
#6735=LINE('',#14910,#7610);
#6736=LINE('',#14921,#7611);
#6737=LINE('',#14925,#7612);
#6738=LINE('',#14931,#7613);
#6739=LINE('',#14933,#7614);
#6740=LINE('',#14939,#7615);
#6741=LINE('',#14943,#7616);
#6742=LINE('',#14963,#7617);
#6743=LINE('',#14965,#7618);
#6744=LINE('',#14967,#7619);
#6745=LINE('',#14968,#7620);
#6746=LINE('',#14969,#7621);
#6747=LINE('',#14971,#7622);
#6748=LINE('',#14975,#7623);
#6749=LINE('',#14977,#7624);
#6750=LINE('',#14978,#7625);
#6751=LINE('',#14980,#7626);
#6752=LINE('',#14984,#7627);
#6753=LINE('',#14986,#7628);
#6754=LINE('',#14987,#7629);
#6755=LINE('',#14989,#7630);
#6756=LINE('',#14993,#7631);
#6757=LINE('',#14995,#7632);
#6758=LINE('',#14996,#7633);
#6759=LINE('',#14998,#7634);
#6760=LINE('',#15002,#7635);
#6761=LINE('',#15004,#7636);
#6762=LINE('',#15005,#7637);
#6763=LINE('',#15007,#7638);
#6764=LINE('',#15011,#7639);
#6765=LINE('',#15013,#7640);
#6766=LINE('',#15015,#7641);
#6767=LINE('',#15020,#7642);
#6768=LINE('',#15025,#7643);
#6769=LINE('',#15034,#7644);
#6770=LINE('',#15046,#7645);
#6771=LINE('',#15087,#7646);
#6772=LINE('',#15089,#7647);
#6773=LINE('',#15091,#7648);
#6774=LINE('',#15093,#7649);
#6775=LINE('',#15094,#7650);
#6776=LINE('',#15095,#7651);
#6777=LINE('',#15097,#7652);
#6778=LINE('',#15099,#7653);
#6779=LINE('',#15101,#7654);
#6780=LINE('',#15107,#7655);
#6781=LINE('',#15118,#7656);
#6782=LINE('',#15121,#7657);
#6783=LINE('',#15123,#7658);
#6784=LINE('',#15125,#7659);
#6785=LINE('',#15126,#7660);
#6786=LINE('',#15128,#7661);
#6787=LINE('',#15134,#7662);
#6788=LINE('',#15136,#7663);
#6789=LINE('',#15138,#7664);
#6790=LINE('',#15140,#7665);
#6791=LINE('',#15142,#7666);
#6792=LINE('',#15145,#7667);
#6793=LINE('',#15147,#7668);
#6794=LINE('',#15149,#7669);
#6795=LINE('',#15151,#7670);
#6796=LINE('',#15158,#7671);
#6797=LINE('',#15183,#7672);
#6798=LINE('',#15184,#7673);
#6799=LINE('',#15192,#7674);
#6800=LINE('',#15200,#7675);
#6801=LINE('',#15204,#7676);
#6802=LINE('',#15206,#7677);
#6803=LINE('',#15210,#7678);
#6804=LINE('',#15226,#7679);
#6805=LINE('',#15232,#7680);
#6806=LINE('',#15235,#7681);
#6807=LINE('',#15237,#7682);
#6808=LINE('',#15239,#7683);
#6809=LINE('',#15245,#7684);
#6810=LINE('',#15247,#7685);
#6811=LINE('',#15251,#7686);
#6812=LINE('',#15259,#7687);
#6813=LINE('',#15266,#7688);
#6814=LINE('',#15289,#7689);
#6815=LINE('',#15290,#7690);
#6816=LINE('',#15292,#7691);
#6817=LINE('',#15296,#7692);
#6818=LINE('',#15300,#7693);
#6819=LINE('',#15302,#7694);
#6820=LINE('',#15304,#7695);
#6821=LINE('',#15306,#7696);
#6822=LINE('',#15308,#7697);
#6823=LINE('',#15310,#7698);
#6824=LINE('',#15312,#7699);
#6825=LINE('',#15314,#7700);
#6826=LINE('',#15316,#7701);
#6827=LINE('',#15318,#7702);
#6828=LINE('',#15322,#7703);
#6829=LINE('',#15337,#7704);
#6830=LINE('',#15381,#7705);
#6831=LINE('',#15385,#7706);
#6832=LINE('',#15390,#7707);
#6833=LINE('',#15400,#7708);
#6834=LINE('',#15411,#7709);
#6835=LINE('',#15414,#7710);
#6836=LINE('',#15418,#7711);
#6837=LINE('',#15420,#7712);
#6838=LINE('',#15422,#7713);
#6839=LINE('',#15424,#7714);
#6840=LINE('',#15426,#7715);
#6841=LINE('',#15428,#7716);
#6842=LINE('',#15430,#7717);
#6843=LINE('',#15432,#7718);
#6844=LINE('',#15434,#7719);
#6845=LINE('',#15436,#7720);
#6846=LINE('',#15438,#7721);
#6847=LINE('',#15440,#7722);
#6848=LINE('',#15442,#7723);
#6849=LINE('',#15444,#7724);
#6850=LINE('',#15450,#7725);
#6851=LINE('',#15456,#7726);
#6852=LINE('',#15457,#7727);
#6853=LINE('',#15461,#7728);
#6854=LINE('',#15465,#7729);
#6855=LINE('',#15469,#7730);
#6856=LINE('',#15471,#7731);
#6857=LINE('',#15473,#7732);
#6858=LINE('',#15475,#7733);
#6859=LINE('',#15477,#7734);
#6860=LINE('',#15479,#7735);
#6861=LINE('',#15481,#7736);
#6862=LINE('',#15483,#7737);
#6863=LINE('',#15485,#7738);
#6864=LINE('',#15487,#7739);
#6865=LINE('',#15490,#7740);
#6866=LINE('',#15492,#7741);
#6867=LINE('',#15493,#7742);
#6868=LINE('',#15495,#7743);
#6869=LINE('',#15498,#7744);
#6870=LINE('',#15499,#7745);
#6871=LINE('',#15501,#7746);
#6872=LINE('',#15503,#7747);
#6873=LINE('',#15505,#7748);
#6874=LINE('',#15513,#7749);
#6875=LINE('',#15517,#7750);
#6876=LINE('',#15524,#7751);
#6877=LINE('',#15526,#7752);
#6878=LINE('',#15529,#7753);
#6879=LINE('',#15536,#7754);
#6880=LINE('',#15537,#7755);
#6881=LINE('',#15541,#7756);
#6882=LINE('',#15560,#7757);
#6883=LINE('',#15574,#7758);
#6884=LINE('',#15576,#7759);
#6885=LINE('',#15583,#7760);
#6886=LINE('',#15585,#7761);
#6887=LINE('',#15587,#7762);
#6888=LINE('',#15589,#7763);
#6889=LINE('',#15591,#7764);
#6890=LINE('',#15593,#7765);
#6891=LINE('',#15629,#7766);
#6892=LINE('',#15630,#7767);
#6893=LINE('',#15634,#7768);
#6894=LINE('',#15636,#7769);
#6895=LINE('',#15638,#7770);
#6896=LINE('',#15640,#7771);
#6897=LINE('',#15642,#7772);
#6898=LINE('',#15644,#7773);
#6899=LINE('',#15646,#7774);
#6900=LINE('',#15666,#7775);
#6901=LINE('',#15678,#7776);
#6902=LINE('',#15680,#7777);
#6903=LINE('',#15682,#7778);
#6904=LINE('',#15684,#7779);
#6905=LINE('',#15686,#7780);
#6906=LINE('',#15688,#7781);
#6907=LINE('',#15690,#7782);
#6908=LINE('',#15772,#7783);
#6909=LINE('',#15777,#7784);
#6910=LINE('',#15778,#7785);
#6911=LINE('',#15780,#7786);
#6912=LINE('',#15783,#7787);
#6913=LINE('',#15786,#7788);
#6914=LINE('',#15788,#7789);
#6915=LINE('',#15797,#7790);
#6916=LINE('',#15802,#7791);
#6917=LINE('',#15805,#7792);
#6918=LINE('',#15807,#7793);
#6919=LINE('',#15809,#7794);
#6920=LINE('',#15811,#7795);
#6921=LINE('',#15817,#7796);
#6922=LINE('',#15819,#7797);
#6923=LINE('',#15821,#7798);
#6924=LINE('',#15886,#7799);
#6925=LINE('',#15889,#7800);
#6926=LINE('',#15890,#7801);
#6927=LINE('',#15894,#7802);
#6928=LINE('',#15903,#7803);
#6929=LINE('',#15906,#7804);
#6930=LINE('',#15942,#7805);
#6931=LINE('',#15945,#7806);
#6932=LINE('',#15947,#7807);
#6933=LINE('',#15948,#7808);
#6934=LINE('',#15993,#7809);
#6935=LINE('',#15997,#7810);
#6936=LINE('',#16001,#7811);
#6937=LINE('',#16002,#7812);
#6938=LINE('',#16012,#7813);
#6939=LINE('',#16013,#7814);
#6940=LINE('',#16015,#7815);
#6941=LINE('',#16018,#7816);
#6942=LINE('',#16020,#7817);
#6943=LINE('',#16021,#7818);
#6944=LINE('',#16024,#7819);
#6945=LINE('',#16025,#7820);
#6946=LINE('',#16028,#7821);
#6947=LINE('',#16029,#7822);
#6948=LINE('',#16035,#7823);
#6949=LINE('',#16061,#7824);
#6950=LINE('',#16072,#7825);
#6951=LINE('',#16079,#7826);
#6952=LINE('',#16086,#7827);
#6953=LINE('',#16090,#7828);
#6954=LINE('',#16092,#7829);
#6955=LINE('',#16098,#7830);
#6956=LINE('',#16103,#7831);
#6957=LINE('',#16115,#7832);
#6958=LINE('',#16128,#7833);
#6959=LINE('',#16133,#7834);
#6960=LINE('',#16199,#7835);
#6961=LINE('',#16201,#7836);
#6962=LINE('',#16203,#7837);
#6963=LINE('',#16205,#7838);
#6964=LINE('',#16207,#7839);
#6965=LINE('',#16209,#7840);
#6966=LINE('',#16211,#7841);
#6967=LINE('',#16215,#7842);
#6968=LINE('',#16219,#7843);
#6969=LINE('',#16221,#7844);
#6970=LINE('',#16224,#7845);
#6971=LINE('',#16227,#7846);
#6972=LINE('',#16228,#7847);
#6973=LINE('',#16230,#7848);
#6974=LINE('',#16232,#7849);
#6975=LINE('',#16234,#7850);
#6976=LINE('',#16237,#7851);
#6977=LINE('',#16239,#7852);
#6978=LINE('',#16241,#7853);
#6979=LINE('',#16243,#7854);
#6980=LINE('',#16245,#7855);
#6981=LINE('',#16247,#7856);
#6982=LINE('',#16249,#7857);
#6983=LINE('',#16251,#7858);
#6984=LINE('',#16253,#7859);
#6985=LINE('',#16257,#7860);
#6986=LINE('',#16261,#7861);
#6987=LINE('',#16266,#7862);
#6988=LINE('',#16268,#7863);
#6989=LINE('',#16270,#7864);
#6990=LINE('',#16272,#7865);
#6991=LINE('',#16274,#7866);
#6992=LINE('',#16276,#7867);
#6993=LINE('',#16278,#7868);
#6994=LINE('',#16280,#7869);
#6995=LINE('',#16282,#7870);
#6996=LINE('',#16284,#7871);
#6997=LINE('',#16286,#7872);
#6998=LINE('',#16288,#7873);
#6999=LINE('',#16289,#7874);
#7000=LINE('',#16291,#7875);
#7001=LINE('',#16293,#7876);
#7002=LINE('',#16294,#7877);
#7003=LINE('',#16305,#7878);
#7004=LINE('',#16306,#7879);
#7005=LINE('',#16308,#7880);
#7006=LINE('',#16310,#7881);
#7007=LINE('',#16312,#7882);
#7008=LINE('',#16314,#7883);
#7009=LINE('',#16317,#7884);
#7010=LINE('',#16319,#7885);
#7011=LINE('',#16321,#7886);
#7012=LINE('',#16323,#7887);
#7013=LINE('',#16325,#7888);
#7014=LINE('',#16327,#7889);
#7015=LINE('',#16328,#7890);
#7016=LINE('',#16330,#7891);
#7017=LINE('',#16332,#7892);
#7018=LINE('',#16336,#7893);
#7019=LINE('',#16338,#7894);
#7020=LINE('',#16339,#7895);
#7021=LINE('',#16341,#7896);
#7022=LINE('',#16345,#7897);
#7023=LINE('',#16347,#7898);
#7024=LINE('',#16348,#7899);
#7025=LINE('',#16350,#7900);
#7026=LINE('',#16354,#7901);
#7027=LINE('',#16356,#7902);
#7028=LINE('',#16357,#7903);
#7029=LINE('',#16359,#7904);
#7030=LINE('',#16363,#7905);
#7031=LINE('',#16365,#7906);
#7032=LINE('',#16366,#7907);
#7033=LINE('',#16368,#7908);
#7034=LINE('',#16372,#7909);
#7035=LINE('',#16374,#7910);
#7036=LINE('',#16376,#7911);
#7037=LINE('',#16378,#7912);
#7038=LINE('',#16380,#7913);
#7039=LINE('',#16383,#7914);
#7040=LINE('',#16385,#7915);
#7041=LINE('',#16388,#7916);
#7042=LINE('',#16390,#7917);
#7043=LINE('',#16392,#7918);
#7044=LINE('',#16394,#7919);
#7045=LINE('',#16396,#7920);
#7046=LINE('',#16398,#7921);
#7047=LINE('',#16399,#7922);
#7048=LINE('',#16411,#7923);
#7049=LINE('',#16412,#7924);
#7050=LINE('',#16414,#7925);
#7051=LINE('',#16416,#7926);
#7052=LINE('',#16418,#7927);
#7053=LINE('',#16420,#7928);
#7054=LINE('',#16421,#7929);
#7055=LINE('',#16423,#7930);
#7056=LINE('',#16425,#7931);
#7057=LINE('',#16427,#7932);
#7058=LINE('',#16429,#7933);
#7059=LINE('',#16432,#7934);
#7060=LINE('',#16434,#7935);
#7061=LINE('',#16436,#7936);
#7062=LINE('',#16471,#7937);
#7063=LINE('',#16477,#7938);
#7064=LINE('',#16481,#7939);
#7065=LINE('',#16485,#7940);
#7066=LINE('',#16504,#7941);
#7067=LINE('',#16511,#7942);
#7068=LINE('',#16512,#7943);
#7069=LINE('',#16531,#7944);
#7070=LINE('',#16536,#7945);
#7071=LINE('',#16543,#7946);
#7072=LINE('',#16546,#7947);
#7073=LINE('',#16550,#7948);
#7074=LINE('',#16553,#7949);
#7075=LINE('',#16555,#7950);
#7076=LINE('',#16558,#7951);
#7077=LINE('',#16561,#7952);
#7078=LINE('',#16564,#7953);
#7079=LINE('',#16569,#7954);
#7080=LINE('',#16580,#7955);
#7081=LINE('',#16584,#7956);
#7082=LINE('',#16587,#7957);
#7083=LINE('',#16590,#7958);
#7084=LINE('',#17092,#7959);
#7085=LINE('',#17094,#7960);
#7086=LINE('',#17095,#7961);
#7087=LINE('',#17097,#7962);
#7088=LINE('',#17099,#7963);
#7089=LINE('',#17102,#7964);
#7090=LINE('',#17103,#7965);
#7091=LINE('',#17105,#7966);
#7092=LINE('',#17108,#7967);
#7093=LINE('',#17109,#7968);
#7094=LINE('',#17111,#7969);
#7095=LINE('',#17113,#7970);
#7096=LINE('',#17114,#7971);
#7097=LINE('',#17116,#7972);
#7098=LINE('',#17118,#7973);
#7099=LINE('',#17121,#7974);
#7100=LINE('',#17122,#7975);
#7101=LINE('',#17124,#7976);
#7102=LINE('',#17127,#7977);
#7103=LINE('',#17128,#7978);
#7104=LINE('',#17130,#7979);
#7105=LINE('',#17132,#7980);
#7106=LINE('',#17133,#7981);
#7107=LINE('',#17135,#7982);
#7108=LINE('',#17137,#7983);
#7109=LINE('',#17140,#7984);
#7110=LINE('',#17141,#7985);
#7111=LINE('',#17143,#7986);
#7112=LINE('',#17146,#7987);
#7113=LINE('',#17147,#7988);
#7114=LINE('',#17149,#7989);
#7115=LINE('',#17151,#7990);
#7116=LINE('',#17152,#7991);
#7117=LINE('',#17154,#7992);
#7118=LINE('',#17156,#7993);
#7119=LINE('',#17159,#7994);
#7120=LINE('',#17160,#7995);
#7121=LINE('',#17162,#7996);
#7122=LINE('',#17165,#7997);
#7123=LINE('',#17166,#7998);
#7124=LINE('',#17168,#7999);
#7125=LINE('',#17170,#8000);
#7126=LINE('',#17171,#8001);
#7127=LINE('',#17173,#8002);
#7128=LINE('',#17175,#8003);
#7129=LINE('',#17178,#8004);
#7130=LINE('',#17179,#8005);
#7131=LINE('',#17181,#8006);
#7132=LINE('',#17184,#8007);
#7133=LINE('',#17185,#8008);
#7134=LINE('',#17187,#8009);
#7135=LINE('',#17192,#8010);
#7136=LINE('',#17195,#8011);
#7137=LINE('',#17200,#8012);
#7138=LINE('',#17203,#8013);
#7139=LINE('',#17208,#8014);
#7140=LINE('',#17211,#8015);
#7141=LINE('',#17216,#8016);
#7142=LINE('',#17220,#8017);
#7143=LINE('',#17223,#8018);
#7144=LINE('',#17237,#8019);
#7145=LINE('',#17239,#8020);
#7146=LINE('',#17240,#8021);
#7147=LINE('',#17242,#8022);
#7148=LINE('',#17244,#8023);
#7149=LINE('',#17247,#8024);
#7150=LINE('',#17248,#8025);
#7151=LINE('',#17250,#8026);
#7152=LINE('',#17253,#8027);
#7153=LINE('',#17254,#8028);
#7154=LINE('',#17256,#8029);
#7155=LINE('',#17258,#8030);
#7156=LINE('',#17259,#8031);
#7157=LINE('',#17261,#8032);
#7158=LINE('',#17263,#8033);
#7159=LINE('',#17266,#8034);
#7160=LINE('',#17267,#8035);
#7161=LINE('',#17269,#8036);
#7162=LINE('',#17272,#8037);
#7163=LINE('',#17273,#8038);
#7164=LINE('',#17275,#8039);
#7165=LINE('',#17277,#8040);
#7166=LINE('',#17278,#8041);
#7167=LINE('',#17280,#8042);
#7168=LINE('',#17282,#8043);
#7169=LINE('',#17285,#8044);
#7170=LINE('',#17286,#8045);
#7171=LINE('',#17288,#8046);
#7172=LINE('',#17291,#8047);
#7173=LINE('',#17292,#8048);
#7174=LINE('',#17294,#8049);
#7175=LINE('',#17296,#8050);
#7176=LINE('',#17297,#8051);
#7177=LINE('',#17299,#8052);
#7178=LINE('',#17301,#8053);
#7179=LINE('',#17304,#8054);
#7180=LINE('',#17305,#8055);
#7181=LINE('',#17307,#8056);
#7182=LINE('',#17310,#8057);
#7183=LINE('',#17311,#8058);
#7184=LINE('',#17313,#8059);
#7185=LINE('',#17315,#8060);
#7186=LINE('',#17316,#8061);
#7187=LINE('',#17318,#8062);
#7188=LINE('',#17320,#8063);
#7189=LINE('',#17323,#8064);
#7190=LINE('',#17324,#8065);
#7191=LINE('',#17326,#8066);
#7192=LINE('',#17329,#8067);
#7193=LINE('',#17330,#8068);
#7194=LINE('',#17332,#8069);
#7195=LINE('',#17337,#8070);
#7196=LINE('',#17340,#8071);
#7197=LINE('',#17345,#8072);
#7198=LINE('',#17348,#8073);
#7199=LINE('',#17353,#8074);
#7200=LINE('',#17356,#8075);
#7201=LINE('',#17361,#8076);
#7202=LINE('',#17365,#8077);
#7203=LINE('',#17368,#8078);
#7204=LINE('',#17382,#8079);
#7205=LINE('',#17385,#8080);
#7206=LINE('',#17387,#8081);
#7207=LINE('',#17389,#8082);
#7208=LINE('',#17391,#8083);
#7209=LINE('',#17394,#8084);
#7210=LINE('',#17396,#8085);
#7211=LINE('',#17398,#8086);
#7212=LINE('',#17405,#8087);
#7213=LINE('',#17407,#8088);
#7214=LINE('',#17409,#8089);
#7215=LINE('',#17411,#8090);
#7216=LINE('',#17413,#8091);
#7217=LINE('',#17416,#8092);
#7218=LINE('',#17417,#8093);
#7219=LINE('',#17449,#8094);
#7220=LINE('',#17452,#8095);
#7221=LINE('',#17454,#8096);
#7222=LINE('',#17456,#8097);
#7223=LINE('',#17458,#8098);
#7224=LINE('',#17461,#8099);
#7225=LINE('',#17463,#8100);
#7226=LINE('',#17465,#8101);
#7227=LINE('',#17471,#8102);
#7228=LINE('',#17473,#8103);
#7229=LINE('',#17475,#8104);
#7230=LINE('',#17477,#8105);
#7231=LINE('',#17480,#8106);
#7232=LINE('',#17481,#8107);
#7233=LINE('',#17513,#8108);
#7234=LINE('',#17516,#8109);
#7235=LINE('',#17518,#8110);
#7236=LINE('',#17520,#8111);
#7237=LINE('',#17522,#8112);
#7238=LINE('',#17525,#8113);
#7239=LINE('',#17527,#8114);
#7240=LINE('',#17529,#8115);
#7241=LINE('',#17534,#8116);
#7242=LINE('',#17538,#8117);
#7243=LINE('',#17540,#8118);
#7244=LINE('',#17542,#8119);
#7245=LINE('',#17544,#8120);
#7246=LINE('',#17547,#8121);
#7247=LINE('',#17548,#8122);
#7248=LINE('',#17580,#8123);
#7249=LINE('',#17583,#8124);
#7250=LINE('',#17585,#8125);
#7251=LINE('',#17587,#8126);
#7252=LINE('',#17589,#8127);
#7253=LINE('',#17592,#8128);
#7254=LINE('',#17594,#8129);
#7255=LINE('',#17596,#8130);
#7256=LINE('',#17598,#8131);
#7257=LINE('',#17600,#8132);
#7258=LINE('',#17602,#8133);
#7259=LINE('',#17604,#8134);
#7260=LINE('',#17607,#8135);
#7261=LINE('',#17608,#8136);
#7262=LINE('',#17640,#8137);
#7263=LINE('',#17643,#8138);
#7264=LINE('',#17645,#8139);
#7265=LINE('',#17647,#8140);
#7266=LINE('',#17649,#8141);
#7267=LINE('',#17652,#8142);
#7268=LINE('',#17654,#8143);
#7269=LINE('',#17656,#8144);
#7270=LINE('',#17658,#8145);
#7271=LINE('',#17660,#8146);
#7272=LINE('',#17662,#8147);
#7273=LINE('',#17664,#8148);
#7274=LINE('',#17667,#8149);
#7275=LINE('',#17668,#8150);
#7276=VECTOR('',#11061,1000.);
#7277=VECTOR('',#11064,1000.);
#7278=VECTOR('',#11071,1000.);
#7279=VECTOR('',#11078,1000.);
#7280=VECTOR('',#11083,1000.);
#7281=VECTOR('',#11092,1000.);
#7282=VECTOR('',#11097,1000.);
#7283=VECTOR('',#11104,1000.);
#7284=VECTOR('',#11107,1000.);
#7285=VECTOR('',#11110,1000.);
#7286=VECTOR('',#11113,1000.);
#7287=VECTOR('',#11118,1000.);
#7288=VECTOR('',#11119,1000.);
#7289=VECTOR('',#11120,1000.);
#7290=VECTOR('',#11121,1000.);
#7291=VECTOR('',#11122,1000.);
#7292=VECTOR('',#11125,1000.);
#7293=VECTOR('',#11126,1000.);
#7294=VECTOR('',#11127,1000.);
#7295=VECTOR('',#11128,1000.);
#7296=VECTOR('',#11129,1000.);
#7297=VECTOR('',#11130,1000.);
#7298=VECTOR('',#11131,1000.);
#7299=VECTOR('',#11132,1000.);
#7300=VECTOR('',#11133,1000.);
#7301=VECTOR('',#11134,1000.);
#7302=VECTOR('',#11135,1000.);
#7303=VECTOR('',#11136,1000.);
#7304=VECTOR('',#11137,1000.);
#7305=VECTOR('',#11138,1000.);
#7306=VECTOR('',#11139,1000.);
#7307=VECTOR('',#11140,1000.);
#7308=VECTOR('',#11141,1000.);
#7309=VECTOR('',#11142,1000.);
#7310=VECTOR('',#11143,1000.);
#7311=VECTOR('',#11144,1000.);
#7312=VECTOR('',#11145,1000.);
#7313=VECTOR('',#11146,1000.);
#7314=VECTOR('',#11147,1000.);
#7315=VECTOR('',#11148,1000.);
#7316=VECTOR('',#11149,1000.);
#7317=VECTOR('',#11150,1000.);
#7318=VECTOR('',#11151,1000.);
#7319=VECTOR('',#11152,1000.);
#7320=VECTOR('',#11153,1000.);
#7321=VECTOR('',#11154,1000.);
#7322=VECTOR('',#11155,1000.);
#7323=VECTOR('',#11158,1000.);
#7324=VECTOR('',#11161,1000.);
#7325=VECTOR('',#11162,1000.);
#7326=VECTOR('',#11163,1000.);
#7327=VECTOR('',#11164,1000.);
#7328=VECTOR('',#11165,1000.);
#7329=VECTOR('',#11166,1000.);
#7330=VECTOR('',#11167,1000.);
#7331=VECTOR('',#11172,1000.);
#7332=VECTOR('',#11175,1000.);
#7333=VECTOR('',#11178,1000.);
#7334=VECTOR('',#11183,1000.);
#7335=VECTOR('',#11184,1000.);
#7336=VECTOR('',#11185,1000.);
#7337=VECTOR('',#11186,1000.);
#7338=VECTOR('',#11187,1000.);
#7339=VECTOR('',#11188,1000.);
#7340=VECTOR('',#11189,1000.);
#7341=VECTOR('',#11190,1000.);
#7342=VECTOR('',#11191,1000.);
#7343=VECTOR('',#11192,1000.);
#7344=VECTOR('',#11193,1000.);
#7345=VECTOR('',#11194,1000.);
#7346=VECTOR('',#11195,1000.);
#7347=VECTOR('',#11196,1000.);
#7348=VECTOR('',#11197,1000.);
#7349=VECTOR('',#11198,1000.);
#7350=VECTOR('',#11199,1000.);
#7351=VECTOR('',#11200,1000.);
#7352=VECTOR('',#11201,1000.);
#7353=VECTOR('',#11202,1000.);
#7354=VECTOR('',#11203,1000.);
#7355=VECTOR('',#11204,1000.);
#7356=VECTOR('',#11205,1000.);
#7357=VECTOR('',#11206,1000.);
#7358=VECTOR('',#11207,1000.);
#7359=VECTOR('',#11208,1000.);
#7360=VECTOR('',#11209,1000.);
#7361=VECTOR('',#11210,1000.);
#7362=VECTOR('',#11211,1000.);
#7363=VECTOR('',#11212,1000.);
#7364=VECTOR('',#11217,1000.);
#7365=VECTOR('',#11222,1000.);
#7366=VECTOR('',#11229,1000.);
#7367=VECTOR('',#11234,1000.);
#7368=VECTOR('',#11241,1000.);
#7369=VECTOR('',#11246,1000.);
#7370=VECTOR('',#11247,1000.);
#7371=VECTOR('',#11248,1000.);
#7372=VECTOR('',#11251,1000.);
#7373=VECTOR('',#11254,1000.);
#7374=VECTOR('',#11255,1000.);
#7375=VECTOR('',#11256,1000.);
#7376=VECTOR('',#11259,1000.);
#7377=VECTOR('',#11262,1000.);
#7378=VECTOR('',#11263,1000.);
#7379=VECTOR('',#11264,1000.);
#7380=VECTOR('',#11287,1000.);
#7381=VECTOR('',#11288,1000.);
#7382=VECTOR('',#11289,1000.);
#7383=VECTOR('',#11290,1000.);
#7384=VECTOR('',#11293,1000.);
#7385=VECTOR('',#11294,1000.);
#7386=VECTOR('',#11295,1000.);
#7387=VECTOR('',#11296,1000.);
#7388=VECTOR('',#11299,1000.);
#7389=VECTOR('',#11300,1000.);
#7390=VECTOR('',#11301,1000.);
#7391=VECTOR('',#11302,1000.);
#7392=VECTOR('',#11305,1000.);
#7393=VECTOR('',#11306,1000.);
#7394=VECTOR('',#11307,1000.);
#7395=VECTOR('',#11308,1000.);
#7396=VECTOR('',#11311,1000.);
#7397=VECTOR('',#11312,1000.);
#7398=VECTOR('',#11313,1000.);
#7399=VECTOR('',#11314,1000.);
#7400=VECTOR('',#11315,1000.);
#7401=VECTOR('',#11316,1000.);
#7402=VECTOR('',#11317,1000.);
#7403=VECTOR('',#11318,1000.);
#7404=VECTOR('',#11321,1000.);
#7405=VECTOR('',#11322,1000.);
#7406=VECTOR('',#11323,1000.);
#7407=VECTOR('',#11324,1000.);
#7408=VECTOR('',#11325,1000.);
#7409=VECTOR('',#11328,1000.);
#7410=VECTOR('',#11329,1000.);
#7411=VECTOR('',#11330,1000.);
#7412=VECTOR('',#11331,1000.);
#7413=VECTOR('',#11334,1000.);
#7414=VECTOR('',#11335,1000.);
#7415=VECTOR('',#11336,1000.);
#7416=VECTOR('',#11337,1000.);
#7417=VECTOR('',#11340,1000.);
#7418=VECTOR('',#11341,1000.);
#7419=VECTOR('',#11342,1000.);
#7420=VECTOR('',#11343,1000.);
#7421=VECTOR('',#11346,1000.);
#7422=VECTOR('',#11347,1000.);
#7423=VECTOR('',#11348,1000.);
#7424=VECTOR('',#11349,1000.);
#7425=VECTOR('',#11352,1000.);
#7426=VECTOR('',#11353,1000.);
#7427=VECTOR('',#11356,1000.);
#7428=VECTOR('',#11357,1000.);
#7429=VECTOR('',#11358,1000.);
#7430=VECTOR('',#11359,1000.);
#7431=VECTOR('',#11362,1000.);
#7432=VECTOR('',#11363,1000.);
#7433=VECTOR('',#11364,1000.);
#7434=VECTOR('',#11365,1000.);
#7435=VECTOR('',#11368,1000.);
#7436=VECTOR('',#11369,1000.);
#7437=VECTOR('',#11370,1000.);
#7438=VECTOR('',#11371,1000.);
#7439=VECTOR('',#11374,1000.);
#7440=VECTOR('',#11375,1000.);
#7441=VECTOR('',#11376,1000.);
#7442=VECTOR('',#11377,1000.);
#7443=VECTOR('',#11380,1000.);
#7444=VECTOR('',#11381,1000.);
#7445=VECTOR('',#11384,1000.);
#7446=VECTOR('',#11387,1000.);
#7447=VECTOR('',#11388,1000.);
#7448=VECTOR('',#11389,1000.);
#7449=VECTOR('',#11390,1000.);
#7450=VECTOR('',#11391,1000.);
#7451=VECTOR('',#11392,1000.);
#7452=VECTOR('',#11393,1000.);
#7453=VECTOR('',#11394,1000.);
#7454=VECTOR('',#11397,1000.);
#7455=VECTOR('',#11398,1000.);
#7456=VECTOR('',#11399,1000.);
#7457=VECTOR('',#11400,1000.);
#7458=VECTOR('',#11401,1000.);
#7459=VECTOR('',#11404,1000.);
#7460=VECTOR('',#11405,1000.);
#7461=VECTOR('',#11406,1000.);
#7462=VECTOR('',#11407,1000.);
#7463=VECTOR('',#11410,1000.);
#7464=VECTOR('',#11411,1000.);
#7465=VECTOR('',#11412,1000.);
#7466=VECTOR('',#11413,1000.);
#7467=VECTOR('',#11416,1000.);
#7468=VECTOR('',#11417,1000.);
#7469=VECTOR('',#11418,1000.);
#7470=VECTOR('',#11419,1000.);
#7471=VECTOR('',#11422,1000.);
#7472=VECTOR('',#11423,1000.);
#7473=VECTOR('',#11424,1000.);
#7474=VECTOR('',#11425,1000.);
#7475=VECTOR('',#11428,1000.);
#7476=VECTOR('',#11429,1000.);
#7477=VECTOR('',#11434,1000.);
#7478=VECTOR('',#11437,1000.);
#7479=VECTOR('',#11440,1000.);
#7480=VECTOR('',#11441,1000.);
#7481=VECTOR('',#11442,1000.);
#7482=VECTOR('',#11443,1000.);
#7483=VECTOR('',#11444,1000.);
#7484=VECTOR('',#11445,1000.);
#7485=VECTOR('',#11446,1000.);
#7486=VECTOR('',#11447,1000.);
#7487=VECTOR('',#11448,1000.);
#7488=VECTOR('',#11449,1000.);
#7489=VECTOR('',#11452,1000.);
#7490=VECTOR('',#11455,1000.);
#7491=VECTOR('',#11458,1000.);
#7492=VECTOR('',#11459,1000.);
#7493=VECTOR('',#11462,1000.);
#7494=VECTOR('',#11463,1000.);
#7495=VECTOR('',#11466,1000.);
#7496=VECTOR('',#11469,1000.);
#7497=VECTOR('',#11470,1000.);
#7498=VECTOR('',#11471,1000.);
#7499=VECTOR('',#11472,1000.);
#7500=VECTOR('',#11473,1000.);
#7501=VECTOR('',#11474,1000.);
#7502=VECTOR('',#11475,1000.);
#7503=VECTOR('',#11476,1000.);
#7504=VECTOR('',#11477,1000.);
#7505=VECTOR('',#11478,1000.);
#7506=VECTOR('',#11479,1000.);
#7507=VECTOR('',#11482,1000.);
#7508=VECTOR('',#11483,1000.);
#7509=VECTOR('',#11484,1000.);
#7510=VECTOR('',#11485,1000.);
#7511=VECTOR('',#11486,1000.);
#7512=VECTOR('',#11487,1000.);
#7513=VECTOR('',#11488,1000.);
#7514=VECTOR('',#11489,1000.);
#7515=VECTOR('',#11490,1000.);
#7516=VECTOR('',#11491,1000.);
#7517=VECTOR('',#11492,1000.);
#7518=VECTOR('',#11495,1000.);
#7519=VECTOR('',#11498,1000.);
#7520=VECTOR('',#11503,1000.);
#7521=VECTOR('',#11508,1000.);
#7522=VECTOR('',#11509,1000.);
#7523=VECTOR('',#11512,1000.);
#7524=VECTOR('',#11513,1000.);
#7525=VECTOR('',#11516,1000.);
#7526=VECTOR('',#11519,1000.);
#7527=VECTOR('',#11522,1000.);
#7528=VECTOR('',#11523,1000.);
#7529=VECTOR('',#11524,1000.);
#7530=VECTOR('',#11539,1000.);
#7531=VECTOR('',#11542,1000.);
#7532=VECTOR('',#11543,1000.);
#7533=VECTOR('',#11544,1000.);
#7534=VECTOR('',#11545,1000.);
#7535=VECTOR('',#11546,1000.);
#7536=VECTOR('',#11549,1000.);
#7537=VECTOR('',#11556,1000.);
#7538=VECTOR('',#11559,1000.);
#7539=VECTOR('',#11562,1000.);
#7540=VECTOR('',#11563,1000.);
#7541=VECTOR('',#11564,1000.);
#7542=VECTOR('',#11565,1000.);
#7543=VECTOR('',#11566,1000.);
#7544=VECTOR('',#11569,1000.);
#7545=VECTOR('',#11570,1000.);
#7546=VECTOR('',#11573,1000.);
#7547=VECTOR('',#11574,1000.);
#7548=VECTOR('',#11577,1000.);
#7549=VECTOR('',#11580,1000.);
#7550=VECTOR('',#11583,1000.);
#7551=VECTOR('',#11586,1000.);
#7552=VECTOR('',#11587,1000.);
#7553=VECTOR('',#11588,1000.);
#7554=VECTOR('',#11589,1000.);
#7555=VECTOR('',#11590,1000.);
#7556=VECTOR('',#11591,1000.);
#7557=VECTOR('',#11592,1000.);
#7558=VECTOR('',#11593,1000.);
#7559=VECTOR('',#11594,1000.);
#7560=VECTOR('',#11595,1000.);
#7561=VECTOR('',#11596,1000.);
#7562=VECTOR('',#11599,1000.);
#7563=VECTOR('',#11604,1000.);
#7564=VECTOR('',#11607,1000.);
#7565=VECTOR('',#11610,1000.);
#7566=VECTOR('',#11611,1000.);
#7567=VECTOR('',#11612,1000.);
#7568=VECTOR('',#11613,1000.);
#7569=VECTOR('',#11616,1000.);
#7570=VECTOR('',#11617,1000.);
#7571=VECTOR('',#11618,1000.);
#7572=VECTOR('',#11619,1000.);
#7573=VECTOR('',#11620,1000.);
#7574=VECTOR('',#11621,1000.);
#7575=VECTOR('',#11622,1000.);
#7576=VECTOR('',#11625,1000.);
#7577=VECTOR('',#11626,1000.);
#7578=VECTOR('',#11629,1000.);
#7579=VECTOR('',#11632,1000.);
#7580=VECTOR('',#11639,1000.);
#7581=VECTOR('',#11646,1000.);
#7582=VECTOR('',#11647,1000.);
#7583=VECTOR('',#11648,1000.);
#7584=VECTOR('',#11649,1000.);
#7585=VECTOR('',#11650,1000.);
#7586=VECTOR('',#11653,1000.);
#7587=VECTOR('',#11662,1000.);
#7588=VECTOR('',#11669,1000.);
#7589=VECTOR('',#11670,1000.);
#7590=VECTOR('',#11671,1000.);
#7591=VECTOR('',#11672,1000.);
#7592=VECTOR('',#11673,1000.);
#7593=VECTOR('',#11676,1000.);
#7594=VECTOR('',#11677,1000.);
#7595=VECTOR('',#11680,1000.);
#7596=VECTOR('',#11685,1000.);
#7597=VECTOR('',#11686,1000.);
#7598=VECTOR('',#11697,1000.);
#7599=VECTOR('',#11698,1000.);
#7600=VECTOR('',#11705,1000.);
#7601=VECTOR('',#11708,1000.);
#7602=VECTOR('',#11709,1000.);
#7603=VECTOR('',#11710,1000.);
#7604=VECTOR('',#11711,1000.);
#7605=VECTOR('',#11712,1000.);
#7606=VECTOR('',#11713,1000.);
#7607=VECTOR('',#11714,1000.);
#7608=VECTOR('',#11715,1000.);
#7609=VECTOR('',#11716,1000.);
#7610=VECTOR('',#11717,1000.);
#7611=VECTOR('',#11722,1000.);
#7612=VECTOR('',#11725,1000.);
#7613=VECTOR('',#11730,1000.);
#7614=VECTOR('',#11733,1000.);
#7615=VECTOR('',#11738,1000.);
#7616=VECTOR('',#11741,1000.);
#7617=VECTOR('',#11754,1000.);
#7618=VECTOR('',#11755,1000.);
#7619=VECTOR('',#11756,1000.);
#7620=VECTOR('',#11757,1000.);
#7621=VECTOR('',#11758,1000.);
#7622=VECTOR('',#11759,1000.);
#7623=VECTOR('',#11762,1000.);
#7624=VECTOR('',#11763,1000.);
#7625=VECTOR('',#11764,1000.);
#7626=VECTOR('',#11765,1000.);
#7627=VECTOR('',#11768,1000.);
#7628=VECTOR('',#11769,1000.);
#7629=VECTOR('',#11770,1000.);
#7630=VECTOR('',#11771,1000.);
#7631=VECTOR('',#11774,1000.);
#7632=VECTOR('',#11775,1000.);
#7633=VECTOR('',#11776,1000.);
#7634=VECTOR('',#11777,1000.);
#7635=VECTOR('',#11780,1000.);
#7636=VECTOR('',#11781,1000.);
#7637=VECTOR('',#11782,1000.);
#7638=VECTOR('',#11783,1000.);
#7639=VECTOR('',#11786,1000.);
#7640=VECTOR('',#11787,1000.);
#7641=VECTOR('',#11790,1000.);
#7642=VECTOR('',#11793,1000.);
#7643=VECTOR('',#11798,1000.);
#7644=VECTOR('',#11807,1000.);
#7645=VECTOR('',#11818,1000.);
#7646=VECTOR('',#11825,1000.);
#7647=VECTOR('',#11826,1000.);
#7648=VECTOR('',#11827,1000.);
#7649=VECTOR('',#11828,1000.);
#7650=VECTOR('',#11829,1000.);
#7651=VECTOR('',#11830,1000.);
#7652=VECTOR('',#11831,1000.);
#7653=VECTOR('',#11832,1000.);
#7654=VECTOR('',#11835,1000.);
#7655=VECTOR('',#11840,1000.);
#7656=VECTOR('',#11847,1000.);
#7657=VECTOR('',#11848,1000.);
#7658=VECTOR('',#11849,1000.);
#7659=VECTOR('',#11850,1000.);
#7660=VECTOR('',#11851,1000.);
#7661=VECTOR('',#11852,1000.);
#7662=VECTOR('',#11859,1000.);
#7663=VECTOR('',#11862,1000.);
#7664=VECTOR('',#11863,1000.);
#7665=VECTOR('',#11864,1000.);
#7666=VECTOR('',#11867,1000.);
#7667=VECTOR('',#11868,1000.);
#7668=VECTOR('',#11869,1000.);
#7669=VECTOR('',#11870,1000.);
#7670=VECTOR('',#11873,1000.);
#7671=VECTOR('',#11880,1000.);
#7672=VECTOR('',#11897,1000.);
#7673=VECTOR('',#11898,1000.);
#7674=VECTOR('',#11907,1000.);
#7675=VECTOR('',#11910,1000.);
#7676=VECTOR('',#11915,1000.);
#7677=VECTOR('',#11918,1000.);
#7678=VECTOR('',#11923,1000.);
#7679=VECTOR('',#11930,1000.);
#7680=VECTOR('',#11939,1000.);
#7681=VECTOR('',#11944,1000.);
#7682=VECTOR('',#11947,1000.);
#7683=VECTOR('',#11950,1000.);
#7684=VECTOR('',#11957,1000.);
#7685=VECTOR('',#11960,1000.);
#7686=VECTOR('',#11965,1000.);
#7687=VECTOR('',#11966,1000.);
#7688=VECTOR('',#11967,1000.);
#7689=VECTOR('',#11976,1000.);
#7690=VECTOR('',#11977,1000.);
#7691=VECTOR('',#11978,1000.);
#7692=VECTOR('',#11981,1000.);
#7693=VECTOR('',#11984,1000.);
#7694=VECTOR('',#11985,1000.);
#7695=VECTOR('',#11986,1000.);
#7696=VECTOR('',#11987,1000.);
#7697=VECTOR('',#11988,1000.);
#7698=VECTOR('',#11989,1000.);
#7699=VECTOR('',#11990,1000.);
#7700=VECTOR('',#11991,1000.);
#7701=VECTOR('',#11992,1000.);
#7702=VECTOR('',#11993,1000.);
#7703=VECTOR('',#11996,1000.);
#7704=VECTOR('',#12001,1000.);
#7705=VECTOR('',#12004,1000.);
#7706=VECTOR('',#12007,1000.);
#7707=VECTOR('',#12010,1000.);
#7708=VECTOR('',#12015,1000.);
#7709=VECTOR('',#12016,1000.);
#7710=VECTOR('',#12019,1000.);
#7711=VECTOR('',#12022,1000.);
#7712=VECTOR('',#12023,1000.);
#7713=VECTOR('',#12024,1000.);
#7714=VECTOR('',#12025,1000.);
#7715=VECTOR('',#12026,1000.);
#7716=VECTOR('',#12027,1000.);
#7717=VECTOR('',#12028,1000.);
#7718=VECTOR('',#12029,1000.);
#7719=VECTOR('',#12030,1000.);
#7720=VECTOR('',#12031,1000.);
#7721=VECTOR('',#12034,1000.);
#7722=VECTOR('',#12035,1000.);
#7723=VECTOR('',#12036,1000.);
#7724=VECTOR('',#12039,1000.);
#7725=VECTOR('',#12044,1000.);
#7726=VECTOR('',#12049,1000.);
#7727=VECTOR('',#12050,1000.);
#7728=VECTOR('',#12053,1000.);
#7729=VECTOR('',#12056,1000.);
#7730=VECTOR('',#12059,1000.);
#7731=VECTOR('',#12060,1000.);
#7732=VECTOR('',#12061,1000.);
#7733=VECTOR('',#12062,1000.);
#7734=VECTOR('',#12063,1000.);
#7735=VECTOR('',#12064,1000.);
#7736=VECTOR('',#12065,1000.);
#7737=VECTOR('',#12066,1000.);
#7738=VECTOR('',#12067,1000.);
#7739=VECTOR('',#12068,1000.);
#7740=VECTOR('',#12071,1000.);
#7741=VECTOR('',#12074,1000.);
#7742=VECTOR('',#12075,1000.);
#7743=VECTOR('',#12078,1000.);
#7744=VECTOR('',#12081,1000.);
#7745=VECTOR('',#12082,1000.);
#7746=VECTOR('',#12083,1000.);
#7747=VECTOR('',#12086,1000.);
#7748=VECTOR('',#12087,1000.);
#7749=VECTOR('',#12090,1000.);
#7750=VECTOR('',#12093,1000.);
#7751=VECTOR('',#12094,1000.);
#7752=VECTOR('',#12097,1000.);
#7753=VECTOR('',#12098,1000.);
#7754=VECTOR('',#12099,1000.);
#7755=VECTOR('',#12100,1000.);
#7756=VECTOR('',#12105,1000.);
#7757=VECTOR('',#12112,1000.);
#7758=VECTOR('',#12119,1000.);
#7759=VECTOR('',#12122,1000.);
#7760=VECTOR('',#12125,1000.);
#7761=VECTOR('',#12126,1000.);
#7762=VECTOR('',#12129,1000.);
#7763=VECTOR('',#12130,1000.);
#7764=VECTOR('',#12133,1000.);
#7765=VECTOR('',#12134,1000.);
#7766=VECTOR('',#12141,1000.);
#7767=VECTOR('',#12142,1000.);
#7768=VECTOR('',#12147,1000.);
#7769=VECTOR('',#12148,1000.);
#7770=VECTOR('',#12149,1000.);
#7771=VECTOR('',#12152,1000.);
#7772=VECTOR('',#12153,1000.);
#7773=VECTOR('',#12156,1000.);
#7774=VECTOR('',#12159,1000.);
#7775=VECTOR('',#12164,1000.);
#7776=VECTOR('',#12169,1000.);
#7777=VECTOR('',#12172,1000.);
#7778=VECTOR('',#12173,1000.);
#7779=VECTOR('',#12176,1000.);
#7780=VECTOR('',#12177,1000.);
#7781=VECTOR('',#12180,1000.);
#7782=VECTOR('',#12181,1000.);
#7783=VECTOR('',#12188,1000.);
#7784=VECTOR('',#12191,1000.);
#7785=VECTOR('',#12192,1000.);
#7786=VECTOR('',#12195,1000.);
#7787=VECTOR('',#12196,1000.);
#7788=VECTOR('',#12199,1000.);
#7789=VECTOR('',#12202,1000.);
#7790=VECTOR('',#12207,1000.);
#7791=VECTOR('',#12214,1000.);
#7792=VECTOR('',#12217,1000.);
#7793=VECTOR('',#12220,1000.);
#7794=VECTOR('',#12221,1000.);
#7795=VECTOR('',#12224,1000.);
#7796=VECTOR('',#12231,1000.);
#7797=VECTOR('',#12232,1000.);
#7798=VECTOR('',#12233,1000.);
#7799=VECTOR('',#12248,1000.);
#7800=VECTOR('',#12249,1000.);
#7801=VECTOR('',#12250,1000.);
#7802=VECTOR('',#12255,1000.);
#7803=VECTOR('',#12260,1000.);
#7804=VECTOR('',#12263,1000.);
#7805=VECTOR('',#12286,1000.);
#7806=VECTOR('',#12289,1000.);
#7807=VECTOR('',#12292,1000.);
#7808=VECTOR('',#12293,1000.);
#7809=VECTOR('',#12308,1000.);
#7810=VECTOR('',#12311,1000.);
#7811=VECTOR('',#12314,1000.);
#7812=VECTOR('',#12315,1000.);
#7813=VECTOR('',#12322,1000.);
#7814=VECTOR('',#12323,1000.);
#7815=VECTOR('',#12326,1000.);
#7816=VECTOR('',#12331,1000.);
#7817=VECTOR('',#12334,1000.);
#7818=VECTOR('',#12335,1000.);
#7819=VECTOR('',#12340,1000.);
#7820=VECTOR('',#12341,1000.);
#7821=VECTOR('',#12346,1000.);
#7822=VECTOR('',#12347,1000.);
#7823=VECTOR('',#12352,1000.);
#7824=VECTOR('',#12355,1000.);
#7825=VECTOR('',#12360,1000.);
#7826=VECTOR('',#12365,1000.);
#7827=VECTOR('',#12372,1000.);
#7828=VECTOR('',#12377,1000.);
#7829=VECTOR('',#12380,1000.);
#7830=VECTOR('',#12381,1000.);
#7831=VECTOR('',#12386,1000.);
#7832=VECTOR('',#12389,1000.);
#7833=VECTOR('',#12394,1000.);
#7834=VECTOR('',#12399,1000.);
#7835=VECTOR('',#12406,1000.);
#7836=VECTOR('',#12407,1000.);
#7837=VECTOR('',#12408,1000.);
#7838=VECTOR('',#12411,1000.);
#7839=VECTOR('',#12412,1000.);
#7840=VECTOR('',#12415,1000.);
#7841=VECTOR('',#12416,1000.);
#7842=VECTOR('',#12421,1000.);
#7843=VECTOR('',#12426,1000.);
#7844=VECTOR('',#12429,1000.);
#7845=VECTOR('',#12434,1000.);
#7846=VECTOR('',#12435,1000.);
#7847=VECTOR('',#12436,1000.);
#7848=VECTOR('',#12439,1000.);
#7849=VECTOR('',#12440,1000.);
#7850=VECTOR('',#12443,1000.);
#7851=VECTOR('',#12446,1000.);
#7852=VECTOR('',#12447,1000.);
#7853=VECTOR('',#12448,1000.);
#7854=VECTOR('',#12449,1000.);
#7855=VECTOR('',#12450,1000.);
#7856=VECTOR('',#12451,1000.);
#7857=VECTOR('',#12452,1000.);
#7858=VECTOR('',#12453,1000.);
#7859=VECTOR('',#12454,1000.);
#7860=VECTOR('',#12457,1000.);
#7861=VECTOR('',#12460,1000.);
#7862=VECTOR('',#12465,1000.);
#7863=VECTOR('',#12468,1000.);
#7864=VECTOR('',#12471,1000.);
#7865=VECTOR('',#12474,1000.);
#7866=VECTOR('',#12477,1000.);
#7867=VECTOR('',#12480,1000.);
#7868=VECTOR('',#12483,1000.);
#7869=VECTOR('',#12486,1000.);
#7870=VECTOR('',#12489,1000.);
#7871=VECTOR('',#12492,1000.);
#7872=VECTOR('',#12495,1000.);
#7873=VECTOR('',#12498,1000.);
#7874=VECTOR('',#12499,1000.);
#7875=VECTOR('',#12502,1000.);
#7876=VECTOR('',#12505,1000.);
#7877=VECTOR('',#12506,1000.);
#7878=VECTOR('',#12521,1000.);
#7879=VECTOR('',#12522,1000.);
#7880=VECTOR('',#12525,1000.);
#7881=VECTOR('',#12528,1000.);
#7882=VECTOR('',#12531,1000.);
#7883=VECTOR('',#12534,1000.);
#7884=VECTOR('',#12539,1000.);
#7885=VECTOR('',#12542,1000.);
#7886=VECTOR('',#12545,1000.);
#7887=VECTOR('',#12548,1000.);
#7888=VECTOR('',#12551,1000.);
#7889=VECTOR('',#12554,1000.);
#7890=VECTOR('',#12555,1000.);
#7891=VECTOR('',#12558,1000.);
#7892=VECTOR('',#12559,1000.);
#7893=VECTOR('',#12562,1000.);
#7894=VECTOR('',#12563,1000.);
#7895=VECTOR('',#12564,1000.);
#7896=VECTOR('',#12565,1000.);
#7897=VECTOR('',#12568,1000.);
#7898=VECTOR('',#12569,1000.);
#7899=VECTOR('',#12570,1000.);
#7900=VECTOR('',#12571,1000.);
#7901=VECTOR('',#12574,1000.);
#7902=VECTOR('',#12575,1000.);
#7903=VECTOR('',#12576,1000.);
#7904=VECTOR('',#12577,1000.);
#7905=VECTOR('',#12580,1000.);
#7906=VECTOR('',#12581,1000.);
#7907=VECTOR('',#12582,1000.);
#7908=VECTOR('',#12583,1000.);
#7909=VECTOR('',#12586,1000.);
#7910=VECTOR('',#12587,1000.);
#7911=VECTOR('',#12588,1000.);
#7912=VECTOR('',#12591,1000.);
#7913=VECTOR('',#12594,1000.);
#7914=VECTOR('',#12599,1000.);
#7915=VECTOR('',#12602,1000.);
#7916=VECTOR('',#12607,1000.);
#7917=VECTOR('',#12610,1000.);
#7918=VECTOR('',#12613,1000.);
#7919=VECTOR('',#12616,1000.);
#7920=VECTOR('',#12619,1000.);
#7921=VECTOR('',#12622,1000.);
#7922=VECTOR('',#12623,1000.);
#7923=VECTOR('',#12640,1000.);
#7924=VECTOR('',#12641,1000.);
#7925=VECTOR('',#12644,1000.);
#7926=VECTOR('',#12647,1000.);
#7927=VECTOR('',#12648,1000.);
#7928=VECTOR('',#12651,1000.);
#7929=VECTOR('',#12652,1000.);
#7930=VECTOR('',#12655,1000.);
#7931=VECTOR('',#12658,1000.);
#7932=VECTOR('',#12661,1000.);
#7933=VECTOR('',#12664,1000.);
#7934=VECTOR('',#12669,1000.);
#7935=VECTOR('',#12670,1000.);
#7936=VECTOR('',#12671,1000.);
#7937=VECTOR('',#12684,1000.);
#7938=VECTOR('',#12687,1000.);
#7939=VECTOR('',#12694,1000.);
#7940=VECTOR('',#12697,1000.);
#7941=VECTOR('',#12708,1000.);
#7942=VECTOR('',#12717,1000.);
#7943=VECTOR('',#12718,1000.);
#7944=VECTOR('',#12735,1000.);
#7945=VECTOR('',#12740,1000.);
#7946=VECTOR('',#12743,1000.);
#7947=VECTOR('',#12748,1000.);
#7948=VECTOR('',#12755,1000.);
#7949=VECTOR('',#12760,1000.);
#7950=VECTOR('',#12763,1000.);
#7951=VECTOR('',#12768,1000.);
#7952=VECTOR('',#12773,1000.);
#7953=VECTOR('',#12778,1000.);
#7954=VECTOR('',#12785,1000.);
#7955=VECTOR('',#12786,1000.);
#7956=VECTOR('',#12791,1000.);
#7957=VECTOR('',#12796,1000.);
#7958=VECTOR('',#12801,1000.);
#7959=VECTOR('',#12908,1000.);
#7960=VECTOR('',#12909,1000.);
#7961=VECTOR('',#12910,1000.);
#7962=VECTOR('',#12911,1000.);
#7963=VECTOR('',#12914,1000.);
#7964=VECTOR('',#12915,1000.);
#7965=VECTOR('',#12916,1000.);
#7966=VECTOR('',#12919,1000.);
#7967=VECTOR('',#12920,1000.);
#7968=VECTOR('',#12921,1000.);
#7969=VECTOR('',#12924,1000.);
#7970=VECTOR('',#12925,1000.);
#7971=VECTOR('',#12926,1000.);
#7972=VECTOR('',#12927,1000.);
#7973=VECTOR('',#12930,1000.);
#7974=VECTOR('',#12931,1000.);
#7975=VECTOR('',#12932,1000.);
#7976=VECTOR('',#12935,1000.);
#7977=VECTOR('',#12936,1000.);
#7978=VECTOR('',#12937,1000.);
#7979=VECTOR('',#12940,1000.);
#7980=VECTOR('',#12941,1000.);
#7981=VECTOR('',#12942,1000.);
#7982=VECTOR('',#12943,1000.);
#7983=VECTOR('',#12946,1000.);
#7984=VECTOR('',#12947,1000.);
#7985=VECTOR('',#12948,1000.);
#7986=VECTOR('',#12951,1000.);
#7987=VECTOR('',#12952,1000.);
#7988=VECTOR('',#12953,1000.);
#7989=VECTOR('',#12956,1000.);
#7990=VECTOR('',#12957,1000.);
#7991=VECTOR('',#12958,1000.);
#7992=VECTOR('',#12959,1000.);
#7993=VECTOR('',#12962,1000.);
#7994=VECTOR('',#12963,1000.);
#7995=VECTOR('',#12964,1000.);
#7996=VECTOR('',#12967,1000.);
#7997=VECTOR('',#12968,1000.);
#7998=VECTOR('',#12969,1000.);
#7999=VECTOR('',#12972,1000.);
#8000=VECTOR('',#12973,1000.);
#8001=VECTOR('',#12974,1000.);
#8002=VECTOR('',#12975,1000.);
#8003=VECTOR('',#12978,1000.);
#8004=VECTOR('',#12979,1000.);
#8005=VECTOR('',#12980,1000.);
#8006=VECTOR('',#12983,1000.);
#8007=VECTOR('',#12984,1000.);
#8008=VECTOR('',#12985,1000.);
#8009=VECTOR('',#12988,1000.);
#8010=VECTOR('',#12997,1000.);
#8011=VECTOR('',#13002,1000.);
#8012=VECTOR('',#13011,1000.);
#8013=VECTOR('',#13016,1000.);
#8014=VECTOR('',#13025,1000.);
#8015=VECTOR('',#13030,1000.);
#8016=VECTOR('',#13039,1000.);
#8017=VECTOR('',#13046,1000.);
#8018=VECTOR('',#13051,1000.);
#8019=VECTOR('',#13078,1000.);
#8020=VECTOR('',#13079,1000.);
#8021=VECTOR('',#13080,1000.);
#8022=VECTOR('',#13081,1000.);
#8023=VECTOR('',#13084,1000.);
#8024=VECTOR('',#13085,1000.);
#8025=VECTOR('',#13086,1000.);
#8026=VECTOR('',#13089,1000.);
#8027=VECTOR('',#13090,1000.);
#8028=VECTOR('',#13091,1000.);
#8029=VECTOR('',#13094,1000.);
#8030=VECTOR('',#13095,1000.);
#8031=VECTOR('',#13096,1000.);
#8032=VECTOR('',#13097,1000.);
#8033=VECTOR('',#13100,1000.);
#8034=VECTOR('',#13101,1000.);
#8035=VECTOR('',#13102,1000.);
#8036=VECTOR('',#13105,1000.);
#8037=VECTOR('',#13106,1000.);
#8038=VECTOR('',#13107,1000.);
#8039=VECTOR('',#13110,1000.);
#8040=VECTOR('',#13111,1000.);
#8041=VECTOR('',#13112,1000.);
#8042=VECTOR('',#13113,1000.);
#8043=VECTOR('',#13116,1000.);
#8044=VECTOR('',#13117,1000.);
#8045=VECTOR('',#13118,1000.);
#8046=VECTOR('',#13121,1000.);
#8047=VECTOR('',#13122,1000.);
#8048=VECTOR('',#13123,1000.);
#8049=VECTOR('',#13126,1000.);
#8050=VECTOR('',#13127,1000.);
#8051=VECTOR('',#13128,1000.);
#8052=VECTOR('',#13129,1000.);
#8053=VECTOR('',#13132,1000.);
#8054=VECTOR('',#13133,1000.);
#8055=VECTOR('',#13134,1000.);
#8056=VECTOR('',#13137,1000.);
#8057=VECTOR('',#13138,1000.);
#8058=VECTOR('',#13139,1000.);
#8059=VECTOR('',#13142,1000.);
#8060=VECTOR('',#13143,1000.);
#8061=VECTOR('',#13144,1000.);
#8062=VECTOR('',#13145,1000.);
#8063=VECTOR('',#13148,1000.);
#8064=VECTOR('',#13149,1000.);
#8065=VECTOR('',#13150,1000.);
#8066=VECTOR('',#13153,1000.);
#8067=VECTOR('',#13154,1000.);
#8068=VECTOR('',#13155,1000.);
#8069=VECTOR('',#13158,1000.);
#8070=VECTOR('',#13167,1000.);
#8071=VECTOR('',#13172,1000.);
#8072=VECTOR('',#13181,1000.);
#8073=VECTOR('',#13186,1000.);
#8074=VECTOR('',#13195,1000.);
#8075=VECTOR('',#13200,1000.);
#8076=VECTOR('',#13209,1000.);
#8077=VECTOR('',#13216,1000.);
#8078=VECTOR('',#13221,1000.);
#8079=VECTOR('',#13248,1000.);
#8080=VECTOR('',#13249,1000.);
#8081=VECTOR('',#13250,1000.);
#8082=VECTOR('',#13251,1000.);
#8083=VECTOR('',#13254,1000.);
#8084=VECTOR('',#13255,1000.);
#8085=VECTOR('',#13256,1000.);
#8086=VECTOR('',#13257,1000.);
#8087=VECTOR('',#13264,1000.);
#8088=VECTOR('',#13267,1000.);
#8089=VECTOR('',#13268,1000.);
#8090=VECTOR('',#13269,1000.);
#8091=VECTOR('',#13272,1000.);
#8092=VECTOR('',#13273,1000.);
#8093=VECTOR('',#13274,1000.);
#8094=VECTOR('',#13337,1000.);
#8095=VECTOR('',#13338,1000.);
#8096=VECTOR('',#13339,1000.);
#8097=VECTOR('',#13340,1000.);
#8098=VECTOR('',#13343,1000.);
#8099=VECTOR('',#13344,1000.);
#8100=VECTOR('',#13345,1000.);
#8101=VECTOR('',#13346,1000.);
#8102=VECTOR('',#13355,1000.);
#8103=VECTOR('',#13356,1000.);
#8104=VECTOR('',#13357,1000.);
#8105=VECTOR('',#13360,1000.);
#8106=VECTOR('',#13361,1000.);
#8107=VECTOR('',#13362,1000.);
#8108=VECTOR('',#13425,1000.);
#8109=VECTOR('',#13426,1000.);
#8110=VECTOR('',#13427,1000.);
#8111=VECTOR('',#13428,1000.);
#8112=VECTOR('',#13431,1000.);
#8113=VECTOR('',#13432,1000.);
#8114=VECTOR('',#13433,1000.);
#8115=VECTOR('',#13434,1000.);
#8116=VECTOR('',#13439,1000.);
#8117=VECTOR('',#13444,1000.);
#8118=VECTOR('',#13445,1000.);
#8119=VECTOR('',#13446,1000.);
#8120=VECTOR('',#13449,1000.);
#8121=VECTOR('',#13450,1000.);
#8122=VECTOR('',#13451,1000.);
#8123=VECTOR('',#13514,1000.);
#8124=VECTOR('',#13515,1000.);
#8125=VECTOR('',#13516,1000.);
#8126=VECTOR('',#13517,1000.);
#8127=VECTOR('',#13520,1000.);
#8128=VECTOR('',#13521,1000.);
#8129=VECTOR('',#13522,1000.);
#8130=VECTOR('',#13523,1000.);
#8131=VECTOR('',#13526,1000.);
#8132=VECTOR('',#13527,1000.);
#8133=VECTOR('',#13528,1000.);
#8134=VECTOR('',#13531,1000.);
#8135=VECTOR('',#13532,1000.);
#8136=VECTOR('',#13533,1000.);
#8137=VECTOR('',#13596,1000.);
#8138=VECTOR('',#13597,1000.);
#8139=VECTOR('',#13598,1000.);
#8140=VECTOR('',#13599,1000.);
#8141=VECTOR('',#13602,1000.);
#8142=VECTOR('',#13603,1000.);
#8143=VECTOR('',#13604,1000.);
#8144=VECTOR('',#13605,1000.);
#8145=VECTOR('',#13608,1000.);
#8146=VECTOR('',#13609,1000.);
#8147=VECTOR('',#13610,1000.);
#8148=VECTOR('',#13613,1000.);
#8149=VECTOR('',#13614,1000.);
#8150=VECTOR('',#13615,1000.);
#8151=EDGE_LOOP('',(#1052,#1053,#1054,#1055));
#8152=EDGE_LOOP('',(#1056,#1057,#1058));
#8153=EDGE_LOOP('',(#1059,#1060,#1061));
#8154=EDGE_LOOP('',(#1062,#1063,#1064));
#8155=EDGE_LOOP('',(#1065,#1066,#1067));
#8156=EDGE_LOOP('',(#1068,#1069,#1070));
#8157=EDGE_LOOP('',(#1071,#1072,#1073,#1074,#1075,#1076,#1077,#1078));
#8158=EDGE_LOOP('',(#1079,#1080,#1081,#1082,#1083,#1084));
#8159=EDGE_LOOP('',(#1085,#1086,#1087,#1088,#1089,#1090,#1091,#1092,#1093,
#1094,#1095,#1096,#1097,#1098,#1099,#1100,#1101,#1102,#1103,#1104,#1105,
#1106,#1107,#1108,#1109,#1110,#1111,#1112,#1113,#1114,#1115,#1116,#1117,
#1118,#1119,#1120,#1121,#1122,#1123,#1124,#1125,#1126,#1127,#1128,#1129,
#1130,#1131,#1132,#1133,#1134,#1135,#1136,#1137));
#8160=EDGE_LOOP('',(#1138,#1139,#1140,#1141,#1142,#1143,#1144,#1145));
#8161=EDGE_LOOP('',(#1146,#1147,#1148,#1149,#1150,#1151,#1152,#1153,#1154,
#1155,#1156,#1157,#1158,#1159,#1160,#1161,#1162,#1163,#1164,#1165,#1166,
#1167,#1168,#1169,#1170,#1171,#1172,#1173,#1174,#1175,#1176,#1177,#1178,
#1179,#1180,#1181,#1182,#1183,#1184));
#8162=EDGE_LOOP('',(#1185,#1186,#1187,#1188,#1189,#1190,#1191,#1192));
#8163=EDGE_LOOP('',(#1193,#1194,#1195,#1196,#1197,#1198,#1199,#1200));
#8164=EDGE_LOOP('',(#1201,#1202,#1203,#1204,#1205,#1206,#1207,#1208,#1209,
#1210,#1211,#1212,#1213,#1214,#1215,#1216,#1217,#1218,#1219,#1220,#1221,
#1222));
#8165=EDGE_LOOP('',(#1223,#1224,#1225,#1226));
#8166=EDGE_LOOP('',(#1227,#1228,#1229,#1230));
#8167=EDGE_LOOP('',(#1231,#1232,#1233,#1234));
#8168=EDGE_LOOP('',(#1235,#1236,#1237,#1238));
#8169=EDGE_LOOP('',(#1239,#1240,#1241,#1242));
#8170=EDGE_LOOP('',(#1243,#1244,#1245,#1246));
#8171=EDGE_LOOP('',(#1247,#1248,#1249,#1250,#1251,#1252,#1253,#1254,#1255,
#1256,#1257,#1258,#1259,#1260,#1261,#1262,#1263,#1264,#1265,#1266,#1267,
#1268,#1269,#1270,#1271,#1272,#1273,#1274,#1275,#1276,#1277,#1278,#1279,
#1280,#1281,#1282,#1283,#1284,#1285,#1286,#1287,#1288));
#8172=EDGE_LOOP('',(#1289,#1290,#1291,#1292));
#8173=EDGE_LOOP('',(#1293,#1294,#1295,#1296));
#8174=EDGE_LOOP('',(#1297,#1298,#1299,#1300));
#8175=EDGE_LOOP('',(#1301,#1302,#1303,#1304));
#8176=EDGE_LOOP('',(#1305,#1306,#1307,#1308,#1309));
#8177=EDGE_LOOP('',(#1310,#1311,#1312,#1313,#1314,#1315,#1316,#1317,#1318,
#1319,#1320,#1321,#1322,#1323,#1324,#1325,#1326,#1327,#1328,#1329,#1330,
#1331,#1332,#1333,#1334,#1335,#1336,#1337,#1338,#1339,#1340,#1341,#1342,
#1343,#1344,#1345,#1346,#1347,#1348,#1349,#1350,#1351));
#8178=EDGE_LOOP('',(#1352,#1353,#1354,#1355,#1356,#1357,#1358,#1359,#1360,
#1361,#1362,#1363,#1364,#1365,#1366,#1367,#1368,#1369,#1370,#1371,#1372,
#1373,#1374,#1375,#1376,#1377,#1378,#1379,#1380,#1381));
#8179=EDGE_LOOP('',(#1382,#1383));
#8180=EDGE_LOOP('',(#1384,#1385,#1386,#1387,#1388,#1389,#1390,#1391,#1392,
#1393,#1394,#1395));
#8181=EDGE_LOOP('',(#1396,#1397,#1398,#1399,#1400,#1401,#1402,#1403,#1404,
#1405,#1406,#1407));
#8182=EDGE_LOOP('',(#1408,#1409,#1410,#1411,#1412));
#8183=EDGE_LOOP('',(#1413,#1414,#1415,#1416,#1417));
#8184=EDGE_LOOP('',(#1418,#1419,#1420,#1421,#1422,#1423,#1424,#1425,#1426,
#1427));
#8185=EDGE_LOOP('',(#1428,#1429,#1430,#1431));
#8186=EDGE_LOOP('',(#1432,#1433,#1434,#1435));
#8187=EDGE_LOOP('',(#1436,#1437,#1438,#1439));
#8188=EDGE_LOOP('',(#1440,#1441,#1442,#1443,#1444,#1445,#1446,#1447,#1448,
#1449,#1450));
#8189=EDGE_LOOP('',(#1451,#1452,#1453,#1454,#1455,#1456,#1457,#1458,#1459,
#1460,#1461));
#8190=EDGE_LOOP('',(#1462,#1463,#1464,#1465));
#8191=EDGE_LOOP('',(#1466,#1467,#1468,#1469,#1470,#1471,#1472,#1473,#1474,
#1475,#1476,#1477,#1478,#1479,#1480,#1481,#1482,#1483,#1484,#1485,#1486,
#1487,#1488,#1489,#1490,#1491,#1492,#1493,#1494,#1495));
#8192=EDGE_LOOP('',(#1496,#1497));
#8193=EDGE_LOOP('',(#1498,#1499,#1500,#1501));
#8194=EDGE_LOOP('',(#1502,#1503,#1504,#1505,#1506,#1507,#1508,#1509,#1510,
#1511));
#8195=EDGE_LOOP('',(#1512,#1513,#1514,#1515,#1516,#1517));
#8196=EDGE_LOOP('',(#1518,#1519,#1520,#1521,#1522,#1523,#1524,#1525,#1526,
#1527,#1528));
#8197=EDGE_LOOP('',(#1529,#1530,#1531,#1532,#1533,#1534,#1535,#1536,#1537,
#1538,#1539));
#8198=EDGE_LOOP('',(#1540,#1541,#1542,#1543,#1544,#1545,#1546,#1547,#1548,
#1549,#1550,#1551,#1552));
#8199=EDGE_LOOP('',(#1553,#1554,#1555,#1556,#1557,#1558));
#8200=EDGE_LOOP('',(#1559,#1560,#1561,#1562));
#8201=EDGE_LOOP('',(#1563,#1564,#1565,#1566));
#8202=EDGE_LOOP('',(#1567,#1568,#1569,#1570));
#8203=EDGE_LOOP('',(#1571,#1572,#1573,#1574,#1575,#1576,#1577,#1578,#1579,
#1580,#1581,#1582,#1583,#1584,#1585,#1586,#1587,#1588,#1589,#1590,#1591,
#1592,#1593,#1594,#1595));
#8204=EDGE_LOOP('',(#1596,#1597));
#8205=EDGE_LOOP('',(#1598,#1599,#1600,#1601,#1602,#1603,#1604,#1605,#1606,
#1607));
#8206=EDGE_LOOP('',(#1608,#1609,#1610,#1611));
#8207=EDGE_LOOP('',(#1612,#1613,#1614,#1615,#1616,#1617,#1618,#1619,#1620,
#1621,#1622,#1623,#1624,#1625,#1626,#1627,#1628,#1629,#1630,#1631,#1632,
#1633,#1634,#1635,#1636,#1637,#1638,#1639,#1640,#1641,#1642,#1643,#1644,
#1645,#1646,#1647,#1648,#1649,#1650,#1651,#1652));
#8208=EDGE_LOOP('',(#1653,#1654,#1655,#1656,#1657,#1658,#1659,#1660));
#8209=EDGE_LOOP('',(#1661));
#8210=EDGE_LOOP('',(#1662,#1663,#1664,#1665,#1666,#1667,#1668,#1669));
#8211=EDGE_LOOP('',(#1670,#1671,#1672,#1673,#1674,#1675));
#8212=EDGE_LOOP('',(#1676,#1677,#1678,#1679,#1680,#1681));
#8213=EDGE_LOOP('',(#1682,#1683,#1684,#1685,#1686,#1687,#1688,#1689,#1690,
#1691,#1692,#1693));
#8214=EDGE_LOOP('',(#1694,#1695,#1696,#1697,#1698,#1699,#1700,#1701));
#8215=EDGE_LOOP('',(#1702,#1703,#1704,#1705,#1706,#1707,#1708));
#8216=EDGE_LOOP('',(#1709,#1710,#1711,#1712));
#8217=EDGE_LOOP('',(#1713,#1714,#1715,#1716));
#8218=EDGE_LOOP('',(#1717,#1718,#1719,#1720));
#8219=EDGE_LOOP('',(#1721,#1722,#1723,#1724,#1725,#1726,#1727,#1728,#1729,
#1730));
#8220=EDGE_LOOP('',(#1731));
#8221=EDGE_LOOP('',(#1732,#1733,#1734,#1735,#1736,#1737,#1738,#1739,#1740,
#1741,#1742,#1743));
#8222=EDGE_LOOP('',(#1744,#1745,#1746,#1747,#1748,#1749,#1750,#1751));
#8223=EDGE_LOOP('',(#1752,#1753,#1754,#1755));
#8224=EDGE_LOOP('',(#1756,#1757,#1758,#1759));
#8225=EDGE_LOOP('',(#1760,#1761,#1762,#1763,#1764));
#8226=EDGE_LOOP('',(#1765,#1766,#1767,#1768,#1769));
#8227=EDGE_LOOP('',(#1770,#1771,#1772,#1773));
#8228=EDGE_LOOP('',(#1774,#1775,#1776,#1777));
#8229=EDGE_LOOP('',(#1778,#1779,#1780,#1781));
#8230=EDGE_LOOP('',(#1782,#1783,#1784,#1785));
#8231=EDGE_LOOP('',(#1786,#1787,#1788,#1789));
#8232=EDGE_LOOP('',(#1790,#1791,#1792,#1793));
#8233=EDGE_LOOP('',(#1794,#1795,#1796,#1797));
#8234=EDGE_LOOP('',(#1798,#1799,#1800,#1801));
#8235=EDGE_LOOP('',(#1802,#1803,#1804,#1805,#1806,#1807));
#8236=EDGE_LOOP('',(#1808,#1809,#1810,#1811,#1812,#1813,#1814,#1815,#1816,
#1817,#1818,#1819,#1820,#1821,#1822,#1823,#1824,#1825,#1826,#1827,#1828,
#1829,#1830,#1831,#1832,#1833,#1834,#1835,#1836,#1837,#1838,#1839));
#8237=EDGE_LOOP('',(#1840,#1841,#1842,#1843,#1844));
#8238=EDGE_LOOP('',(#1845,#1846));
#8239=EDGE_LOOP('',(#1847,#1848,#1849,#1850,#1851,#1852,#1853,#1854,#1855,
#1856,#1857,#1858,#1859,#1860,#1861,#1862,#1863,#1864,#1865,#1866,#1867,
#1868,#1869,#1870,#1871,#1872,#1873,#1874,#1875));
#8240=EDGE_LOOP('',(#1876,#1877,#1878,#1879));
#8241=EDGE_LOOP('',(#1880,#1881,#1882,#1883,#1884,#1885,#1886,#1887,#1888,
#1889,#1890,#1891,#1892,#1893,#1894,#1895,#1896,#1897,#1898,#1899,#1900,
#1901,#1902,#1903,#1904,#1905,#1906,#1907));
#8242=EDGE_LOOP('',(#1908,#1909,#1910,#1911));
#8243=EDGE_LOOP('',(#1912,#1913,#1914,#1915,#1916,#1917,#1918,#1919));
#8244=EDGE_LOOP('',(#1920,#1921,#1922,#1923));
#8245=EDGE_LOOP('',(#1924,#1925,#1926,#1927,#1928,#1929));
#8246=EDGE_LOOP('',(#1930,#1931,#1932,#1933,#1934,#1935));
#8247=EDGE_LOOP('',(#1936,#1937,#1938,#1939,#1940,#1941,#1942,#1943,#1944));
#8248=EDGE_LOOP('',(#1945,#1946,#1947,#1948));
#8249=EDGE_LOOP('',(#1949,#1950,#1951,#1952));
#8250=EDGE_LOOP('',(#1953,#1954,#1955,#1956));
#8251=EDGE_LOOP('',(#1957,#1958,#1959,#1960));
#8252=EDGE_LOOP('',(#1961,#1962,#1963,#1964));
#8253=EDGE_LOOP('',(#1965,#1966,#1967,#1968,#1969));
#8254=EDGE_LOOP('',(#1970,#1971,#1972,#1973));
#8255=EDGE_LOOP('',(#1974,#1975,#1976,#1977));
#8256=EDGE_LOOP('',(#1978,#1979,#1980,#1981,#1982));
#8257=EDGE_LOOP('',(#1983,#1984,#1985,#1986));
#8258=EDGE_LOOP('',(#1987,#1988,#1989,#1990));
#8259=EDGE_LOOP('',(#1991,#1992,#1993,#1994));
#8260=EDGE_LOOP('',(#1995,#1996,#1997,#1998));
#8261=EDGE_LOOP('',(#1999,#2000,#2001,#2002));
#8262=EDGE_LOOP('',(#2003,#2004,#2005,#2006));
#8263=EDGE_LOOP('',(#2007,#2008,#2009,#2010));
#8264=EDGE_LOOP('',(#2011,#2012,#2013,#2014));
#8265=EDGE_LOOP('',(#2015,#2016,#2017,#2018));
#8266=EDGE_LOOP('',(#2019,#2020,#2021,#2022));
#8267=EDGE_LOOP('',(#2023,#2024,#2025,#2026));
#8268=EDGE_LOOP('',(#2027,#2028,#2029,#2030,#2031));
#8269=EDGE_LOOP('',(#2032,#2033,#2034,#2035));
#8270=EDGE_LOOP('',(#2036,#2037,#2038,#2039,#2040));
#8271=EDGE_LOOP('',(#2041,#2042,#2043,#2044,#2045));
#8272=EDGE_LOOP('',(#2046,#2047,#2048,#2049));
#8273=EDGE_LOOP('',(#2050,#2051,#2052,#2053));
#8274=EDGE_LOOP('',(#2054,#2055,#2056,#2057,#2058));
#8275=EDGE_LOOP('',(#2059,#2060,#2061,#2062));
#8276=EDGE_LOOP('',(#2063,#2064,#2065,#2066));
#8277=EDGE_LOOP('',(#2067,#2068,#2069,#2070));
#8278=EDGE_LOOP('',(#2071,#2072,#2073,#2074,#2075));
#8279=EDGE_LOOP('',(#2076,#2077,#2078,#2079));
#8280=EDGE_LOOP('',(#2080,#2081,#2082,#2083,#2084));
#8281=EDGE_LOOP('',(#2085,#2086,#2087,#2088,#2089));
#8282=EDGE_LOOP('',(#2090,#2091,#2092,#2093));
#8283=EDGE_LOOP('',(#2094,#2095,#2096,#2097,#2098));
#8284=EDGE_LOOP('',(#2099,#2100,#2101,#2102,#2103,#2104,#2105,#2106));
#8285=EDGE_LOOP('',(#2107,#2108,#2109,#2110));
#8286=EDGE_LOOP('',(#2111));
#8287=EDGE_LOOP('',(#2112));
#8288=EDGE_LOOP('',(#2113));
#8289=EDGE_LOOP('',(#2114));
#8290=EDGE_LOOP('',(#2115,#2116));
#8291=EDGE_LOOP('',(#2117,#2118,#2119,#2120,#2121,#2122));
#8292=EDGE_LOOP('',(#2123,#2124,#2125,#2126));
#8293=EDGE_LOOP('',(#2127,#2128,#2129,#2130));
#8294=EDGE_LOOP('',(#2131,#2132,#2133,#2134,#2135));
#8295=EDGE_LOOP('',(#2136));
#8296=EDGE_LOOP('',(#2137));
#8297=EDGE_LOOP('',(#2138));
#8298=EDGE_LOOP('',(#2139));
#8299=EDGE_LOOP('',(#2140,#2141));
#8300=EDGE_LOOP('',(#2142,#2143));
#8301=EDGE_LOOP('',(#2144,#2145));
#8302=EDGE_LOOP('',(#2146,#2147,#2148,#2149,#2150,#2151,#2152));
#8303=EDGE_LOOP('',(#2153,#2154,#2155,#2156,#2157,#2158,#2159,#2160,#2161,
#2162));
#8304=EDGE_LOOP('',(#2163,#2164,#2165,#2166,#2167));
#8305=EDGE_LOOP('',(#2168,#2169,#2170,#2171,#2172));
#8306=EDGE_LOOP('',(#2173,#2174,#2175,#2176,#2177,#2178,#2179,#2180,#2181));
#8307=EDGE_LOOP('',(#2182,#2183,#2184,#2185));
#8308=EDGE_LOOP('',(#2186,#2187,#2188,#2189));
#8309=EDGE_LOOP('',(#2190,#2191,#2192,#2193));
#8310=EDGE_LOOP('',(#2194,#2195,#2196,#2197));
#8311=EDGE_LOOP('',(#2198,#2199,#2200,#2201));
#8312=EDGE_LOOP('',(#2202,#2203,#2204,#2205));
#8313=EDGE_LOOP('',(#2206,#2207,#2208,#2209));
#8314=EDGE_LOOP('',(#2210,#2211,#2212,#2213));
#8315=EDGE_LOOP('',(#2214,#2215,#2216,#2217,#2218));
#8316=EDGE_LOOP('',(#2219,#2220,#2221,#2222,#2223));
#8317=EDGE_LOOP('',(#2224,#2225,#2226,#2227));
#8318=EDGE_LOOP('',(#2228,#2229,#2230,#2231));
#8319=EDGE_LOOP('',(#2232,#2233,#2234,#2235));
#8320=EDGE_LOOP('',(#2236,#2237,#2238,#2239,#2240));
#8321=EDGE_LOOP('',(#2241,#2242,#2243,#2244,#2245,#2246,#2247));
#8322=EDGE_LOOP('',(#2248,#2249,#2250,#2251,#2252,#2253));
#8323=EDGE_LOOP('',(#2254,#2255,#2256,#2257,#2258,#2259,#2260,#2261,#2262,
#2263,#2264,#2265));
#8324=EDGE_LOOP('',(#2266,#2267,#2268,#2269,#2270,#2271,#2272,#2273,#2274,
#2275,#2276,#2277,#2278,#2279,#2280,#2281));
#8325=EDGE_LOOP('',(#2282));
#8326=EDGE_LOOP('',(#2283,#2284,#2285,#2286));
#8327=EDGE_LOOP('',(#2287,#2288,#2289,#2290));
#8328=EDGE_LOOP('',(#2291,#2292,#2293,#2294,#2295));
#8329=EDGE_LOOP('',(#2296,#2297,#2298,#2299,#2300));
#8330=EDGE_LOOP('',(#2301,#2302,#2303,#2304));
#8331=EDGE_LOOP('',(#2305,#2306,#2307,#2308,#2309));
#8332=EDGE_LOOP('',(#2310,#2311,#2312,#2313));
#8333=EDGE_LOOP('',(#2314,#2315,#2316,#2317,#2318,#2319,#2320,#2321));
#8334=EDGE_LOOP('',(#2322,#2323,#2324,#2325,#2326,#2327,#2328,#2329));
#8335=EDGE_LOOP('',(#2330,#2331,#2332,#2333));
#8336=EDGE_LOOP('',(#2334,#2335,#2336,#2337));
#8337=EDGE_LOOP('',(#2338,#2339,#2340,#2341));
#8338=EDGE_LOOP('',(#2342,#2343,#2344,#2345,#2346,#2347,#2348,#2349,#2350,
#2351,#2352,#2353,#2354,#2355,#2356,#2357,#2358,#2359,#2360,#2361,#2362,
#2363,#2364,#2365));
#8339=EDGE_LOOP('',(#2366,#2367,#2368,#2369));
#8340=EDGE_LOOP('',(#2370,#2371,#2372,#2373));
#8341=EDGE_LOOP('',(#2374,#2375,#2376,#2377));
#8342=EDGE_LOOP('',(#2378,#2379,#2380,#2381));
#8343=EDGE_LOOP('',(#2382,#2383,#2384,#2385));
#8344=EDGE_LOOP('',(#2386,#2387,#2388,#2389));
#8345=EDGE_LOOP('',(#2390,#2391,#2392,#2393));
#8346=EDGE_LOOP('',(#2394,#2395,#2396,#2397));
#8347=EDGE_LOOP('',(#2398,#2399,#2400,#2401));
#8348=EDGE_LOOP('',(#2402,#2403,#2404,#2405));
#8349=EDGE_LOOP('',(#2406,#2407,#2408,#2409));
#8350=EDGE_LOOP('',(#2410,#2411,#2412,#2413,#2414));
#8351=EDGE_LOOP('',(#2415,#2416,#2417,#2418,#2419));
#8352=EDGE_LOOP('',(#2420));
#8353=EDGE_LOOP('',(#2421));
#8354=EDGE_LOOP('',(#2422));
#8355=EDGE_LOOP('',(#2423));
#8356=EDGE_LOOP('',(#2424));
#8357=EDGE_LOOP('',(#2425));
#8358=EDGE_LOOP('',(#2426,#2427,#2428,#2429));
#8359=EDGE_LOOP('',(#2430,#2431,#2432,#2433));
#8360=EDGE_LOOP('',(#2434,#2435,#2436,#2437));
#8361=EDGE_LOOP('',(#2438,#2439,#2440,#2441));
#8362=EDGE_LOOP('',(#2442,#2443,#2444,#2445));
#8363=EDGE_LOOP('',(#2446,#2447,#2448,#2449));
#8364=EDGE_LOOP('',(#2450,#2451,#2452,#2453));
#8365=EDGE_LOOP('',(#2454,#2455,#2456,#2457));
#8366=EDGE_LOOP('',(#2458,#2459,#2460,#2461));
#8367=EDGE_LOOP('',(#2462,#2463,#2464,#2465));
#8368=EDGE_LOOP('',(#2466,#2467,#2468,#2469));
#8369=EDGE_LOOP('',(#2470,#2471,#2472,#2473));
#8370=EDGE_LOOP('',(#2474,#2475,#2476,#2477,#2478,#2479,#2480,#2481,#2482,
#2483,#2484,#2485,#2486,#2487,#2488,#2489,#2490,#2491,#2492,#2493,#2494,
#2495,#2496,#2497,#2498,#2499,#2500,#2501,#2502,#2503,#2504,#2505,#2506,
#2507,#2508,#2509,#2510,#2511,#2512,#2513,#2514));
#8371=EDGE_LOOP('',(#2515,#2516,#2517,#2518));
#8372=EDGE_LOOP('',(#2519,#2520,#2521,#2522));
#8373=EDGE_LOOP('',(#2523,#2524,#2525,#2526));
#8374=EDGE_LOOP('',(#2527,#2528,#2529,#2530));
#8375=EDGE_LOOP('',(#2531,#2532,#2533,#2534));
#8376=EDGE_LOOP('',(#2535,#2536,#2537,#2538));
#8377=EDGE_LOOP('',(#2539,#2540,#2541,#2542));
#8378=EDGE_LOOP('',(#2543,#2544,#2545,#2546));
#8379=EDGE_LOOP('',(#2547,#2548,#2549,#2550));
#8380=EDGE_LOOP('',(#2551,#2552,#2553,#2554));
#8381=EDGE_LOOP('',(#2555,#2556,#2557,#2558));
#8382=EDGE_LOOP('',(#2559,#2560,#2561,#2562));
#8383=EDGE_LOOP('',(#2563));
#8384=EDGE_LOOP('',(#2564));
#8385=EDGE_LOOP('',(#2565));
#8386=EDGE_LOOP('',(#2566));
#8387=EDGE_LOOP('',(#2567));
#8388=EDGE_LOOP('',(#2568));
#8389=EDGE_LOOP('',(#2569));
#8390=EDGE_LOOP('',(#2570));
#8391=EDGE_LOOP('',(#2571,#2572,#2573,#2574));
#8392=EDGE_LOOP('',(#2575,#2576,#2577,#2578));
#8393=EDGE_LOOP('',(#2579,#2580,#2581,#2582));
#8394=EDGE_LOOP('',(#2583,#2584,#2585,#2586));
#8395=EDGE_LOOP('',(#2587,#2588,#2589,#2590));
#8396=EDGE_LOOP('',(#2591,#2592,#2593,#2594));
#8397=EDGE_LOOP('',(#2595,#2596,#2597,#2598));
#8398=EDGE_LOOP('',(#2599,#2600,#2601,#2602));
#8399=EDGE_LOOP('',(#2603,#2604,#2605,#2606));
#8400=EDGE_LOOP('',(#2607,#2608,#2609,#2610));
#8401=EDGE_LOOP('',(#2611));
#8402=EDGE_LOOP('',(#2612));
#8403=EDGE_LOOP('',(#2613));
#8404=EDGE_LOOP('',(#2614));
#8405=EDGE_LOOP('',(#2615));
#8406=EDGE_LOOP('',(#2616));
#8407=EDGE_LOOP('',(#2617,#2618,#2619,#2620,#2621,#2622,#2623,#2624,#2625,
#2626,#2627));
#8408=EDGE_LOOP('',(#2628,#2629,#2630,#2631));
#8409=EDGE_LOOP('',(#2632,#2633,#2634,#2635));
#8410=EDGE_LOOP('',(#2636,#2637,#2638,#2639,#2640,#2641,#2642));
#8411=EDGE_LOOP('',(#2643,#2644,#2645));
#8412=EDGE_LOOP('',(#2646,#2647,#2648,#2649));
#8413=EDGE_LOOP('',(#2650,#2651,#2652,#2653,#2654));
#8414=EDGE_LOOP('',(#2655,#2656,#2657,#2658));
#8415=EDGE_LOOP('',(#2659,#2660,#2661,#2662,#2663));
#8416=EDGE_LOOP('',(#2664,#2665,#2666,#2667,#2668,#2669,#2670));
#8417=EDGE_LOOP('',(#2671,#2672,#2673,#2674));
#8418=EDGE_LOOP('',(#2675));
#8419=EDGE_LOOP('',(#2676,#2677,#2678,#2679,#2680,#2681,#2682,#2683,#2684,
#2685,#2686,#2687,#2688,#2689));
#8420=EDGE_LOOP('',(#2690,#2691,#2692,#2693));
#8421=EDGE_LOOP('',(#2694,#2695,#2696,#2697));
#8422=EDGE_LOOP('',(#2698,#2699,#2700,#2701,#2702,#2703,#2704,#2705));
#8423=EDGE_LOOP('',(#2706,#2707,#2708,#2709));
#8424=EDGE_LOOP('',(#2710,#2711,#2712,#2713));
#8425=EDGE_LOOP('',(#2714,#2715,#2716,#2717));
#8426=EDGE_LOOP('',(#2718,#2719,#2720,#2721));
#8427=EDGE_LOOP('',(#2722,#2723,#2724,#2725));
#8428=EDGE_LOOP('',(#2726,#2727,#2728,#2729));
#8429=EDGE_LOOP('',(#2730,#2731,#2732,#2733));
#8430=EDGE_LOOP('',(#2734,#2735,#2736,#2737));
#8431=EDGE_LOOP('',(#2738,#2739,#2740,#2741,#2742,#2743,#2744,#2745));
#8432=EDGE_LOOP('',(#2746,#2747,#2748,#2749,#2750));
#8433=EDGE_LOOP('',(#2751,#2752,#2753,#2754,#2755));
#8434=EDGE_LOOP('',(#2756,#2757,#2758,#2759));
#8435=EDGE_LOOP('',(#2760,#2761,#2762,#2763));
#8436=EDGE_LOOP('',(#2764,#2765,#2766,#2767));
#8437=EDGE_LOOP('',(#2768,#2769,#2770,#2771));
#8438=EDGE_LOOP('',(#2772,#2773,#2774,#2775));
#8439=EDGE_LOOP('',(#2776,#2777,#2778,#2779,#2780));
#8440=EDGE_LOOP('',(#2781,#2782,#2783,#2784));
#8441=EDGE_LOOP('',(#2785,#2786,#2787,#2788));
#8442=EDGE_LOOP('',(#2789,#2790,#2791,#2792));
#8443=EDGE_LOOP('',(#2793,#2794,#2795,#2796));
#8444=EDGE_LOOP('',(#2797,#2798,#2799,#2800));
#8445=EDGE_LOOP('',(#2801,#2802,#2803,#2804));
#8446=EDGE_LOOP('',(#2805,#2806,#2807,#2808));
#8447=EDGE_LOOP('',(#2809,#2810,#2811,#2812));
#8448=EDGE_LOOP('',(#2813,#2814,#2815,#2816));
#8449=EDGE_LOOP('',(#2817,#2818,#2819,#2820));
#8450=EDGE_LOOP('',(#2821,#2822,#2823,#2824));
#8451=EDGE_LOOP('',(#2825,#2826,#2827,#2828));
#8452=EDGE_LOOP('',(#2829,#2830,#2831,#2832));
#8453=EDGE_LOOP('',(#2833,#2834,#2835,#2836));
#8454=EDGE_LOOP('',(#2837,#2838,#2839,#2840));
#8455=EDGE_LOOP('',(#2841,#2842,#2843,#2844));
#8456=EDGE_LOOP('',(#2845,#2846,#2847,#2848));
#8457=EDGE_LOOP('',(#2849,#2850,#2851,#2852));
#8458=EDGE_LOOP('',(#2853,#2854,#2855,#2856));
#8459=EDGE_LOOP('',(#2857,#2858,#2859,#2860));
#8460=EDGE_LOOP('',(#2861,#2862,#2863,#2864));
#8461=EDGE_LOOP('',(#2865,#2866,#2867,#2868));
#8462=EDGE_LOOP('',(#2869,#2870,#2871,#2872));
#8463=EDGE_LOOP('',(#2873,#2874,#2875,#2876));
#8464=EDGE_LOOP('',(#2877,#2878,#2879,#2880));
#8465=EDGE_LOOP('',(#2881,#2882,#2883,#2884));
#8466=EDGE_LOOP('',(#2885,#2886,#2887,#2888));
#8467=EDGE_LOOP('',(#2889,#2890,#2891,#2892));
#8468=EDGE_LOOP('',(#2893,#2894,#2895,#2896));
#8469=EDGE_LOOP('',(#2897,#2898,#2899,#2900,#2901));
#8470=EDGE_LOOP('',(#2902,#2903,#2904,#2905,#2906));
#8471=EDGE_LOOP('',(#2907,#2908,#2909,#2910));
#8472=EDGE_LOOP('',(#2911,#2912,#2913,#2914));
#8473=EDGE_LOOP('',(#2915,#2916,#2917,#2918));
#8474=EDGE_LOOP('',(#2919,#2920,#2921,#2922));
#8475=EDGE_LOOP('',(#2923,#2924,#2925,#2926));
#8476=EDGE_LOOP('',(#2927,#2928,#2929,#2930));
#8477=EDGE_LOOP('',(#2931,#2932,#2933,#2934));
#8478=EDGE_LOOP('',(#2935,#2936,#2937,#2938));
#8479=EDGE_LOOP('',(#2939,#2940,#2941,#2942));
#8480=EDGE_LOOP('',(#2943,#2944,#2945,#2946));
#8481=EDGE_LOOP('',(#2947,#2948,#2949,#2950));
#8482=EDGE_LOOP('',(#2951,#2952,#2953,#2954));
#8483=EDGE_LOOP('',(#2955,#2956,#2957,#2958));
#8484=EDGE_LOOP('',(#2959,#2960,#2961,#2962));
#8485=EDGE_LOOP('',(#2963,#2964,#2965,#2966));
#8486=EDGE_LOOP('',(#2967,#2968,#2969,#2970));
#8487=EDGE_LOOP('',(#2971,#2972,#2973,#2974));
#8488=EDGE_LOOP('',(#2975,#2976,#2977,#2978));
#8489=EDGE_LOOP('',(#2979,#2980,#2981,#2982,#2983,#2984));
#8490=EDGE_LOOP('',(#2985,#2986,#2987,#2988));
#8491=EDGE_LOOP('',(#2989,#2990,#2991,#2992));
#8492=EDGE_LOOP('',(#2993,#2994,#2995,#2996));
#8493=EDGE_LOOP('',(#2997,#2998,#2999,#3000));
#8494=EDGE_LOOP('',(#3001,#3002,#3003,#3004));
#8495=EDGE_LOOP('',(#3005,#3006,#3007,#3008));
#8496=EDGE_LOOP('',(#3009,#3010,#3011,#3012));
#8497=EDGE_LOOP('',(#3013,#3014,#3015,#3016));
#8498=EDGE_LOOP('',(#3017,#3018,#3019,#3020));
#8499=EDGE_LOOP('',(#3021,#3022,#3023,#3024));
#8500=EDGE_LOOP('',(#3025,#3026,#3027,#3028,#3029));
#8501=EDGE_LOOP('',(#3030,#3031,#3032));
#8502=EDGE_LOOP('',(#3033,#3034,#3035,#3036,#3037,#3038));
#8503=EDGE_LOOP('',(#3039,#3040,#3041,#3042));
#8504=EDGE_LOOP('',(#3043,#3044,#3045,#3046));
#8505=EDGE_LOOP('',(#3047,#3048,#3049,#3050,#3051,#3052));
#8506=EDGE_LOOP('',(#3053,#3054,#3055,#3056));
#8507=EDGE_LOOP('',(#3057,#3058,#3059,#3060));
#8508=EDGE_LOOP('',(#3061,#3062,#3063,#3064,#3065,#3066));
#8509=EDGE_LOOP('',(#3067,#3068,#3069,#3070));
#8510=EDGE_LOOP('',(#3071,#3072,#3073,#3074));
#8511=EDGE_LOOP('',(#3075,#3076,#3077,#3078,#3079,#3080));
#8512=EDGE_LOOP('',(#3081,#3082,#3083,#3084));
#8513=EDGE_LOOP('',(#3085,#3086,#3087,#3088));
#8514=EDGE_LOOP('',(#3089,#3090,#3091,#3092,#3093,#3094));
#8515=EDGE_LOOP('',(#3095,#3096,#3097,#3098));
#8516=EDGE_LOOP('',(#3099,#3100,#3101,#3102));
#8517=EDGE_LOOP('',(#3103,#3104,#3105,#3106));
#8518=EDGE_LOOP('',(#3107,#3108,#3109,#3110,#3111));
#8519=EDGE_LOOP('',(#3112,#3113,#3114,#3115,#3116));
#8520=EDGE_LOOP('',(#3117,#3118,#3119,#3120));
#8521=EDGE_LOOP('',(#3121,#3122,#3123,#3124));
#8522=EDGE_LOOP('',(#3125,#3126,#3127,#3128,#3129));
#8523=EDGE_LOOP('',(#3130,#3131,#3132,#3133,#3134));
#8524=EDGE_LOOP('',(#3135,#3136,#3137,#3138));
#8525=EDGE_LOOP('',(#3139,#3140,#3141,#3142));
#8526=EDGE_LOOP('',(#3143,#3144,#3145,#3146,#3147));
#8527=EDGE_LOOP('',(#3148,#3149,#3150,#3151,#3152));
#8528=EDGE_LOOP('',(#3153,#3154,#3155,#3156));
#8529=EDGE_LOOP('',(#3157,#3158,#3159,#3160));
#8530=EDGE_LOOP('',(#3161,#3162,#3163,#3164,#3165));
#8531=EDGE_LOOP('',(#3166,#3167,#3168,#3169,#3170));
#8532=EDGE_LOOP('',(#3171,#3172,#3173,#3174));
#8533=EDGE_LOOP('',(#3175,#3176,#3177,#3178,#3179));
#8534=EDGE_LOOP('',(#3180,#3181,#3182,#3183));
#8535=EDGE_LOOP('',(#3184,#3185,#3186,#3187));
#8536=EDGE_LOOP('',(#3188,#3189,#3190,#3191,#3192));
#8537=EDGE_LOOP('',(#3193,#3194,#3195,#3196));
#8538=EDGE_LOOP('',(#3197,#3198,#3199,#3200));
#8539=EDGE_LOOP('',(#3201,#3202,#3203,#3204));
#8540=EDGE_LOOP('',(#3205,#3206,#3207,#3208));
#8541=EDGE_LOOP('',(#3209,#3210,#3211,#3212));
#8542=EDGE_LOOP('',(#3213,#3214,#3215,#3216));
#8543=EDGE_LOOP('',(#3217,#3218,#3219,#3220));
#8544=EDGE_LOOP('',(#3221,#3222,#3223,#3224));
#8545=EDGE_LOOP('',(#3225,#3226,#3227,#3228));
#8546=EDGE_LOOP('',(#3229,#3230,#3231,#3232));
#8547=EDGE_LOOP('',(#3233,#3234,#3235,#3236,#3237,#3238));
#8548=EDGE_LOOP('',(#3239,#3240,#3241,#3242));
#8549=EDGE_LOOP('',(#3243,#3244,#3245,#3246));
#8550=EDGE_LOOP('',(#3247,#3248,#3249,#3250,#3251,#3252));
#8551=EDGE_LOOP('',(#3253,#3254,#3255,#3256));
#8552=EDGE_LOOP('',(#3257,#3258,#3259,#3260));
#8553=EDGE_LOOP('',(#3261,#3262,#3263,#3264,#3265,#3266));
#8554=EDGE_LOOP('',(#3267,#3268,#3269,#3270));
#8555=EDGE_LOOP('',(#3271,#3272,#3273,#3274));
#8556=EDGE_LOOP('',(#3275,#3276,#3277,#3278,#3279,#3280));
#8557=EDGE_LOOP('',(#3281,#3282,#3283,#3284));
#8558=EDGE_LOOP('',(#3285,#3286,#3287,#3288));
#8559=EDGE_LOOP('',(#3289,#3290,#3291,#3292,#3293,#3294));
#8560=EDGE_LOOP('',(#3295,#3296,#3297,#3298));
#8561=EDGE_LOOP('',(#3299,#3300,#3301,#3302));
#8562=EDGE_LOOP('',(#3303,#3304,#3305,#3306));
#8563=EDGE_LOOP('',(#3307,#3308,#3309,#3310,#3311));
#8564=EDGE_LOOP('',(#3312,#3313,#3314,#3315,#3316));
#8565=EDGE_LOOP('',(#3317,#3318,#3319,#3320));
#8566=EDGE_LOOP('',(#3321,#3322,#3323,#3324));
#8567=EDGE_LOOP('',(#3325,#3326,#3327,#3328,#3329));
#8568=EDGE_LOOP('',(#3330,#3331,#3332,#3333,#3334));
#8569=EDGE_LOOP('',(#3335,#3336,#3337,#3338));
#8570=EDGE_LOOP('',(#3339,#3340,#3341,#3342));
#8571=EDGE_LOOP('',(#3343,#3344,#3345,#3346,#3347));
#8572=EDGE_LOOP('',(#3348,#3349,#3350,#3351,#3352));
#8573=EDGE_LOOP('',(#3353,#3354,#3355,#3356));
#8574=EDGE_LOOP('',(#3357,#3358,#3359,#3360));
#8575=EDGE_LOOP('',(#3361,#3362,#3363,#3364,#3365));
#8576=EDGE_LOOP('',(#3366,#3367,#3368,#3369,#3370));
#8577=EDGE_LOOP('',(#3371,#3372,#3373,#3374));
#8578=EDGE_LOOP('',(#3375,#3376,#3377,#3378,#3379));
#8579=EDGE_LOOP('',(#3380,#3381,#3382,#3383));
#8580=EDGE_LOOP('',(#3384,#3385,#3386,#3387));
#8581=EDGE_LOOP('',(#3388,#3389,#3390,#3391,#3392));
#8582=EDGE_LOOP('',(#3393,#3394,#3395,#3396));
#8583=EDGE_LOOP('',(#3397,#3398,#3399,#3400));
#8584=EDGE_LOOP('',(#3401,#3402,#3403,#3404));
#8585=EDGE_LOOP('',(#3405,#3406,#3407,#3408));
#8586=EDGE_LOOP('',(#3409,#3410,#3411,#3412));
#8587=EDGE_LOOP('',(#3413,#3414,#3415,#3416));
#8588=EDGE_LOOP('',(#3417,#3418,#3419,#3420));
#8589=EDGE_LOOP('',(#3421,#3422,#3423,#3424));
#8590=EDGE_LOOP('',(#3425,#3426,#3427,#3428));
#8591=EDGE_LOOP('',(#3429,#3430,#3431,#3432));
#8592=EDGE_LOOP('',(#3433,#3434,#3435,#3436));
#8593=EDGE_LOOP('',(#3437,#3438,#3439,#3440));
#8594=EDGE_LOOP('',(#3441,#3442,#3443));
#8595=EDGE_LOOP('',(#3444,#3445,#3446,#3447));
#8596=EDGE_LOOP('',(#3448,#3449,#3450,#3451));
#8597=EDGE_LOOP('',(#3452,#3453,#3454,#3455));
#8598=EDGE_LOOP('',(#3456,#3457,#3458,#3459));
#8599=EDGE_LOOP('',(#3460,#3461,#3462,#3463));
#8600=EDGE_LOOP('',(#3464,#3465,#3466,#3467));
#8601=EDGE_LOOP('',(#3468,#3469,#3470,#3471));
#8602=EDGE_LOOP('',(#3472,#3473,#3474));
#8603=EDGE_LOOP('',(#3475,#3476,#3477,#3478));
#8604=EDGE_LOOP('',(#3479,#3480,#3481));
#8605=EDGE_LOOP('',(#3482,#3483,#3484,#3485));
#8606=EDGE_LOOP('',(#3486,#3487,#3488,#3489));
#8607=EDGE_LOOP('',(#3490,#3491,#3492));
#8608=EDGE_LOOP('',(#3493,#3494,#3495,#3496));
#8609=EDGE_LOOP('',(#3497,#3498,#3499));
#8610=EDGE_LOOP('',(#3500,#3501,#3502,#3503));
#8611=EDGE_LOOP('',(#3504,#3505,#3506,#3507));
#8612=EDGE_LOOP('',(#3508,#3509,#3510,#3511));
#8613=EDGE_LOOP('',(#3512,#3513,#3514));
#8614=EDGE_LOOP('',(#3515,#3516,#3517,#3518));
#8615=EDGE_LOOP('',(#3519,#3520,#3521,#3522));
#8616=EDGE_LOOP('',(#3523,#3524,#3525,#3526));
#8617=EDGE_LOOP('',(#3527,#3528,#3529,#3530));
#8618=EDGE_LOOP('',(#3531,#3532,#3533,#3534));
#8619=EDGE_LOOP('',(#3535,#3536,#3537,#3538));
#8620=EDGE_LOOP('',(#3539,#3540,#3541,#3542));
#8621=EDGE_LOOP('',(#3543,#3544,#3545));
#8622=EDGE_LOOP('',(#3546,#3547,#3548,#3549));
#8623=EDGE_LOOP('',(#3550,#3551,#3552));
#8624=EDGE_LOOP('',(#3553,#3554,#3555,#3556));
#8625=EDGE_LOOP('',(#3557,#3558,#3559,#3560));
#8626=EDGE_LOOP('',(#3561,#3562,#3563));
#8627=EDGE_LOOP('',(#3564,#3565,#3566,#3567));
#8628=EDGE_LOOP('',(#3568,#3569,#3570));
#8629=EDGE_LOOP('',(#3571,#3572,#3573,#3574));
#8630=EDGE_LOOP('',(#3575,#3576,#3577,#3578));
#8631=EDGE_LOOP('',(#3579,#3580,#3581,#3582));
#8632=EDGE_LOOP('',(#3583,#3584,#3585));
#8633=EDGE_LOOP('',(#3586,#3587,#3588,#3589));
#8634=EDGE_LOOP('',(#3590,#3591,#3592,#3593));
#8635=EDGE_LOOP('',(#3594,#3595,#3596,#3597));
#8636=EDGE_LOOP('',(#3598,#3599,#3600,#3601));
#8637=EDGE_LOOP('',(#3602,#3603,#3604,#3605));
#8638=EDGE_LOOP('',(#3606,#3607,#3608,#3609));
#8639=EDGE_LOOP('',(#3610,#3611,#3612,#3613));
#8640=EDGE_LOOP('',(#3614,#3615,#3616));
#8641=EDGE_LOOP('',(#3617,#3618,#3619,#3620));
#8642=EDGE_LOOP('',(#3621,#3622,#3623));
#8643=EDGE_LOOP('',(#3624,#3625,#3626,#3627));
#8644=EDGE_LOOP('',(#3628,#3629,#3630,#3631));
#8645=EDGE_LOOP('',(#3632,#3633,#3634));
#8646=EDGE_LOOP('',(#3635,#3636,#3637,#3638));
#8647=EDGE_LOOP('',(#3639,#3640,#3641));
#8648=EDGE_LOOP('',(#3642,#3643,#3644,#3645));
#8649=EDGE_LOOP('',(#3646,#3647,#3648,#3649));
#8650=EDGE_LOOP('',(#3650,#3651,#3652,#3653));
#8651=EDGE_LOOP('',(#3654,#3655,#3656,#3657));
#8652=EDGE_LOOP('',(#3658,#3659,#3660,#3661));
#8653=EDGE_LOOP('',(#3662,#3663,#3664,#3665));
#8654=EDGE_LOOP('',(#3666,#3667,#3668,#3669));
#8655=EDGE_LOOP('',(#3670,#3671,#3672,#3673));
#8656=EDGE_LOOP('',(#3674,#3675,#3676,#3677));
#8657=EDGE_LOOP('',(#3678,#3679,#3680,#3681));
#8658=EDGE_LOOP('',(#3682,#3683,#3684));
#8659=EDGE_LOOP('',(#3685,#3686,#3687,#3688));
#8660=EDGE_LOOP('',(#3689,#3690,#3691));
#8661=EDGE_LOOP('',(#3692,#3693,#3694,#3695));
#8662=EDGE_LOOP('',(#3696,#3697,#3698,#3699));
#8663=EDGE_LOOP('',(#3700,#3701,#3702));
#8664=EDGE_LOOP('',(#3703,#3704,#3705,#3706));
#8665=EDGE_LOOP('',(#3707,#3708,#3709));
#8666=EDGE_LOOP('',(#3710,#3711,#3712,#3713));
#8667=EDGE_LOOP('',(#3714,#3715,#3716,#3717));
#8668=EDGE_LOOP('',(#3718,#3719,#3720,#3721));
#8669=EDGE_LOOP('',(#3722,#3723,#3724,#3725));
#8670=EDGE_LOOP('',(#3726,#3727,#3728,#3729));
#8671=EDGE_LOOP('',(#3730,#3731,#3732,#3733));
#8672=EDGE_LOOP('',(#3734,#3735,#3736,#3737));
#8673=EDGE_LOOP('',(#3738,#3739,#3740,#3741));
#8674=EDGE_LOOP('',(#3742,#3743,#3744,#3745));
#8675=EDGE_LOOP('',(#3746,#3747,#3748,#3749));
#8676=EDGE_LOOP('',(#3750,#3751,#3752));
#8677=EDGE_LOOP('',(#3753,#3754,#3755,#3756));
#8678=EDGE_LOOP('',(#3757,#3758,#3759));
#8679=EDGE_LOOP('',(#3760,#3761,#3762,#3763));
#8680=EDGE_LOOP('',(#3764,#3765,#3766,#3767));
#8681=EDGE_LOOP('',(#3768,#3769,#3770));
#8682=EDGE_LOOP('',(#3771,#3772,#3773,#3774));
#8683=EDGE_LOOP('',(#3775,#3776,#3777));
#8684=EDGE_LOOP('',(#3778,#3779,#3780,#3781));
#8685=EDGE_LOOP('',(#3782,#3783,#3784,#3785));
#8686=EDGE_LOOP('',(#3786,#3787,#3788,#3789));
#8687=EDGE_LOOP('',(#3790,#3791,#3792,#3793));
#8688=EDGE_LOOP('',(#3794,#3795,#3796,#3797));
#8689=EDGE_LOOP('',(#3798,#3799,#3800));
#8690=EDGE_LOOP('',(#3801,#3802,#3803,#3804));
#8691=EDGE_LOOP('',(#3805,#3806,#3807,#3808));
#8692=EDGE_LOOP('',(#3809,#3810,#3811,#3812));
#8693=EDGE_LOOP('',(#3813,#3814,#3815));
#8694=EDGE_LOOP('',(#3816,#3817,#3818,#3819));
#8695=EDGE_LOOP('',(#3820,#3821,#3822,#3823));
#8696=EDGE_LOOP('',(#3824,#3825,#3826,#3827));
#8697=EDGE_LOOP('',(#3828,#3829,#3830));
#8698=EDGE_LOOP('',(#3831,#3832,#3833,#3834));
#8699=EDGE_LOOP('',(#3835,#3836,#3837,#3838));
#8700=EDGE_LOOP('',(#3839,#3840,#3841,#3842));
#8701=EDGE_LOOP('',(#3843,#3844,#3845));
#8702=EDGE_LOOP('',(#3846,#3847,#3848,#3849,#3850,#3851));
#8703=EDGE_LOOP('',(#3852,#3853,#3854,#3855));
#8704=EDGE_LOOP('',(#3856,#3857,#3858,#3859));
#8705=EDGE_LOOP('',(#3860,#3861,#3862,#3863));
#8706=EDGE_LOOP('',(#3864,#3865,#3866,#3867,#3868,#3869));
#8707=EDGE_LOOP('',(#3870,#3871,#3872,#3873));
#8708=EDGE_LOOP('',(#3874,#3875,#3876,#3877));
#8709=EDGE_LOOP('',(#3878,#3879,#3880));
#8710=EDGE_LOOP('',(#3881,#3882,#3883,#3884));
#8711=EDGE_LOOP('',(#3885,#3886,#3887,#3888));
#8712=EDGE_LOOP('',(#3889,#3890,#3891));
#8713=EDGE_LOOP('',(#3892,#3893,#3894,#3895));
#8714=EDGE_LOOP('',(#3896,#3897,#3898,#3899,#3900,#3901));
#8715=EDGE_LOOP('',(#3902,#3903,#3904,#3905));
#8716=EDGE_LOOP('',(#3906,#3907,#3908,#3909));
#8717=EDGE_LOOP('',(#3910,#3911,#3912));
#8718=EDGE_LOOP('',(#3913,#3914,#3915,#3916));
#8719=EDGE_LOOP('',(#3917,#3918,#3919,#3920));
#8720=EDGE_LOOP('',(#3921,#3922,#3923));
#8721=EDGE_LOOP('',(#3924,#3925,#3926,#3927));
#8722=EDGE_LOOP('',(#3928,#3929,#3930));
#8723=EDGE_LOOP('',(#3931,#3932,#3933,#3934));
#8724=EDGE_LOOP('',(#3935,#3936,#3937,#3938));
#8725=EDGE_LOOP('',(#3939,#3940,#3941,#3942));
#8726=EDGE_LOOP('',(#3943,#3944,#3945));
#8727=EDGE_LOOP('',(#3946,#3947,#3948,#3949,#3950,#3951));
#8728=EDGE_LOOP('',(#3952,#3953,#3954,#3955));
#8729=EDGE_LOOP('',(#3956,#3957,#3958,#3959));
#8730=EDGE_LOOP('',(#3960,#3961,#3962,#3963));
#8731=EDGE_LOOP('',(#3964,#3965,#3966,#3967));
#8732=EDGE_LOOP('',(#3968,#3969,#3970,#3971));
#8733=EDGE_LOOP('',(#3972,#3973,#3974,#3975,#3976,#3977));
#8734=EDGE_LOOP('',(#3978,#3979,#3980,#3981));
#8735=EDGE_LOOP('',(#3982,#3983,#3984,#3985));
#8736=EDGE_LOOP('',(#3986,#3987,#3988));
#8737=EDGE_LOOP('',(#3989,#3990,#3991,#3992));
#8738=EDGE_LOOP('',(#3993,#3994,#3995,#3996));
#8739=EDGE_LOOP('',(#3997,#3998,#3999));
#8740=FACE_BOUND('',#8151,.T.);
#8741=FACE_BOUND('',#8152,.T.);
#8742=FACE_BOUND('',#8153,.T.);
#8743=FACE_BOUND('',#8154,.T.);
#8744=FACE_BOUND('',#8155,.T.);
#8745=FACE_BOUND('',#8156,.T.);
#8746=FACE_BOUND('',#8157,.T.);
#8747=FACE_BOUND('',#8158,.T.);
#8748=FACE_BOUND('',#8159,.T.);
#8749=FACE_BOUND('',#8160,.T.);
#8750=FACE_BOUND('',#8161,.T.);
#8751=FACE_BOUND('',#8162,.T.);
#8752=FACE_BOUND('',#8163,.T.);
#8753=FACE_BOUND('',#8164,.T.);
#8754=FACE_BOUND('',#8165,.T.);
#8755=FACE_BOUND('',#8166,.T.);
#8756=FACE_BOUND('',#8167,.T.);
#8757=FACE_BOUND('',#8168,.T.);
#8758=FACE_BOUND('',#8169,.T.);
#8759=FACE_BOUND('',#8170,.T.);
#8760=FACE_BOUND('',#8171,.T.);
#8761=FACE_BOUND('',#8172,.T.);
#8762=FACE_BOUND('',#8173,.T.);
#8763=FACE_BOUND('',#8174,.T.);
#8764=FACE_BOUND('',#8175,.T.);
#8765=FACE_BOUND('',#8176,.T.);
#8766=FACE_BOUND('',#8177,.T.);
#8767=FACE_BOUND('',#8178,.T.);
#8768=FACE_BOUND('',#8179,.T.);
#8769=FACE_BOUND('',#8180,.T.);
#8770=FACE_BOUND('',#8181,.T.);
#8771=FACE_BOUND('',#8182,.T.);
#8772=FACE_BOUND('',#8183,.T.);
#8773=FACE_BOUND('',#8184,.T.);
#8774=FACE_BOUND('',#8185,.T.);
#8775=FACE_BOUND('',#8186,.T.);
#8776=FACE_BOUND('',#8187,.T.);
#8777=FACE_BOUND('',#8188,.T.);
#8778=FACE_BOUND('',#8189,.T.);
#8779=FACE_BOUND('',#8190,.T.);
#8780=FACE_BOUND('',#8191,.T.);
#8781=FACE_BOUND('',#8192,.T.);
#8782=FACE_BOUND('',#8193,.T.);
#8783=FACE_BOUND('',#8194,.T.);
#8784=FACE_BOUND('',#8195,.T.);
#8785=FACE_BOUND('',#8196,.T.);
#8786=FACE_BOUND('',#8197,.T.);
#8787=FACE_BOUND('',#8198,.T.);
#8788=FACE_BOUND('',#8199,.T.);
#8789=FACE_BOUND('',#8200,.T.);
#8790=FACE_BOUND('',#8201,.T.);
#8791=FACE_BOUND('',#8202,.T.);
#8792=FACE_BOUND('',#8203,.T.);
#8793=FACE_BOUND('',#8204,.T.);
#8794=FACE_BOUND('',#8205,.T.);
#8795=FACE_BOUND('',#8206,.T.);
#8796=FACE_BOUND('',#8207,.T.);
#8797=FACE_BOUND('',#8208,.T.);
#8798=FACE_BOUND('',#8209,.T.);
#8799=FACE_BOUND('',#8210,.T.);
#8800=FACE_BOUND('',#8211,.T.);
#8801=FACE_BOUND('',#8212,.T.);
#8802=FACE_BOUND('',#8213,.T.);
#8803=FACE_BOUND('',#8214,.T.);
#8804=FACE_BOUND('',#8215,.T.);
#8805=FACE_BOUND('',#8216,.T.);
#8806=FACE_BOUND('',#8217,.T.);
#8807=FACE_BOUND('',#8218,.T.);
#8808=FACE_BOUND('',#8219,.T.);
#8809=FACE_BOUND('',#8220,.T.);
#8810=FACE_BOUND('',#8221,.T.);
#8811=FACE_BOUND('',#8222,.T.);
#8812=FACE_BOUND('',#8223,.T.);
#8813=FACE_BOUND('',#8224,.T.);
#8814=FACE_BOUND('',#8225,.T.);
#8815=FACE_BOUND('',#8226,.T.);
#8816=FACE_BOUND('',#8227,.T.);
#8817=FACE_BOUND('',#8228,.T.);
#8818=FACE_BOUND('',#8229,.T.);
#8819=FACE_BOUND('',#8230,.T.);
#8820=FACE_BOUND('',#8231,.T.);
#8821=FACE_BOUND('',#8232,.T.);
#8822=FACE_BOUND('',#8233,.T.);
#8823=FACE_BOUND('',#8234,.T.);
#8824=FACE_BOUND('',#8235,.T.);
#8825=FACE_BOUND('',#8236,.T.);
#8826=FACE_BOUND('',#8237,.T.);
#8827=FACE_BOUND('',#8238,.T.);
#8828=FACE_BOUND('',#8239,.T.);
#8829=FACE_BOUND('',#8240,.T.);
#8830=FACE_BOUND('',#8241,.T.);
#8831=FACE_BOUND('',#8242,.T.);
#8832=FACE_BOUND('',#8243,.T.);
#8833=FACE_BOUND('',#8244,.T.);
#8834=FACE_BOUND('',#8245,.T.);
#8835=FACE_BOUND('',#8246,.T.);
#8836=FACE_BOUND('',#8247,.T.);
#8837=FACE_BOUND('',#8248,.T.);
#8838=FACE_BOUND('',#8249,.T.);
#8839=FACE_BOUND('',#8250,.T.);
#8840=FACE_BOUND('',#8251,.T.);
#8841=FACE_BOUND('',#8252,.T.);
#8842=FACE_BOUND('',#8253,.T.);
#8843=FACE_BOUND('',#8254,.T.);
#8844=FACE_BOUND('',#8255,.T.);
#8845=FACE_BOUND('',#8256,.T.);
#8846=FACE_BOUND('',#8257,.T.);
#8847=FACE_BOUND('',#8258,.T.);
#8848=FACE_BOUND('',#8259,.T.);
#8849=FACE_BOUND('',#8260,.T.);
#8850=FACE_BOUND('',#8261,.T.);
#8851=FACE_BOUND('',#8262,.T.);
#8852=FACE_BOUND('',#8263,.T.);
#8853=FACE_BOUND('',#8264,.T.);
#8854=FACE_BOUND('',#8265,.T.);
#8855=FACE_BOUND('',#8266,.T.);
#8856=FACE_BOUND('',#8267,.T.);
#8857=FACE_BOUND('',#8268,.T.);
#8858=FACE_BOUND('',#8269,.T.);
#8859=FACE_BOUND('',#8270,.T.);
#8860=FACE_BOUND('',#8271,.T.);
#8861=FACE_BOUND('',#8272,.T.);
#8862=FACE_BOUND('',#8273,.T.);
#8863=FACE_BOUND('',#8274,.T.);
#8864=FACE_BOUND('',#8275,.T.);
#8865=FACE_BOUND('',#8276,.T.);
#8866=FACE_BOUND('',#8277,.T.);
#8867=FACE_BOUND('',#8278,.T.);
#8868=FACE_BOUND('',#8279,.T.);
#8869=FACE_BOUND('',#8280,.T.);
#8870=FACE_BOUND('',#8281,.T.);
#8871=FACE_BOUND('',#8282,.T.);
#8872=FACE_BOUND('',#8283,.T.);
#8873=FACE_BOUND('',#8284,.T.);
#8874=FACE_BOUND('',#8285,.T.);
#8875=FACE_BOUND('',#8286,.T.);
#8876=FACE_BOUND('',#8287,.T.);
#8877=FACE_BOUND('',#8288,.T.);
#8878=FACE_BOUND('',#8289,.T.);
#8879=FACE_BOUND('',#8290,.T.);
#8880=FACE_BOUND('',#8291,.T.);
#8881=FACE_BOUND('',#8292,.T.);
#8882=FACE_BOUND('',#8293,.T.);
#8883=FACE_BOUND('',#8294,.T.);
#8884=FACE_BOUND('',#8295,.T.);
#8885=FACE_BOUND('',#8296,.T.);
#8886=FACE_BOUND('',#8297,.T.);
#8887=FACE_BOUND('',#8298,.T.);
#8888=FACE_BOUND('',#8299,.T.);
#8889=FACE_BOUND('',#8300,.T.);
#8890=FACE_BOUND('',#8301,.T.);
#8891=FACE_BOUND('',#8302,.T.);
#8892=FACE_BOUND('',#8303,.T.);
#8893=FACE_BOUND('',#8304,.T.);
#8894=FACE_BOUND('',#8305,.T.);
#8895=FACE_BOUND('',#8306,.T.);
#8896=FACE_BOUND('',#8307,.T.);
#8897=FACE_BOUND('',#8308,.T.);
#8898=FACE_BOUND('',#8309,.T.);
#8899=FACE_BOUND('',#8310,.T.);
#8900=FACE_BOUND('',#8311,.T.);
#8901=FACE_BOUND('',#8312,.T.);
#8902=FACE_BOUND('',#8313,.T.);
#8903=FACE_BOUND('',#8314,.T.);
#8904=FACE_BOUND('',#8315,.T.);
#8905=FACE_BOUND('',#8316,.T.);
#8906=FACE_BOUND('',#8317,.T.);
#8907=FACE_BOUND('',#8318,.T.);
#8908=FACE_BOUND('',#8319,.T.);
#8909=FACE_BOUND('',#8320,.T.);
#8910=FACE_BOUND('',#8321,.T.);
#8911=FACE_BOUND('',#8322,.T.);
#8912=FACE_BOUND('',#8323,.T.);
#8913=FACE_BOUND('',#8324,.T.);
#8914=FACE_BOUND('',#8325,.T.);
#8915=FACE_BOUND('',#8326,.T.);
#8916=FACE_BOUND('',#8327,.T.);
#8917=FACE_BOUND('',#8328,.T.);
#8918=FACE_BOUND('',#8329,.T.);
#8919=FACE_BOUND('',#8330,.T.);
#8920=FACE_BOUND('',#8331,.T.);
#8921=FACE_BOUND('',#8332,.T.);
#8922=FACE_BOUND('',#8333,.T.);
#8923=FACE_BOUND('',#8334,.T.);
#8924=FACE_BOUND('',#8335,.T.);
#8925=FACE_BOUND('',#8336,.T.);
#8926=FACE_BOUND('',#8337,.T.);
#8927=FACE_BOUND('',#8338,.T.);
#8928=FACE_BOUND('',#8339,.T.);
#8929=FACE_BOUND('',#8340,.T.);
#8930=FACE_BOUND('',#8341,.T.);
#8931=FACE_BOUND('',#8342,.T.);
#8932=FACE_BOUND('',#8343,.T.);
#8933=FACE_BOUND('',#8344,.T.);
#8934=FACE_BOUND('',#8345,.T.);
#8935=FACE_BOUND('',#8346,.T.);
#8936=FACE_BOUND('',#8347,.T.);
#8937=FACE_BOUND('',#8348,.T.);
#8938=FACE_BOUND('',#8349,.T.);
#8939=FACE_BOUND('',#8350,.T.);
#8940=FACE_BOUND('',#8351,.T.);
#8941=FACE_BOUND('',#8352,.T.);
#8942=FACE_BOUND('',#8353,.T.);
#8943=FACE_BOUND('',#8354,.T.);
#8944=FACE_BOUND('',#8355,.T.);
#8945=FACE_BOUND('',#8356,.T.);
#8946=FACE_BOUND('',#8357,.T.);
#8947=FACE_BOUND('',#8358,.T.);
#8948=FACE_BOUND('',#8359,.T.);
#8949=FACE_BOUND('',#8360,.T.);
#8950=FACE_BOUND('',#8361,.T.);
#8951=FACE_BOUND('',#8362,.T.);
#8952=FACE_BOUND('',#8363,.T.);
#8953=FACE_BOUND('',#8364,.T.);
#8954=FACE_BOUND('',#8365,.T.);
#8955=FACE_BOUND('',#8366,.T.);
#8956=FACE_BOUND('',#8367,.T.);
#8957=FACE_BOUND('',#8368,.T.);
#8958=FACE_BOUND('',#8369,.T.);
#8959=FACE_BOUND('',#8370,.T.);
#8960=FACE_BOUND('',#8371,.T.);
#8961=FACE_BOUND('',#8372,.T.);
#8962=FACE_BOUND('',#8373,.T.);
#8963=FACE_BOUND('',#8374,.T.);
#8964=FACE_BOUND('',#8375,.T.);
#8965=FACE_BOUND('',#8376,.T.);
#8966=FACE_BOUND('',#8377,.T.);
#8967=FACE_BOUND('',#8378,.T.);
#8968=FACE_BOUND('',#8379,.T.);
#8969=FACE_BOUND('',#8380,.T.);
#8970=FACE_BOUND('',#8381,.T.);
#8971=FACE_BOUND('',#8382,.T.);
#8972=FACE_BOUND('',#8383,.T.);
#8973=FACE_BOUND('',#8384,.T.);
#8974=FACE_BOUND('',#8385,.T.);
#8975=FACE_BOUND('',#8386,.T.);
#8976=FACE_BOUND('',#8387,.T.);
#8977=FACE_BOUND('',#8388,.T.);
#8978=FACE_BOUND('',#8389,.T.);
#8979=FACE_BOUND('',#8390,.T.);
#8980=FACE_BOUND('',#8391,.T.);
#8981=FACE_BOUND('',#8392,.T.);
#8982=FACE_BOUND('',#8393,.T.);
#8983=FACE_BOUND('',#8394,.T.);
#8984=FACE_BOUND('',#8395,.T.);
#8985=FACE_BOUND('',#8396,.T.);
#8986=FACE_BOUND('',#8397,.T.);
#8987=FACE_BOUND('',#8398,.T.);
#8988=FACE_BOUND('',#8399,.T.);
#8989=FACE_BOUND('',#8400,.T.);
#8990=FACE_BOUND('',#8401,.T.);
#8991=FACE_BOUND('',#8402,.T.);
#8992=FACE_BOUND('',#8403,.T.);
#8993=FACE_BOUND('',#8404,.T.);
#8994=FACE_BOUND('',#8405,.T.);
#8995=FACE_BOUND('',#8406,.T.);
#8996=FACE_BOUND('',#8407,.T.);
#8997=FACE_BOUND('',#8408,.T.);
#8998=FACE_BOUND('',#8409,.T.);
#8999=FACE_BOUND('',#8410,.T.);
#9000=FACE_BOUND('',#8411,.T.);
#9001=FACE_BOUND('',#8412,.T.);
#9002=FACE_BOUND('',#8413,.T.);
#9003=FACE_BOUND('',#8414,.T.);
#9004=FACE_BOUND('',#8415,.T.);
#9005=FACE_BOUND('',#8416,.T.);
#9006=FACE_BOUND('',#8417,.T.);
#9007=FACE_BOUND('',#8418,.T.);
#9008=FACE_BOUND('',#8419,.T.);
#9009=FACE_BOUND('',#8420,.T.);
#9010=FACE_BOUND('',#8421,.T.);
#9011=FACE_BOUND('',#8422,.T.);
#9012=FACE_BOUND('',#8423,.T.);
#9013=FACE_BOUND('',#8424,.T.);
#9014=FACE_BOUND('',#8425,.T.);
#9015=FACE_BOUND('',#8426,.T.);
#9016=FACE_BOUND('',#8427,.T.);
#9017=FACE_BOUND('',#8428,.T.);
#9018=FACE_BOUND('',#8429,.T.);
#9019=FACE_BOUND('',#8430,.T.);
#9020=FACE_BOUND('',#8431,.T.);
#9021=FACE_BOUND('',#8432,.T.);
#9022=FACE_BOUND('',#8433,.T.);
#9023=FACE_BOUND('',#8434,.T.);
#9024=FACE_BOUND('',#8435,.T.);
#9025=FACE_BOUND('',#8436,.T.);
#9026=FACE_BOUND('',#8437,.T.);
#9027=FACE_BOUND('',#8438,.T.);
#9028=FACE_BOUND('',#8439,.T.);
#9029=FACE_BOUND('',#8440,.T.);
#9030=FACE_BOUND('',#8441,.T.);
#9031=FACE_BOUND('',#8442,.T.);
#9032=FACE_BOUND('',#8443,.T.);
#9033=FACE_BOUND('',#8444,.T.);
#9034=FACE_BOUND('',#8445,.T.);
#9035=FACE_BOUND('',#8446,.T.);
#9036=FACE_BOUND('',#8447,.T.);
#9037=FACE_BOUND('',#8448,.T.);
#9038=FACE_BOUND('',#8449,.T.);
#9039=FACE_BOUND('',#8450,.T.);
#9040=FACE_BOUND('',#8451,.T.);
#9041=FACE_BOUND('',#8452,.T.);
#9042=FACE_BOUND('',#8453,.T.);
#9043=FACE_BOUND('',#8454,.T.);
#9044=FACE_BOUND('',#8455,.T.);
#9045=FACE_BOUND('',#8456,.T.);
#9046=FACE_BOUND('',#8457,.T.);
#9047=FACE_BOUND('',#8458,.T.);
#9048=FACE_BOUND('',#8459,.T.);
#9049=FACE_BOUND('',#8460,.T.);
#9050=FACE_BOUND('',#8461,.T.);
#9051=FACE_BOUND('',#8462,.T.);
#9052=FACE_BOUND('',#8463,.T.);
#9053=FACE_BOUND('',#8464,.T.);
#9054=FACE_BOUND('',#8465,.T.);
#9055=FACE_BOUND('',#8466,.T.);
#9056=FACE_BOUND('',#8467,.T.);
#9057=FACE_BOUND('',#8468,.T.);
#9058=FACE_BOUND('',#8469,.T.);
#9059=FACE_BOUND('',#8470,.T.);
#9060=FACE_BOUND('',#8471,.T.);
#9061=FACE_BOUND('',#8472,.T.);
#9062=FACE_BOUND('',#8473,.T.);
#9063=FACE_BOUND('',#8474,.T.);
#9064=FACE_BOUND('',#8475,.T.);
#9065=FACE_BOUND('',#8476,.T.);
#9066=FACE_BOUND('',#8477,.T.);
#9067=FACE_BOUND('',#8478,.T.);
#9068=FACE_BOUND('',#8479,.T.);
#9069=FACE_BOUND('',#8480,.T.);
#9070=FACE_BOUND('',#8481,.T.);
#9071=FACE_BOUND('',#8482,.T.);
#9072=FACE_BOUND('',#8483,.T.);
#9073=FACE_BOUND('',#8484,.T.);
#9074=FACE_BOUND('',#8485,.T.);
#9075=FACE_BOUND('',#8486,.T.);
#9076=FACE_BOUND('',#8487,.T.);
#9077=FACE_BOUND('',#8488,.T.);
#9078=FACE_BOUND('',#8489,.T.);
#9079=FACE_BOUND('',#8490,.T.);
#9080=FACE_BOUND('',#8491,.T.);
#9081=FACE_BOUND('',#8492,.T.);
#9082=FACE_BOUND('',#8493,.T.);
#9083=FACE_BOUND('',#8494,.T.);
#9084=FACE_BOUND('',#8495,.T.);
#9085=FACE_BOUND('',#8496,.T.);
#9086=FACE_BOUND('',#8497,.T.);
#9087=FACE_BOUND('',#8498,.T.);
#9088=FACE_BOUND('',#8499,.T.);
#9089=FACE_BOUND('',#8500,.T.);
#9090=FACE_BOUND('',#8501,.T.);
#9091=FACE_BOUND('',#8502,.T.);
#9092=FACE_BOUND('',#8503,.T.);
#9093=FACE_BOUND('',#8504,.T.);
#9094=FACE_BOUND('',#8505,.T.);
#9095=FACE_BOUND('',#8506,.T.);
#9096=FACE_BOUND('',#8507,.T.);
#9097=FACE_BOUND('',#8508,.T.);
#9098=FACE_BOUND('',#8509,.T.);
#9099=FACE_BOUND('',#8510,.T.);
#9100=FACE_BOUND('',#8511,.T.);
#9101=FACE_BOUND('',#8512,.T.);
#9102=FACE_BOUND('',#8513,.T.);
#9103=FACE_BOUND('',#8514,.T.);
#9104=FACE_BOUND('',#8515,.T.);
#9105=FACE_BOUND('',#8516,.T.);
#9106=FACE_BOUND('',#8517,.T.);
#9107=FACE_BOUND('',#8518,.T.);
#9108=FACE_BOUND('',#8519,.T.);
#9109=FACE_BOUND('',#8520,.T.);
#9110=FACE_BOUND('',#8521,.T.);
#9111=FACE_BOUND('',#8522,.T.);
#9112=FACE_BOUND('',#8523,.T.);
#9113=FACE_BOUND('',#8524,.T.);
#9114=FACE_BOUND('',#8525,.T.);
#9115=FACE_BOUND('',#8526,.T.);
#9116=FACE_BOUND('',#8527,.T.);
#9117=FACE_BOUND('',#8528,.T.);
#9118=FACE_BOUND('',#8529,.T.);
#9119=FACE_BOUND('',#8530,.T.);
#9120=FACE_BOUND('',#8531,.T.);
#9121=FACE_BOUND('',#8532,.T.);
#9122=FACE_BOUND('',#8533,.T.);
#9123=FACE_BOUND('',#8534,.T.);
#9124=FACE_BOUND('',#8535,.T.);
#9125=FACE_BOUND('',#8536,.T.);
#9126=FACE_BOUND('',#8537,.T.);
#9127=FACE_BOUND('',#8538,.T.);
#9128=FACE_BOUND('',#8539,.T.);
#9129=FACE_BOUND('',#8540,.T.);
#9130=FACE_BOUND('',#8541,.T.);
#9131=FACE_BOUND('',#8542,.T.);
#9132=FACE_BOUND('',#8543,.T.);
#9133=FACE_BOUND('',#8544,.T.);
#9134=FACE_BOUND('',#8545,.T.);
#9135=FACE_BOUND('',#8546,.T.);
#9136=FACE_BOUND('',#8547,.T.);
#9137=FACE_BOUND('',#8548,.T.);
#9138=FACE_BOUND('',#8549,.T.);
#9139=FACE_BOUND('',#8550,.T.);
#9140=FACE_BOUND('',#8551,.T.);
#9141=FACE_BOUND('',#8552,.T.);
#9142=FACE_BOUND('',#8553,.T.);
#9143=FACE_BOUND('',#8554,.T.);
#9144=FACE_BOUND('',#8555,.T.);
#9145=FACE_BOUND('',#8556,.T.);
#9146=FACE_BOUND('',#8557,.T.);
#9147=FACE_BOUND('',#8558,.T.);
#9148=FACE_BOUND('',#8559,.T.);
#9149=FACE_BOUND('',#8560,.T.);
#9150=FACE_BOUND('',#8561,.T.);
#9151=FACE_BOUND('',#8562,.T.);
#9152=FACE_BOUND('',#8563,.T.);
#9153=FACE_BOUND('',#8564,.T.);
#9154=FACE_BOUND('',#8565,.T.);
#9155=FACE_BOUND('',#8566,.T.);
#9156=FACE_BOUND('',#8567,.T.);
#9157=FACE_BOUND('',#8568,.T.);
#9158=FACE_BOUND('',#8569,.T.);
#9159=FACE_BOUND('',#8570,.T.);
#9160=FACE_BOUND('',#8571,.T.);
#9161=FACE_BOUND('',#8572,.T.);
#9162=FACE_BOUND('',#8573,.T.);
#9163=FACE_BOUND('',#8574,.T.);
#9164=FACE_BOUND('',#8575,.T.);
#9165=FACE_BOUND('',#8576,.T.);
#9166=FACE_BOUND('',#8577,.T.);
#9167=FACE_BOUND('',#8578,.T.);
#9168=FACE_BOUND('',#8579,.T.);
#9169=FACE_BOUND('',#8580,.T.);
#9170=FACE_BOUND('',#8581,.T.);
#9171=FACE_BOUND('',#8582,.T.);
#9172=FACE_BOUND('',#8583,.T.);
#9173=FACE_BOUND('',#8584,.T.);
#9174=FACE_BOUND('',#8585,.T.);
#9175=FACE_BOUND('',#8586,.T.);
#9176=FACE_BOUND('',#8587,.T.);
#9177=FACE_BOUND('',#8588,.T.);
#9178=FACE_BOUND('',#8589,.T.);
#9179=FACE_BOUND('',#8590,.T.);
#9180=FACE_BOUND('',#8591,.T.);
#9181=FACE_BOUND('',#8592,.T.);
#9182=FACE_BOUND('',#8593,.T.);
#9183=FACE_BOUND('',#8594,.T.);
#9184=FACE_BOUND('',#8595,.T.);
#9185=FACE_BOUND('',#8596,.T.);
#9186=FACE_BOUND('',#8597,.T.);
#9187=FACE_BOUND('',#8598,.T.);
#9188=FACE_BOUND('',#8599,.T.);
#9189=FACE_BOUND('',#8600,.T.);
#9190=FACE_BOUND('',#8601,.T.);
#9191=FACE_BOUND('',#8602,.T.);
#9192=FACE_BOUND('',#8603,.T.);
#9193=FACE_BOUND('',#8604,.T.);
#9194=FACE_BOUND('',#8605,.T.);
#9195=FACE_BOUND('',#8606,.T.);
#9196=FACE_BOUND('',#8607,.T.);
#9197=FACE_BOUND('',#8608,.T.);
#9198=FACE_BOUND('',#8609,.T.);
#9199=FACE_BOUND('',#8610,.T.);
#9200=FACE_BOUND('',#8611,.T.);
#9201=FACE_BOUND('',#8612,.T.);
#9202=FACE_BOUND('',#8613,.T.);
#9203=FACE_BOUND('',#8614,.T.);
#9204=FACE_BOUND('',#8615,.T.);
#9205=FACE_BOUND('',#8616,.T.);
#9206=FACE_BOUND('',#8617,.T.);
#9207=FACE_BOUND('',#8618,.T.);
#9208=FACE_BOUND('',#8619,.T.);
#9209=FACE_BOUND('',#8620,.T.);
#9210=FACE_BOUND('',#8621,.T.);
#9211=FACE_BOUND('',#8622,.T.);
#9212=FACE_BOUND('',#8623,.T.);
#9213=FACE_BOUND('',#8624,.T.);
#9214=FACE_BOUND('',#8625,.T.);
#9215=FACE_BOUND('',#8626,.T.);
#9216=FACE_BOUND('',#8627,.T.);
#9217=FACE_BOUND('',#8628,.T.);
#9218=FACE_BOUND('',#8629,.T.);
#9219=FACE_BOUND('',#8630,.T.);
#9220=FACE_BOUND('',#8631,.T.);
#9221=FACE_BOUND('',#8632,.T.);
#9222=FACE_BOUND('',#8633,.T.);
#9223=FACE_BOUND('',#8634,.T.);
#9224=FACE_BOUND('',#8635,.T.);
#9225=FACE_BOUND('',#8636,.T.);
#9226=FACE_BOUND('',#8637,.T.);
#9227=FACE_BOUND('',#8638,.T.);
#9228=FACE_BOUND('',#8639,.T.);
#9229=FACE_BOUND('',#8640,.T.);
#9230=FACE_BOUND('',#8641,.T.);
#9231=FACE_BOUND('',#8642,.T.);
#9232=FACE_BOUND('',#8643,.T.);
#9233=FACE_BOUND('',#8644,.T.);
#9234=FACE_BOUND('',#8645,.T.);
#9235=FACE_BOUND('',#8646,.T.);
#9236=FACE_BOUND('',#8647,.T.);
#9237=FACE_BOUND('',#8648,.T.);
#9238=FACE_BOUND('',#8649,.T.);
#9239=FACE_BOUND('',#8650,.T.);
#9240=FACE_BOUND('',#8651,.T.);
#9241=FACE_BOUND('',#8652,.T.);
#9242=FACE_BOUND('',#8653,.T.);
#9243=FACE_BOUND('',#8654,.T.);
#9244=FACE_BOUND('',#8655,.T.);
#9245=FACE_BOUND('',#8656,.T.);
#9246=FACE_BOUND('',#8657,.T.);
#9247=FACE_BOUND('',#8658,.T.);
#9248=FACE_BOUND('',#8659,.T.);
#9249=FACE_BOUND('',#8660,.T.);
#9250=FACE_BOUND('',#8661,.T.);
#9251=FACE_BOUND('',#8662,.T.);
#9252=FACE_BOUND('',#8663,.T.);
#9253=FACE_BOUND('',#8664,.T.);
#9254=FACE_BOUND('',#8665,.T.);
#9255=FACE_BOUND('',#8666,.T.);
#9256=FACE_BOUND('',#8667,.T.);
#9257=FACE_BOUND('',#8668,.T.);
#9258=FACE_BOUND('',#8669,.T.);
#9259=FACE_BOUND('',#8670,.T.);
#9260=FACE_BOUND('',#8671,.T.);
#9261=FACE_BOUND('',#8672,.T.);
#9262=FACE_BOUND('',#8673,.T.);
#9263=FACE_BOUND('',#8674,.T.);
#9264=FACE_BOUND('',#8675,.T.);
#9265=FACE_BOUND('',#8676,.T.);
#9266=FACE_BOUND('',#8677,.T.);
#9267=FACE_BOUND('',#8678,.T.);
#9268=FACE_BOUND('',#8679,.T.);
#9269=FACE_BOUND('',#8680,.T.);
#9270=FACE_BOUND('',#8681,.T.);
#9271=FACE_BOUND('',#8682,.T.);
#9272=FACE_BOUND('',#8683,.T.);
#9273=FACE_BOUND('',#8684,.T.);
#9274=FACE_BOUND('',#8685,.T.);
#9275=FACE_BOUND('',#8686,.T.);
#9276=FACE_BOUND('',#8687,.T.);
#9277=FACE_BOUND('',#8688,.T.);
#9278=FACE_BOUND('',#8689,.T.);
#9279=FACE_BOUND('',#8690,.T.);
#9280=FACE_BOUND('',#8691,.T.);
#9281=FACE_BOUND('',#8692,.T.);
#9282=FACE_BOUND('',#8693,.T.);
#9283=FACE_BOUND('',#8694,.T.);
#9284=FACE_BOUND('',#8695,.T.);
#9285=FACE_BOUND('',#8696,.T.);
#9286=FACE_BOUND('',#8697,.T.);
#9287=FACE_BOUND('',#8698,.T.);
#9288=FACE_BOUND('',#8699,.T.);
#9289=FACE_BOUND('',#8700,.T.);
#9290=FACE_BOUND('',#8701,.T.);
#9291=FACE_BOUND('',#8702,.T.);
#9292=FACE_BOUND('',#8703,.T.);
#9293=FACE_BOUND('',#8704,.T.);
#9294=FACE_BOUND('',#8705,.T.);
#9295=FACE_BOUND('',#8706,.T.);
#9296=FACE_BOUND('',#8707,.T.);
#9297=FACE_BOUND('',#8708,.T.);
#9298=FACE_BOUND('',#8709,.T.);
#9299=FACE_BOUND('',#8710,.T.);
#9300=FACE_BOUND('',#8711,.T.);
#9301=FACE_BOUND('',#8712,.T.);
#9302=FACE_BOUND('',#8713,.T.);
#9303=FACE_BOUND('',#8714,.T.);
#9304=FACE_BOUND('',#8715,.T.);
#9305=FACE_BOUND('',#8716,.T.);
#9306=FACE_BOUND('',#8717,.T.);
#9307=FACE_BOUND('',#8718,.T.);
#9308=FACE_BOUND('',#8719,.T.);
#9309=FACE_BOUND('',#8720,.T.);
#9310=FACE_BOUND('',#8721,.T.);
#9311=FACE_BOUND('',#8722,.T.);
#9312=FACE_BOUND('',#8723,.T.);
#9313=FACE_BOUND('',#8724,.T.);
#9314=FACE_BOUND('',#8725,.T.);
#9315=FACE_BOUND('',#8726,.T.);
#9316=FACE_BOUND('',#8727,.T.);
#9317=FACE_BOUND('',#8728,.T.);
#9318=FACE_BOUND('',#8729,.T.);
#9319=FACE_BOUND('',#8730,.T.);
#9320=FACE_BOUND('',#8731,.T.);
#9321=FACE_BOUND('',#8732,.T.);
#9322=FACE_BOUND('',#8733,.T.);
#9323=FACE_BOUND('',#8734,.T.);
#9324=FACE_BOUND('',#8735,.T.);
#9325=FACE_BOUND('',#8736,.T.);
#9326=FACE_BOUND('',#8737,.T.);
#9327=FACE_BOUND('',#8738,.T.);
#9328=FACE_BOUND('',#8739,.T.);
#9329=CYLINDRICAL_SURFACE('',#10087,0.5);
#9330=CYLINDRICAL_SURFACE('',#10139,2.39999999998046);
#9331=CYLINDRICAL_SURFACE('',#10144,2.39999999998046);
#9332=CYLINDRICAL_SURFACE('',#10183,1.17);
#9333=CYLINDRICAL_SURFACE('',#10186,1.17);
#9334=CYLINDRICAL_SURFACE('',#10193,0.5);
#9335=CYLINDRICAL_SURFACE('',#10196,0.5);
#9336=CYLINDRICAL_SURFACE('',#10219,1.17);
#9337=CYLINDRICAL_SURFACE('',#10241,0.5);
#9338=CYLINDRICAL_SURFACE('',#10259,2.39999999998046);
#9339=CYLINDRICAL_SURFACE('',#10274,2.24999999999992);
#9340=CYLINDRICAL_SURFACE('',#10291,2.39999999998046);
#9341=CYLINDRICAL_SURFACE('',#10301,2.39999999998046);
#9342=CYLINDRICAL_SURFACE('',#10314,0.5);
#9343=CYLINDRICAL_SURFACE('',#10315,0.5);
#9344=CYLINDRICAL_SURFACE('',#10316,0.5);
#9345=CYLINDRICAL_SURFACE('',#10319,0.5);
#9346=CYLINDRICAL_SURFACE('',#10322,0.5);
#9347=CYLINDRICAL_SURFACE('',#10324,0.5);
#9348=CYLINDRICAL_SURFACE('',#10325,0.5);
#9349=CYLINDRICAL_SURFACE('',#10326,0.5);
#9350=CYLINDRICAL_SURFACE('',#10327,0.5);
#9351=CYLINDRICAL_SURFACE('',#10328,0.5);
#9352=CYLINDRICAL_SURFACE('',#10330,0.5);
#9353=CYLINDRICAL_SURFACE('',#10332,0.5);
#9354=CYLINDRICAL_SURFACE('',#10379,1.00000000009079);
#9355=CYLINDRICAL_SURFACE('',#10382,1.00000000009079);
#9356=CYLINDRICAL_SURFACE('',#10395,123.996001758297);
#9357=CYLINDRICAL_SURFACE('',#10401,6.20543755446011);
#9358=CYLINDRICAL_SURFACE('',#10416,134.79174683368);
#9359=CYLINDRICAL_SURFACE('',#10421,6.23446821076309);
#9360=CYLINDRICAL_SURFACE('',#10425,3.96);
#9361=CYLINDRICAL_SURFACE('',#10438,3.325);
#9362=CYLINDRICAL_SURFACE('',#10447,4.);
#9363=CYLINDRICAL_SURFACE('',#10451,1.5);
#9364=CYLINDRICAL_SURFACE('',#10452,2.39);
#9365=CYLINDRICAL_SURFACE('',#10453,3.325);
#9366=CYLINDRICAL_SURFACE('',#10455,3.325);
#9367=CYLINDRICAL_SURFACE('',#10457,3.325);
#9368=CYLINDRICAL_SURFACE('',#10463,1.00000000000461);
#9369=CYLINDRICAL_SURFACE('',#10464,1.0000000035399);
#9370=CYLINDRICAL_SURFACE('',#10486,5.05679438949038);
#9371=CYLINDRICAL_SURFACE('',#10512,1.39999999999992);
#9372=CYLINDRICAL_SURFACE('',#10546,2.64);
#9373=CYLINDRICAL_SURFACE('',#10547,1.39999999999992);
#9374=CYLINDRICAL_SURFACE('',#10550,2.64);
#9375=CYLINDRICAL_SURFACE('',#10563,1.74999999998046);
#9376=CYLINDRICAL_SURFACE('',#10564,1.74999999998046);
#9377=CYLINDRICAL_SURFACE('',#10565,1.74999999998046);
#9378=CYLINDRICAL_SURFACE('',#10567,2.3);
#9379=CYLINDRICAL_SURFACE('',#10568,4.);
#9380=CYLINDRICAL_SURFACE('',#10569,4.);
#9381=CYLINDRICAL_SURFACE('',#10570,2.3);
#9382=CYLINDRICAL_SURFACE('',#10574,4.41098078478903);
#9383=CYLINDRICAL_SURFACE('',#10577,4.41098080952135);
#9384=CYLINDRICAL_SURFACE('',#10581,3.);
#9385=CYLINDRICAL_SURFACE('',#10618,0.5);
#9386=CYLINDRICAL_SURFACE('',#10619,0.5);
#9387=CYLINDRICAL_SURFACE('',#10620,0.5);
#9388=CYLINDRICAL_SURFACE('',#10621,0.5);
#9389=CYLINDRICAL_SURFACE('',#10622,0.5);
#9390=CYLINDRICAL_SURFACE('',#10623,0.5);
#9391=CYLINDRICAL_SURFACE('',#10624,0.5);
#9392=CYLINDRICAL_SURFACE('',#10625,0.5);
#9393=CYLINDRICAL_SURFACE('',#10626,0.5);
#9394=CYLINDRICAL_SURFACE('',#10627,0.5);
#9395=CYLINDRICAL_SURFACE('',#10628,0.5);
#9396=CYLINDRICAL_SURFACE('',#10629,0.5);
#9397=CYLINDRICAL_SURFACE('',#10630,0.5);
#9398=CYLINDRICAL_SURFACE('',#10631,0.5);
#9399=CYLINDRICAL_SURFACE('',#10632,0.5);
#9400=CYLINDRICAL_SURFACE('',#10633,0.5);
#9401=CYLINDRICAL_SURFACE('',#10634,0.5);
#9402=CYLINDRICAL_SURFACE('',#10637,0.5);
#9403=CYLINDRICAL_SURFACE('',#10639,0.5);
#9404=CYLINDRICAL_SURFACE('',#10642,0.5);
#9405=CYLINDRICAL_SURFACE('',#10647,0.5);
#9406=CYLINDRICAL_SURFACE('',#10655,0.5);
#9407=CYLINDRICAL_SURFACE('',#10657,0.5);
#9408=CYLINDRICAL_SURFACE('',#10658,0.5);
#9409=CYLINDRICAL_SURFACE('',#10659,0.5);
#9410=CYLINDRICAL_SURFACE('',#10660,0.5);
#9411=CYLINDRICAL_SURFACE('',#10661,0.5);
#9412=CYLINDRICAL_SURFACE('',#10662,0.5);
#9413=CYLINDRICAL_SURFACE('',#10663,0.5);
#9414=CYLINDRICAL_SURFACE('',#10664,0.5);
#9415=CYLINDRICAL_SURFACE('',#10665,0.5);
#9416=CYLINDRICAL_SURFACE('',#10666,0.5);
#9417=CYLINDRICAL_SURFACE('',#10667,0.5);
#9418=CYLINDRICAL_SURFACE('',#10714,0.4);
#9419=CYLINDRICAL_SURFACE('',#10715,0.4);
#9420=CYLINDRICAL_SURFACE('',#10716,0.4);
#9421=CYLINDRICAL_SURFACE('',#10717,0.4);
#9422=CYLINDRICAL_SURFACE('',#10718,0.4);
#9423=CYLINDRICAL_SURFACE('',#10719,0.4);
#9424=CYLINDRICAL_SURFACE('',#10720,0.4);
#9425=CYLINDRICAL_SURFACE('',#10721,0.4);
#9426=CYLINDRICAL_SURFACE('',#10722,0.4);
#9427=CYLINDRICAL_SURFACE('',#10723,0.4);
#9428=CYLINDRICAL_SURFACE('',#10769,0.4);
#9429=CYLINDRICAL_SURFACE('',#10770,0.4);
#9430=CYLINDRICAL_SURFACE('',#10771,0.4);
#9431=CYLINDRICAL_SURFACE('',#10772,0.4);
#9432=CYLINDRICAL_SURFACE('',#10773,0.4);
#9433=CYLINDRICAL_SURFACE('',#10774,0.4);
#9434=CYLINDRICAL_SURFACE('',#10775,0.4);
#9435=CYLINDRICAL_SURFACE('',#10776,0.4);
#9436=CYLINDRICAL_SURFACE('',#10777,0.4);
#9437=CYLINDRICAL_SURFACE('',#10778,0.4);
#9438=CYLINDRICAL_SURFACE('',#10786,0.5);
#9439=CYLINDRICAL_SURFACE('',#10789,0.5);
#9440=CYLINDRICAL_SURFACE('',#10792,0.5);
#9441=CYLINDRICAL_SURFACE('',#10795,0.5);
#9442=CYLINDRICAL_SURFACE('',#10798,0.5);
#9443=CYLINDRICAL_SURFACE('',#10802,0.5);
#9444=CYLINDRICAL_SURFACE('',#10806,0.5);
#9445=CYLINDRICAL_SURFACE('',#10807,0.5);
#9446=CYLINDRICAL_SURFACE('',#10811,0.5);
#9447=CYLINDRICAL_SURFACE('',#10815,0.5);
#9448=CYLINDRICAL_SURFACE('',#10823,0.5);
#9449=CYLINDRICAL_SURFACE('',#10826,0.5);
#9450=CYLINDRICAL_SURFACE('',#10829,0.5);
#9451=CYLINDRICAL_SURFACE('',#10832,0.5);
#9452=CYLINDRICAL_SURFACE('',#10835,0.5);
#9453=CYLINDRICAL_SURFACE('',#10839,0.5);
#9454=CYLINDRICAL_SURFACE('',#10843,0.5);
#9455=CYLINDRICAL_SURFACE('',#10844,0.5);
#9456=CYLINDRICAL_SURFACE('',#10848,0.5);
#9457=CYLINDRICAL_SURFACE('',#10852,0.5);
#9458=CYLINDRICAL_SURFACE('',#10860,0.5);
#9459=CYLINDRICAL_SURFACE('',#10863,0.5);
#9460=CYLINDRICAL_SURFACE('',#10866,0.5);
#9461=CYLINDRICAL_SURFACE('',#10869,0.5);
#9462=CYLINDRICAL_SURFACE('',#10872,0.5);
#9463=CYLINDRICAL_SURFACE('',#10876,0.5);
#9464=CYLINDRICAL_SURFACE('',#10880,0.5);
#9465=CYLINDRICAL_SURFACE('',#10881,0.5);
#9466=CYLINDRICAL_SURFACE('',#10885,0.5);
#9467=CYLINDRICAL_SURFACE('',#10889,0.5);
#9468=CYLINDRICAL_SURFACE('',#10894,0.5);
#9469=CYLINDRICAL_SURFACE('',#10897,0.5);
#9470=CYLINDRICAL_SURFACE('',#10900,0.5);
#9471=CYLINDRICAL_SURFACE('',#10903,0.5);
#9472=CYLINDRICAL_SURFACE('',#10906,0.5);
#9473=CYLINDRICAL_SURFACE('',#10910,0.5);
#9474=CYLINDRICAL_SURFACE('',#10914,0.5);
#9475=CYLINDRICAL_SURFACE('',#10915,0.5);
#9476=CYLINDRICAL_SURFACE('',#10919,0.5);
#9477=CYLINDRICAL_SURFACE('',#10923,0.5);
#9478=CYLINDRICAL_SURFACE('',#10928,0.5);
#9479=CYLINDRICAL_SURFACE('',#10931,0.5);
#9480=CYLINDRICAL_SURFACE('',#10934,0.5);
#9481=CYLINDRICAL_SURFACE('',#10937,0.5);
#9482=CYLINDRICAL_SURFACE('',#10940,0.5);
#9483=CYLINDRICAL_SURFACE('',#10944,0.5);
#9484=CYLINDRICAL_SURFACE('',#10948,0.5);
#9485=CYLINDRICAL_SURFACE('',#10949,0.5);
#9486=CYLINDRICAL_SURFACE('',#10953,0.5);
#9487=CYLINDRICAL_SURFACE('',#10957,0.5);
#9488=CYLINDRICAL_SURFACE('',#10958,0.5);
#9489=CYLINDRICAL_SURFACE('',#10959,0.5);
#9490=CYLINDRICAL_SURFACE('',#10960,0.5);
#9491=CYLINDRICAL_SURFACE('',#10962,0.5);
#9492=CYLINDRICAL_SURFACE('',#10965,0.5);
#9493=CYLINDRICAL_SURFACE('',#10966,0.5);
#9494=CYLINDRICAL_SURFACE('',#10967,0.5);
#9495=CYLINDRICAL_SURFACE('',#10971,0.5);
#9496=CYLINDRICAL_SURFACE('',#10972,0.5);
#9497=CYLINDRICAL_SURFACE('',#10973,0.5);
#9498=CYLINDRICAL_SURFACE('',#10975,0.4);
#9499=CYLINDRICAL_SURFACE('',#10981,0.4);
#9500=CYLINDRICAL_SURFACE('',#10988,0.4);
#9501=CYLINDRICAL_SURFACE('',#10996,0.4);
#9502=CYLINDRICAL_SURFACE('',#11000,0.4);
#9503=CYLINDRICAL_SURFACE('',#11008,0.4);
#9504=CYLINDRICAL_SURFACE('',#11010,0.4);
#9505=CYLINDRICAL_SURFACE('',#11013,0.4);
#9506=CYLINDRICAL_SURFACE('',#11019,0.4);
#9507=CYLINDRICAL_SURFACE('',#11023,0.4);
#9508=CYLINDRICAL_SURFACE('',#11029,0.4);
#9509=CYLINDRICAL_SURFACE('',#11031,0.4);
#9510=CYLINDRICAL_SURFACE('',#11039,0.4);
#9511=ADVANCED_FACE('',(#8740),#9329,.F.);
#9512=ADVANCED_FACE('',(#8741),#469,.T.);
#9513=ADVANCED_FACE('',(#8742),#470,.T.);
#9514=ADVANCED_FACE('',(#8743),#471,.F.);
#9515=ADVANCED_FACE('',(#8744),#472,.F.);
#9516=ADVANCED_FACE('',(#8745),#473,.F.);
#9517=ADVANCED_FACE('',(#8746),#474,.T.);
#9518=ADVANCED_FACE('',(#8747),#475,.T.);
#9519=ADVANCED_FACE('',(#8748),#476,.T.);
#9520=ADVANCED_FACE('',(#8749),#477,.T.);
#9521=ADVANCED_FACE('',(#8750),#478,.T.);
#9522=ADVANCED_FACE('',(#8751),#479,.T.);
#9523=ADVANCED_FACE('',(#8752),#480,.T.);
#9524=ADVANCED_FACE('',(#8753),#481,.T.);
#9525=ADVANCED_FACE('',(#8754),#9330,.T.);
#9526=ADVANCED_FACE('',(#8755),#9331,.T.);
#9527=ADVANCED_FACE('',(#8756),#482,.T.);
#9528=ADVANCED_FACE('',(#8757),#483,.T.);
#9529=ADVANCED_FACE('',(#8758),#484,.T.);
#9530=ADVANCED_FACE('',(#8759),#485,.T.);
#9531=ADVANCED_FACE('',(#8760),#486,.T.);
#9532=ADVANCED_FACE('',(#8761),#487,.T.);
#9533=ADVANCED_FACE('',(#8762),#488,.T.);
#9534=ADVANCED_FACE('',(#8763),#489,.T.);
#9535=ADVANCED_FACE('',(#8764),#490,.T.);
#9536=ADVANCED_FACE('',(#8765),#491,.T.);
#9537=ADVANCED_FACE('',(#8766),#492,.T.);
#9538=ADVANCED_FACE('',(#8767,#8768),#493,.T.);
#9539=ADVANCED_FACE('',(#8769),#494,.T.);
#9540=ADVANCED_FACE('',(#8770),#495,.T.);
#9541=ADVANCED_FACE('',(#8771),#9332,.F.);
#9542=ADVANCED_FACE('',(#8772),#9333,.F.);
#9543=ADVANCED_FACE('',(#8773),#496,.T.);
#9544=ADVANCED_FACE('',(#8774),#497,.T.);
#9545=ADVANCED_FACE('',(#8775),#9334,.F.);
#9546=ADVANCED_FACE('',(#8776),#9335,.F.);
#9547=ADVANCED_FACE('',(#8777),#498,.T.);
#9548=ADVANCED_FACE('',(#8778),#499,.T.);
#9549=ADVANCED_FACE('',(#8779),#500,.T.);
#9550=ADVANCED_FACE('',(#8780,#8781),#501,.T.);
#9551=ADVANCED_FACE('',(#8782),#502,.T.);
#9552=ADVANCED_FACE('',(#8783),#503,.T.);
#9553=ADVANCED_FACE('',(#8784),#9336,.F.);
#9554=ADVANCED_FACE('',(#8785),#504,.T.);
#9555=ADVANCED_FACE('',(#8786),#505,.T.);
#9556=ADVANCED_FACE('',(#8787),#506,.T.);
#9557=ADVANCED_FACE('',(#8788),#507,.T.);
#9558=ADVANCED_FACE('',(#8789),#508,.T.);
#9559=ADVANCED_FACE('',(#8790),#9337,.F.);
#9560=ADVANCED_FACE('',(#8791),#509,.T.);
#9561=ADVANCED_FACE('',(#8792,#8793),#510,.T.);
#9562=ADVANCED_FACE('',(#8794),#511,.T.);
#9563=ADVANCED_FACE('',(#8795),#9338,.T.);
#9564=ADVANCED_FACE('',(#8796),#512,.T.);
#9565=ADVANCED_FACE('',(#8797),#513,.T.);
#9566=ADVANCED_FACE('',(#8798,#8799),#9339,.T.);
#9567=ADVANCED_FACE('',(#8800),#170,.T.);
#9568=ADVANCED_FACE('',(#8801),#171,.T.);
#9569=ADVANCED_FACE('',(#8802),#514,.T.);
#9570=ADVANCED_FACE('',(#8803),#515,.T.);
#9571=ADVANCED_FACE('',(#8804),#516,.T.);
#9572=ADVANCED_FACE('',(#8805),#9340,.T.);
#9573=ADVANCED_FACE('',(#8806),#517,.T.);
#9574=ADVANCED_FACE('',(#8807),#518,.T.);
#9575=ADVANCED_FACE('',(#8808),#519,.T.);
#9576=ADVANCED_FACE('',(#8809,#8810),#9341,.T.);
#9577=ADVANCED_FACE('',(#8811),#520,.T.);
#9578=ADVANCED_FACE('',(#8812),#9342,.F.);
#9579=ADVANCED_FACE('',(#8813),#9343,.F.);
#9580=ADVANCED_FACE('',(#8814),#9344,.F.);
#9581=ADVANCED_FACE('',(#8815),#9345,.F.);
#9582=ADVANCED_FACE('',(#8816),#9346,.F.);
#9583=ADVANCED_FACE('',(#8817),#9347,.F.);
#9584=ADVANCED_FACE('',(#8818),#9348,.F.);
#9585=ADVANCED_FACE('',(#8819),#9349,.F.);
#9586=ADVANCED_FACE('',(#8820),#9350,.F.);
#9587=ADVANCED_FACE('',(#8821),#9351,.F.);
#9588=ADVANCED_FACE('',(#8822),#9352,.F.);
#9589=ADVANCED_FACE('',(#8823),#9353,.F.);
#9590=ADVANCED_FACE('',(#8824),#521,.T.);
#9591=ADVANCED_FACE('',(#8825),#522,.T.);
#9592=ADVANCED_FACE('',(#8826),#121,.T.);
#9593=ADVANCED_FACE('',(#8827,#8828),#523,.T.);
#9594=ADVANCED_FACE('',(#8829),#524,.T.);
#9595=ADVANCED_FACE('',(#8830),#525,.T.);
#9596=ADVANCED_FACE('',(#8831),#526,.T.);
#9597=ADVANCED_FACE('',(#8832),#527,.T.);
#9598=ADVANCED_FACE('',(#8833),#528,.T.);
#9599=ADVANCED_FACE('',(#8834),#529,.T.);
#9600=ADVANCED_FACE('',(#8835),#530,.T.);
#9601=ADVANCED_FACE('',(#8836),#531,.T.);
#9602=ADVANCED_FACE('',(#8837),#532,.T.);
#9603=ADVANCED_FACE('',(#8838),#172,.T.);
#9604=ADVANCED_FACE('',(#8839),#533,.T.);
#9605=ADVANCED_FACE('',(#8840),#173,.T.);
#9606=ADVANCED_FACE('',(#8841),#534,.T.);
#9607=ADVANCED_FACE('',(#8842),#535,.T.);
#9608=ADVANCED_FACE('',(#8843),#9354,.T.);
#9609=ADVANCED_FACE('',(#8844),#122,.T.);
#9610=ADVANCED_FACE('',(#8845),#9355,.T.);
#9611=ADVANCED_FACE('',(#8846),#536,.T.);
#9612=ADVANCED_FACE('',(#8847),#537,.T.);
#9613=ADVANCED_FACE('',(#8848),#538,.T.);
#9614=ADVANCED_FACE('',(#8849),#539,.T.);
#9615=ADVANCED_FACE('',(#8850),#174,.T.);
#9616=ADVANCED_FACE('',(#8851),#540,.T.);
#9617=ADVANCED_FACE('',(#8852),#175,.F.);
#9618=ADVANCED_FACE('',(#8853),#541,.T.);
#9619=ADVANCED_FACE('',(#8854),#542,.T.);
#9620=ADVANCED_FACE('',(#8855),#543,.T.);
#9621=ADVANCED_FACE('',(#8856),#116,.T.);
#9622=ADVANCED_FACE('',(#8857),#9356,.T.);
#9623=ADVANCED_FACE('',(#8858),#117,.T.);
#9624=ADVANCED_FACE('',(#8859),#544,.T.);
#9625=ADVANCED_FACE('',(#8860),#545,.T.);
#9626=ADVANCED_FACE('',(#8861),#9357,.T.);
#9627=ADVANCED_FACE('',(#8862),#176,.T.);
#9628=ADVANCED_FACE('',(#8863),#546,.T.);
#9629=ADVANCED_FACE('',(#8864),#547,.T.);
#9630=ADVANCED_FACE('',(#8865),#177,.T.);
#9631=ADVANCED_FACE('',(#8866),#548,.T.);
#9632=ADVANCED_FACE('',(#8867),#178,.F.);
#9633=ADVANCED_FACE('',(#8868),#118,.T.);
#9634=ADVANCED_FACE('',(#8869),#9358,.F.);
#9635=ADVANCED_FACE('',(#8870),#549,.T.);
#9636=ADVANCED_FACE('',(#8871),#9359,.T.);
#9637=ADVANCED_FACE('',(#8872),#550,.T.);
#9638=ADVANCED_FACE('',(#8873),#9360,.F.);
#9639=ADVANCED_FACE('',(#8874),#551,.T.);
#9640=ADVANCED_FACE('',(#8875),#552,.T.);
#9641=ADVANCED_FACE('',(#8876),#553,.T.);
#9642=ADVANCED_FACE('',(#8877),#554,.T.);
#9643=ADVANCED_FACE('',(#8878,#8879,#8880),#555,.T.);
#9644=ADVANCED_FACE('',(#8881),#556,.T.);
#9645=ADVANCED_FACE('',(#8882),#9361,.F.);
#9646=ADVANCED_FACE('',(#8883),#119,.F.);
#9647=ADVANCED_FACE('',(#8884,#8885,#8886,#8887,#8888,#8889,#8890,#8891),
#557,.T.);
#9648=ADVANCED_FACE('',(#8892),#9362,.F.);
#9649=ADVANCED_FACE('',(#8893),#558,.T.);
#9650=ADVANCED_FACE('',(#8894),#9363,.T.);
#9651=ADVANCED_FACE('',(#8895),#9364,.T.);
#9652=ADVANCED_FACE('',(#8896),#9365,.F.);
#9653=ADVANCED_FACE('',(#8897),#559,.T.);
#9654=ADVANCED_FACE('',(#8898),#9366,.F.);
#9655=ADVANCED_FACE('',(#8899),#560,.T.);
#9656=ADVANCED_FACE('',(#8900),#9367,.F.);
#9657=ADVANCED_FACE('',(#8901),#561,.T.);
#9658=ADVANCED_FACE('',(#8902),#562,.T.);
#9659=ADVANCED_FACE('',(#8903),#123,.T.);
#9660=ADVANCED_FACE('',(#8904),#563,.T.);
#9661=ADVANCED_FACE('',(#8905),#564,.T.);
#9662=ADVANCED_FACE('',(#8906),#565,.T.);
#9663=ADVANCED_FACE('',(#8907),#9368,.T.);
#9664=ADVANCED_FACE('',(#8908),#9369,.T.);
#9665=ADVANCED_FACE('',(#8909),#566,.T.);
#9666=ADVANCED_FACE('',(#8910),#567,.T.);
#9667=ADVANCED_FACE('',(#8911),#568,.T.);
#9668=ADVANCED_FACE('',(#8912),#569,.T.);
#9669=ADVANCED_FACE('',(#8913),#570,.T.);
#9670=ADVANCED_FACE('',(#8914),#571,.T.);
#9671=ADVANCED_FACE('',(#8915),#124,.T.);
#9672=ADVANCED_FACE('',(#8916),#125,.T.);
#9673=ADVANCED_FACE('',(#8917),#120,.T.);
#9674=ADVANCED_FACE('',(#8918),#572,.T.);
#9675=ADVANCED_FACE('',(#8919),#573,.T.);
#9676=ADVANCED_FACE('',(#8920),#574,.T.);
#9677=ADVANCED_FACE('',(#8921),#575,.T.);
#9678=ADVANCED_FACE('',(#8922),#9370,.T.);
#9679=ADVANCED_FACE('',(#8923),#576,.T.);
#9680=ADVANCED_FACE('',(#8924),#577,.T.);
#9681=ADVANCED_FACE('',(#8925),#578,.T.);
#9682=ADVANCED_FACE('',(#8926),#579,.T.);
#9683=ADVANCED_FACE('',(#8927),#580,.T.);
#9684=ADVANCED_FACE('',(#8928),#581,.T.);
#9685=ADVANCED_FACE('',(#8929),#582,.T.);
#9686=ADVANCED_FACE('',(#8930),#583,.T.);
#9687=ADVANCED_FACE('',(#8931),#584,.T.);
#9688=ADVANCED_FACE('',(#8932),#585,.T.);
#9689=ADVANCED_FACE('',(#8933),#586,.T.);
#9690=ADVANCED_FACE('',(#8934),#587,.T.);
#9691=ADVANCED_FACE('',(#8935),#588,.T.);
#9692=ADVANCED_FACE('',(#8936),#589,.T.);
#9693=ADVANCED_FACE('',(#8937),#590,.T.);
#9694=ADVANCED_FACE('',(#8938),#591,.T.);
#9695=ADVANCED_FACE('',(#8939),#592,.T.);
#9696=ADVANCED_FACE('',(#8940),#593,.T.);
#9697=ADVANCED_FACE('',(#8941,#8942),#594,.T.);
#9698=ADVANCED_FACE('',(#8943,#8944),#9371,.F.);
#9699=ADVANCED_FACE('',(#8945,#8946),#179,.F.);
#9700=ADVANCED_FACE('',(#8947),#595,.T.);
#9701=ADVANCED_FACE('',(#8948),#596,.T.);
#9702=ADVANCED_FACE('',(#8949),#597,.T.);
#9703=ADVANCED_FACE('',(#8950),#598,.T.);
#9704=ADVANCED_FACE('',(#8951),#599,.T.);
#9705=ADVANCED_FACE('',(#8952),#600,.T.);
#9706=ADVANCED_FACE('',(#8953),#601,.T.);
#9707=ADVANCED_FACE('',(#8954),#602,.T.);
#9708=ADVANCED_FACE('',(#8955),#603,.T.);
#9709=ADVANCED_FACE('',(#8956),#604,.T.);
#9710=ADVANCED_FACE('',(#8957),#605,.T.);
#9711=ADVANCED_FACE('',(#8958),#606,.T.);
#9712=ADVANCED_FACE('',(#8959),#607,.T.);
#9713=ADVANCED_FACE('',(#8960),#608,.T.);
#9714=ADVANCED_FACE('',(#8961),#609,.T.);
#9715=ADVANCED_FACE('',(#8962),#610,.T.);
#9716=ADVANCED_FACE('',(#8963),#611,.T.);
#9717=ADVANCED_FACE('',(#8964),#612,.T.);
#9718=ADVANCED_FACE('',(#8965),#613,.T.);
#9719=ADVANCED_FACE('',(#8966),#614,.T.);
#9720=ADVANCED_FACE('',(#8967),#615,.T.);
#9721=ADVANCED_FACE('',(#8968),#616,.T.);
#9722=ADVANCED_FACE('',(#8969),#617,.T.);
#9723=ADVANCED_FACE('',(#8970),#618,.T.);
#9724=ADVANCED_FACE('',(#8971),#619,.T.);
#9725=ADVANCED_FACE('',(#8972,#8973),#9372,.F.);
#9726=ADVANCED_FACE('',(#8974,#8975),#9373,.F.);
#9727=ADVANCED_FACE('',(#8976,#8977),#9374,.F.);
#9728=ADVANCED_FACE('',(#8978,#8979),#180,.F.);
#9729=ADVANCED_FACE('',(#8980),#620,.T.);
#9730=ADVANCED_FACE('',(#8981),#621,.T.);
#9731=ADVANCED_FACE('',(#8982),#622,.T.);
#9732=ADVANCED_FACE('',(#8983),#623,.T.);
#9733=ADVANCED_FACE('',(#8984),#624,.T.);
#9734=ADVANCED_FACE('',(#8985),#625,.T.);
#9735=ADVANCED_FACE('',(#8986),#626,.T.);
#9736=ADVANCED_FACE('',(#8987),#627,.T.);
#9737=ADVANCED_FACE('',(#8988),#628,.T.);
#9738=ADVANCED_FACE('',(#8989),#629,.T.);
#9739=ADVANCED_FACE('',(#8990,#8991),#9375,.F.);
#9740=ADVANCED_FACE('',(#8992,#8993),#9376,.F.);
#9741=ADVANCED_FACE('',(#8994,#8995),#9377,.F.);
#9742=ADVANCED_FACE('',(#8996),#181,.T.);
#9743=ADVANCED_FACE('',(#8997),#9378,.F.);
#9744=ADVANCED_FACE('',(#8998),#9379,.T.);
#9745=ADVANCED_FACE('',(#8999),#9380,.T.);
#9746=ADVANCED_FACE('',(#9000),#9381,.F.);
#9747=ADVANCED_FACE('',(#9001),#630,.T.);
#9748=ADVANCED_FACE('',(#9002),#9382,.F.);
#9749=ADVANCED_FACE('',(#9003),#9383,.F.);
#9750=ADVANCED_FACE('',(#9004),#631,.T.);
#9751=ADVANCED_FACE('',(#9005),#632,.T.);
#9752=ADVANCED_FACE('',(#9006),#9384,.F.);
#9753=ADVANCED_FACE('',(#9007,#9008),#633,.F.);
#9754=ADVANCED_FACE('',(#9009),#634,.T.);
#9755=ADVANCED_FACE('',(#9010),#635,.T.);
#9756=ADVANCED_FACE('',(#9011),#636,.T.);
#9757=ADVANCED_FACE('',(#9012),#637,.T.);
#9758=ADVANCED_FACE('',(#9013),#638,.T.);
#9759=ADVANCED_FACE('',(#9014),#639,.T.);
#9760=ADVANCED_FACE('',(#9015),#640,.T.);
#9761=ADVANCED_FACE('',(#9016),#641,.T.);
#9762=ADVANCED_FACE('',(#9017),#642,.T.);
#9763=ADVANCED_FACE('',(#9018),#643,.T.);
#9764=ADVANCED_FACE('',(#9019),#644,.T.);
#9765=ADVANCED_FACE('',(#9020),#645,.T.);
#9766=ADVANCED_FACE('',(#9021),#646,.T.);
#9767=ADVANCED_FACE('',(#9022),#647,.T.);
#9768=ADVANCED_FACE('',(#9023),#648,.T.);
#9769=ADVANCED_FACE('',(#9024),#9385,.T.);
#9770=ADVANCED_FACE('',(#9025),#9386,.T.);
#9771=ADVANCED_FACE('',(#9026),#9387,.F.);
#9772=ADVANCED_FACE('',(#9027),#9388,.F.);
#9773=ADVANCED_FACE('',(#9028),#126,.F.);
#9774=ADVANCED_FACE('',(#9029),#9389,.F.);
#9775=ADVANCED_FACE('',(#9030),#9390,.F.);
#9776=ADVANCED_FACE('',(#9031),#127,.F.);
#9777=ADVANCED_FACE('',(#9032),#128,.F.);
#9778=ADVANCED_FACE('',(#9033),#9391,.F.);
#9779=ADVANCED_FACE('',(#9034),#9392,.F.);
#9780=ADVANCED_FACE('',(#9035),#129,.F.);
#9781=ADVANCED_FACE('',(#9036),#130,.F.);
#9782=ADVANCED_FACE('',(#9037),#9393,.F.);
#9783=ADVANCED_FACE('',(#9038),#9394,.F.);
#9784=ADVANCED_FACE('',(#9039),#131,.F.);
#9785=ADVANCED_FACE('',(#9040),#132,.F.);
#9786=ADVANCED_FACE('',(#9041),#133,.F.);
#9787=ADVANCED_FACE('',(#9042),#134,.F.);
#9788=ADVANCED_FACE('',(#9043),#9395,.F.);
#9789=ADVANCED_FACE('',(#9044),#9396,.F.);
#9790=ADVANCED_FACE('',(#9045),#9397,.F.);
#9791=ADVANCED_FACE('',(#9046),#9398,.F.);
#9792=ADVANCED_FACE('',(#9047),#135,.F.);
#9793=ADVANCED_FACE('',(#9048),#136,.F.);
#9794=ADVANCED_FACE('',(#9049),#9399,.F.);
#9795=ADVANCED_FACE('',(#9050),#137,.F.);
#9796=ADVANCED_FACE('',(#9051),#9400,.F.);
#9797=ADVANCED_FACE('',(#9052),#138,.F.);
#9798=ADVANCED_FACE('',(#9053),#9401,.T.);
#9799=ADVANCED_FACE('',(#9054),#139,.T.);
#9800=ADVANCED_FACE('',(#9055),#140,.T.);
#9801=ADVANCED_FACE('',(#9056),#9402,.T.);
#9802=ADVANCED_FACE('',(#9057),#141,.T.);
#9803=ADVANCED_FACE('',(#9058),#9403,.T.);
#9804=ADVANCED_FACE('',(#9059),#9404,.T.);
#9805=ADVANCED_FACE('',(#9060),#142,.F.);
#9806=ADVANCED_FACE('',(#9061),#143,.F.);
#9807=ADVANCED_FACE('',(#9062),#144,.F.);
#9808=ADVANCED_FACE('',(#9063),#9405,.F.);
#9809=ADVANCED_FACE('',(#9064),#145,.F.);
#9810=ADVANCED_FACE('',(#9065),#146,.F.);
#9811=ADVANCED_FACE('',(#9066),#147,.F.);
#9812=ADVANCED_FACE('',(#9067),#148,.F.);
#9813=ADVANCED_FACE('',(#9068),#149,.F.);
#9814=ADVANCED_FACE('',(#9069),#150,.F.);
#9815=ADVANCED_FACE('',(#9070),#151,.F.);
#9816=ADVANCED_FACE('',(#9071),#152,.T.);
#9817=ADVANCED_FACE('',(#9072),#153,.T.);
#9818=ADVANCED_FACE('',(#9073),#154,.T.);
#9819=ADVANCED_FACE('',(#9074),#9406,.F.);
#9820=ADVANCED_FACE('',(#9075),#155,.F.);
#9821=ADVANCED_FACE('',(#9076),#156,.F.);
#9822=ADVANCED_FACE('',(#9077),#157,.F.);
#9823=ADVANCED_FACE('',(#9078),#158,.F.);
#9824=ADVANCED_FACE('',(#9079),#9407,.T.);
#9825=ADVANCED_FACE('',(#9080),#9408,.T.);
#9826=ADVANCED_FACE('',(#9081),#9409,.T.);
#9827=ADVANCED_FACE('',(#9082),#9410,.T.);
#9828=ADVANCED_FACE('',(#9083),#9411,.T.);
#9829=ADVANCED_FACE('',(#9084),#9412,.T.);
#9830=ADVANCED_FACE('',(#9085),#9413,.T.);
#9831=ADVANCED_FACE('',(#9086),#9414,.T.);
#9832=ADVANCED_FACE('',(#9087),#9415,.T.);
#9833=ADVANCED_FACE('',(#9088),#9416,.T.);
#9834=ADVANCED_FACE('',(#9089),#9417,.F.);
#9835=ADVANCED_FACE('',(#9090),#159,.F.);
#9836=ADVANCED_FACE('',(#9091),#649,.F.);
#9837=ADVANCED_FACE('',(#9092),#650,.F.);
#9838=ADVANCED_FACE('',(#9093),#651,.F.);
#9839=ADVANCED_FACE('',(#9094),#652,.F.);
#9840=ADVANCED_FACE('',(#9095),#653,.F.);
#9841=ADVANCED_FACE('',(#9096),#654,.F.);
#9842=ADVANCED_FACE('',(#9097),#655,.F.);
#9843=ADVANCED_FACE('',(#9098),#656,.F.);
#9844=ADVANCED_FACE('',(#9099),#657,.F.);
#9845=ADVANCED_FACE('',(#9100),#658,.F.);
#9846=ADVANCED_FACE('',(#9101),#659,.F.);
#9847=ADVANCED_FACE('',(#9102),#660,.F.);
#9848=ADVANCED_FACE('',(#9103),#661,.F.);
#9849=ADVANCED_FACE('',(#9104),#662,.F.);
#9850=ADVANCED_FACE('',(#9105),#663,.F.);
#9851=ADVANCED_FACE('',(#9106),#664,.T.);
#9852=ADVANCED_FACE('',(#9107),#665,.T.);
#9853=ADVANCED_FACE('',(#9108),#666,.T.);
#9854=ADVANCED_FACE('',(#9109),#667,.T.);
#9855=ADVANCED_FACE('',(#9110),#668,.T.);
#9856=ADVANCED_FACE('',(#9111),#669,.T.);
#9857=ADVANCED_FACE('',(#9112),#670,.T.);
#9858=ADVANCED_FACE('',(#9113),#671,.T.);
#9859=ADVANCED_FACE('',(#9114),#672,.T.);
#9860=ADVANCED_FACE('',(#9115),#673,.T.);
#9861=ADVANCED_FACE('',(#9116),#674,.T.);
#9862=ADVANCED_FACE('',(#9117),#675,.T.);
#9863=ADVANCED_FACE('',(#9118),#676,.T.);
#9864=ADVANCED_FACE('',(#9119),#677,.T.);
#9865=ADVANCED_FACE('',(#9120),#678,.T.);
#9866=ADVANCED_FACE('',(#9121),#679,.T.);
#9867=ADVANCED_FACE('',(#9122),#680,.T.);
#9868=ADVANCED_FACE('',(#9123),#681,.T.);
#9869=ADVANCED_FACE('',(#9124),#682,.T.);
#9870=ADVANCED_FACE('',(#9125),#683,.T.);
#9871=ADVANCED_FACE('',(#9126),#9418,.F.);
#9872=ADVANCED_FACE('',(#9127),#9419,.F.);
#9873=ADVANCED_FACE('',(#9128),#9420,.F.);
#9874=ADVANCED_FACE('',(#9129),#9421,.F.);
#9875=ADVANCED_FACE('',(#9130),#9422,.F.);
#9876=ADVANCED_FACE('',(#9131),#9423,.F.);
#9877=ADVANCED_FACE('',(#9132),#9424,.F.);
#9878=ADVANCED_FACE('',(#9133),#9425,.F.);
#9879=ADVANCED_FACE('',(#9134),#9426,.F.);
#9880=ADVANCED_FACE('',(#9135),#9427,.F.);
#9881=ADVANCED_FACE('',(#9136),#684,.F.);
#9882=ADVANCED_FACE('',(#9137),#685,.F.);
#9883=ADVANCED_FACE('',(#9138),#686,.F.);
#9884=ADVANCED_FACE('',(#9139),#687,.F.);
#9885=ADVANCED_FACE('',(#9140),#688,.F.);
#9886=ADVANCED_FACE('',(#9141),#689,.F.);
#9887=ADVANCED_FACE('',(#9142),#690,.F.);
#9888=ADVANCED_FACE('',(#9143),#691,.F.);
#9889=ADVANCED_FACE('',(#9144),#692,.F.);
#9890=ADVANCED_FACE('',(#9145),#693,.F.);
#9891=ADVANCED_FACE('',(#9146),#694,.F.);
#9892=ADVANCED_FACE('',(#9147),#695,.F.);
#9893=ADVANCED_FACE('',(#9148),#696,.F.);
#9894=ADVANCED_FACE('',(#9149),#697,.F.);
#9895=ADVANCED_FACE('',(#9150),#698,.F.);
#9896=ADVANCED_FACE('',(#9151),#699,.T.);
#9897=ADVANCED_FACE('',(#9152),#700,.T.);
#9898=ADVANCED_FACE('',(#9153),#701,.T.);
#9899=ADVANCED_FACE('',(#9154),#702,.T.);
#9900=ADVANCED_FACE('',(#9155),#703,.T.);
#9901=ADVANCED_FACE('',(#9156),#704,.T.);
#9902=ADVANCED_FACE('',(#9157),#705,.T.);
#9903=ADVANCED_FACE('',(#9158),#706,.T.);
#9904=ADVANCED_FACE('',(#9159),#707,.T.);
#9905=ADVANCED_FACE('',(#9160),#708,.T.);
#9906=ADVANCED_FACE('',(#9161),#709,.T.);
#9907=ADVANCED_FACE('',(#9162),#710,.T.);
#9908=ADVANCED_FACE('',(#9163),#711,.T.);
#9909=ADVANCED_FACE('',(#9164),#712,.T.);
#9910=ADVANCED_FACE('',(#9165),#713,.T.);
#9911=ADVANCED_FACE('',(#9166),#714,.T.);
#9912=ADVANCED_FACE('',(#9167),#715,.T.);
#9913=ADVANCED_FACE('',(#9168),#716,.T.);
#9914=ADVANCED_FACE('',(#9169),#717,.T.);
#9915=ADVANCED_FACE('',(#9170),#718,.T.);
#9916=ADVANCED_FACE('',(#9171),#9428,.F.);
#9917=ADVANCED_FACE('',(#9172),#9429,.F.);
#9918=ADVANCED_FACE('',(#9173),#9430,.F.);
#9919=ADVANCED_FACE('',(#9174),#9431,.F.);
#9920=ADVANCED_FACE('',(#9175),#9432,.F.);
#9921=ADVANCED_FACE('',(#9176),#9433,.F.);
#9922=ADVANCED_FACE('',(#9177),#9434,.F.);
#9923=ADVANCED_FACE('',(#9178),#9435,.F.);
#9924=ADVANCED_FACE('',(#9179),#9436,.F.);
#9925=ADVANCED_FACE('',(#9180),#9437,.F.);
#9926=ADVANCED_FACE('',(#9181),#719,.F.);
#9927=ADVANCED_FACE('',(#9182),#720,.F.);
#9928=ADVANCED_FACE('',(#9183),#721,.F.);
#9929=ADVANCED_FACE('',(#9184),#722,.T.);
#9930=ADVANCED_FACE('',(#9185),#723,.T.);
#9931=ADVANCED_FACE('',(#9186),#9438,.T.);
#9932=ADVANCED_FACE('',(#9187),#9439,.T.);
#9933=ADVANCED_FACE('',(#9188),#9440,.T.);
#9934=ADVANCED_FACE('',(#9189),#9441,.T.);
#9935=ADVANCED_FACE('',(#9190),#9442,.T.);
#9936=ADVANCED_FACE('',(#9191),#92,.T.);
#9937=ADVANCED_FACE('',(#9192),#9443,.T.);
#9938=ADVANCED_FACE('',(#9193),#93,.T.);
#9939=ADVANCED_FACE('',(#9194),#9444,.T.);
#9940=ADVANCED_FACE('',(#9195),#9445,.T.);
#9941=ADVANCED_FACE('',(#9196),#94,.T.);
#9942=ADVANCED_FACE('',(#9197),#9446,.T.);
#9943=ADVANCED_FACE('',(#9198),#95,.T.);
#9944=ADVANCED_FACE('',(#9199),#9447,.T.);
#9945=ADVANCED_FACE('',(#9200),#724,.F.);
#9946=ADVANCED_FACE('',(#9201),#725,.F.);
#9947=ADVANCED_FACE('',(#9202),#726,.F.);
#9948=ADVANCED_FACE('',(#9203),#727,.T.);
#9949=ADVANCED_FACE('',(#9204),#728,.T.);
#9950=ADVANCED_FACE('',(#9205),#9448,.T.);
#9951=ADVANCED_FACE('',(#9206),#9449,.T.);
#9952=ADVANCED_FACE('',(#9207),#9450,.T.);
#9953=ADVANCED_FACE('',(#9208),#9451,.T.);
#9954=ADVANCED_FACE('',(#9209),#9452,.T.);
#9955=ADVANCED_FACE('',(#9210),#96,.T.);
#9956=ADVANCED_FACE('',(#9211),#9453,.T.);
#9957=ADVANCED_FACE('',(#9212),#97,.T.);
#9958=ADVANCED_FACE('',(#9213),#9454,.T.);
#9959=ADVANCED_FACE('',(#9214),#9455,.T.);
#9960=ADVANCED_FACE('',(#9215),#98,.T.);
#9961=ADVANCED_FACE('',(#9216),#9456,.T.);
#9962=ADVANCED_FACE('',(#9217),#99,.T.);
#9963=ADVANCED_FACE('',(#9218),#9457,.T.);
#9964=ADVANCED_FACE('',(#9219),#729,.F.);
#9965=ADVANCED_FACE('',(#9220),#730,.F.);
#9966=ADVANCED_FACE('',(#9221),#731,.F.);
#9967=ADVANCED_FACE('',(#9222),#732,.T.);
#9968=ADVANCED_FACE('',(#9223),#733,.T.);
#9969=ADVANCED_FACE('',(#9224),#9458,.T.);
#9970=ADVANCED_FACE('',(#9225),#9459,.T.);
#9971=ADVANCED_FACE('',(#9226),#9460,.T.);
#9972=ADVANCED_FACE('',(#9227),#9461,.T.);
#9973=ADVANCED_FACE('',(#9228),#9462,.T.);
#9974=ADVANCED_FACE('',(#9229),#100,.T.);
#9975=ADVANCED_FACE('',(#9230),#9463,.T.);
#9976=ADVANCED_FACE('',(#9231),#101,.T.);
#9977=ADVANCED_FACE('',(#9232),#9464,.T.);
#9978=ADVANCED_FACE('',(#9233),#9465,.T.);
#9979=ADVANCED_FACE('',(#9234),#102,.T.);
#9980=ADVANCED_FACE('',(#9235),#9466,.T.);
#9981=ADVANCED_FACE('',(#9236),#103,.T.);
#9982=ADVANCED_FACE('',(#9237),#9467,.T.);
#9983=ADVANCED_FACE('',(#9238),#734,.F.);
#9984=ADVANCED_FACE('',(#9239),#735,.F.);
#9985=ADVANCED_FACE('',(#9240),#736,.T.);
#9986=ADVANCED_FACE('',(#9241),#737,.T.);
#9987=ADVANCED_FACE('',(#9242),#9468,.T.);
#9988=ADVANCED_FACE('',(#9243),#9469,.T.);
#9989=ADVANCED_FACE('',(#9244),#9470,.T.);
#9990=ADVANCED_FACE('',(#9245),#9471,.T.);
#9991=ADVANCED_FACE('',(#9246),#9472,.T.);
#9992=ADVANCED_FACE('',(#9247),#104,.T.);
#9993=ADVANCED_FACE('',(#9248),#9473,.T.);
#9994=ADVANCED_FACE('',(#9249),#105,.T.);
#9995=ADVANCED_FACE('',(#9250),#9474,.T.);
#9996=ADVANCED_FACE('',(#9251),#9475,.T.);
#9997=ADVANCED_FACE('',(#9252),#106,.T.);
#9998=ADVANCED_FACE('',(#9253),#9476,.T.);
#9999=ADVANCED_FACE('',(#9254),#107,.T.);
#10000=ADVANCED_FACE('',(#9255),#9477,.T.);
#10001=ADVANCED_FACE('',(#9256),#738,.F.);
#10002=ADVANCED_FACE('',(#9257),#739,.F.);
#10003=ADVANCED_FACE('',(#9258),#740,.T.);
#10004=ADVANCED_FACE('',(#9259),#741,.T.);
#10005=ADVANCED_FACE('',(#9260),#9478,.T.);
#10006=ADVANCED_FACE('',(#9261),#9479,.T.);
#10007=ADVANCED_FACE('',(#9262),#9480,.T.);
#10008=ADVANCED_FACE('',(#9263),#9481,.T.);
#10009=ADVANCED_FACE('',(#9264),#9482,.T.);
#10010=ADVANCED_FACE('',(#9265),#108,.T.);
#10011=ADVANCED_FACE('',(#9266),#9483,.T.);
#10012=ADVANCED_FACE('',(#9267),#109,.T.);
#10013=ADVANCED_FACE('',(#9268),#9484,.T.);
#10014=ADVANCED_FACE('',(#9269),#9485,.T.);
#10015=ADVANCED_FACE('',(#9270),#110,.T.);
#10016=ADVANCED_FACE('',(#9271),#9486,.T.);
#10017=ADVANCED_FACE('',(#9272),#111,.T.);
#10018=ADVANCED_FACE('',(#9273),#9487,.T.);
#10019=ADVANCED_FACE('',(#9274),#9488,.F.);
#10020=ADVANCED_FACE('',(#9275),#9489,.F.);
#10021=ADVANCED_FACE('',(#9276),#9490,.F.);
#10022=ADVANCED_FACE('',(#9277),#9491,.F.);
#10023=ADVANCED_FACE('',(#9278),#112,.F.);
#10024=ADVANCED_FACE('',(#9279),#9492,.F.);
#10025=ADVANCED_FACE('',(#9280),#9493,.F.);
#10026=ADVANCED_FACE('',(#9281),#9494,.F.);
#10027=ADVANCED_FACE('',(#9282),#113,.F.);
#10028=ADVANCED_FACE('',(#9283),#9495,.F.);
#10029=ADVANCED_FACE('',(#9284),#9496,.F.);
#10030=ADVANCED_FACE('',(#9285),#9497,.F.);
#10031=ADVANCED_FACE('',(#9286),#160,.T.);
#10032=ADVANCED_FACE('',(#9287),#9498,.T.);
#10033=ADVANCED_FACE('',(#9288),#72,.F.);
#10034=ADVANCED_FACE('',(#9289),#73,.F.);
#10035=ADVANCED_FACE('',(#9290),#161,.T.);
#10036=ADVANCED_FACE('',(#9291),#9499,.F.);
#10037=ADVANCED_FACE('',(#9292),#74,.F.);
#10038=ADVANCED_FACE('',(#9293),#75,.F.);
#10039=ADVANCED_FACE('',(#9294),#76,.F.);
#10040=ADVANCED_FACE('',(#9295),#9500,.F.);
#10041=ADVANCED_FACE('',(#9296),#77,.F.);
#10042=ADVANCED_FACE('',(#9297),#78,.F.);
#10043=ADVANCED_FACE('',(#9298),#162,.T.);
#10044=ADVANCED_FACE('',(#9299),#79,.F.);
#10045=ADVANCED_FACE('',(#9300),#9501,.T.);
#10046=ADVANCED_FACE('',(#9301),#163,.T.);
#10047=ADVANCED_FACE('',(#9302),#80,.F.);
#10048=ADVANCED_FACE('',(#9303),#9502,.F.);
#10049=ADVANCED_FACE('',(#9304),#81,.F.);
#10050=ADVANCED_FACE('',(#9305),#82,.F.);
#10051=ADVANCED_FACE('',(#9306),#164,.T.);
#10052=ADVANCED_FACE('',(#9307),#83,.F.);
#10053=ADVANCED_FACE('',(#9308),#9503,.T.);
#10054=ADVANCED_FACE('',(#9309),#165,.T.);
#10055=ADVANCED_FACE('',(#9310),#9504,.F.);
#10056=ADVANCED_FACE('',(#9311),#166,.T.);
#10057=ADVANCED_FACE('',(#9312),#9505,.T.);
#10058=ADVANCED_FACE('',(#9313),#84,.F.);
#10059=ADVANCED_FACE('',(#9314),#85,.F.);
#10060=ADVANCED_FACE('',(#9315),#167,.T.);
#10061=ADVANCED_FACE('',(#9316),#9506,.F.);
#10062=ADVANCED_FACE('',(#9317),#86,.F.);
#10063=ADVANCED_FACE('',(#9318),#9507,.F.);
#10064=ADVANCED_FACE('',(#9319),#87,.F.);
#10065=ADVANCED_FACE('',(#9320),#88,.F.);
#10066=ADVANCED_FACE('',(#9321),#9508,.F.);
#10067=ADVANCED_FACE('',(#9322),#9509,.F.);
#10068=ADVANCED_FACE('',(#9323),#89,.F.);
#10069=ADVANCED_FACE('',(#9324),#90,.F.);
#10070=ADVANCED_FACE('',(#9325),#168,.T.);
#10071=ADVANCED_FACE('',(#9326),#91,.F.);
#10072=ADVANCED_FACE('',(#9327),#9510,.T.);
#10073=ADVANCED_FACE('',(#9328),#169,.T.);
#10074=CLOSED_SHELL('',(#9511,#9512,#9513,#9514,#9515,#9516,#9517,#9518,
#9519,#9520,#9521,#9522,#9523,#9524,#9525,#9526,#9527,#9528,#9529,#9530,
#9531,#9532,#9533,#9534,#9535,#9536,#9537,#9538,#9539,#9540,#9541,#9542,
#9543,#9544,#9545,#9546,#9547,#9548,#9549,#9550,#9551,#9552,#9553,#9554,
#9555,#9556,#9557,#9558,#9559,#9560,#9561,#9562,#9563,#9564,#9565,#9566,
#9567,#9568,#9569,#9570,#9571,#9572,#9573,#9574,#9575,#9576,#9577,#9578,
#9579,#9580,#9581,#9582,#9583,#9584,#9585,#9586,#9587,#9588,#9589,#9590,
#9591,#9592,#9593,#9594,#9595,#9596,#9597,#9598,#9599,#9600,#9601,#9602,
#9603,#9604,#9605,#9606,#9607,#9608,#9609,#9610,#9611,#9612,#9613,#9614,
#9615,#9616,#9617,#9618,#9619,#9620,#9621,#9622,#9623,#9624,#9625,#9626,
#9627,#9628,#9629,#9630,#9631,#9632,#9633,#9634,#9635,#9636,#9637,#9638,
#9639,#9640,#9641,#9642,#9643,#9644,#9645,#9646,#9647,#9648,#9649,#9650,
#9651,#9652,#9653,#9654,#9655,#9656,#9657,#9658,#9659,#9660,#9661,#9662,
#9663,#9664,#9665,#9666,#9667,#9668,#9669,#9670,#9671,#9672,#9673,#9674,
#9675,#9676,#9677,#9678,#9679,#9680,#9681,#9682,#9683,#9684,#9685,#9686,
#9687,#9688,#9689,#9690,#9691,#9692,#9693,#9694,#9695,#9696,#9697,#9698,
#9699,#9700,#9701,#9702,#9703,#9704,#9705,#9706,#9707,#9708,#9709,#9710,
#9711,#9712,#9713,#9714,#9715,#9716,#9717,#9718,#9719,#9720,#9721,#9722,
#9723,#9724,#9725,#9726,#9727,#9728,#9729,#9730,#9731,#9732,#9733,#9734,
#9735,#9736,#9737,#9738,#9739,#9740,#9741,#9742,#9743,#9744,#9745,#9746,
#9747,#9748,#9749,#9750,#9751,#9752,#9753,#9754,#9755,#9756,#9757,#9758,
#9759,#9760,#9761,#9762,#9763,#9764,#9765,#9766,#9767,#9768,#9769,#9770,
#9771,#9772,#9773,#9774,#9775,#9776,#9777,#9778,#9779,#9780,#9781,#9782,
#9783,#9784,#9785,#9786,#9787,#9788,#9789,#9790,#9791,#9792,#9793,#9794,
#9795,#9796,#9797,#9798,#9799,#9800,#9801,#9802,#9803,#9804,#9805,#9806,
#9807,#9808,#9809,#9810,#9811,#9812,#9813,#9814,#9815,#9816,#9817,#9818,
#9819,#9820,#9821,#9822,#9823,#9824,#9825,#9826,#9827,#9828,#9829,#9830,
#9831,#9832,#9833,#9834,#9835,#9836,#9837,#9838,#9839,#9840,#9841,#9842,
#9843,#9844,#9845,#9846,#9847,#9848,#9849,#9850,#9851,#9852,#9853,#9854,
#9855,#9856,#9857,#9858,#9859,#9860,#9861,#9862,#9863,#9864,#9865,#9866,
#9867,#9868,#9869,#9870,#9871,#9872,#9873,#9874,#9875,#9876,#9877,#9878,
#9879,#9880,#9881,#9882,#9883,#9884,#9885,#9886,#9887,#9888,#9889,#9890,
#9891,#9892,#9893,#9894,#9895,#9896,#9897,#9898,#9899,#9900,#9901,#9902,
#9903,#9904,#9905,#9906,#9907,#9908,#9909,#9910,#9911,#9912,#9913,#9914,
#9915,#9916,#9917,#9918,#9919,#9920,#9921,#9922,#9923,#9924,#9925,#9926,
#9927,#9928,#9929,#9930,#9931,#9932,#9933,#9934,#9935,#9936,#9937,#9938,
#9939,#9940,#9941,#9942,#9943,#9944,#9945,#9946,#9947,#9948,#9949,#9950,
#9951,#9952,#9953,#9954,#9955,#9956,#9957,#9958,#9959,#9960,#9961,#9962,
#9963,#9964,#9965,#9966,#9967,#9968,#9969,#9970,#9971,#9972,#9973,#9974,
#9975,#9976,#9977,#9978,#9979,#9980,#9981,#9982,#9983,#9984,#9985,#9986,
#9987,#9988,#9989,#9990,#9991,#9992,#9993,#9994,#9995,#9996,#9997,#9998,
#9999,#10000,#10001,#10002,#10003,#10004,#10005,#10006,#10007,#10008,#10009,
#10010,#10011,#10012,#10013,#10014,#10015,#10016,#10017,#10018,#10019,#10020,
#10021,#10022,#10023,#10024,#10025,#10026,#10027,#10028,#10029,#10030,#10031,
#10032,#10033,#10034,#10035,#10036,#10037,#10038,#10039,#10040,#10041,#10042,
#10043,#10044,#10045,#10046,#10047,#10048,#10049,#10050,#10051,#10052,#10053,
#10054,#10055,#10056,#10057,#10058,#10059,#10060,#10061,#10062,#10063,#10064,
#10065,#10066,#10067,#10068,#10069,#10070,#10071,#10072,#10073));
#10075=STYLED_ITEM('',(#10076),#10083);
#10076=PRESENTATION_STYLE_ASSIGNMENT((#10077));
#10077=SURFACE_STYLE_USAGE(.BOTH.,#10078);
#10078=SURFACE_SIDE_STYLE('',(#10079));
#10079=SURFACE_STYLE_FILL_AREA(#10080);
#10080=FILL_AREA_STYLE('',(#10081));
#10081=FILL_AREA_STYLE_COLOUR('',#10082);
#10082=COLOUR_RGB('',1.,0.4,0.);
#10083=MANIFOLD_SOLID_BREP('ANTENNA-RAIL',#10074);
#10084=SHAPE_DEFINITION_REPRESENTATION(#18042,#10085);
#10085=SHAPE_REPRESENTATION('antenna-rail-A.3',(#10086),#18037);
#10086=AXIS2_PLACEMENT_3D('',#13874,#11057,#11058);
#10087=AXIS2_PLACEMENT_3D('',#13875,#11059,#11060);
#10088=AXIS2_PLACEMENT_3D('',#13879,#11062,#11063);
#10089=AXIS2_PLACEMENT_3D('',#13883,#11065,#11066);
#10090=AXIS2_PLACEMENT_3D('',#13884,#11067,#11068);
#10091=AXIS2_PLACEMENT_3D('',#13885,#11069,#11070);
#10092=AXIS2_PLACEMENT_3D('',#13890,#11072,#11073);
#10093=AXIS2_PLACEMENT_3D('',#13891,#11074,#11075);
#10094=AXIS2_PLACEMENT_3D('',#13892,#11076,#11077);
#10095=AXIS2_PLACEMENT_3D('',#13897,#11079,#11080);
#10096=AXIS2_PLACEMENT_3D('',#13898,#11081,#11082);
#10097=AXIS2_PLACEMENT_3D('',#13902,#11084,#11085);
#10098=AXIS2_PLACEMENT_3D('',#13904,#11086,#11087);
#10099=AXIS2_PLACEMENT_3D('',#13905,#11088,#11089);
#10100=AXIS2_PLACEMENT_3D('',#13906,#11090,#11091);
#10101=AXIS2_PLACEMENT_3D('',#13911,#11093,#11094);
#10102=AXIS2_PLACEMENT_3D('',#13912,#11095,#11096);
#10103=AXIS2_PLACEMENT_3D('',#13916,#11098,#11099);
#10104=AXIS2_PLACEMENT_3D('',#13918,#11100,#11101);
#10105=AXIS2_PLACEMENT_3D('',#13919,#11102,#11103);
#10106=AXIS2_PLACEMENT_3D('',#13923,#11105,#11106);
#10107=AXIS2_PLACEMENT_3D('',#13927,#11108,#11109);
#10108=AXIS2_PLACEMENT_3D('',#13931,#11111,#11112);
#10109=AXIS2_PLACEMENT_3D('',#13935,#11114,#11115);
#10110=AXIS2_PLACEMENT_3D('',#13936,#11116,#11117);
#10111=AXIS2_PLACEMENT_3D('',#13946,#11123,#11124);
#10112=AXIS2_PLACEMENT_3D('',#14063,#11156,#11157);
#10113=AXIS2_PLACEMENT_3D('',#14067,#11159,#11160);
#10114=AXIS2_PLACEMENT_3D('',#14093,#11168,#11169);
#10115=AXIS2_PLACEMENT_3D('',#14094,#11170,#11171);
#10116=AXIS2_PLACEMENT_3D('',#14098,#11173,#11174);
#10117=AXIS2_PLACEMENT_3D('',#14102,#11176,#11177);
#10118=AXIS2_PLACEMENT_3D('',#14106,#11179,#11180);
#10119=AXIS2_PLACEMENT_3D('',#14107,#11181,#11182);
#10120=AXIS2_PLACEMENT_3D('',#14195,#11213,#11214);
#10121=AXIS2_PLACEMENT_3D('',#14196,#11215,#11216);
#10122=AXIS2_PLACEMENT_3D('',#14200,#11218,#11219);
#10123=AXIS2_PLACEMENT_3D('',#14201,#11220,#11221);
#10124=AXIS2_PLACEMENT_3D('',#14205,#11223,#11224);
#10125=AXIS2_PLACEMENT_3D('',#14206,#11225,#11226);
#10126=AXIS2_PLACEMENT_3D('',#14207,#11227,#11228);
#10127=AXIS2_PLACEMENT_3D('',#14211,#11230,#11231);
#10128=AXIS2_PLACEMENT_3D('',#14212,#11232,#11233);
#10129=AXIS2_PLACEMENT_3D('',#14216,#11235,#11236);
#10130=AXIS2_PLACEMENT_3D('',#14217,#11237,#11238);
#10131=AXIS2_PLACEMENT_3D('',#14218,#11239,#11240);
#10132=AXIS2_PLACEMENT_3D('',#14222,#11242,#11243);
#10133=AXIS2_PLACEMENT_3D('',#14223,#11244,#11245);
#10134=AXIS2_PLACEMENT_3D('',#14231,#11249,#11250);
#10135=AXIS2_PLACEMENT_3D('',#14235,#11252,#11253);
#10136=AXIS2_PLACEMENT_3D('',#14243,#11257,#11258);
#10137=AXIS2_PLACEMENT_3D('',#14247,#11260,#11261);
#10138=AXIS2_PLACEMENT_3D('',#14255,#11265,#11266);
#10139=AXIS2_PLACEMENT_3D('',#14256,#11267,#11268);
#10140=AXIS2_PLACEMENT_3D('',#14257,#11269,#11270);
#10141=AXIS2_PLACEMENT_3D('',#14260,#11271,#11272);
#10142=AXIS2_PLACEMENT_3D('',#14262,#11273,#11274);
#10143=AXIS2_PLACEMENT_3D('',#14264,#11275,#11276);
#10144=AXIS2_PLACEMENT_3D('',#14265,#11277,#11278);
#10145=AXIS2_PLACEMENT_3D('',#14266,#11279,#11280);
#10146=AXIS2_PLACEMENT_3D('',#14268,#11281,#11282);
#10147=AXIS2_PLACEMENT_3D('',#14270,#11283,#11284);
#10148=AXIS2_PLACEMENT_3D('',#14271,#11285,#11286);
#10149=AXIS2_PLACEMENT_3D('',#14280,#11291,#11292);
#10150=AXIS2_PLACEMENT_3D('',#14289,#11297,#11298);
#10151=AXIS2_PLACEMENT_3D('',#14298,#11303,#11304);
#10152=AXIS2_PLACEMENT_3D('',#14307,#11309,#11310);
#10153=AXIS2_PLACEMENT_3D('',#14324,#11319,#11320);
#10154=AXIS2_PLACEMENT_3D('',#14336,#11326,#11327);
#10155=AXIS2_PLACEMENT_3D('',#14345,#11332,#11333);
#10156=AXIS2_PLACEMENT_3D('',#14354,#11338,#11339);
#10157=AXIS2_PLACEMENT_3D('',#14363,#11344,#11345);
#10158=AXIS2_PLACEMENT_3D('',#14372,#11350,#11351);
#10159=AXIS2_PLACEMENT_3D('',#14377,#11354,#11355);
#10160=AXIS2_PLACEMENT_3D('',#14386,#11360,#11361);
#10161=AXIS2_PLACEMENT_3D('',#14395,#11366,#11367);
#10162=AXIS2_PLACEMENT_3D('',#14404,#11372,#11373);
#10163=AXIS2_PLACEMENT_3D('',#14413,#11378,#11379);
#10164=AXIS2_PLACEMENT_3D('',#14418,#11382,#11383);
#10165=AXIS2_PLACEMENT_3D('',#14421,#11385,#11386);
#10166=AXIS2_PLACEMENT_3D('',#14438,#11395,#11396);
#10167=AXIS2_PLACEMENT_3D('',#14450,#11402,#11403);
#10168=AXIS2_PLACEMENT_3D('',#14459,#11408,#11409);
#10169=AXIS2_PLACEMENT_3D('',#14468,#11414,#11415);
#10170=AXIS2_PLACEMENT_3D('',#14477,#11420,#11421);
#10171=AXIS2_PLACEMENT_3D('',#14486,#11426,#11427);
#10172=AXIS2_PLACEMENT_3D('',#14491,#11430,#11431);
#10173=AXIS2_PLACEMENT_3D('',#14492,#11432,#11433);
#10174=AXIS2_PLACEMENT_3D('',#14496,#11435,#11436);
#10175=AXIS2_PLACEMENT_3D('',#14500,#11438,#11439);
#10176=AXIS2_PLACEMENT_3D('',#14521,#11450,#11451);
#10177=AXIS2_PLACEMENT_3D('',#14525,#11453,#11454);
#10178=AXIS2_PLACEMENT_3D('',#14529,#11456,#11457);
#10179=AXIS2_PLACEMENT_3D('',#14544,#11460,#11461);
#10180=AXIS2_PLACEMENT_3D('',#14549,#11464,#11465);
#10181=AXIS2_PLACEMENT_3D('',#14553,#11467,#11468);
#10182=AXIS2_PLACEMENT_3D('',#14575,#11480,#11481);
#10183=AXIS2_PLACEMENT_3D('',#14597,#11493,#11494);
#10184=AXIS2_PLACEMENT_3D('',#14601,#11496,#11497);
#10185=AXIS2_PLACEMENT_3D('',#14611,#11499,#11500);
#10186=AXIS2_PLACEMENT_3D('',#14612,#11501,#11502);
#10187=AXIS2_PLACEMENT_3D('',#14621,#11504,#11505);
#10188=AXIS2_PLACEMENT_3D('',#14622,#11506,#11507);
#10189=AXIS2_PLACEMENT_3D('',#14627,#11510,#11511);
#10190=AXIS2_PLACEMENT_3D('',#14633,#11514,#11515);
#10191=AXIS2_PLACEMENT_3D('',#14637,#11517,#11518);
#10192=AXIS2_PLACEMENT_3D('',#14640,#11520,#11521);
#10193=AXIS2_PLACEMENT_3D('',#14646,#11525,#11526);
#10194=AXIS2_PLACEMENT_3D('',#14647,#11527,#11528);
#10195=AXIS2_PLACEMENT_3D('',#14648,#11529,#11530);
#10196=AXIS2_PLACEMENT_3D('',#14649,#11531,#11532);
#10197=AXIS2_PLACEMENT_3D('',#14650,#11533,#11534);
#10198=AXIS2_PLACEMENT_3D('',#14651,#11535,#11536);
#10199=AXIS2_PLACEMENT_3D('',#14652,#11537,#11538);
#10200=AXIS2_PLACEMENT_3D('',#14656,#11540,#11541);
#10201=AXIS2_PLACEMENT_3D('',#14667,#11547,#11548);
#10202=AXIS2_PLACEMENT_3D('',#14671,#11550,#11551);
#10203=AXIS2_PLACEMENT_3D('',#14672,#11552,#11553);
#10204=AXIS2_PLACEMENT_3D('',#14673,#11554,#11555);
#10205=AXIS2_PLACEMENT_3D('',#14677,#11557,#11558);
#10206=AXIS2_PLACEMENT_3D('',#14681,#11560,#11561);
#10207=AXIS2_PLACEMENT_3D('',#14692,#11567,#11568);
#10208=AXIS2_PLACEMENT_3D('',#14695,#11571,#11572);
#10209=AXIS2_PLACEMENT_3D('',#14699,#11575,#11576);
#10210=AXIS2_PLACEMENT_3D('',#14703,#11578,#11579);
#10211=AXIS2_PLACEMENT_3D('',#14707,#11581,#11582);
#10212=AXIS2_PLACEMENT_3D('',#14711,#11584,#11585);
#10213=AXIS2_PLACEMENT_3D('',#14735,#11597,#11598);
#10214=AXIS2_PLACEMENT_3D('',#14739,#11600,#11601);
#10215=AXIS2_PLACEMENT_3D('',#14740,#11602,#11603);
#10216=AXIS2_PLACEMENT_3D('',#14748,#11605,#11606);
#10217=AXIS2_PLACEMENT_3D('',#14752,#11608,#11609);
#10218=AXIS2_PLACEMENT_3D('',#14761,#11614,#11615);
#10219=AXIS2_PLACEMENT_3D('',#14773,#11623,#11624);
#10220=AXIS2_PLACEMENT_3D('',#14793,#11627,#11628);
#10221=AXIS2_PLACEMENT_3D('',#14797,#11630,#11631);
#10222=AXIS2_PLACEMENT_3D('',#14810,#11633,#11634);
#10223=AXIS2_PLACEMENT_3D('',#14812,#11635,#11636);
#10224=AXIS2_PLACEMENT_3D('',#14814,#11637,#11638);
#10225=AXIS2_PLACEMENT_3D('',#14818,#11640,#11641);
#10226=AXIS2_PLACEMENT_3D('',#14819,#11642,#11643);
#10227=AXIS2_PLACEMENT_3D('',#14820,#11644,#11645);
#10228=AXIS2_PLACEMENT_3D('',#14831,#11651,#11652);
#10229=AXIS2_PLACEMENT_3D('',#14835,#11654,#11655);
#10230=AXIS2_PLACEMENT_3D('',#14836,#11656,#11657);
#10231=AXIS2_PLACEMENT_3D('',#14837,#11658,#11659);
#10232=AXIS2_PLACEMENT_3D('',#14838,#11660,#11661);
#10233=AXIS2_PLACEMENT_3D('',#14842,#11663,#11664);
#10234=AXIS2_PLACEMENT_3D('',#14844,#11665,#11666);
#10235=AXIS2_PLACEMENT_3D('',#14846,#11667,#11668);
#10236=AXIS2_PLACEMENT_3D('',#14857,#11674,#11675);
#10237=AXIS2_PLACEMENT_3D('',#14862,#11678,#11679);
#10238=AXIS2_PLACEMENT_3D('',#14866,#11681,#11682);
#10239=AXIS2_PLACEMENT_3D('',#14867,#11683,#11684);
#10240=AXIS2_PLACEMENT_3D('',#14872,#11687,#11688);
#10241=AXIS2_PLACEMENT_3D('',#14873,#11689,#11690);
#10242=AXIS2_PLACEMENT_3D('',#14874,#11691,#11692);
#10243=AXIS2_PLACEMENT_3D('',#14875,#11693,#11694);
#10244=AXIS2_PLACEMENT_3D('',#14876,#11695,#11696);
#10245=AXIS2_PLACEMENT_3D('',#14885,#11699,#11700);
#10246=AXIS2_PLACEMENT_3D('',#14886,#11701,#11702);
#10247=AXIS2_PLACEMENT_3D('',#14887,#11703,#11704);
#10248=AXIS2_PLACEMENT_3D('',#14891,#11706,#11707);
#10249=AXIS2_PLACEMENT_3D('',#14912,#11718,#11719);
#10250=AXIS2_PLACEMENT_3D('',#14914,#11720,#11721);
#10251=AXIS2_PLACEMENT_3D('',#14923,#11723,#11724);
#10252=AXIS2_PLACEMENT_3D('',#14927,#11726,#11727);
#10253=AXIS2_PLACEMENT_3D('',#14928,#11728,#11729);
#10254=AXIS2_PLACEMENT_3D('',#14932,#11731,#11732);
#10255=AXIS2_PLACEMENT_3D('',#14936,#11734,#11735);
#10256=AXIS2_PLACEMENT_3D('',#14937,#11736,#11737);
#10257=AXIS2_PLACEMENT_3D('',#14941,#11739,#11740);
#10258=AXIS2_PLACEMENT_3D('',#14950,#11742,#11743);
#10259=AXIS2_PLACEMENT_3D('',#14956,#11744,#11745);
#10260=AXIS2_PLACEMENT_3D('',#14957,#11746,#11747);
#10261=AXIS2_PLACEMENT_3D('',#14960,#11748,#11749);
#10262=AXIS2_PLACEMENT_3D('',#14961,#11750,#11751);
#10263=AXIS2_PLACEMENT_3D('',#14962,#11752,#11753);
#10264=AXIS2_PLACEMENT_3D('',#14973,#11760,#11761);
#10265=AXIS2_PLACEMENT_3D('',#14982,#11766,#11767);
#10266=AXIS2_PLACEMENT_3D('',#14991,#11772,#11773);
#10267=AXIS2_PLACEMENT_3D('',#15000,#11778,#11779);
#10268=AXIS2_PLACEMENT_3D('',#15009,#11784,#11785);
#10269=AXIS2_PLACEMENT_3D('',#15014,#11788,#11789);
#10270=AXIS2_PLACEMENT_3D('',#15018,#11791,#11792);
#10271=AXIS2_PLACEMENT_3D('',#15022,#11794,#11795);
#10272=AXIS2_PLACEMENT_3D('',#15023,#11796,#11797);
#10273=AXIS2_PLACEMENT_3D('',#15027,#11799,#11800);
#10274=AXIS2_PLACEMENT_3D('',#15028,#11801,#11802);
#10275=AXIS2_PLACEMENT_3D('',#15029,#11803,#11804);
#10276=AXIS2_PLACEMENT_3D('',#15031,#11805,#11806);
#10277=AXIS2_PLACEMENT_3D('',#15036,#11808,#11809);
#10278=AXIS2_PLACEMENT_3D('',#15038,#11810,#11811);
#10279=AXIS2_PLACEMENT_3D('',#15040,#11812,#11813);
#10280=AXIS2_PLACEMENT_3D('',#15042,#11814,#11815);
#10281=AXIS2_PLACEMENT_3D('',#15044,#11816,#11817);
#10282=AXIS2_PLACEMENT_3D('',#15047,#11819,#11820);
#10283=AXIS2_PLACEMENT_3D('',#15067,#11821,#11822);
#10284=AXIS2_PLACEMENT_3D('',#15086,#11823,#11824);
#10285=AXIS2_PLACEMENT_3D('',#15100,#11833,#11834);
#10286=AXIS2_PLACEMENT_3D('',#15104,#11836,#11837);
#10287=AXIS2_PLACEMENT_3D('',#15105,#11838,#11839);
#10288=AXIS2_PLACEMENT_3D('',#15109,#11841,#11842);
#10289=AXIS2_PLACEMENT_3D('',#15111,#11843,#11844);
#10290=AXIS2_PLACEMENT_3D('',#15117,#11845,#11846);
#10291=AXIS2_PLACEMENT_3D('',#15129,#11853,#11854);
#10292=AXIS2_PLACEMENT_3D('',#15130,#11855,#11856);
#10293=AXIS2_PLACEMENT_3D('',#15133,#11857,#11858);
#10294=AXIS2_PLACEMENT_3D('',#15135,#11860,#11861);
#10295=AXIS2_PLACEMENT_3D('',#15141,#11865,#11866);
#10296=AXIS2_PLACEMENT_3D('',#15150,#11871,#11872);
#10297=AXIS2_PLACEMENT_3D('',#15154,#11874,#11875);
#10298=AXIS2_PLACEMENT_3D('',#15155,#11876,#11877);
#10299=AXIS2_PLACEMENT_3D('',#15156,#11878,#11879);
#10300=AXIS2_PLACEMENT_3D('',#15165,#11881,#11882);
#10301=AXIS2_PLACEMENT_3D('',#15171,#11883,#11884);
#10302=AXIS2_PLACEMENT_3D('',#15172,#11885,#11886);
#10303=AXIS2_PLACEMENT_3D('',#15174,#11887,#11888);
#10304=AXIS2_PLACEMENT_3D('',#15177,#11889,#11890);
#10305=AXIS2_PLACEMENT_3D('',#15178,#11891,#11892);
#10306=AXIS2_PLACEMENT_3D('',#15180,#11893,#11894);
#10307=AXIS2_PLACEMENT_3D('',#15182,#11895,#11896);
#10308=AXIS2_PLACEMENT_3D('',#15186,#11899,#11900);
#10309=AXIS2_PLACEMENT_3D('',#15188,#11901,#11902);
#10310=AXIS2_PLACEMENT_3D('',#15189,#11903,#11904);
#10311=AXIS2_PLACEMENT_3D('',#15190,#11905,#11906);
#10312=AXIS2_PLACEMENT_3D('',#15198,#11908,#11909);
#10313=AXIS2_PLACEMENT_3D('',#15202,#11911,#11912);
#10314=AXIS2_PLACEMENT_3D('',#15203,#11913,#11914);
#10315=AXIS2_PLACEMENT_3D('',#15205,#11916,#11917);
#10316=AXIS2_PLACEMENT_3D('',#15207,#11919,#11920);
#10317=AXIS2_PLACEMENT_3D('',#15208,#11921,#11922);
#10318=AXIS2_PLACEMENT_3D('',#15212,#11924,#11925);
#10319=AXIS2_PLACEMENT_3D('',#15218,#11926,#11927);
#10320=AXIS2_PLACEMENT_3D('',#15224,#11928,#11929);
#10321=AXIS2_PLACEMENT_3D('',#15228,#11931,#11932);
#10322=AXIS2_PLACEMENT_3D('',#15229,#11933,#11934);
#10323=AXIS2_PLACEMENT_3D('',#15230,#11935,#11936);
#10324=AXIS2_PLACEMENT_3D('',#15231,#11937,#11938);
#10325=AXIS2_PLACEMENT_3D('',#15233,#11940,#11941);
#10326=AXIS2_PLACEMENT_3D('',#15234,#11942,#11943);
#10327=AXIS2_PLACEMENT_3D('',#15236,#11945,#11946);
#10328=AXIS2_PLACEMENT_3D('',#15238,#11948,#11949);
#10329=AXIS2_PLACEMENT_3D('',#15241,#11951,#11952);
#10330=AXIS2_PLACEMENT_3D('',#15242,#11953,#11954);
#10331=AXIS2_PLACEMENT_3D('',#15243,#11955,#11956);
#10332=AXIS2_PLACEMENT_3D('',#15246,#11958,#11959);
#10333=AXIS2_PLACEMENT_3D('',#15249,#11961,#11962);
#10334=AXIS2_PLACEMENT_3D('',#15250,#11963,#11964);
#10335=AXIS2_PLACEMENT_3D('',#15272,#11968,#11969);
#10336=AXIS2_PLACEMENT_3D('',#15273,#11970,#11971);
#10337=AXIS2_PLACEMENT_3D('',#15280,#11972,#11973);
#10338=AXIS2_PLACEMENT_3D('',#15287,#11974,#11975);
#10339=AXIS2_PLACEMENT_3D('',#15294,#11979,#11980);
#10340=AXIS2_PLACEMENT_3D('',#15298,#11982,#11983);
#10341=AXIS2_PLACEMENT_3D('',#15320,#11994,#11995);
#10342=AXIS2_PLACEMENT_3D('',#15329,#11997,#11998);
#10343=AXIS2_PLACEMENT_3D('',#15330,#11999,#12000);
#10344=AXIS2_PLACEMENT_3D('',#15380,#12002,#12003);
#10345=AXIS2_PLACEMENT_3D('',#15384,#12005,#12006);
#10346=AXIS2_PLACEMENT_3D('',#15388,#12008,#12009);
#10347=AXIS2_PLACEMENT_3D('',#15397,#12011,#12012);
#10348=AXIS2_PLACEMENT_3D('',#15398,#12013,#12014);
#10349=AXIS2_PLACEMENT_3D('',#15413,#12017,#12018);
#10350=AXIS2_PLACEMENT_3D('',#15416,#12020,#12021);
#10351=AXIS2_PLACEMENT_3D('',#15437,#12032,#12033);
#10352=AXIS2_PLACEMENT_3D('',#15443,#12037,#12038);
#10353=AXIS2_PLACEMENT_3D('',#15446,#12040,#12041);
#10354=AXIS2_PLACEMENT_3D('',#15448,#12042,#12043);
#10355=AXIS2_PLACEMENT_3D('',#15452,#12045,#12046);
#10356=AXIS2_PLACEMENT_3D('',#15454,#12047,#12048);
#10357=AXIS2_PLACEMENT_3D('',#15459,#12051,#12052);
#10358=AXIS2_PLACEMENT_3D('',#15463,#12054,#12055);
#10359=AXIS2_PLACEMENT_3D('',#15467,#12057,#12058);
#10360=AXIS2_PLACEMENT_3D('',#15488,#12069,#12070);
#10361=AXIS2_PLACEMENT_3D('',#15491,#12072,#12073);
#10362=AXIS2_PLACEMENT_3D('',#15494,#12076,#12077);
#10363=AXIS2_PLACEMENT_3D('',#15497,#12079,#12080);
#10364=AXIS2_PLACEMENT_3D('',#15502,#12084,#12085);
#10365=AXIS2_PLACEMENT_3D('',#15506,#12088,#12089);
#10366=AXIS2_PLACEMENT_3D('',#15515,#12091,#12092);
#10367=AXIS2_PLACEMENT_3D('',#15525,#12095,#12096);
#10368=AXIS2_PLACEMENT_3D('',#15538,#12101,#12102);
#10369=AXIS2_PLACEMENT_3D('',#15539,#12103,#12104);
#10370=AXIS2_PLACEMENT_3D('',#15542,#12106,#12107);
#10371=AXIS2_PLACEMENT_3D('',#15552,#12108,#12109);
#10372=AXIS2_PLACEMENT_3D('',#15558,#12110,#12111);
#10373=AXIS2_PLACEMENT_3D('',#15561,#12113,#12114);
#10374=AXIS2_PLACEMENT_3D('',#15571,#12115,#12116);
#10375=AXIS2_PLACEMENT_3D('',#15572,#12117,#12118);
#10376=AXIS2_PLACEMENT_3D('',#15575,#12120,#12121);
#10377=AXIS2_PLACEMENT_3D('',#15582,#12123,#12124);
#10378=AXIS2_PLACEMENT_3D('',#15586,#12127,#12128);
#10379=AXIS2_PLACEMENT_3D('',#15590,#12131,#12132);
#10380=AXIS2_PLACEMENT_3D('',#15595,#12135,#12136);
#10381=AXIS2_PLACEMENT_3D('',#15611,#12137,#12138);
#10382=AXIS2_PLACEMENT_3D('',#15622,#12139,#12140);
#10383=AXIS2_PLACEMENT_3D('',#15632,#12143,#12144);
#10384=AXIS2_PLACEMENT_3D('',#15633,#12145,#12146);
#10385=AXIS2_PLACEMENT_3D('',#15639,#12150,#12151);
#10386=AXIS2_PLACEMENT_3D('',#15643,#12154,#12155);
#10387=AXIS2_PLACEMENT_3D('',#15645,#12157,#12158);
#10388=AXIS2_PLACEMENT_3D('',#15652,#12160,#12161);
#10389=AXIS2_PLACEMENT_3D('',#15665,#12162,#12163);
#10390=AXIS2_PLACEMENT_3D('',#15675,#12165,#12166);
#10391=AXIS2_PLACEMENT_3D('',#15676,#12167,#12168);
#10392=AXIS2_PLACEMENT_3D('',#15679,#12170,#12171);
#10393=AXIS2_PLACEMENT_3D('',#15683,#12174,#12175);
#10394=AXIS2_PLACEMENT_3D('',#15687,#12178,#12179);
#10395=AXIS2_PLACEMENT_3D('',#15734,#12182,#12183);
#10396=AXIS2_PLACEMENT_3D('',#15741,#12184,#12185);
#10397=AXIS2_PLACEMENT_3D('',#15771,#12186,#12187);
#10398=AXIS2_PLACEMENT_3D('',#15775,#12189,#12190);
#10399=AXIS2_PLACEMENT_3D('',#15779,#12193,#12194);
#10400=AXIS2_PLACEMENT_3D('',#15784,#12197,#12198);
#10401=AXIS2_PLACEMENT_3D('',#15787,#12200,#12201);
#10402=AXIS2_PLACEMENT_3D('',#15795,#12203,#12204);
#10403=AXIS2_PLACEMENT_3D('',#15796,#12205,#12206);
#10404=AXIS2_PLACEMENT_3D('',#15799,#12208,#12209);
#10405=AXIS2_PLACEMENT_3D('',#15800,#12210,#12211);
#10406=AXIS2_PLACEMENT_3D('',#15801,#12212,#12213);
#10407=AXIS2_PLACEMENT_3D('',#15804,#12215,#12216);
#10408=AXIS2_PLACEMENT_3D('',#15806,#12218,#12219);
#10409=AXIS2_PLACEMENT_3D('',#15810,#12222,#12223);
#10410=AXIS2_PLACEMENT_3D('',#15814,#12225,#12226);
#10411=AXIS2_PLACEMENT_3D('',#15815,#12227,#12228);
#10412=AXIS2_PLACEMENT_3D('',#15816,#12229,#12230);
#10413=AXIS2_PLACEMENT_3D('',#15822,#12234,#12235);
#10414=AXIS2_PLACEMENT_3D('',#15823,#12236,#12237);
#10415=AXIS2_PLACEMENT_3D('',#15825,#12238,#12239);
#10416=AXIS2_PLACEMENT_3D('',#15871,#12240,#12241);
#10417=AXIS2_PLACEMENT_3D('',#15872,#12242,#12243);
#10418=AXIS2_PLACEMENT_3D('',#15884,#12244,#12245);
#10419=AXIS2_PLACEMENT_3D('',#15885,#12246,#12247);
#10420=AXIS2_PLACEMENT_3D('',#15892,#12251,#12252);
#10421=AXIS2_PLACEMENT_3D('',#15893,#12253,#12254);
#10422=AXIS2_PLACEMENT_3D('',#15897,#12256,#12257);
#10423=AXIS2_PLACEMENT_3D('',#15902,#12258,#12259);
#10424=AXIS2_PLACEMENT_3D('',#15904,#12261,#12262);
#10425=AXIS2_PLACEMENT_3D('',#15907,#12264,#12265);
#10426=AXIS2_PLACEMENT_3D('',#15922,#12266,#12267);
#10427=AXIS2_PLACEMENT_3D('',#15927,#12268,#12269);
#10428=AXIS2_PLACEMENT_3D('',#15928,#12270,#12271);
#10429=AXIS2_PLACEMENT_3D('',#15930,#12272,#12273);
#10430=AXIS2_PLACEMENT_3D('',#15931,#12274,#12275);
#10431=AXIS2_PLACEMENT_3D('',#15933,#12276,#12277);
#10432=AXIS2_PLACEMENT_3D('',#15934,#12278,#12279);
#10433=AXIS2_PLACEMENT_3D('',#15936,#12280,#12281);
#10434=AXIS2_PLACEMENT_3D('',#15937,#12282,#12283);
#10435=AXIS2_PLACEMENT_3D('',#15939,#12284,#12285);
#10436=AXIS2_PLACEMENT_3D('',#15943,#12287,#12288);
#10437=AXIS2_PLACEMENT_3D('',#15946,#12290,#12291);
#10438=AXIS2_PLACEMENT_3D('',#15949,#12294,#12295);
#10439=AXIS2_PLACEMENT_3D('',#15981,#12296,#12297);
#10440=AXIS2_PLACEMENT_3D('',#15982,#12298,#12299);
#10441=AXIS2_PLACEMENT_3D('',#15984,#12300,#12301);
#10442=AXIS2_PLACEMENT_3D('',#15986,#12302,#12303);
#10443=AXIS2_PLACEMENT_3D('',#15988,#12304,#12305);
#10444=AXIS2_PLACEMENT_3D('',#15990,#12306,#12307);
#10445=AXIS2_PLACEMENT_3D('',#15994,#12309,#12310);
#10446=AXIS2_PLACEMENT_3D('',#15998,#12312,#12313);
#10447=AXIS2_PLACEMENT_3D('',#16003,#12316,#12317);
#10448=AXIS2_PLACEMENT_3D('',#16004,#12318,#12319);
#10449=AXIS2_PLACEMENT_3D('',#16011,#12320,#12321);
#10450=AXIS2_PLACEMENT_3D('',#16014,#12324,#12325);
#10451=AXIS2_PLACEMENT_3D('',#16016,#12327,#12328);
#10452=AXIS2_PLACEMENT_3D('',#16017,#12329,#12330);
#10453=AXIS2_PLACEMENT_3D('',#16019,#12332,#12333);
#10454=AXIS2_PLACEMENT_3D('',#16022,#12336,#12337);
#10455=AXIS2_PLACEMENT_3D('',#16023,#12338,#12339);
#10456=AXIS2_PLACEMENT_3D('',#16026,#12342,#12343);
#10457=AXIS2_PLACEMENT_3D('',#16027,#12344,#12345);
#10458=AXIS2_PLACEMENT_3D('',#16030,#12348,#12349);
#10459=AXIS2_PLACEMENT_3D('',#16031,#12350,#12351);
#10460=AXIS2_PLACEMENT_3D('',#16060,#12353,#12354);
#10461=AXIS2_PLACEMENT_3D('',#16067,#12356,#12357);
#10462=AXIS2_PLACEMENT_3D('',#16068,#12358,#12359);
#10463=AXIS2_PLACEMENT_3D('',#16073,#12361,#12362);
#10464=AXIS2_PLACEMENT_3D('',#16078,#12363,#12364);
#10465=AXIS2_PLACEMENT_3D('',#16081,#12366,#12367);
#10466=AXIS2_PLACEMENT_3D('',#16082,#12368,#12369);
#10467=AXIS2_PLACEMENT_3D('',#16085,#12370,#12371);
#10468=AXIS2_PLACEMENT_3D('',#16088,#12373,#12374);
#10469=AXIS2_PLACEMENT_3D('',#16089,#12375,#12376);
#10470=AXIS2_PLACEMENT_3D('',#16091,#12378,#12379);
#10471=AXIS2_PLACEMENT_3D('',#16100,#12382,#12383);
#10472=AXIS2_PLACEMENT_3D('',#16101,#12384,#12385);
#10473=AXIS2_PLACEMENT_3D('',#16109,#12387,#12388);
#10474=AXIS2_PLACEMENT_3D('',#16117,#12390,#12391);
#10475=AXIS2_PLACEMENT_3D('',#16118,#12392,#12393);
#10476=AXIS2_PLACEMENT_3D('',#16130,#12395,#12396);
#10477=AXIS2_PLACEMENT_3D('',#16131,#12397,#12398);
#10478=AXIS2_PLACEMENT_3D('',#16139,#12400,#12401);
#10479=AXIS2_PLACEMENT_3D('',#16161,#12402,#12403);
#10480=AXIS2_PLACEMENT_3D('',#16198,#12404,#12405);
#10481=AXIS2_PLACEMENT_3D('',#16204,#12409,#12410);
#10482=AXIS2_PLACEMENT_3D('',#16208,#12413,#12414);
#10483=AXIS2_PLACEMENT_3D('',#16212,#12417,#12418);
#10484=AXIS2_PLACEMENT_3D('',#16213,#12419,#12420);
#10485=AXIS2_PLACEMENT_3D('',#16217,#12422,#12423);
#10486=AXIS2_PLACEMENT_3D('',#16218,#12424,#12425);
#10487=AXIS2_PLACEMENT_3D('',#16220,#12427,#12428);
#10488=AXIS2_PLACEMENT_3D('',#16222,#12430,#12431);
#10489=AXIS2_PLACEMENT_3D('',#16223,#12432,#12433);
#10490=AXIS2_PLACEMENT_3D('',#16229,#12437,#12438);
#10491=AXIS2_PLACEMENT_3D('',#16233,#12441,#12442);
#10492=AXIS2_PLACEMENT_3D('',#16236,#12444,#12445);
#10493=AXIS2_PLACEMENT_3D('',#16255,#12455,#12456);
#10494=AXIS2_PLACEMENT_3D('',#16259,#12458,#12459);
#10495=AXIS2_PLACEMENT_3D('',#16263,#12461,#12462);
#10496=AXIS2_PLACEMENT_3D('',#16264,#12463,#12464);
#10497=AXIS2_PLACEMENT_3D('',#16267,#12466,#12467);
#10498=AXIS2_PLACEMENT_3D('',#16269,#12469,#12470);
#10499=AXIS2_PLACEMENT_3D('',#16271,#12472,#12473);
#10500=AXIS2_PLACEMENT_3D('',#16273,#12475,#12476);
#10501=AXIS2_PLACEMENT_3D('',#16275,#12478,#12479);
#10502=AXIS2_PLACEMENT_3D('',#16277,#12481,#12482);
#10503=AXIS2_PLACEMENT_3D('',#16279,#12484,#12485);
#10504=AXIS2_PLACEMENT_3D('',#16281,#12487,#12488);
#10505=AXIS2_PLACEMENT_3D('',#16283,#12490,#12491);
#10506=AXIS2_PLACEMENT_3D('',#16285,#12493,#12494);
#10507=AXIS2_PLACEMENT_3D('',#16287,#12496,#12497);
#10508=AXIS2_PLACEMENT_3D('',#16290,#12500,#12501);
#10509=AXIS2_PLACEMENT_3D('',#16292,#12503,#12504);
#10510=AXIS2_PLACEMENT_3D('',#16295,#12507,#12508);
#10511=AXIS2_PLACEMENT_3D('',#16296,#12509,#12510);
#10512=AXIS2_PLACEMENT_3D('',#16298,#12511,#12512);
#10513=AXIS2_PLACEMENT_3D('',#16299,#12513,#12514);
#10514=AXIS2_PLACEMENT_3D('',#16301,#12515,#12516);
#10515=AXIS2_PLACEMENT_3D('',#16302,#12517,#12518);
#10516=AXIS2_PLACEMENT_3D('',#16304,#12519,#12520);
#10517=AXIS2_PLACEMENT_3D('',#16307,#12523,#12524);
#10518=AXIS2_PLACEMENT_3D('',#16309,#12526,#12527);
#10519=AXIS2_PLACEMENT_3D('',#16311,#12529,#12530);
#10520=AXIS2_PLACEMENT_3D('',#16313,#12532,#12533);
#10521=AXIS2_PLACEMENT_3D('',#16315,#12535,#12536);
#10522=AXIS2_PLACEMENT_3D('',#16316,#12537,#12538);
#10523=AXIS2_PLACEMENT_3D('',#16318,#12540,#12541);
#10524=AXIS2_PLACEMENT_3D('',#16320,#12543,#12544);
#10525=AXIS2_PLACEMENT_3D('',#16322,#12546,#12547);
#10526=AXIS2_PLACEMENT_3D('',#16324,#12549,#12550);
#10527=AXIS2_PLACEMENT_3D('',#16326,#12552,#12553);
#10528=AXIS2_PLACEMENT_3D('',#16329,#12556,#12557);
#10529=AXIS2_PLACEMENT_3D('',#16334,#12560,#12561);
#10530=AXIS2_PLACEMENT_3D('',#16343,#12566,#12567);
#10531=AXIS2_PLACEMENT_3D('',#16352,#12572,#12573);
#10532=AXIS2_PLACEMENT_3D('',#16361,#12578,#12579);
#10533=AXIS2_PLACEMENT_3D('',#16370,#12584,#12585);
#10534=AXIS2_PLACEMENT_3D('',#16377,#12589,#12590);
#10535=AXIS2_PLACEMENT_3D('',#16379,#12592,#12593);
#10536=AXIS2_PLACEMENT_3D('',#16381,#12595,#12596);
#10537=AXIS2_PLACEMENT_3D('',#16382,#12597,#12598);
#10538=AXIS2_PLACEMENT_3D('',#16384,#12600,#12601);
#10539=AXIS2_PLACEMENT_3D('',#16386,#12603,#12604);
#10540=AXIS2_PLACEMENT_3D('',#16387,#12605,#12606);
#10541=AXIS2_PLACEMENT_3D('',#16389,#12608,#12609);
#10542=AXIS2_PLACEMENT_3D('',#16391,#12611,#12612);
#10543=AXIS2_PLACEMENT_3D('',#16393,#12614,#12615);
#10544=AXIS2_PLACEMENT_3D('',#16395,#12617,#12618);
#10545=AXIS2_PLACEMENT_3D('',#16397,#12620,#12621);
#10546=AXIS2_PLACEMENT_3D('',#16400,#12624,#12625);
#10547=AXIS2_PLACEMENT_3D('',#16401,#12626,#12627);
#10548=AXIS2_PLACEMENT_3D('',#16402,#12628,#12629);
#10549=AXIS2_PLACEMENT_3D('',#16404,#12630,#12631);
#10550=AXIS2_PLACEMENT_3D('',#16406,#12632,#12633);
#10551=AXIS2_PLACEMENT_3D('',#16407,#12634,#12635);
#10552=AXIS2_PLACEMENT_3D('',#16409,#12636,#12637);
#10553=AXIS2_PLACEMENT_3D('',#16410,#12638,#12639);
#10554=AXIS2_PLACEMENT_3D('',#16413,#12642,#12643);
#10555=AXIS2_PLACEMENT_3D('',#16415,#12645,#12646);
#10556=AXIS2_PLACEMENT_3D('',#16419,#12649,#12650);
#10557=AXIS2_PLACEMENT_3D('',#16422,#12653,#12654);
#10558=AXIS2_PLACEMENT_3D('',#16424,#12656,#12657);
#10559=AXIS2_PLACEMENT_3D('',#16426,#12659,#12660);
#10560=AXIS2_PLACEMENT_3D('',#16428,#12662,#12663);
#10561=AXIS2_PLACEMENT_3D('',#16430,#12665,#12666);
#10562=AXIS2_PLACEMENT_3D('',#16431,#12667,#12668);
#10563=AXIS2_PLACEMENT_3D('',#16437,#12672,#12673);
#10564=AXIS2_PLACEMENT_3D('',#16438,#12674,#12675);
#10565=AXIS2_PLACEMENT_3D('',#16439,#12676,#12677);
#10566=AXIS2_PLACEMENT_3D('',#16440,#12678,#12679);
#10567=AXIS2_PLACEMENT_3D('',#16469,#12680,#12681);
#10568=AXIS2_PLACEMENT_3D('',#16470,#12682,#12683);
#10569=AXIS2_PLACEMENT_3D('',#16472,#12685,#12686);
#10570=AXIS2_PLACEMENT_3D('',#16478,#12688,#12689);
#10571=AXIS2_PLACEMENT_3D('',#16479,#12690,#12691);
#10572=AXIS2_PLACEMENT_3D('',#16480,#12692,#12693);
#10573=AXIS2_PLACEMENT_3D('',#16484,#12695,#12696);
#10574=AXIS2_PLACEMENT_3D('',#16486,#12698,#12699);
#10575=AXIS2_PLACEMENT_3D('',#16491,#12700,#12701);
#10576=AXIS2_PLACEMENT_3D('',#16493,#12702,#12703);
#10577=AXIS2_PLACEMENT_3D('',#16494,#12704,#12705);
#10578=AXIS2_PLACEMENT_3D('',#16503,#12706,#12707);
#10579=AXIS2_PLACEMENT_3D('',#16505,#12709,#12710);
#10580=AXIS2_PLACEMENT_3D('',#16506,#12711,#12712);
#10581=AXIS2_PLACEMENT_3D('',#16507,#12713,#12714);
#10582=AXIS2_PLACEMENT_3D('',#16508,#12715,#12716);
#10583=AXIS2_PLACEMENT_3D('',#16513,#12719,#12720);
#10584=AXIS2_PLACEMENT_3D('',#16514,#12721,#12722);
#10585=AXIS2_PLACEMENT_3D('',#16515,#12723,#12724);
#10586=AXIS2_PLACEMENT_3D('',#16516,#12725,#12726);
#10587=AXIS2_PLACEMENT_3D('',#16517,#12727,#12728);
#10588=AXIS2_PLACEMENT_3D('',#16523,#12729,#12730);
#10589=AXIS2_PLACEMENT_3D('',#16524,#12731,#12732);
#10590=AXIS2_PLACEMENT_3D('',#16525,#12733,#12734);
#10591=AXIS2_PLACEMENT_3D('',#16533,#12736,#12737);
#10592=AXIS2_PLACEMENT_3D('',#16534,#12738,#12739);
#10593=AXIS2_PLACEMENT_3D('',#16542,#12741,#12742);
#10594=AXIS2_PLACEMENT_3D('',#16544,#12744,#12745);
#10595=AXIS2_PLACEMENT_3D('',#16545,#12746,#12747);
#10596=AXIS2_PLACEMENT_3D('',#16547,#12749,#12750);
#10597=AXIS2_PLACEMENT_3D('',#16548,#12751,#12752);
#10598=AXIS2_PLACEMENT_3D('',#16549,#12753,#12754);
#10599=AXIS2_PLACEMENT_3D('',#16551,#12756,#12757);
#10600=AXIS2_PLACEMENT_3D('',#16552,#12758,#12759);
#10601=AXIS2_PLACEMENT_3D('',#16554,#12761,#12762);
#10602=AXIS2_PLACEMENT_3D('',#16556,#12764,#12765);
#10603=AXIS2_PLACEMENT_3D('',#16557,#12766,#12767);
#10604=AXIS2_PLACEMENT_3D('',#16559,#12769,#12770);
#10605=AXIS2_PLACEMENT_3D('',#16560,#12771,#12772);
#10606=AXIS2_PLACEMENT_3D('',#16562,#12774,#12775);
#10607=AXIS2_PLACEMENT_3D('',#16563,#12776,#12777);
#10608=AXIS2_PLACEMENT_3D('',#16565,#12779,#12780);
#10609=AXIS2_PLACEMENT_3D('',#16566,#12781,#12782);
#10610=AXIS2_PLACEMENT_3D('',#16567,#12783,#12784);
#10611=AXIS2_PLACEMENT_3D('',#16582,#12787,#12788);
#10612=AXIS2_PLACEMENT_3D('',#16583,#12789,#12790);
#10613=AXIS2_PLACEMENT_3D('',#16585,#12792,#12793);
#10614=AXIS2_PLACEMENT_3D('',#16586,#12794,#12795);
#10615=AXIS2_PLACEMENT_3D('',#16588,#12797,#12798);
#10616=AXIS2_PLACEMENT_3D('',#16589,#12799,#12800);
#10617=AXIS2_PLACEMENT_3D('',#16591,#12802,#12803);
#10618=AXIS2_PLACEMENT_3D('',#16592,#12804,#12805);
#10619=AXIS2_PLACEMENT_3D('',#16593,#12806,#12807);
#10620=AXIS2_PLACEMENT_3D('',#16594,#12808,#12809);
#10621=AXIS2_PLACEMENT_3D('',#16595,#12810,#12811);
#10622=AXIS2_PLACEMENT_3D('',#16612,#12812,#12813);
#10623=AXIS2_PLACEMENT_3D('',#16613,#12814,#12815);
#10624=AXIS2_PLACEMENT_3D('',#16638,#12816,#12817);
#10625=AXIS2_PLACEMENT_3D('',#16639,#12818,#12819);
#10626=AXIS2_PLACEMENT_3D('',#16664,#12820,#12821);
#10627=AXIS2_PLACEMENT_3D('',#16665,#12822,#12823);
#10628=AXIS2_PLACEMENT_3D('',#16714,#12824,#12825);
#10629=AXIS2_PLACEMENT_3D('',#16715,#12826,#12827);
#10630=AXIS2_PLACEMENT_3D('',#16716,#12828,#12829);
#10631=AXIS2_PLACEMENT_3D('',#16717,#12830,#12831);
#10632=AXIS2_PLACEMENT_3D('',#16742,#12832,#12833);
#10633=AXIS2_PLACEMENT_3D('',#16755,#12834,#12835);
#10634=AXIS2_PLACEMENT_3D('',#16768,#12836,#12837);
#10635=AXIS2_PLACEMENT_3D('',#16769,#12838,#12839);
#10636=AXIS2_PLACEMENT_3D('',#16782,#12840,#12841);
#10637=AXIS2_PLACEMENT_3D('',#16799,#12842,#12843);
#10638=AXIS2_PLACEMENT_3D('',#16800,#12844,#12845);
#10639=AXIS2_PLACEMENT_3D('',#16817,#12846,#12847);
#10640=AXIS2_PLACEMENT_3D('',#16818,#12848,#12849);
#10641=AXIS2_PLACEMENT_3D('',#16825,#12850,#12851);
#10642=AXIS2_PLACEMENT_3D('',#16826,#12852,#12853);
#10643=AXIS2_PLACEMENT_3D('',#16827,#12854,#12855);
#10644=AXIS2_PLACEMENT_3D('',#16834,#12856,#12857);
#10645=AXIS2_PLACEMENT_3D('',#16847,#12858,#12859);
#10646=AXIS2_PLACEMENT_3D('',#16860,#12860,#12861);
#10647=AXIS2_PLACEMENT_3D('',#16873,#12862,#12863);
#10648=AXIS2_PLACEMENT_3D('',#16874,#12864,#12865);
#10649=AXIS2_PLACEMENT_3D('',#16899,#12866,#12867);
#10650=AXIS2_PLACEMENT_3D('',#16912,#12868,#12869);
#10651=AXIS2_PLACEMENT_3D('',#16937,#12870,#12871);
#10652=AXIS2_PLACEMENT_3D('',#16950,#12872,#12873);
#10653=AXIS2_PLACEMENT_3D('',#16975,#12874,#12875);
#10654=AXIS2_PLACEMENT_3D('',#16988,#12876,#12877);
#10655=AXIS2_PLACEMENT_3D('',#17005,#12878,#12879);
#10656=AXIS2_PLACEMENT_3D('',#17022,#12880,#12881);
#10657=AXIS2_PLACEMENT_3D('',#17067,#12882,#12883);
#10658=AXIS2_PLACEMENT_3D('',#17068,#12884,#12885);
#10659=AXIS2_PLACEMENT_3D('',#17069,#12886,#12887);
#10660=AXIS2_PLACEMENT_3D('',#17070,#12888,#12889);
#10661=AXIS2_PLACEMENT_3D('',#17071,#12890,#12891);
#10662=AXIS2_PLACEMENT_3D('',#17072,#12892,#12893);
#10663=AXIS2_PLACEMENT_3D('',#17073,#12894,#12895);
#10664=AXIS2_PLACEMENT_3D('',#17074,#12896,#12897);
#10665=AXIS2_PLACEMENT_3D('',#17075,#12898,#12899);
#10666=AXIS2_PLACEMENT_3D('',#17076,#12900,#12901);
#10667=AXIS2_PLACEMENT_3D('',#17077,#12902,#12903);
#10668=AXIS2_PLACEMENT_3D('',#17078,#12904,#12905);
#10669=AXIS2_PLACEMENT_3D('',#17091,#12906,#12907);
#10670=AXIS2_PLACEMENT_3D('',#17098,#12912,#12913);
#10671=AXIS2_PLACEMENT_3D('',#17104,#12917,#12918);
#10672=AXIS2_PLACEMENT_3D('',#17110,#12922,#12923);
#10673=AXIS2_PLACEMENT_3D('',#17117,#12928,#12929);
#10674=AXIS2_PLACEMENT_3D('',#17123,#12933,#12934);
#10675=AXIS2_PLACEMENT_3D('',#17129,#12938,#12939);
#10676=AXIS2_PLACEMENT_3D('',#17136,#12944,#12945);
#10677=AXIS2_PLACEMENT_3D('',#17142,#12949,#12950);
#10678=AXIS2_PLACEMENT_3D('',#17148,#12954,#12955);
#10679=AXIS2_PLACEMENT_3D('',#17155,#12960,#12961);
#10680=AXIS2_PLACEMENT_3D('',#17161,#12965,#12966);
#10681=AXIS2_PLACEMENT_3D('',#17167,#12970,#12971);
#10682=AXIS2_PLACEMENT_3D('',#17174,#12976,#12977);
#10683=AXIS2_PLACEMENT_3D('',#17180,#12981,#12982);
#10684=AXIS2_PLACEMENT_3D('',#17186,#12986,#12987);
#10685=AXIS2_PLACEMENT_3D('',#17188,#12989,#12990);
#10686=AXIS2_PLACEMENT_3D('',#17189,#12991,#12992);
#10687=AXIS2_PLACEMENT_3D('',#17190,#12993,#12994);
#10688=AXIS2_PLACEMENT_3D('',#17191,#12995,#12996);
#10689=AXIS2_PLACEMENT_3D('',#17193,#12998,#12999);
#10690=AXIS2_PLACEMENT_3D('',#17194,#13000,#13001);
#10691=AXIS2_PLACEMENT_3D('',#17196,#13003,#13004);
#10692=AXIS2_PLACEMENT_3D('',#17197,#13005,#13006);
#10693=AXIS2_PLACEMENT_3D('',#17198,#13007,#13008);
#10694=AXIS2_PLACEMENT_3D('',#17199,#13009,#13010);
#10695=AXIS2_PLACEMENT_3D('',#17201,#13012,#13013);
#10696=AXIS2_PLACEMENT_3D('',#17202,#13014,#13015);
#10697=AXIS2_PLACEMENT_3D('',#17204,#13017,#13018);
#10698=AXIS2_PLACEMENT_3D('',#17205,#13019,#13020);
#10699=AXIS2_PLACEMENT_3D('',#17206,#13021,#13022);
#10700=AXIS2_PLACEMENT_3D('',#17207,#13023,#13024);
#10701=AXIS2_PLACEMENT_3D('',#17209,#13026,#13027);
#10702=AXIS2_PLACEMENT_3D('',#17210,#13028,#13029);
#10703=AXIS2_PLACEMENT_3D('',#17212,#13031,#13032);
#10704=AXIS2_PLACEMENT_3D('',#17213,#13033,#13034);
#10705=AXIS2_PLACEMENT_3D('',#17214,#13035,#13036);
#10706=AXIS2_PLACEMENT_3D('',#17215,#13037,#13038);
#10707=AXIS2_PLACEMENT_3D('',#17217,#13040,#13041);
#10708=AXIS2_PLACEMENT_3D('',#17218,#13042,#13043);
#10709=AXIS2_PLACEMENT_3D('',#17219,#13044,#13045);
#10710=AXIS2_PLACEMENT_3D('',#17221,#13047,#13048);
#10711=AXIS2_PLACEMENT_3D('',#17222,#13049,#13050);
#10712=AXIS2_PLACEMENT_3D('',#17224,#13052,#13053);
#10713=AXIS2_PLACEMENT_3D('',#17225,#13054,#13055);
#10714=AXIS2_PLACEMENT_3D('',#17226,#13056,#13057);
#10715=AXIS2_PLACEMENT_3D('',#17227,#13058,#13059);
#10716=AXIS2_PLACEMENT_3D('',#17228,#13060,#13061);
#10717=AXIS2_PLACEMENT_3D('',#17229,#13062,#13063);
#10718=AXIS2_PLACEMENT_3D('',#17230,#13064,#13065);
#10719=AXIS2_PLACEMENT_3D('',#17231,#13066,#13067);
#10720=AXIS2_PLACEMENT_3D('',#17232,#13068,#13069);
#10721=AXIS2_PLACEMENT_3D('',#17233,#13070,#13071);
#10722=AXIS2_PLACEMENT_3D('',#17234,#13072,#13073);
#10723=AXIS2_PLACEMENT_3D('',#17235,#13074,#13075);
#10724=AXIS2_PLACEMENT_3D('',#17236,#13076,#13077);
#10725=AXIS2_PLACEMENT_3D('',#17243,#13082,#13083);
#10726=AXIS2_PLACEMENT_3D('',#17249,#13087,#13088);
#10727=AXIS2_PLACEMENT_3D('',#17255,#13092,#13093);
#10728=AXIS2_PLACEMENT_3D('',#17262,#13098,#13099);
#10729=AXIS2_PLACEMENT_3D('',#17268,#13103,#13104);
#10730=AXIS2_PLACEMENT_3D('',#17274,#13108,#13109);
#10731=AXIS2_PLACEMENT_3D('',#17281,#13114,#13115);
#10732=AXIS2_PLACEMENT_3D('',#17287,#13119,#13120);
#10733=AXIS2_PLACEMENT_3D('',#17293,#13124,#13125);
#10734=AXIS2_PLACEMENT_3D('',#17300,#13130,#13131);
#10735=AXIS2_PLACEMENT_3D('',#17306,#13135,#13136);
#10736=AXIS2_PLACEMENT_3D('',#17312,#13140,#13141);
#10737=AXIS2_PLACEMENT_3D('',#17319,#13146,#13147);
#10738=AXIS2_PLACEMENT_3D('',#17325,#13151,#13152);
#10739=AXIS2_PLACEMENT_3D('',#17331,#13156,#13157);
#10740=AXIS2_PLACEMENT_3D('',#17333,#13159,#13160);
#10741=AXIS2_PLACEMENT_3D('',#17334,#13161,#13162);
#10742=AXIS2_PLACEMENT_3D('',#17335,#13163,#13164);
#10743=AXIS2_PLACEMENT_3D('',#17336,#13165,#13166);
#10744=AXIS2_PLACEMENT_3D('',#17338,#13168,#13169);
#10745=AXIS2_PLACEMENT_3D('',#17339,#13170,#13171);
#10746=AXIS2_PLACEMENT_3D('',#17341,#13173,#13174);
#10747=AXIS2_PLACEMENT_3D('',#17342,#13175,#13176);
#10748=AXIS2_PLACEMENT_3D('',#17343,#13177,#13178);
#10749=AXIS2_PLACEMENT_3D('',#17344,#13179,#13180);
#10750=AXIS2_PLACEMENT_3D('',#17346,#13182,#13183);
#10751=AXIS2_PLACEMENT_3D('',#17347,#13184,#13185);
#10752=AXIS2_PLACEMENT_3D('',#17349,#13187,#13188);
#10753=AXIS2_PLACEMENT_3D('',#17350,#13189,#13190);
#10754=AXIS2_PLACEMENT_3D('',#17351,#13191,#13192);
#10755=AXIS2_PLACEMENT_3D('',#17352,#13193,#13194);
#10756=AXIS2_PLACEMENT_3D('',#17354,#13196,#13197);
#10757=AXIS2_PLACEMENT_3D('',#17355,#13198,#13199);
#10758=AXIS2_PLACEMENT_3D('',#17357,#13201,#13202);
#10759=AXIS2_PLACEMENT_3D('',#17358,#13203,#13204);
#10760=AXIS2_PLACEMENT_3D('',#17359,#13205,#13206);
#10761=AXIS2_PLACEMENT_3D('',#17360,#13207,#13208);
#10762=AXIS2_PLACEMENT_3D('',#17362,#13210,#13211);
#10763=AXIS2_PLACEMENT_3D('',#17363,#13212,#13213);
#10764=AXIS2_PLACEMENT_3D('',#17364,#13214,#13215);
#10765=AXIS2_PLACEMENT_3D('',#17366,#13217,#13218);
#10766=AXIS2_PLACEMENT_3D('',#17367,#13219,#13220);
#10767=AXIS2_PLACEMENT_3D('',#17369,#13222,#13223);
#10768=AXIS2_PLACEMENT_3D('',#17370,#13224,#13225);
#10769=AXIS2_PLACEMENT_3D('',#17371,#13226,#13227);
#10770=AXIS2_PLACEMENT_3D('',#17372,#13228,#13229);
#10771=AXIS2_PLACEMENT_3D('',#17373,#13230,#13231);
#10772=AXIS2_PLACEMENT_3D('',#17374,#13232,#13233);
#10773=AXIS2_PLACEMENT_3D('',#17375,#13234,#13235);
#10774=AXIS2_PLACEMENT_3D('',#17376,#13236,#13237);
#10775=AXIS2_PLACEMENT_3D('',#17377,#13238,#13239);
#10776=AXIS2_PLACEMENT_3D('',#17378,#13240,#13241);
#10777=AXIS2_PLACEMENT_3D('',#17379,#13242,#13243);
#10778=AXIS2_PLACEMENT_3D('',#17380,#13244,#13245);
#10779=AXIS2_PLACEMENT_3D('',#17381,#13246,#13247);
#10780=AXIS2_PLACEMENT_3D('',#17390,#13252,#13253);
#10781=AXIS2_PLACEMENT_3D('',#17399,#13258,#13259);
#10782=AXIS2_PLACEMENT_3D('',#17400,#13260,#13261);
#10783=AXIS2_PLACEMENT_3D('',#17403,#13262,#13263);
#10784=AXIS2_PLACEMENT_3D('',#17406,#13265,#13266);
#10785=AXIS2_PLACEMENT_3D('',#17412,#13270,#13271);
#10786=AXIS2_PLACEMENT_3D('',#17418,#13275,#13276);
#10787=AXIS2_PLACEMENT_3D('',#17419,#13277,#13278);
#10788=AXIS2_PLACEMENT_3D('',#17420,#13279,#13280);
#10789=AXIS2_PLACEMENT_3D('',#17421,#13281,#13282);
#10790=AXIS2_PLACEMENT_3D('',#17422,#13283,#13284);
#10791=AXIS2_PLACEMENT_3D('',#17423,#13285,#13286);
#10792=AXIS2_PLACEMENT_3D('',#17424,#13287,#13288);
#10793=AXIS2_PLACEMENT_3D('',#17425,#13289,#13290);
#10794=AXIS2_PLACEMENT_3D('',#17426,#13291,#13292);
#10795=AXIS2_PLACEMENT_3D('',#17427,#13293,#13294);
#10796=AXIS2_PLACEMENT_3D('',#17428,#13295,#13296);
#10797=AXIS2_PLACEMENT_3D('',#17429,#13297,#13298);
#10798=AXIS2_PLACEMENT_3D('',#17430,#13299,#13300);
#10799=AXIS2_PLACEMENT_3D('',#17431,#13301,#13302);
#10800=AXIS2_PLACEMENT_3D('',#17432,#13303,#13304);
#10801=AXIS2_PLACEMENT_3D('',#17433,#13305,#13306);
#10802=AXIS2_PLACEMENT_3D('',#17434,#13307,#13308);
#10803=AXIS2_PLACEMENT_3D('',#17435,#13309,#13310);
#10804=AXIS2_PLACEMENT_3D('',#17436,#13311,#13312);
#10805=AXIS2_PLACEMENT_3D('',#17437,#13313,#13314);
#10806=AXIS2_PLACEMENT_3D('',#17438,#13315,#13316);
#10807=AXIS2_PLACEMENT_3D('',#17439,#13317,#13318);
#10808=AXIS2_PLACEMENT_3D('',#17440,#13319,#13320);
#10809=AXIS2_PLACEMENT_3D('',#17441,#13321,#13322);
#10810=AXIS2_PLACEMENT_3D('',#17442,#13323,#13324);
#10811=AXIS2_PLACEMENT_3D('',#17443,#13325,#13326);
#10812=AXIS2_PLACEMENT_3D('',#17444,#13327,#13328);
#10813=AXIS2_PLACEMENT_3D('',#17445,#13329,#13330);
#10814=AXIS2_PLACEMENT_3D('',#17446,#13331,#13332);
#10815=AXIS2_PLACEMENT_3D('',#17447,#13333,#13334);
#10816=AXIS2_PLACEMENT_3D('',#17448,#13335,#13336);
#10817=AXIS2_PLACEMENT_3D('',#17457,#13341,#13342);
#10818=AXIS2_PLACEMENT_3D('',#17466,#13347,#13348);
#10819=AXIS2_PLACEMENT_3D('',#17467,#13349,#13350);
#10820=AXIS2_PLACEMENT_3D('',#17469,#13351,#13352);
#10821=AXIS2_PLACEMENT_3D('',#17470,#13353,#13354);
#10822=AXIS2_PLACEMENT_3D('',#17476,#13358,#13359);
#10823=AXIS2_PLACEMENT_3D('',#17482,#13363,#13364);
#10824=AXIS2_PLACEMENT_3D('',#17483,#13365,#13366);
#10825=AXIS2_PLACEMENT_3D('',#17484,#13367,#13368);
#10826=AXIS2_PLACEMENT_3D('',#17485,#13369,#13370);
#10827=AXIS2_PLACEMENT_3D('',#17486,#13371,#13372);
#10828=AXIS2_PLACEMENT_3D('',#17487,#13373,#13374);
#10829=AXIS2_PLACEMENT_3D('',#17488,#13375,#13376);
#10830=AXIS2_PLACEMENT_3D('',#17489,#13377,#13378);
#10831=AXIS2_PLACEMENT_3D('',#17490,#13379,#13380);
#10832=AXIS2_PLACEMENT_3D('',#17491,#13381,#13382);
#10833=AXIS2_PLACEMENT_3D('',#17492,#13383,#13384);
#10834=AXIS2_PLACEMENT_3D('',#17493,#13385,#13386);
#10835=AXIS2_PLACEMENT_3D('',#17494,#13387,#13388);
#10836=AXIS2_PLACEMENT_3D('',#17495,#13389,#13390);
#10837=AXIS2_PLACEMENT_3D('',#17496,#13391,#13392);
#10838=AXIS2_PLACEMENT_3D('',#17497,#13393,#13394);
#10839=AXIS2_PLACEMENT_3D('',#17498,#13395,#13396);
#10840=AXIS2_PLACEMENT_3D('',#17499,#13397,#13398);
#10841=AXIS2_PLACEMENT_3D('',#17500,#13399,#13400);
#10842=AXIS2_PLACEMENT_3D('',#17501,#13401,#13402);
#10843=AXIS2_PLACEMENT_3D('',#17502,#13403,#13404);
#10844=AXIS2_PLACEMENT_3D('',#17503,#13405,#13406);
#10845=AXIS2_PLACEMENT_3D('',#17504,#13407,#13408);
#10846=AXIS2_PLACEMENT_3D('',#17505,#13409,#13410);
#10847=AXIS2_PLACEMENT_3D('',#17506,#13411,#13412);
#10848=AXIS2_PLACEMENT_3D('',#17507,#13413,#13414);
#10849=AXIS2_PLACEMENT_3D('',#17508,#13415,#13416);
#10850=AXIS2_PLACEMENT_3D('',#17509,#13417,#13418);
#10851=AXIS2_PLACEMENT_3D('',#17510,#13419,#13420);
#10852=AXIS2_PLACEMENT_3D('',#17511,#13421,#13422);
#10853=AXIS2_PLACEMENT_3D('',#17512,#13423,#13424);
#10854=AXIS2_PLACEMENT_3D('',#17521,#13429,#13430);
#10855=AXIS2_PLACEMENT_3D('',#17530,#13435,#13436);
#10856=AXIS2_PLACEMENT_3D('',#17531,#13437,#13438);
#10857=AXIS2_PLACEMENT_3D('',#17536,#13440,#13441);
#10858=AXIS2_PLACEMENT_3D('',#17537,#13442,#13443);
#10859=AXIS2_PLACEMENT_3D('',#17543,#13447,#13448);
#10860=AXIS2_PLACEMENT_3D('',#17549,#13452,#13453);
#10861=AXIS2_PLACEMENT_3D('',#17550,#13454,#13455);
#10862=AXIS2_PLACEMENT_3D('',#17551,#13456,#13457);
#10863=AXIS2_PLACEMENT_3D('',#17552,#13458,#13459);
#10864=AXIS2_PLACEMENT_3D('',#17553,#13460,#13461);
#10865=AXIS2_PLACEMENT_3D('',#17554,#13462,#13463);
#10866=AXIS2_PLACEMENT_3D('',#17555,#13464,#13465);
#10867=AXIS2_PLACEMENT_3D('',#17556,#13466,#13467);
#10868=AXIS2_PLACEMENT_3D('',#17557,#13468,#13469);
#10869=AXIS2_PLACEMENT_3D('',#17558,#13470,#13471);
#10870=AXIS2_PLACEMENT_3D('',#17559,#13472,#13473);
#10871=AXIS2_PLACEMENT_3D('',#17560,#13474,#13475);
#10872=AXIS2_PLACEMENT_3D('',#17561,#13476,#13477);
#10873=AXIS2_PLACEMENT_3D('',#17562,#13478,#13479);
#10874=AXIS2_PLACEMENT_3D('',#17563,#13480,#13481);
#10875=AXIS2_PLACEMENT_3D('',#17564,#13482,#13483);
#10876=AXIS2_PLACEMENT_3D('',#17565,#13484,#13485);
#10877=AXIS2_PLACEMENT_3D('',#17566,#13486,#13487);
#10878=AXIS2_PLACEMENT_3D('',#17567,#13488,#13489);
#10879=AXIS2_PLACEMENT_3D('',#17568,#13490,#13491);
#10880=AXIS2_PLACEMENT_3D('',#17569,#13492,#13493);
#10881=AXIS2_PLACEMENT_3D('',#17570,#13494,#13495);
#10882=AXIS2_PLACEMENT_3D('',#17571,#13496,#13497);
#10883=AXIS2_PLACEMENT_3D('',#17572,#13498,#13499);
#10884=AXIS2_PLACEMENT_3D('',#17573,#13500,#13501);
#10885=AXIS2_PLACEMENT_3D('',#17574,#13502,#13503);
#10886=AXIS2_PLACEMENT_3D('',#17575,#13504,#13505);
#10887=AXIS2_PLACEMENT_3D('',#17576,#13506,#13507);
#10888=AXIS2_PLACEMENT_3D('',#17577,#13508,#13509);
#10889=AXIS2_PLACEMENT_3D('',#17578,#13510,#13511);
#10890=AXIS2_PLACEMENT_3D('',#17579,#13512,#13513);
#10891=AXIS2_PLACEMENT_3D('',#17588,#13518,#13519);
#10892=AXIS2_PLACEMENT_3D('',#17597,#13524,#13525);
#10893=AXIS2_PLACEMENT_3D('',#17603,#13529,#13530);
#10894=AXIS2_PLACEMENT_3D('',#17609,#13534,#13535);
#10895=AXIS2_PLACEMENT_3D('',#17610,#13536,#13537);
#10896=AXIS2_PLACEMENT_3D('',#17611,#13538,#13539);
#10897=AXIS2_PLACEMENT_3D('',#17612,#13540,#13541);
#10898=AXIS2_PLACEMENT_3D('',#17613,#13542,#13543);
#10899=AXIS2_PLACEMENT_3D('',#17614,#13544,#13545);
#10900=AXIS2_PLACEMENT_3D('',#17615,#13546,#13547);
#10901=AXIS2_PLACEMENT_3D('',#17616,#13548,#13549);
#10902=AXIS2_PLACEMENT_3D('',#17617,#13550,#13551);
#10903=AXIS2_PLACEMENT_3D('',#17618,#13552,#13553);
#10904=AXIS2_PLACEMENT_3D('',#17619,#13554,#13555);
#10905=AXIS2_PLACEMENT_3D('',#17620,#13556,#13557);
#10906=AXIS2_PLACEMENT_3D('',#17621,#13558,#13559);
#10907=AXIS2_PLACEMENT_3D('',#17622,#13560,#13561);
#10908=AXIS2_PLACEMENT_3D('',#17623,#13562,#13563);
#10909=AXIS2_PLACEMENT_3D('',#17624,#13564,#13565);
#10910=AXIS2_PLACEMENT_3D('',#17625,#13566,#13567);
#10911=AXIS2_PLACEMENT_3D('',#17626,#13568,#13569);
#10912=AXIS2_PLACEMENT_3D('',#17627,#13570,#13571);
#10913=AXIS2_PLACEMENT_3D('',#17628,#13572,#13573);
#10914=AXIS2_PLACEMENT_3D('',#17629,#13574,#13575);
#10915=AXIS2_PLACEMENT_3D('',#17630,#13576,#13577);
#10916=AXIS2_PLACEMENT_3D('',#17631,#13578,#13579);
#10917=AXIS2_PLACEMENT_3D('',#17632,#13580,#13581);
#10918=AXIS2_PLACEMENT_3D('',#17633,#13582,#13583);
#10919=AXIS2_PLACEMENT_3D('',#17634,#13584,#13585);
#10920=AXIS2_PLACEMENT_3D('',#17635,#13586,#13587);
#10921=AXIS2_PLACEMENT_3D('',#17636,#13588,#13589);
#10922=AXIS2_PLACEMENT_3D('',#17637,#13590,#13591);
#10923=AXIS2_PLACEMENT_3D('',#17638,#13592,#13593);
#10924=AXIS2_PLACEMENT_3D('',#17639,#13594,#13595);
#10925=AXIS2_PLACEMENT_3D('',#17648,#13600,#13601);
#10926=AXIS2_PLACEMENT_3D('',#17657,#13606,#13607);
#10927=AXIS2_PLACEMENT_3D('',#17663,#13611,#13612);
#10928=AXIS2_PLACEMENT_3D('',#17669,#13616,#13617);
#10929=AXIS2_PLACEMENT_3D('',#17670,#13618,#13619);
#10930=AXIS2_PLACEMENT_3D('',#17671,#13620,#13621);
#10931=AXIS2_PLACEMENT_3D('',#17672,#13622,#13623);
#10932=AXIS2_PLACEMENT_3D('',#17673,#13624,#13625);
#10933=AXIS2_PLACEMENT_3D('',#17674,#13626,#13627);
#10934=AXIS2_PLACEMENT_3D('',#17675,#13628,#13629);
#10935=AXIS2_PLACEMENT_3D('',#17676,#13630,#13631);
#10936=AXIS2_PLACEMENT_3D('',#17677,#13632,#13633);
#10937=AXIS2_PLACEMENT_3D('',#17678,#13634,#13635);
#10938=AXIS2_PLACEMENT_3D('',#17679,#13636,#13637);
#10939=AXIS2_PLACEMENT_3D('',#17680,#13638,#13639);
#10940=AXIS2_PLACEMENT_3D('',#17681,#13640,#13641);
#10941=AXIS2_PLACEMENT_3D('',#17682,#13642,#13643);
#10942=AXIS2_PLACEMENT_3D('',#17683,#13644,#13645);
#10943=AXIS2_PLACEMENT_3D('',#17684,#13646,#13647);
#10944=AXIS2_PLACEMENT_3D('',#17685,#13648,#13649);
#10945=AXIS2_PLACEMENT_3D('',#17686,#13650,#13651);
#10946=AXIS2_PLACEMENT_3D('',#17687,#13652,#13653);
#10947=AXIS2_PLACEMENT_3D('',#17688,#13654,#13655);
#10948=AXIS2_PLACEMENT_3D('',#17689,#13656,#13657);
#10949=AXIS2_PLACEMENT_3D('',#17690,#13658,#13659);
#10950=AXIS2_PLACEMENT_3D('',#17691,#13660,#13661);
#10951=AXIS2_PLACEMENT_3D('',#17692,#13662,#13663);
#10952=AXIS2_PLACEMENT_3D('',#17693,#13664,#13665);
#10953=AXIS2_PLACEMENT_3D('',#17694,#13666,#13667);
#10954=AXIS2_PLACEMENT_3D('',#17695,#13668,#13669);
#10955=AXIS2_PLACEMENT_3D('',#17696,#13670,#13671);
#10956=AXIS2_PLACEMENT_3D('',#17697,#13672,#13673);
#10957=AXIS2_PLACEMENT_3D('',#17698,#13674,#13675);
#10958=AXIS2_PLACEMENT_3D('',#17699,#13676,#13677);
#10959=AXIS2_PLACEMENT_3D('',#17700,#13678,#13679);
#10960=AXIS2_PLACEMENT_3D('',#17701,#13680,#13681);
#10961=AXIS2_PLACEMENT_3D('',#17702,#13682,#13683);
#10962=AXIS2_PLACEMENT_3D('',#17703,#13684,#13685);
#10963=AXIS2_PLACEMENT_3D('',#17704,#13686,#13687);
#10964=AXIS2_PLACEMENT_3D('',#17705,#13688,#13689);
#10965=AXIS2_PLACEMENT_3D('',#17706,#13690,#13691);
#10966=AXIS2_PLACEMENT_3D('',#17707,#13692,#13693);
#10967=AXIS2_PLACEMENT_3D('',#17708,#13694,#13695);
#10968=AXIS2_PLACEMENT_3D('',#17709,#13696,#13697);
#10969=AXIS2_PLACEMENT_3D('',#17710,#13698,#13699);
#10970=AXIS2_PLACEMENT_3D('',#17711,#13700,#13701);
#10971=AXIS2_PLACEMENT_3D('',#17712,#13702,#13703);
#10972=AXIS2_PLACEMENT_3D('',#17713,#13704,#13705);
#10973=AXIS2_PLACEMENT_3D('',#17714,#13706,#13707);
#10974=AXIS2_PLACEMENT_3D('',#17738,#13708,#13709);
#10975=AXIS2_PLACEMENT_3D('',#17739,#13710,#13711);
#10976=AXIS2_PLACEMENT_3D('',#17740,#13712,#13713);
#10977=AXIS2_PLACEMENT_3D('',#17741,#13714,#13715);
#10978=AXIS2_PLACEMENT_3D('',#17742,#13716,#13717);
#10979=AXIS2_PLACEMENT_3D('',#17743,#13718,#13719);
#10980=AXIS2_PLACEMENT_3D('',#17744,#13720,#13721);
#10981=AXIS2_PLACEMENT_3D('',#17768,#13722,#13723);
#10982=AXIS2_PLACEMENT_3D('',#17769,#13724,#13725);
#10983=AXIS2_PLACEMENT_3D('',#17770,#13726,#13727);
#10984=AXIS2_PLACEMENT_3D('',#17771,#13728,#13729);
#10985=AXIS2_PLACEMENT_3D('',#17772,#13730,#13731);
#10986=AXIS2_PLACEMENT_3D('',#17773,#13732,#13733);
#10987=AXIS2_PLACEMENT_3D('',#17774,#13734,#13735);
#10988=AXIS2_PLACEMENT_3D('',#17775,#13736,#13737);
#10989=AXIS2_PLACEMENT_3D('',#17776,#13738,#13739);
#10990=AXIS2_PLACEMENT_3D('',#17777,#13740,#13741);
#10991=AXIS2_PLACEMENT_3D('',#17778,#13742,#13743);
#10992=AXIS2_PLACEMENT_3D('',#17779,#13744,#13745);
#10993=AXIS2_PLACEMENT_3D('',#17780,#13746,#13747);
#10994=AXIS2_PLACEMENT_3D('',#17804,#13748,#13749);
#10995=AXIS2_PLACEMENT_3D('',#17805,#13750,#13751);
#10996=AXIS2_PLACEMENT_3D('',#17811,#13752,#13753);
#10997=AXIS2_PLACEMENT_3D('',#17812,#13754,#13755);
#10998=AXIS2_PLACEMENT_3D('',#17831,#13756,#13757);
#10999=AXIS2_PLACEMENT_3D('',#17832,#13758,#13759);
#11000=AXIS2_PLACEMENT_3D('',#17833,#13760,#13761);
#11001=AXIS2_PLACEMENT_3D('',#17834,#13762,#13763);
#11002=AXIS2_PLACEMENT_3D('',#17835,#13764,#13765);
#11003=AXIS2_PLACEMENT_3D('',#17836,#13766,#13767);
#11004=AXIS2_PLACEMENT_3D('',#17837,#13768,#13769);
#11005=AXIS2_PLACEMENT_3D('',#17838,#13770,#13771);
#11006=AXIS2_PLACEMENT_3D('',#17862,#13772,#13773);
#11007=AXIS2_PLACEMENT_3D('',#17863,#13774,#13775);
#11008=AXIS2_PLACEMENT_3D('',#17869,#13776,#13777);
#11009=AXIS2_PLACEMENT_3D('',#17870,#13778,#13779);
#11010=AXIS2_PLACEMENT_3D('',#17889,#13780,#13781);
#11011=AXIS2_PLACEMENT_3D('',#17890,#13782,#13783);
#11012=AXIS2_PLACEMENT_3D('',#17914,#13784,#13785);
#11013=AXIS2_PLACEMENT_3D('',#17915,#13786,#13787);
#11014=AXIS2_PLACEMENT_3D('',#17916,#13788,#13789);
#11015=AXIS2_PLACEMENT_3D('',#17917,#13790,#13791);
#11016=AXIS2_PLACEMENT_3D('',#17918,#13792,#13793);
#11017=AXIS2_PLACEMENT_3D('',#17919,#13794,#13795);
#11018=AXIS2_PLACEMENT_3D('',#17920,#13796,#13797);
#11019=AXIS2_PLACEMENT_3D('',#17944,#13798,#13799);
#11020=AXIS2_PLACEMENT_3D('',#17945,#13800,#13801);
#11021=AXIS2_PLACEMENT_3D('',#17946,#13802,#13803);
#11022=AXIS2_PLACEMENT_3D('',#17947,#13804,#13805);
#11023=AXIS2_PLACEMENT_3D('',#17948,#13806,#13807);
#11024=AXIS2_PLACEMENT_3D('',#17949,#13808,#13809);
#11025=AXIS2_PLACEMENT_3D('',#17950,#13810,#13811);
#11026=AXIS2_PLACEMENT_3D('',#17951,#13812,#13813);
#11027=AXIS2_PLACEMENT_3D('',#17952,#13814,#13815);
#11028=AXIS2_PLACEMENT_3D('',#17953,#13816,#13817);
#11029=AXIS2_PLACEMENT_3D('',#17954,#13818,#13819);
#11030=AXIS2_PLACEMENT_3D('',#17955,#13820,#13821);
#11031=AXIS2_PLACEMENT_3D('',#17956,#13822,#13823);
#11032=AXIS2_PLACEMENT_3D('',#17957,#13824,#13825);
#11033=AXIS2_PLACEMENT_3D('',#17958,#13826,#13827);
#11034=AXIS2_PLACEMENT_3D('',#17959,#13828,#13829);
#11035=AXIS2_PLACEMENT_3D('',#17960,#13830,#13831);
#11036=AXIS2_PLACEMENT_3D('',#17961,#13832,#13833);
#11037=AXIS2_PLACEMENT_3D('',#17985,#13834,#13835);
#11038=AXIS2_PLACEMENT_3D('',#17986,#13836,#13837);
#11039=AXIS2_PLACEMENT_3D('',#17992,#13838,#13839);
#11040=AXIS2_PLACEMENT_3D('',#17993,#13840,#13841);
#11041=AXIS2_PLACEMENT_3D('',#18012,#13842,#13843);
#11042=AXIS2_PLACEMENT_3D('',#18014,#13844,#13845);
#11043=AXIS2_PLACEMENT_3D('',#18015,#13846,#13847);
#11044=AXIS2_PLACEMENT_3D('',#18017,#13848,#13849);
#11045=AXIS2_PLACEMENT_3D('',#18018,#13850,#13851);
#11046=AXIS2_PLACEMENT_3D('',#18020,#13852,#13853);
#11047=AXIS2_PLACEMENT_3D('',#18021,#13854,#13855);
#11048=AXIS2_PLACEMENT_3D('',#18023,#13856,#13857);
#11049=AXIS2_PLACEMENT_3D('',#18024,#13858,#13859);
#11050=AXIS2_PLACEMENT_3D('',#18026,#13860,#13861);
#11051=AXIS2_PLACEMENT_3D('',#18027,#13862,#13863);
#11052=AXIS2_PLACEMENT_3D('',#18029,#13864,#13865);
#11053=AXIS2_PLACEMENT_3D('',#18030,#13866,#13867);
#11054=AXIS2_PLACEMENT_3D('',#18032,#13868,#13869);
#11055=AXIS2_PLACEMENT_3D('',#18033,#13870,#13871);
#11056=AXIS2_PLACEMENT_3D('',#18035,#13872,#13873);
#11057=DIRECTION('',(0.,0.,1.));
#11058=DIRECTION('',(1.,0.,0.));
#11059=DIRECTION('',(0.,0.,1.));
#11060=DIRECTION('',(1.,0.,0.));
#11061=DIRECTION('',(0.,0.,1.));
#11062=DIRECTION('',(0.,0.,1.));
#11063=DIRECTION('',(1.,0.,0.));
#11064=DIRECTION('',(0.,0.,-1.));
#11065=DIRECTION('',(0.,0.,1.));
#11066=DIRECTION('',(1.,0.,0.));
#11067=DIRECTION('',(0.,0.,1.));
#11068=DIRECTION('',(1.,0.,0.));
#11069=DIRECTION('',(0.,0.,1.));
#11070=DIRECTION('',(1.,0.,0.));
#11071=DIRECTION('',(-1.,0.,0.));
#11072=DIRECTION('',(0.,0.,1.));
#11073=DIRECTION('',(1.,0.,0.));
#11074=DIRECTION('',(0.,0.,1.));
#11075=DIRECTION('',(1.,0.,0.));
#11076=DIRECTION('',(0.,0.,1.));
#11077=DIRECTION('',(1.,0.,0.));
#11078=DIRECTION('',(-1.,0.,0.));
#11079=DIRECTION('',(0.,0.,1.));
#11080=DIRECTION('',(1.,0.,0.));
#11081=DIRECTION('',(0.,0.,-1.));
#11082=DIRECTION('',(-1.,0.,0.));
#11083=DIRECTION('',(-1.,0.,0.));
#11084=DIRECTION('',(0.,0.,-1.));
#11085=DIRECTION('',(-1.,0.,0.));
#11086=DIRECTION('',(0.,0.,-1.));
#11087=DIRECTION('',(-1.,0.,0.));
#11088=DIRECTION('',(0.,0.,-1.));
#11089=DIRECTION('',(-1.,0.,0.));
#11090=DIRECTION('',(0.,0.,-1.));
#11091=DIRECTION('',(-1.,0.,0.));
#11092=DIRECTION('',(-1.,0.,0.));
#11093=DIRECTION('',(0.,0.,-1.));
#11094=DIRECTION('',(-1.,0.,0.));
#11095=DIRECTION('',(0.,0.,-1.));
#11096=DIRECTION('',(-1.,0.,0.));
#11097=DIRECTION('',(-1.,0.,0.));
#11098=DIRECTION('',(0.,0.,-1.));
#11099=DIRECTION('',(-1.,0.,0.));
#11100=DIRECTION('',(0.,0.,-1.));
#11101=DIRECTION('',(-1.,0.,0.));
#11102=DIRECTION('',(0.,0.,1.));
#11103=DIRECTION('',(1.,0.,0.));
#11104=DIRECTION('',(1.,0.,0.));
#11105=DIRECTION('',(0.,0.,1.));
#11106=DIRECTION('',(-1.,0.,0.));
#11107=DIRECTION('',(0.,1.,0.));
#11108=DIRECTION('',(0.,0.,1.));
#11109=DIRECTION('',(-1.,0.,0.));
#11110=DIRECTION('',(-1.,0.,0.));
#11111=DIRECTION('',(0.,0.,1.));
#11112=DIRECTION('',(1.,0.,0.));
#11113=DIRECTION('',(0.,-1.,0.));
#11114=DIRECTION('',(0.,0.,1.));
#11115=DIRECTION('',(1.,0.,0.));
#11116=DIRECTION('',(0.,1.,0.));
#11117=DIRECTION('',(1.,0.,0.));
#11118=DIRECTION('',(0.,0.,1.));
#11119=DIRECTION('',(-1.,0.,0.));
#11120=DIRECTION('',(0.,0.,-1.));
#11121=DIRECTION('',(0.707106781186548,0.,0.707106781186548));
#11122=DIRECTION('',(-0.707106781186548,0.,0.707106781186548));
#11123=DIRECTION('',(0.,-1.,0.));
#11124=DIRECTION('',(1.,0.,0.));
#11125=DIRECTION('',(-1.,0.,0.));
#11126=DIRECTION('',(0.,0.,1.));
#11127=DIRECTION('',(-0.707106781186548,0.,0.707106781186548));
#11128=DIRECTION('',(0.707106781186548,0.,0.707106781186548));
#11129=DIRECTION('',(0.,0.,-1.));
#11130=DIRECTION('',(-1.,0.,0.));
#11131=DIRECTION('',(0.,0.,1.));
#11132=DIRECTION('',(-0.707106781186548,0.,0.707106781186548));
#11133=DIRECTION('',(1.,0.,0.));
#11134=DIRECTION('',(0.707106781186548,0.,0.707106781186548));
#11135=DIRECTION('',(0.,0.,-1.));
#11136=DIRECTION('',(-1.,0.,0.));
#11137=DIRECTION('',(0.,0.,1.));
#11138=DIRECTION('',(-0.707106781186548,0.,0.707106781186548));
#11139=DIRECTION('',(1.,0.,0.));
#11140=DIRECTION('',(0.707106781186548,0.,0.707106781186548));
#11141=DIRECTION('',(0.,0.,-1.));
#11142=DIRECTION('',(-1.,0.,0.));
#11143=DIRECTION('',(0.,0.,1.));
#11144=DIRECTION('',(-0.707106781186548,0.,0.707106781186548));
#11145=DIRECTION('',(1.,0.,0.));
#11146=DIRECTION('',(0.707106781186548,0.,0.707106781186548));
#11147=DIRECTION('',(0.,0.,-1.));
#11148=DIRECTION('',(-1.,0.,0.));
#11149=DIRECTION('',(0.,0.,1.));
#11150=DIRECTION('',(-0.707106781186548,0.,0.707106781186548));
#11151=DIRECTION('',(1.,0.,0.));
#11152=DIRECTION('',(0.,0.,1.));
#11153=DIRECTION('',(1.,0.,0.));
#11154=DIRECTION('',(0.,0.,1.));
#11155=DIRECTION('',(1.,0.,0.));
#11156=DIRECTION('',(0.,-1.,0.));
#11157=DIRECTION('',(-0.41919364389473,0.,0.907896849272129));
#11158=DIRECTION('',(0.42277158043495,0.,0.90623627756592));
#11159=DIRECTION('',(0.,-1.,0.));
#11160=DIRECTION('',(-0.294153715418885,0.,0.955758124059255));
#11161=DIRECTION('',(0.0850555309188951,0.,0.99637621241181));
#11162=DIRECTION('',(-0.727782091754878,0.,0.685808447688488));
#11163=DIRECTION('',(-1.,0.,0.));
#11164=DIRECTION('',(0.,0.,-1.));
#11165=DIRECTION('',(1.,0.,0.));
#11166=DIRECTION('',(0.707106781186548,0.,0.707106781186548));
#11167=DIRECTION('',(0.,0.,-1.));
#11168=DIRECTION('',(0.,0.,1.));
#11169=DIRECTION('',(1.,0.,0.));
#11170=DIRECTION('',(0.,0.,1.));
#11171=DIRECTION('',(-1.,0.,0.));
#11172=DIRECTION('',(0.,1.,0.));
#11173=DIRECTION('',(0.,0.,1.));
#11174=DIRECTION('',(-1.,0.,0.));
#11175=DIRECTION('',(-1.,0.,0.));
#11176=DIRECTION('',(0.,0.,1.));
#11177=DIRECTION('',(1.,0.,0.));
#11178=DIRECTION('',(0.,-1.,0.));
#11179=DIRECTION('',(0.,0.,1.));
#11180=DIRECTION('',(1.,0.,0.));
#11181=DIRECTION('',(0.,1.,0.));
#11182=DIRECTION('',(1.,0.,0.));
#11183=DIRECTION('',(0.,0.,1.));
#11184=DIRECTION('',(-1.,0.,0.));
#11185=DIRECTION('',(0.,0.,-1.));
#11186=DIRECTION('',(-1.,0.,0.));
#11187=DIRECTION('',(-0.0532246201165988,0.,-0.998582565346223));
#11188=DIRECTION('',(-1.,0.,0.));
#11189=DIRECTION('',(0.00872653549837393,0.,-0.999961923064171));
#11190=DIRECTION('',(-1.,0.,0.));
#11191=DIRECTION('',(-0.00872653549837393,0.,-0.999961923064171));
#11192=DIRECTION('',(-1.,0.,0.));
#11193=DIRECTION('',(0.,0.,1.));
#11194=DIRECTION('',(-1.,0.,0.));
#11195=DIRECTION('',(0.,0.,-1.));
#11196=DIRECTION('',(-1.,0.,0.));
#11197=DIRECTION('',(-0.707106781186548,0.,0.707106781186548));
#11198=DIRECTION('',(0.,0.,1.));
#11199=DIRECTION('',(0.,0.,-1.));
#11200=DIRECTION('',(0.707106781186548,0.,0.707106781186548));
#11201=DIRECTION('',(-1.,0.,0.));
#11202=DIRECTION('',(-0.707106781186548,0.,0.707106781186548));
#11203=DIRECTION('',(0.,0.,1.));
#11204=DIRECTION('',(-1.,0.,0.));
#11205=DIRECTION('',(0.,0.,-1.));
#11206=DIRECTION('',(0.707106781186548,0.,0.707106781186548));
#11207=DIRECTION('',(-1.,0.,0.));
#11208=DIRECTION('',(-0.707106781186548,0.,0.707106781186548));
#11209=DIRECTION('',(0.,0.,1.));
#11210=DIRECTION('',(0.,0.,-1.));
#11211=DIRECTION('',(0.707106781186548,0.,0.707106781186548));
#11212=DIRECTION('',(-0.707106781186548,0.,0.707106781186548));
#11213=DIRECTION('',(0.,0.,1.));
#11214=DIRECTION('',(1.,0.,0.));
#11215=DIRECTION('',(0.,0.,1.));
#11216=DIRECTION('',(-1.,0.,0.));
#11217=DIRECTION('',(0.,1.,0.));
#11218=DIRECTION('',(0.,0.,1.));
#11219=DIRECTION('',(-1.,0.,0.));
#11220=DIRECTION('',(0.,0.,1.));
#11221=DIRECTION('',(1.,0.,0.));
#11222=DIRECTION('',(0.,-1.,0.));
#11223=DIRECTION('',(0.,0.,1.));
#11224=DIRECTION('',(1.,0.,0.));
#11225=DIRECTION('',(0.,0.,1.));
#11226=DIRECTION('',(1.,0.,0.));
#11227=DIRECTION('',(0.,0.,1.));
#11228=DIRECTION('',(-1.,0.,0.));
#11229=DIRECTION('',(0.,1.,0.));
#11230=DIRECTION('',(0.,0.,1.));
#11231=DIRECTION('',(-1.,0.,0.));
#11232=DIRECTION('',(0.,0.,1.));
#11233=DIRECTION('',(1.,0.,0.));
#11234=DIRECTION('',(0.,-1.,0.));
#11235=DIRECTION('',(0.,0.,1.));
#11236=DIRECTION('',(1.,0.,0.));
#11237=DIRECTION('',(0.,0.,1.));
#11238=DIRECTION('',(1.,0.,0.));
#11239=DIRECTION('',(0.,0.,1.));
#11240=DIRECTION('',(-1.,0.,0.));
#11241=DIRECTION('',(0.,1.,0.));
#11242=DIRECTION('',(0.,0.,1.));
#11243=DIRECTION('',(-1.,0.,0.));
#11244=DIRECTION('',(0.,0.,1.));
#11245=DIRECTION('',(1.,0.,0.));
#11246=DIRECTION('',(-0.499999999999992,0.866025403784443,0.));
#11247=DIRECTION('',(-0.866025403784441,-0.499999999999996,0.));
#11248=DIRECTION('',(0.499999999999995,-0.866025403784442,0.));
#11249=DIRECTION('',(0.,0.,1.));
#11250=DIRECTION('',(1.,0.,0.));
#11251=DIRECTION('',(-1.,0.,0.));
#11252=DIRECTION('',(0.,0.,1.));
#11253=DIRECTION('',(1.,0.,0.));
#11254=DIRECTION('',(-0.499999999999995,0.866025403784442,0.));
#11255=DIRECTION('',(-0.866025403784441,-0.499999999999996,0.));
#11256=DIRECTION('',(0.499999999999997,-0.866025403784441,0.));
#11257=DIRECTION('',(0.,0.,1.));
#11258=DIRECTION('',(1.,0.,0.));
#11259=DIRECTION('',(-1.,0.,0.));
#11260=DIRECTION('',(0.,0.,-1.));
#11261=DIRECTION('',(1.,0.,0.));
#11262=DIRECTION('',(0.573576436351046,-0.819152044288992,0.));
#11263=DIRECTION('',(-1.,0.,0.));
#11264=DIRECTION('',(-0.573576436351046,0.819152044288992,0.));
#11265=DIRECTION('',(0.,0.,1.));
#11266=DIRECTION('',(1.,0.,0.));
#11267=DIRECTION('',(0.,0.,1.));
#11268=DIRECTION('',(1.,0.,0.));
#11269=DIRECTION('',(0.999973920678051,-2.08683096007794E-15,-0.00722204706202909));
#11270=DIRECTION('',(0.00722204706202909,-2.08804243053553E-17,0.999973920678051));
#11271=DIRECTION('',(0.,0.,1.));
#11272=DIRECTION('',(1.,0.,0.));
#11273=DIRECTION('',(0.499986960339022,-0.86600281842912,-0.00722204706202909));
#11274=DIRECTION('',(0.00361102353101453,-0.00625447622304398,0.999973920678051));
#11275=DIRECTION('',(0.,0.,1.));
#11276=DIRECTION('',(1.,0.,0.));
#11277=DIRECTION('',(0.,0.,1.));
#11278=DIRECTION('',(1.,0.,0.));
#11279=DIRECTION('',(0.,0.,1.));
#11280=DIRECTION('',(1.,0.,0.));
#11281=DIRECTION('',(0.,0.,1.));
#11282=DIRECTION('',(1.,1.48029736617893E-15,0.));
#11283=DIRECTION('',(0.999973920678051,-2.21725789508281E-15,-0.00722204706202909));
#11284=DIRECTION('',(0.00722204706202909,-2.08804243053553E-17,0.999973920678051));
#11285=DIRECTION('',(0.,0.,1.));
#11286=DIRECTION('',(1.,0.,0.));
#11287=DIRECTION('',(0.499999999999995,-0.866025403784442,0.));
#11288=DIRECTION('',(0.866025403784441,0.499999999999996,0.));
#11289=DIRECTION('',(-0.499999999999992,0.866025403784443,0.));
#11290=DIRECTION('',(-0.866025403784441,-0.499999999999996,0.));
#11291=DIRECTION('',(0.,0.,1.));
#11292=DIRECTION('',(1.,0.,0.));
#11293=DIRECTION('',(0.499999999999995,-0.866025403784442,0.));
#11294=DIRECTION('',(0.866025403784441,0.499999999999996,0.));
#11295=DIRECTION('',(-0.499999999999992,0.866025403784443,0.));
#11296=DIRECTION('',(-0.866025403784441,-0.499999999999996,0.));
#11297=DIRECTION('',(0.,0.,1.));
#11298=DIRECTION('',(1.,0.,0.));
#11299=DIRECTION('',(0.499999999999995,-0.866025403784442,0.));
#11300=DIRECTION('',(0.866025403784441,0.499999999999996,0.));
#11301=DIRECTION('',(-0.499999999999992,0.866025403784443,0.));
#11302=DIRECTION('',(-0.866025403784441,-0.499999999999996,0.));
#11303=DIRECTION('',(0.,0.,1.));
#11304=DIRECTION('',(1.,0.,0.));
#11305=DIRECTION('',(0.499999999999995,-0.866025403784442,0.));
#11306=DIRECTION('',(0.866025403784441,0.499999999999996,0.));
#11307=DIRECTION('',(-0.499999999999992,0.866025403784443,0.));
#11308=DIRECTION('',(-0.866025403784441,-0.499999999999996,0.));
#11309=DIRECTION('',(0.866025403784441,0.499999999999997,0.));
#11310=DIRECTION('',(-0.499999999999997,0.866025403784441,0.));
#11311=DIRECTION('',(0.,0.,-1.));
#11312=DIRECTION('',(0.499999999999992,-0.866025403784443,0.));
#11313=DIRECTION('',(0.,0.,-1.));
#11314=DIRECTION('',(-0.499999999999997,0.86602540378444,0.));
#11315=DIRECTION('',(0.,0.,-1.));
#11316=DIRECTION('',(0.499999999999992,-0.866025403784443,0.));
#11317=DIRECTION('',(0.,0.,1.));
#11318=DIRECTION('',(-0.499999999999992,0.866025403784443,0.));
#11319=DIRECTION('',(-0.866025403784443,-0.499999999999992,0.));
#11320=DIRECTION('',(-0.499999999999992,0.866025403784443,0.));
#11321=DIRECTION('',(0.126107380212574,-0.218424389737586,-0.967671284385191));
#11322=DIRECTION('',(0.,0.,-1.));
#11323=DIRECTION('',(-0.499999999999992,0.866025403784443,0.));
#11324=DIRECTION('',(0.353553390593272,-0.612372435695797,-0.707106781186546));
#11325=DIRECTION('',(0.,0.,-1.));
#11326=DIRECTION('',(0.866025403784441,0.499999999999997,0.));
#11327=DIRECTION('',(-0.499999999999997,0.86602540378444,0.));
#11328=DIRECTION('',(0.499999999999998,-0.86602540378444,0.));
#11329=DIRECTION('',(0.,0.,1.));
#11330=DIRECTION('',(0.353553390593272,-0.612372435695797,-0.707106781186546));
#11331=DIRECTION('',(0.,0.,-1.));
#11332=DIRECTION('',(0.866025403784441,0.499999999999997,0.));
#11333=DIRECTION('',(-0.499999999999997,0.86602540378444,0.));
#11334=DIRECTION('',(0.499999999999998,-0.86602540378444,0.));
#11335=DIRECTION('',(0.,0.,1.));
#11336=DIRECTION('',(0.353553390593272,-0.612372435695797,-0.707106781186546));
#11337=DIRECTION('',(0.,0.,-1.));
#11338=DIRECTION('',(0.866025403784441,0.499999999999997,0.));
#11339=DIRECTION('',(-0.499999999999997,0.86602540378444,0.));
#11340=DIRECTION('',(0.499999999999998,-0.86602540378444,0.));
#11341=DIRECTION('',(0.,0.,1.));
#11342=DIRECTION('',(0.353553390593274,-0.6123724356958,-0.707106781186543));
#11343=DIRECTION('',(0.,0.,-1.));
#11344=DIRECTION('',(0.866025403784441,0.499999999999997,0.));
#11345=DIRECTION('',(-0.499999999999997,0.86602540378444,0.));
#11346=DIRECTION('',(0.499999999999998,-0.86602540378444,0.));
#11347=DIRECTION('',(0.,0.,1.));
#11348=DIRECTION('',(0.353553390593274,-0.6123724356958,-0.707106781186543));
#11349=DIRECTION('',(0.,0.,-1.));
#11350=DIRECTION('',(0.866025403784441,0.499999999999997,0.));
#11351=DIRECTION('',(-0.499999999999997,0.86602540378444,0.));
#11352=DIRECTION('',(0.499999999999998,-0.86602540378444,0.));
#11353=DIRECTION('',(-2.89120579329463E-16,5.00771532912383E-16,1.));
#11354=DIRECTION('',(0.,0.,1.));
#11355=DIRECTION('',(1.,0.,0.));
#11356=DIRECTION('',(0.499999999999997,-0.866025403784441,0.));
#11357=DIRECTION('',(0.866025403784441,0.499999999999996,0.));
#11358=DIRECTION('',(-0.499999999999995,0.866025403784442,0.));
#11359=DIRECTION('',(-0.866025403784441,-0.499999999999996,0.));
#11360=DIRECTION('',(0.,0.,1.));
#11361=DIRECTION('',(1.,0.,0.));
#11362=DIRECTION('',(0.499999999999997,-0.866025403784441,0.));
#11363=DIRECTION('',(0.866025403784441,0.499999999999996,0.));
#11364=DIRECTION('',(-0.499999999999995,0.866025403784442,0.));
#11365=DIRECTION('',(-0.866025403784441,-0.499999999999996,0.));
#11366=DIRECTION('',(0.,0.,1.));
#11367=DIRECTION('',(1.,0.,0.));
#11368=DIRECTION('',(0.499999999999997,-0.866025403784441,0.));
#11369=DIRECTION('',(0.866025403784441,0.499999999999996,0.));
#11370=DIRECTION('',(-0.499999999999995,0.866025403784442,0.));
#11371=DIRECTION('',(-0.866025403784441,-0.499999999999996,0.));
#11372=DIRECTION('',(0.,0.,1.));
#11373=DIRECTION('',(1.,0.,0.));
#11374=DIRECTION('',(0.499999999999997,-0.866025403784441,0.));
#11375=DIRECTION('',(0.866025403784441,0.499999999999996,0.));
#11376=DIRECTION('',(-0.499999999999995,0.866025403784442,0.));
#11377=DIRECTION('',(-0.866025403784441,-0.499999999999996,0.));
#11378=DIRECTION('',(0.,0.,1.));
#11379=DIRECTION('',(1.,0.,0.));
#11380=DIRECTION('',(0.499999999999995,-0.866025403784442,0.));
#11381=DIRECTION('',(0.866025403784441,0.499999999999996,0.));
#11382=DIRECTION('',(0.,0.,1.));
#11383=DIRECTION('',(1.,0.,0.));
#11384=DIRECTION('',(-1.,0.,0.));
#11385=DIRECTION('',(0.86602540378444,0.499999999999998,0.));
#11386=DIRECTION('',(-0.499999999999998,0.86602540378444,0.));
#11387=DIRECTION('',(0.,0.,-1.));
#11388=DIRECTION('',(0.499999999999995,-0.866025403784442,0.));
#11389=DIRECTION('',(0.,0.,-1.));
#11390=DIRECTION('',(-0.499999999999998,0.86602540378444,0.));
#11391=DIRECTION('',(0.,0.,-1.));
#11392=DIRECTION('',(0.499999999999995,-0.866025403784442,0.));
#11393=DIRECTION('',(0.,0.,1.));
#11394=DIRECTION('',(-0.499999999999995,0.866025403784441,0.));
#11395=DIRECTION('',(-0.866025403784442,-0.499999999999995,0.));
#11396=DIRECTION('',(-0.499999999999995,0.866025403784442,0.));
#11397=DIRECTION('',(0.126107380212574,-0.218424389737586,-0.967671284385191));
#11398=DIRECTION('',(0.,0.,-1.));
#11399=DIRECTION('',(-0.499999999999995,0.866025403784442,0.));
#11400=DIRECTION('',(0.353553390593273,-0.612372435695797,-0.707106781186546));
#11401=DIRECTION('',(0.,0.,-1.));
#11402=DIRECTION('',(0.86602540378444,0.499999999999998,0.));
#11403=DIRECTION('',(-0.499999999999998,0.86602540378444,0.));
#11404=DIRECTION('',(0.499999999999998,-0.86602540378444,0.));
#11405=DIRECTION('',(-3.6140072416183E-17,6.25964416140479E-17,1.));
#11406=DIRECTION('',(0.353553390593273,-0.612372435695797,-0.707106781186546));
#11407=DIRECTION('',(0.,0.,-1.));
#11408=DIRECTION('',(0.86602540378444,0.499999999999998,0.));
#11409=DIRECTION('',(-0.499999999999998,0.86602540378444,0.));
#11410=DIRECTION('',(0.499999999999998,-0.86602540378444,0.));
#11411=DIRECTION('',(-3.6140072416183E-17,6.25964416140479E-17,1.));
#11412=DIRECTION('',(0.353553390593272,-0.612372435695795,-0.707106781186547));
#11413=DIRECTION('',(0.,0.,-1.));
#11414=DIRECTION('',(0.86602540378444,0.499999999999998,0.));
#11415=DIRECTION('',(-0.499999999999998,0.86602540378444,0.));
#11416=DIRECTION('',(0.499999999999998,-0.86602540378444,0.));
#11417=DIRECTION('',(-3.72694496791888E-17,6.45525804144869E-17,1.));
#11418=DIRECTION('',(0.353553390593272,-0.612372435695794,-0.707106781186549));
#11419=DIRECTION('',(0.,0.,-1.));
#11420=DIRECTION('',(0.86602540378444,0.499999999999998,0.));
#11421=DIRECTION('',(-0.499999999999998,0.86602540378444,0.));
#11422=DIRECTION('',(0.499999999999998,-0.86602540378444,0.));
#11423=DIRECTION('',(-3.6140072416183E-17,6.25964416140479E-17,1.));
#11424=DIRECTION('',(0.353553390593273,-0.612372435695797,-0.707106781186545));
#11425=DIRECTION('',(0.,0.,-1.));
#11426=DIRECTION('',(0.86602540378444,0.499999999999998,0.));
#11427=DIRECTION('',(-0.499999999999998,0.86602540378444,0.));
#11428=DIRECTION('',(0.499999999999998,-0.86602540378444,0.));
#11429=DIRECTION('',(-3.6140072416183E-17,6.25964416140479E-17,1.));
#11430=DIRECTION('',(0.,0.,1.));
#11431=DIRECTION('',(1.,0.,0.));
#11432=DIRECTION('',(0.,0.,1.));
#11433=DIRECTION('',(1.,0.,0.));
#11434=DIRECTION('',(-0.500000000000002,-0.866025403784438,0.));
#11435=DIRECTION('',(0.,0.,1.));
#11436=DIRECTION('',(1.,0.,0.));
#11437=DIRECTION('',(-1.,0.,0.));
#11438=DIRECTION('',(0.,0.,1.));
#11439=DIRECTION('',(1.,0.,0.));
#11440=DIRECTION('',(-0.499999999999997,0.86602540378444,0.));
#11441=DIRECTION('',(0.86602540378444,0.499999999999997,0.));
#11442=DIRECTION('',(0.499999999999997,-0.86602540378444,0.));
#11443=DIRECTION('',(1.,0.,0.));
#11444=DIRECTION('',(0.500000000000001,0.866025403784438,0.));
#11445=DIRECTION('',(-1.,0.,0.));
#11446=DIRECTION('',(-0.500000000000003,-0.866025403784437,0.));
#11447=DIRECTION('',(0.499999999999997,-0.86602540378444,0.));
#11448=DIRECTION('',(-0.866025403784442,-0.499999999999994,0.));
#11449=DIRECTION('',(-0.499999999999997,0.86602540378444,0.));
#11450=DIRECTION('',(0.,0.,1.));
#11451=DIRECTION('',(1.,0.,0.));
#11452=DIRECTION('',(0.500000000000004,0.866025403784436,0.));
#11453=DIRECTION('',(0.,0.,1.));
#11454=DIRECTION('',(1.,0.,0.));
#11455=DIRECTION('',(-1.,0.,0.));
#11456=DIRECTION('',(0.,0.,1.));
#11457=DIRECTION('',(1.,0.,0.));
#11458=DIRECTION('',(2.08688538463375E-15,1.,0.));
#11459=DIRECTION('',(0.866025403784441,0.499999999999996,0.));
#11460=DIRECTION('',(0.,0.,1.));
#11461=DIRECTION('',(0.499999999999996,-0.866025403784441,0.));
#11462=DIRECTION('',(0.499999999999995,-0.866025403784441,0.));
#11463=DIRECTION('',(-1.,0.,0.));
#11464=DIRECTION('',(-2.24693341988909E-15,2.27373675443228E-14,-1.));
#11465=DIRECTION('',(-0.47553047521328,-0.879699248120306,-1.92327357047843E-14));
#11466=DIRECTION('',(1.,0.,0.));
#11467=DIRECTION('',(0.,1.,0.));
#11468=DIRECTION('',(1.,0.,0.));
#11469=DIRECTION('',(0.,0.,-1.));
#11470=DIRECTION('',(-1.,0.,0.));
#11471=DIRECTION('',(0.00872653549837393,0.,-0.999961923064171));
#11472=DIRECTION('',(-1.,0.,0.));
#11473=DIRECTION('',(0.00872653549837393,0.,0.999961923064171));
#11474=DIRECTION('',(-1.,0.,0.));
#11475=DIRECTION('',(0.,0.,1.));
#11476=DIRECTION('',(-1.,0.,0.));
#11477=DIRECTION('',(0.,0.,-1.));
#11478=DIRECTION('',(-1.,0.,0.));
#11479=DIRECTION('',(0.,0.,1.));
#11480=DIRECTION('',(0.,-1.,0.));
#11481=DIRECTION('',(1.,0.,0.));
#11482=DIRECTION('',(0.,0.,-1.));
#11483=DIRECTION('',(-1.,0.,0.));
#11484=DIRECTION('',(0.,0.,-1.));
#11485=DIRECTION('',(1.,0.,0.));
#11486=DIRECTION('',(0.,0.,1.));
#11487=DIRECTION('',(-1.,0.,0.));
#11488=DIRECTION('',(0.,0.,-1.));
#11489=DIRECTION('',(-1.,0.,0.));
#11490=DIRECTION('',(0.,0.,-1.));
#11491=DIRECTION('',(-1.,0.,0.));
#11492=DIRECTION('',(0.,0.,-1.));
#11493=DIRECTION('',(-1.,0.,0.));
#11494=DIRECTION('',(0.,0.,1.));
#11495=DIRECTION('',(-1.,0.,0.));
#11496=DIRECTION('',(0.866025403784441,0.499999999999997,0.));
#11497=DIRECTION('',(-0.499999999999997,0.866025403784441,0.));
#11498=DIRECTION('',(1.,0.,0.));
#11499=DIRECTION('',(0.819152044288992,0.573576436351046,0.));
#11500=DIRECTION('',(-0.573576436351046,0.819152044288992,0.));
#11501=DIRECTION('',(-1.,0.,0.));
#11502=DIRECTION('',(0.,0.,1.));
#11503=DIRECTION('',(1.,0.,0.));
#11504=DIRECTION('',(0.866025403784442,0.499999999999995,0.));
#11505=DIRECTION('',(-0.499999999999995,0.866025403784442,0.));
#11506=DIRECTION('',(0.,-0.975458764848061,0.220182192924622));
#11507=DIRECTION('',(1.,0.,0.));
#11508=DIRECTION('',(-0.126107380212574,0.218424389737586,0.967671284385191));
#11509=DIRECTION('',(-1.,0.,0.));
#11510=DIRECTION('',(0.,-0.975458764848061,0.220182192924622));
#11511=DIRECTION('',(0.,0.220182192924622,0.975458764848061));
#11512=DIRECTION('',(1.,0.,0.));
#11513=DIRECTION('',(0.,-0.220182192924622,-0.975458764848061));
#11514=DIRECTION('',(0.,-0.975458764848061,0.220182192924622));
#11515=DIRECTION('',(0.,0.220182192924622,0.975458764848061));
#11516=DIRECTION('',(1.,0.,0.));
#11517=DIRECTION('',(0.,-0.975458764848061,0.220182192924622));
#11518=DIRECTION('',(0.,0.220182192924622,0.975458764848061));
#11519=DIRECTION('',(0.152372960473375,-0.217611139781445,-0.964068396307855));
#11520=DIRECTION('',(0.,-0.975458764848061,0.220182192924622));
#11521=DIRECTION('',(1.,0.,0.));
#11522=DIRECTION('',(-1.,0.,0.));
#11523=DIRECTION('',(0.126107380212574,-0.218424389737586,-0.967671284385191));
#11524=DIRECTION('',(-0.126107380212573,0.218424389737586,0.967671284385191));
#11525=DIRECTION('',(1.,0.,0.));
#11526=DIRECTION('',(0.,0.,-1.));
#11527=DIRECTION('',(0.866025403784441,0.499999999999997,0.));
#11528=DIRECTION('',(0.499999999999997,-0.866025403784441,0.));
#11529=DIRECTION('',(1.,0.,0.));
#11530=DIRECTION('',(0.,0.,-1.));
#11531=DIRECTION('',(1.,0.,0.));
#11532=DIRECTION('',(0.,0.,-1.));
#11533=DIRECTION('',(1.,0.,0.));
#11534=DIRECTION('',(0.,0.,-1.));
#11535=DIRECTION('',(0.866025403784442,0.499999999999995,0.));
#11536=DIRECTION('',(0.499999999999995,-0.866025403784442,0.));
#11537=DIRECTION('',(0.,0.,1.));
#11538=DIRECTION('',(1.,0.,0.));
#11539=DIRECTION('',(0.500000000000002,0.866025403784438,0.));
#11540=DIRECTION('',(0.,0.,1.));
#11541=DIRECTION('',(1.,0.,0.));
#11542=DIRECTION('',(-0.500000000000001,-0.866025403784438,0.));
#11543=DIRECTION('',(-1.,0.,0.));
#11544=DIRECTION('',(-0.499999999999997,0.86602540378444,0.));
#11545=DIRECTION('',(-0.86602540378444,-0.499999999999997,0.));
#11546=DIRECTION('',(0.499999999999997,-0.86602540378444,0.));
#11547=DIRECTION('',(0.,0.,1.));
#11548=DIRECTION('',(1.,0.,0.));
#11549=DIRECTION('',(1.,0.,0.));
#11550=DIRECTION('',(0.,0.,1.));
#11551=DIRECTION('',(1.,0.,0.));
#11552=DIRECTION('',(0.,0.,1.));
#11553=DIRECTION('',(1.,0.,0.));
#11554=DIRECTION('',(0.,0.,1.));
#11555=DIRECTION('',(1.,0.,0.));
#11556=DIRECTION('',(-1.,0.,0.));
#11557=DIRECTION('',(0.,0.,1.));
#11558=DIRECTION('',(1.,0.,0.));
#11559=DIRECTION('',(-0.500000000000004,-0.866025403784436,0.));
#11560=DIRECTION('',(0.,0.,1.));
#11561=DIRECTION('',(1.,0.,0.));
#11562=DIRECTION('',(-0.499999999999997,0.86602540378444,0.));
#11563=DIRECTION('',(-0.866025403784442,-0.499999999999994,0.));
#11564=DIRECTION('',(-0.499999999999997,0.86602540378444,0.));
#11565=DIRECTION('',(0.500000000000003,0.866025403784437,0.));
#11566=DIRECTION('',(1.,0.,0.));
#11567=DIRECTION('',(-0.866025403784438,0.500000000000002,0.));
#11568=DIRECTION('',(-0.500000000000002,-0.866025403784438,0.));
#11569=DIRECTION('',(0.,0.,1.));
#11570=DIRECTION('',(0.,0.,-1.));
#11571=DIRECTION('',(0.,0.,1.));
#11572=DIRECTION('',(1.,0.,0.));
#11573=DIRECTION('',(0.499999999999997,-0.866025403784441,0.));
#11574=DIRECTION('',(-0.573576436351046,0.819152044288992,0.));
#11575=DIRECTION('',(0.,0.,1.));
#11576=DIRECTION('',(0.573576436351046,-0.819152044288992,0.));
#11577=DIRECTION('',(0.819152044288992,0.573576436351046,0.));
#11578=DIRECTION('',(0.,0.,1.));
#11579=DIRECTION('',(0.897361363264902,0.441296480520021,0.));
#11580=DIRECTION('',(-0.500000000000003,-0.866025403784437,0.));
#11581=DIRECTION('',(0.,0.,1.));
#11582=DIRECTION('',(1.,0.,0.));
#11583=DIRECTION('',(-1.,0.,0.));
#11584=DIRECTION('',(0.,0.,1.));
#11585=DIRECTION('',(1.,0.,0.));
#11586=DIRECTION('',(-0.499999999999994,0.866025403784442,0.));
#11587=DIRECTION('',(0.866025403784441,0.499999999999995,0.));
#11588=DIRECTION('',(0.499999999999992,-0.866025403784443,0.));
#11589=DIRECTION('',(1.,0.,0.));
#11590=DIRECTION('',(0.500000000000001,0.866025403784438,0.));
#11591=DIRECTION('',(-0.499999999999997,0.86602540378444,0.));
#11592=DIRECTION('',(-1.,0.,0.));
#11593=DIRECTION('',(-0.500000000000004,-0.866025403784436,0.));
#11594=DIRECTION('',(0.499999999999992,-0.866025403784443,0.));
#11595=DIRECTION('',(-0.866025403784441,-0.499999999999995,0.));
#11596=DIRECTION('',(-0.499999999999994,0.866025403784442,0.));
#11597=DIRECTION('',(0.,0.,1.));
#11598=DIRECTION('',(1.,0.,0.));
#11599=DIRECTION('',(0.500000000000004,0.866025403784436,0.));
#11600=DIRECTION('',(0.,0.,1.));
#11601=DIRECTION('',(1.,0.,0.));
#11602=DIRECTION('',(0.,0.,1.));
#11603=DIRECTION('',(1.,0.,0.));
#11604=DIRECTION('',(2.21731572117336E-15,1.,0.));
#11605=DIRECTION('',(-2.24693341988834E-15,2.2168933355709E-14,-1.));
#11606=DIRECTION('',(-0.47553047521331,-0.87969924812029,-1.92327357047793E-14));
#11607=DIRECTION('',(1.,0.,0.));
#11608=DIRECTION('',(-0.866025403784437,0.500000000000003,0.));
#11609=DIRECTION('',(-0.500000000000003,-0.866025403784437,0.));
#11610=DIRECTION('',(-0.500000000000003,-0.866025403784437,0.));
#11611=DIRECTION('',(0.,0.,1.));
#11612=DIRECTION('',(0.500000000000003,0.866025403784437,0.));
#11613=DIRECTION('',(0.,0.,-1.));
#11614=DIRECTION('',(0.,1.,0.));
#11615=DIRECTION('',(1.,0.,0.));
#11616=DIRECTION('',(0.,0.,-1.));
#11617=DIRECTION('',(0.,0.,-1.));
#11618=DIRECTION('',(-1.,0.,0.));
#11619=DIRECTION('',(0.00872653549837393,0.,-0.999961923064171));
#11620=DIRECTION('',(-1.,0.,0.));
#11621=DIRECTION('',(-0.00872653549837393,0.,-0.999961923064171));
#11622=DIRECTION('',(0.,0.,1.));
#11623=DIRECTION('',(-1.,0.,0.));
#11624=DIRECTION('',(0.,0.,1.));
#11625=DIRECTION('',(1.,0.,0.));
#11626=DIRECTION('',(-1.,0.,0.));
#11627=DIRECTION('',(0.,0.,1.));
#11628=DIRECTION('',(1.,0.,0.));
#11629=DIRECTION('',(0.,-1.,0.));
#11630=DIRECTION('',(0.,0.,1.));
#11631=DIRECTION('',(1.,0.,0.));
#11632=DIRECTION('',(1.,0.,0.));
#11633=DIRECTION('',(0.,0.,1.));
#11634=DIRECTION('',(1.,0.,0.));
#11635=DIRECTION('',(0.,0.,1.));
#11636=DIRECTION('',(1.,0.,0.));
#11637=DIRECTION('',(0.,0.,1.));
#11638=DIRECTION('',(1.,0.,0.));
#11639=DIRECTION('',(-1.,0.,0.));
#11640=DIRECTION('',(0.,0.,1.));
#11641=DIRECTION('',(1.,0.,0.));
#11642=DIRECTION('',(0.,0.,1.));
#11643=DIRECTION('',(1.,0.,0.));
#11644=DIRECTION('',(0.,0.,1.));
#11645=DIRECTION('',(1.,0.,0.));
#11646=DIRECTION('',(-0.500000000000002,-0.866025403784437,0.));
#11647=DIRECTION('',(-1.,0.,0.));
#11648=DIRECTION('',(-0.499999999999996,0.866025403784441,0.));
#11649=DIRECTION('',(-0.866025403784441,-0.499999999999996,0.));
#11650=DIRECTION('',(0.499999999999998,-0.86602540378444,0.));
#11651=DIRECTION('',(0.,0.,1.));
#11652=DIRECTION('',(1.,0.,0.));
#11653=DIRECTION('',(1.,0.,0.));
#11654=DIRECTION('',(0.,0.,1.));
#11655=DIRECTION('',(1.,0.,0.));
#11656=DIRECTION('',(0.,0.,1.));
#11657=DIRECTION('',(1.,0.,0.));
#11658=DIRECTION('',(0.,0.,1.));
#11659=DIRECTION('',(1.,0.,0.));
#11660=DIRECTION('',(0.,0.,1.));
#11661=DIRECTION('',(1.,0.,0.));
#11662=DIRECTION('',(-0.500000000000005,-0.866025403784436,0.));
#11663=DIRECTION('',(0.,0.,1.));
#11664=DIRECTION('',(1.,0.,0.));
#11665=DIRECTION('',(0.,0.,1.));
#11666=DIRECTION('',(1.,0.,0.));
#11667=DIRECTION('',(0.,0.,1.));
#11668=DIRECTION('',(1.,0.,0.));
#11669=DIRECTION('',(-0.499999999999998,0.86602540378444,0.));
#11670=DIRECTION('',(-0.86602540378444,-0.499999999999998,0.));
#11671=DIRECTION('',(-0.499999999999996,0.866025403784441,0.));
#11672=DIRECTION('',(0.500000000000004,0.866025403784437,0.));
#11673=DIRECTION('',(1.,0.,0.));
#11674=DIRECTION('',(0.,-0.975458764848061,0.220182192924622));
#11675=DIRECTION('',(1.,0.,0.));
#11676=DIRECTION('',(-1.,0.,0.));
#11677=DIRECTION('',(0.126107380212574,-0.218424389737586,-0.967671284385191));
#11678=DIRECTION('',(0.,-0.975458764848061,0.220182192924622));
#11679=DIRECTION('',(0.,-0.220182192924622,-0.975458764848061));
#11680=DIRECTION('',(-1.,0.,0.));
#11681=DIRECTION('',(0.,-0.975458764848061,0.220182192924622));
#11682=DIRECTION('',(0.,-0.220182192924622,-0.975458764848061));
#11683=DIRECTION('',(-0.499980961532082,0.865992428190715,0.00872653549837393));
#11684=DIRECTION('',(-0.866025403784441,-0.499999999999996,0.));
#11685=DIRECTION('',(0.866025403784441,0.499999999999996,0.));
#11686=DIRECTION('',(-0.00436326774918693,0.00755740142861855,-0.999961923064171));
#11687=DIRECTION('',(-0.499980961532082,0.865992428190715,0.00872653549837393));
#11688=DIRECTION('',(0.00436326774918693,-0.00755740142861854,0.999961923064171));
#11689=DIRECTION('',(1.,0.,0.));
#11690=DIRECTION('',(0.,0.,-1.));
#11691=DIRECTION('',(1.,0.,0.));
#11692=DIRECTION('',(0.,0.,-1.));
#11693=DIRECTION('',(1.,0.,0.));
#11694=DIRECTION('',(0.,0.,-1.));
#11695=DIRECTION('',(0.,1.,0.));
#11696=DIRECTION('',(1.,0.,0.));
#11697=DIRECTION('',(1.,0.,0.));
#11698=DIRECTION('',(0.,0.,1.));
#11699=DIRECTION('',(0.,0.,1.));
#11700=DIRECTION('',(1.,0.,0.));
#11701=DIRECTION('',(0.,0.,1.));
#11702=DIRECTION('',(1.,0.,0.));
#11703=DIRECTION('',(0.,0.,1.));
#11704=DIRECTION('',(1.,0.,0.));
#11705=DIRECTION('',(-1.,0.,0.));
#11706=DIRECTION('',(0.,0.,1.));
#11707=DIRECTION('',(1.,0.,0.));
#11708=DIRECTION('',(-0.499999999999998,0.86602540378444,0.));
#11709=DIRECTION('',(0.866025403784441,0.499999999999996,0.));
#11710=DIRECTION('',(0.499999999999996,-0.866025403784441,0.));
#11711=DIRECTION('',(1.,0.,0.));
#11712=DIRECTION('',(0.500000000000002,0.866025403784437,0.));
#11713=DIRECTION('',(-1.,0.,0.));
#11714=DIRECTION('',(-0.500000000000004,-0.866025403784437,0.));
#11715=DIRECTION('',(0.499999999999996,-0.866025403784441,0.));
#11716=DIRECTION('',(-0.86602540378444,-0.499999999999998,0.));
#11717=DIRECTION('',(-0.499999999999998,0.86602540378444,0.));
#11718=DIRECTION('',(0.,0.,1.));
#11719=DIRECTION('',(1.,0.,0.));
#11720=DIRECTION('',(0.,0.,1.));
#11721=DIRECTION('',(1.,1.48029736617889E-15,0.));
#11722=DIRECTION('',(0.819152044288991,0.573576436351047,0.));
#11723=DIRECTION('',(0.,0.,1.));
#11724=DIRECTION('',(-0.915685170362703,-0.401896340836574,0.));
#11725=DIRECTION('',(0.573576436351046,-0.819152044288992,0.));
#11726=DIRECTION('',(0.,0.,1.));
#11727=DIRECTION('',(1.,0.,0.));
#11728=DIRECTION('',(0.,1.08002495835535E-14,-1.));
#11729=DIRECTION('',(-0.475530475213292,-0.8796992481203,-8.54788253545984E-15));
#11730=DIRECTION('',(1.,0.,0.));
#11731=DIRECTION('',(0.,0.,1.));
#11732=DIRECTION('',(1.,0.,0.));
#11733=DIRECTION('',(-2.34093405088015E-15,-1.,0.));
#11734=DIRECTION('',(0.,0.,1.));
#11735=DIRECTION('',(1.,0.,0.));
#11736=DIRECTION('',(0.,0.,1.));
#11737=DIRECTION('',(1.,0.,0.));
#11738=DIRECTION('',(0.499999999999996,-0.866025403784441,0.));
#11739=DIRECTION('',(0.,0.,1.));
#11740=DIRECTION('',(-0.499999999999996,0.866025403784441,0.));
#11741=DIRECTION('',(-0.86602540378444,-0.499999999999997,0.));
#11742=DIRECTION('',(0.,0.,1.));
#11743=DIRECTION('',(1.,0.,0.));
#11744=DIRECTION('',(0.,0.,1.));
#11745=DIRECTION('',(1.,0.,0.));
#11746=DIRECTION('',(0.,0.,1.));
#11747=DIRECTION('',(1.,0.,0.));
#11748=DIRECTION('',(-0.999973920678051,2.34087300090738E-15,-0.00722204706202909));
#11749=DIRECTION('',(-0.00722204706202909,2.08804243053553E-17,0.999973920678051));
#11750=DIRECTION('',(-0.499986960339023,0.86600281842912,-0.00722204706202909));
#11751=DIRECTION('',(-0.00361102353101452,0.00625447622304398,0.999973920678051));
#11752=DIRECTION('',(-0.866025403784441,-0.499999999999996,0.));
#11753=DIRECTION('',(-0.499999999999996,0.866025403784441,0.));
#11754=DIRECTION('',(-0.00436326774918693,0.00755740142861855,-0.999961923064171));
#11755=DIRECTION('',(0.499999999999996,-0.866025403784441,0.));
#11756=DIRECTION('',(-0.00436326774918693,0.00755740142861854,0.999961923064171));
#11757=DIRECTION('',(0.,0.,-1.));
#11758=DIRECTION('',(-0.353553390593268,0.61237243569579,-0.707106781186554));
#11759=DIRECTION('',(-1.15648231731787E-15,0.,1.));
#11760=DIRECTION('',(-0.866025403784441,-0.499999999999996,0.));
#11761=DIRECTION('',(0.499999999999996,-0.866025403784441,0.));
#11762=DIRECTION('',(0.499999999999996,-0.866025403784441,0.));
#11763=DIRECTION('',(0.,0.,1.));
#11764=DIRECTION('',(-0.353553390593271,0.612372435695796,-0.707106781186548));
#11765=DIRECTION('',(0.,0.,1.));
#11766=DIRECTION('',(-0.866025403784441,-0.499999999999996,0.));
#11767=DIRECTION('',(0.499999999999996,-0.866025403784441,0.));
#11768=DIRECTION('',(0.499999999999994,-0.866025403784442,0.));
#11769=DIRECTION('',(0.,0.,1.));
#11770=DIRECTION('',(-0.35355339059327,0.612372435695795,-0.707106781186549));
#11771=DIRECTION('',(0.,0.,1.));
#11772=DIRECTION('',(-0.866025403784441,-0.499999999999996,0.));
#11773=DIRECTION('',(0.499999999999996,-0.866025403784441,0.));
#11774=DIRECTION('',(0.499999999999999,-0.866025403784439,0.));
#11775=DIRECTION('',(0.,0.,1.));
#11776=DIRECTION('',(-0.35355339059327,0.612372435695795,-0.707106781186549));
#11777=DIRECTION('',(0.,0.,1.));
#11778=DIRECTION('',(-0.866025403784441,-0.499999999999996,0.));
#11779=DIRECTION('',(0.499999999999996,-0.866025403784441,0.));
#11780=DIRECTION('',(0.499999999999996,-0.866025403784441,0.));
#11781=DIRECTION('',(0.,0.,1.));
#11782=DIRECTION('',(-0.353553390593271,0.612372435695796,-0.707106781186548));
#11783=DIRECTION('',(0.,0.,1.));
#11784=DIRECTION('',(-0.866025403784441,-0.499999999999996,0.));
#11785=DIRECTION('',(0.499999999999996,-0.866025403784441,0.));
#11786=DIRECTION('',(0.499999999999998,-0.86602540378444,0.));
#11787=DIRECTION('',(0.,0.,1.));
#11788=DIRECTION('',(0.,0.,1.));
#11789=DIRECTION('',(1.,0.,0.));
#11790=DIRECTION('',(-0.819152044288991,-0.573576436351047,0.));
#11791=DIRECTION('',(0.,0.,1.));
#11792=DIRECTION('',(0.573576436351046,-0.819152044288992,0.));
#11793=DIRECTION('',(-0.573576436351046,0.819152044288992,0.));
#11794=DIRECTION('',(-1.42976114880867E-14,-3.10878125183694E-14,1.));
#11795=DIRECTION('',(-0.819152044288995,-0.573576436351042,-3.08931624243522E-14));
#11796=DIRECTION('',(0.,0.,1.));
#11797=DIRECTION('',(1.,0.,0.));
#11798=DIRECTION('',(-0.499999999999996,0.866025403784441,0.));
#11799=DIRECTION('',(0.,0.,1.));
#11800=DIRECTION('',(0.897361363264902,0.441296480520021,0.));
#11801=DIRECTION('',(0.,0.,-1.));
#11802=DIRECTION('',(-1.,0.,0.));
#11803=DIRECTION('',(0.,0.,1.));
#11804=DIRECTION('',(1.,0.,0.));
#11805=DIRECTION('',(1.90153902164335E-12,1.34703713849556E-13,1.));
#11806=DIRECTION('',(1.,-3.25270674593695E-13,-1.90109656413014E-12));
#11807=DIRECTION('',(0.,0.,-1.));
#11808=DIRECTION('',(-4.85590087317328E-15,1.34639987299253E-15,-1.));
#11809=DIRECTION('',(0.362799849674154,-0.931867087666697,-3.15796771448942E-15));
#11810=DIRECTION('',(0.573561815887511,-0.819131164103137,-0.00713998255327865));
#11811=DIRECTION('',(-0.00409532574851821,0.00584873130470594,-0.9999745099997));
#11812=DIRECTION('',(0.,0.,1.));
#11813=DIRECTION('',(1.,0.,0.));
#11814=DIRECTION('',(-0.573561815887512,0.819131164103136,-0.00713998255327865));
#11815=DIRECTION('',(0.00409532574851821,-0.00584873130470593,-0.9999745099997));
#11816=DIRECTION('',(-4.85590087317328E-15,1.34639987299253E-15,-1.));
#11817=DIRECTION('',(0.362799849674154,-0.931867087666697,-3.15796771448942E-15));
#11818=DIRECTION('',(0.,0.,-1.));
#11819=DIRECTION('',(1.33410250307382E-16,3.30093815308447E-16,-1.));
#11820=DIRECTION('',(0.,1.,3.30093815308447E-16));
#11821=DIRECTION('',(1.33410250307382E-16,3.30093815308447E-16,-1.));
#11822=DIRECTION('',(0.,1.,3.30093815308447E-16));
#11823=DIRECTION('',(0.819152044288992,0.573576436351046,0.));
#11824=DIRECTION('',(-0.573576436351046,0.819152044288992,0.));
#11825=DIRECTION('',(0.152372960473375,-0.217611139781445,-0.964068396307855));
#11826=DIRECTION('',(0.,0.,1.));
#11827=DIRECTION('',(0.573576436351046,-0.819152044288992,0.));
#11828=DIRECTION('',(0.,0.,1.));
#11829=DIRECTION('',(0.,0.,-1.));
#11830=DIRECTION('',(0.00500533513284822,-0.00714835939305347,-0.999961923064171));
#11831=DIRECTION('',(-0.573576436351046,0.819152044288992,0.));
#11832=DIRECTION('',(0.00500533513284822,-0.00714835939305347,0.999961923064171));
#11833=DIRECTION('',(0.,0.,1.));
#11834=DIRECTION('',(1.,0.,0.));
#11835=DIRECTION('',(-2.15210055290356E-15,-1.,0.));
#11836=DIRECTION('',(0.,0.,1.));
#11837=DIRECTION('',(1.,0.,0.));
#11838=DIRECTION('',(0.,0.,1.));
#11839=DIRECTION('',(1.,0.,0.));
#11840=DIRECTION('',(0.499999999999996,-0.866025403784441,0.));
#11841=DIRECTION('',(0.,0.,1.));
#11842=DIRECTION('',(1.,0.,0.));
#11843=DIRECTION('',(0.,0.,1.));
#11844=DIRECTION('',(1.,1.48029736617893E-15,0.));
#11845=DIRECTION('',(0.,1.,0.));
#11846=DIRECTION('',(1.,0.,0.));
#11847=DIRECTION('',(0.,0.,1.));
#11848=DIRECTION('',(-1.,0.,0.));
#11849=DIRECTION('',(0.,0.,-1.));
#11850=DIRECTION('',(0.707106781186548,0.,0.707106781186548));
#11851=DIRECTION('',(0.,0.,1.));
#11852=DIRECTION('',(1.,0.,0.));
#11853=DIRECTION('',(0.,0.,1.));
#11854=DIRECTION('',(1.,0.,0.));
#11855=DIRECTION('',(0.,0.,1.));
#11856=DIRECTION('',(1.,0.,0.));
#11857=DIRECTION('',(-0.999973920678051,2.15204442758037E-15,-0.00722204706202909));
#11858=DIRECTION('',(-0.00722204706202909,2.08804243053553E-17,0.999973920678051));
#11859=DIRECTION('',(0.,0.,1.));
#11860=DIRECTION('',(-0.818372393052061,-0.573030518677772,0.043619387365336));
#11861=DIRECTION('',(0.573576436351046,-0.819152044288992,0.));
#11862=DIRECTION('',(0.0407301239209858,0.0178765456681804,0.999010253260874));
#11863=DIRECTION('',(-0.573576436351046,0.819152044288992,0.));
#11864=DIRECTION('',(-0.0357309103309484,-0.0250190527608253,-0.999048221581858));
#11865=DIRECTION('',(-0.818372393052061,-0.573030518677772,0.043619387365336));
#11866=DIRECTION('',(0.573576436351046,-0.819152044288992,0.));
#11867=DIRECTION('',(-0.573576436351046,0.819152044288992,0.));
#11868=DIRECTION('',(0.0307289808706592,0.0321596581806472,0.999010253260874));
#11869=DIRECTION('',(0.573576436351046,-0.819152044288992,0.));
#11870=DIRECTION('',(-0.0532246201165989,0.,-0.998582565346223));
#11871=DIRECTION('',(0.,0.,1.));
#11872=DIRECTION('',(1.,0.,0.));
#11873=DIRECTION('',(-2.15335057502648E-15,-1.,0.));
#11874=DIRECTION('',(0.,0.,1.));
#11875=DIRECTION('',(1.,0.,0.));
#11876=DIRECTION('',(0.,0.,1.));
#11877=DIRECTION('',(1.,0.,0.));
#11878=DIRECTION('',(0.,0.,1.));
#11879=DIRECTION('',(0.690841799013626,0.723005953457934,0.));
#11880=DIRECTION('',(-0.819152044288991,-0.573576436351047,0.));
#11881=DIRECTION('',(0.,0.,1.));
#11882=DIRECTION('',(1.,1.48029736617889E-15,0.));
#11883=DIRECTION('',(0.,0.,1.));
#11884=DIRECTION('',(1.,0.,0.));
#11885=DIRECTION('',(0.,0.,1.));
#11886=DIRECTION('',(1.,0.,0.));
#11887=DIRECTION('',(0.,0.,1.));
#11888=DIRECTION('',(1.,0.,0.));
#11889=DIRECTION('',(-0.999973920678051,2.32424986551439E-15,-0.00722204706202909));
#11890=DIRECTION('',(-0.00722204706202909,2.08804243053553E-17,0.999973920678051));
#11891=DIRECTION('',(-0.573561477866501,0.819130681359103,-0.00722204706202909));
#11892=DIRECTION('',(-0.00414239601699821,0.00591595461481243,0.999973920678051));
#11893=DIRECTION('',(0.,0.,1.));
#11894=DIRECTION('',(1.,0.,0.));
#11895=DIRECTION('',(0.573561477866501,-0.819130681359103,-0.00722204706202909));
#11896=DIRECTION('',(0.00414239601699821,-0.00591595461481243,0.999973920678051));
#11897=DIRECTION('',(0.,0.,1.));
#11898=DIRECTION('',(0.,0.,1.));
#11899=DIRECTION('',(0.,0.,1.));
#11900=DIRECTION('',(1.,1.48029736617889E-15,0.));
#11901=DIRECTION('',(0.999973920678051,-2.09583817248144E-15,-0.00722204706202909));
#11902=DIRECTION('',(0.00722204706202909,-2.08804243053553E-17,0.999973920678051));
#11903=DIRECTION('',(0.,0.,1.));
#11904=DIRECTION('',(1.,0.,0.));
#11905=DIRECTION('',(0.,0.,1.));
#11906=DIRECTION('',(1.,0.,0.));
#11907=DIRECTION('',(2.09589283194538E-15,1.,0.));
#11908=DIRECTION('',(0.,0.,1.));
#11909=DIRECTION('',(1.,0.,0.));
#11910=DIRECTION('',(0.500000000000005,0.866025403784436,0.));
#11911=DIRECTION('',(0.,0.,1.));
#11912=DIRECTION('',(1.,0.,0.));
#11913=DIRECTION('',(0.,0.,1.));
#11914=DIRECTION('',(1.,0.,0.));
#11915=DIRECTION('',(0.,0.,-1.));
#11916=DIRECTION('',(0.,0.,1.));
#11917=DIRECTION('',(1.,0.,0.));
#11918=DIRECTION('',(0.,0.,-1.));
#11919=DIRECTION('',(0.,0.,-1.));
#11920=DIRECTION('',(-1.,0.,0.));
#11921=DIRECTION('',(0.,0.,-1.));
#11922=DIRECTION('',(-1.,0.,0.));
#11923=DIRECTION('',(0.,0.,1.));
#11924=DIRECTION('',(0.,0.,1.));
#11925=DIRECTION('',(1.,0.,0.));
#11926=DIRECTION('',(0.,0.,1.));
#11927=DIRECTION('',(1.,0.,0.));
#11928=DIRECTION('',(0.,0.,1.));
#11929=DIRECTION('',(1.,0.,0.));
#11930=DIRECTION('',(0.,0.,-1.));
#11931=DIRECTION('',(0.,0.,1.));
#11932=DIRECTION('',(1.,0.,0.));
#11933=DIRECTION('',(0.0532246201165988,0.,0.998582565346223));
#11934=DIRECTION('',(0.998582565346223,0.,-0.0532246201165988));
#11935=DIRECTION('',(0.,0.,1.));
#11936=DIRECTION('',(1.,0.,0.));
#11937=DIRECTION('',(0.,0.,-1.));
#11938=DIRECTION('',(-1.,0.,0.));
#11939=DIRECTION('',(0.,0.,1.));
#11940=DIRECTION('',(0.,0.,1.));
#11941=DIRECTION('',(1.,0.,0.));
#11942=DIRECTION('',(0.,0.,-1.));
#11943=DIRECTION('',(-1.,0.,0.));
#11944=DIRECTION('',(0.,0.,1.));
#11945=DIRECTION('',(0.,0.,1.));
#11946=DIRECTION('',(1.,0.,0.));
#11947=DIRECTION('',(0.,0.,-1.));
#11948=DIRECTION('',(0.,0.,-1.));
#11949=DIRECTION('',(-1.,0.,0.));
#11950=DIRECTION('',(0.,0.,1.));
#11951=DIRECTION('',(0.,0.,1.));
#11952=DIRECTION('',(1.,0.,0.));
#11953=DIRECTION('',(0.,0.,1.));
#11954=DIRECTION('',(1.,0.,0.));
#11955=DIRECTION('',(0.,0.,1.));
#11956=DIRECTION('',(1.,0.,0.));
#11957=DIRECTION('',(0.,0.,-1.));
#11958=DIRECTION('',(0.,0.,1.));
#11959=DIRECTION('',(1.,0.,0.));
#11960=DIRECTION('',(0.,0.,-1.));
#11961=DIRECTION('',(0.,0.,1.));
#11962=DIRECTION('',(1.,0.,0.));
#11963=DIRECTION('',(0.,-1.,0.));
#11964=DIRECTION('',(1.,0.,0.));
#11965=DIRECTION('',(1.,0.,0.));
#11966=DIRECTION('',(0.,0.,1.));
#11967=DIRECTION('',(1.,0.,0.));
#11968=DIRECTION('',(0.,0.,1.));
#11969=DIRECTION('',(1.,0.,0.));
#11970=DIRECTION('',(0.,0.,1.));
#11971=DIRECTION('',(1.,0.,0.));
#11972=DIRECTION('',(0.,0.,1.));
#11973=DIRECTION('',(1.,0.,0.));
#11974=DIRECTION('',(0.,0.,1.));
#11975=DIRECTION('',(1.,0.,0.));
#11976=DIRECTION('',(0.573576436351048,-0.81915204428899,0.));
#11977=DIRECTION('',(0.824692631422519,0.565581173376025,0.));
#11978=DIRECTION('',(-0.573576436351048,0.81915204428899,0.));
#11979=DIRECTION('',(0.,0.,1.));
#11980=DIRECTION('',(-0.46229828355562,-0.886724476385719,0.));
#11981=DIRECTION('',(-1.,0.,0.));
#11982=DIRECTION('',(-6.90542286289679E-13,-2.40295968661726E-14,-1.));
#11983=DIRECTION('',(-0.997581106014035,-0.0695121350831261,6.90898318951601E-13));
#11984=DIRECTION('',(0.,1.,0.));
#11985=DIRECTION('',(-0.706243967529302,0.707968543318465,0.));
#11986=DIRECTION('',(-1.,0.,0.));
#11987=DIRECTION('',(0.,1.,0.));
#11988=DIRECTION('',(1.,0.,0.));
#11989=DIRECTION('',(0.,-1.,0.));
#11990=DIRECTION('',(-1.,0.,0.));
#11991=DIRECTION('',(-0.706243967529315,-0.707968543318453,0.));
#11992=DIRECTION('',(0.,-1.,0.));
#11993=DIRECTION('',(-1.,0.,0.));
#11994=DIRECTION('',(0.,0.,1.));
#11995=DIRECTION('',(0.,-1.,0.));
#11996=DIRECTION('',(-1.,0.,0.));
#11997=DIRECTION('',(0.,0.,1.));
#11998=DIRECTION('',(1.,0.,0.));
#11999=DIRECTION('',(0.,0.,1.));
#12000=DIRECTION('',(1.,0.,0.));
#12001=DIRECTION('',(1.,0.,0.));
#12002=DIRECTION('',(0.,0.,1.));
#12003=DIRECTION('',(1.,0.,0.));
#12004=DIRECTION('',(1.,0.,0.));
#12005=DIRECTION('',(-2.24693341988904E-15,2.21689333557158E-14,-1.));
#12006=DIRECTION('',(-0.475530475213305,-0.879699248120293,-1.81642503878526E-14));
#12007=DIRECTION('',(-0.500000000000005,-0.866025403784436,0.));
#12008=DIRECTION('',(0.,0.,1.));
#12009=DIRECTION('',(0.500000000000005,0.866025403784436,0.));
#12010=DIRECTION('',(1.,0.,0.));
#12011=DIRECTION('',(0.,0.,1.));
#12012=DIRECTION('',(1.,0.,0.));
#12013=DIRECTION('',(0.,0.,1.));
#12014=DIRECTION('',(-0.915685170362703,-0.401896340836574,0.));
#12015=DIRECTION('',(0.819152044288991,0.573576436351047,0.));
#12016=DIRECTION('',(0.819152044288991,0.573576436351047,0.));
#12017=DIRECTION('',(0.,0.,1.));
#12018=DIRECTION('',(0.690841799013626,0.723005953457934,0.));
#12019=DIRECTION('',(0.499999999999993,-0.866025403784443,0.));
#12020=DIRECTION('',(0.,0.,1.));
#12021=DIRECTION('',(1.,0.,0.));
#12022=DIRECTION('',(-0.500000000000005,-0.866025403784436,0.));
#12023=DIRECTION('',(0.866025403784444,-0.49999999999999,0.));
#12024=DIRECTION('',(0.500000000000001,0.866025403784438,0.));
#12025=DIRECTION('',(-0.499999999999998,0.86602540378444,0.));
#12026=DIRECTION('',(-1.,0.,0.));
#12027=DIRECTION('',(-0.5,-0.866025403784438,0.));
#12028=DIRECTION('',(0.500000000000003,-0.866025403784437,0.));
#12029=DIRECTION('',(1.,0.,0.));
#12030=DIRECTION('',(0.500000000000001,0.866025403784438,0.));
#12031=DIRECTION('',(-0.866025403784442,0.499999999999994,0.));
#12032=DIRECTION('',(-0.866025403784436,0.500000000000005,0.));
#12033=DIRECTION('',(-0.500000000000005,-0.866025403784436,0.));
#12034=DIRECTION('',(0.,0.,-1.));
#12035=DIRECTION('',(-0.500000000000005,-0.866025403784436,0.));
#12036=DIRECTION('',(0.,0.,-1.));
#12037=DIRECTION('',(0.,0.,1.));
#12038=DIRECTION('',(1.,0.,0.));
#12039=DIRECTION('',(-1.,0.,0.));
#12040=DIRECTION('',(0.,0.,1.));
#12041=DIRECTION('',(1.,0.,0.));
#12042=DIRECTION('',(0.,0.,1.));
#12043=DIRECTION('',(1.,0.,0.));
#12044=DIRECTION('',(-1.,0.,0.));
#12045=DIRECTION('',(0.,0.,1.));
#12046=DIRECTION('',(1.,0.,0.));
#12047=DIRECTION('',(0.,0.,1.));
#12048=DIRECTION('',(1.,0.,0.));
#12049=DIRECTION('',(-1.,0.,0.));
#12050=DIRECTION('',(0.500000000000008,0.866025403784434,0.));
#12051=DIRECTION('',(0.,0.,1.));
#12052=DIRECTION('',(1.,0.,0.));
#12053=DIRECTION('',(0.499999999999994,-0.866025403784442,0.));
#12054=DIRECTION('',(0.,0.,1.));
#12055=DIRECTION('',(0.499999999999994,-0.866025403784442,0.));
#12056=DIRECTION('',(-1.,0.,0.));
#12057=DIRECTION('',(0.,0.,1.));
#12058=DIRECTION('',(0.500000000000005,0.866025403784436,0.));
#12059=DIRECTION('',(-0.500000000000005,-0.866025403784436,0.));
#12060=DIRECTION('',(0.866025403784442,-0.499999999999994,0.));
#12061=DIRECTION('',(-0.500000000000001,-0.866025403784438,0.));
#12062=DIRECTION('',(-1.,0.,0.));
#12063=DIRECTION('',(-0.500000000000003,0.866025403784437,0.));
#12064=DIRECTION('',(0.5,0.866025403784438,0.));
#12065=DIRECTION('',(1.,0.,0.));
#12066=DIRECTION('',(0.499999999999998,-0.86602540378444,0.));
#12067=DIRECTION('',(-0.500000000000001,-0.866025403784438,0.));
#12068=DIRECTION('',(-0.866025403784444,0.49999999999999,0.));
#12069=DIRECTION('',(0.,0.,1.));
#12070=DIRECTION('',(1.,0.,0.));
#12071=DIRECTION('',(0.499999999999993,-0.866025403784443,0.));
#12072=DIRECTION('',(0.866025403784438,-0.500000000000001,0.));
#12073=DIRECTION('',(-0.500000000000001,-0.866025403784438,0.));
#12074=DIRECTION('',(0.,0.,-1.));
#12075=DIRECTION('',(0.,0.,-1.));
#12076=DIRECTION('',(0.,-0.972369920397677,0.233445363855905));
#12077=DIRECTION('',(0.,-0.233445363855905,-0.972369920397677));
#12078=DIRECTION('',(1.,0.,0.));
#12079=DIRECTION('',(0.,-0.972369920397677,0.233445363855905));
#12080=DIRECTION('',(0.,-0.233445363855905,-0.972369920397677));
#12081=DIRECTION('',(-0.133571997474082,-0.231353486093569,-0.963656622435158));
#12082=DIRECTION('',(-0.133571997474078,0.231353486093569,0.963656622435159));
#12083=DIRECTION('',(-1.,0.,0.));
#12084=DIRECTION('',(0.,1.,0.));
#12085=DIRECTION('',(1.,0.,0.));
#12086=DIRECTION('',(0.,0.,-1.));
#12087=DIRECTION('',(1.,0.,0.));
#12088=DIRECTION('',(0.,-0.975458764848092,0.220182192924486));
#12089=DIRECTION('',(1.,0.,0.));
#12090=DIRECTION('',(1.,0.,0.));
#12091=DIRECTION('',(0.,0.975458764848092,-0.220182192924486));
#12092=DIRECTION('',(0.,0.220182192924486,0.975458764848092));
#12093=DIRECTION('',(-1.,0.,0.));
#12094=DIRECTION('',(0.,0.220182192924486,0.975458764848092));
#12095=DIRECTION('',(0.,-0.997564050259824,0.0697564737441262));
#12096=DIRECTION('',(1.,0.,0.));
#12097=DIRECTION('',(0.,0.0697564737441262,0.997564050259824));
#12098=DIRECTION('',(1.,0.,0.));
#12099=DIRECTION('',(0.,0.0697564737441262,0.997564050259824));
#12100=DIRECTION('',(0.706243967529306,0.0493853891036616,0.706243967529313));
#12101=DIRECTION('',(0.,0.,1.));
#12102=DIRECTION('',(1.,0.,0.));
#12103=DIRECTION('',(1.45347710587012E-13,5.07866657206956E-14,-1.));
#12104=DIRECTION('',(-0.819152044289018,-0.573576436351009,-1.48325796089898E-13));
#12105=DIRECTION('',(-0.573576436351046,0.819152044288992,0.));
#12106=DIRECTION('',(2.29061035565551E-14,8.59391799286649E-15,-1.));
#12107=DIRECTION('',(-0.819152044288987,-0.573576436351053,-2.31698718182663E-14));
#12108=DIRECTION('',(0.,-0.707106781186547,-0.707106781186548));
#12109=DIRECTION('',(1.,0.,0.));
#12110=DIRECTION('',(0.,-0.707106781186547,-0.707106781186548));
#12111=DIRECTION('',(0.,-0.707106781186548,0.707106781186547));
#12112=DIRECTION('',(-1.,0.,0.));
#12113=DIRECTION('',(-0.0307611116320614,0.997303934020907,0.0666229479802661));
#12114=DIRECTION('',(1.32464215456715E-5,-0.0666540844496005,0.997776143656842));
#12115=DIRECTION('',(0.64080581722411,-0.707106781186555,-0.298944651418504));
#12116=DIRECTION('',(-0.767703005472651,-0.590225823727223,-0.249530704310673));
#12117=DIRECTION('',(0.64080581722411,-0.707106781186555,-0.298944651418504));
#12118=DIRECTION('',(0.645993666313945,0.707052527677892,-0.287695857089691));
#12119=DIRECTION('',(-0.422771580434952,-2.16150183938969E-15,-0.906236277565919));
#12120=DIRECTION('',(-0.00344618200760176,0.999931370212822,0.0111972627850777));
#12121=DIRECTION('',(1.635654264499E-7,-0.0111973287123262,0.999937307949694));
#12122=DIRECTION('',(0.705772930995863,0.707022597006215,-0.044761782762721));
#12123=DIRECTION('',(0.704544376409367,-0.70710678118654,-0.0601433426901735));
#12124=DIRECTION('',(-0.709659933820373,-0.702009628081955,-0.0597098016266881));
#12125=DIRECTION('',(0.69420254176996,0.669126782685947,0.265239853137645));
#12126=DIRECTION('',(-0.0850555309189007,-5.58308591739186E-15,-0.99637621241181));
#12127=DIRECTION('',(0.484939803955555,-0.707106781186539,0.51461965230601));
#12128=DIRECTION('',(-0.874547532464387,-0.392093295235737,0.285358478569734));
#12129=DIRECTION('',(0.245369397669465,-0.454797388549964,-0.856126856286764));
#12130=DIRECTION('',(0.727782091754878,2.27439852505292E-16,-0.685808447688488));
#12131=DIRECTION('',(-0.573576436351035,0.819152044288999,0.));
#12132=DIRECTION('',(-0.819152044288999,-0.573576436351035,0.));
#12133=DIRECTION('',(-0.573576436351035,0.819152044288999,0.));
#12134=DIRECTION('',(0.573576436351035,-0.819152044288999,0.));
#12135=DIRECTION('',(-0.573576436351108,0.819152044288948,0.));
#12136=DIRECTION('',(-0.819152044288948,-0.573576436351108,0.));
#12137=DIRECTION('',(-1.,0.,0.));
#12138=DIRECTION('',(0.,0.,1.));
#12139=DIRECTION('',(-1.,0.,0.));
#12140=DIRECTION('',(0.,0.,1.));
#12141=DIRECTION('',(-1.,0.,0.));
#12142=DIRECTION('',(-1.,0.,0.));
#12143=DIRECTION('',(-0.819152044288992,-0.573576436351046,0.));
#12144=DIRECTION('',(0.573576436351046,-0.819152044288992,0.));
#12145=DIRECTION('',(0.,0.75470958022276,0.656059028990521));
#12146=DIRECTION('',(1.,0.,0.));
#12147=DIRECTION('',(0.,-0.656059028990521,0.75470958022276));
#12148=DIRECTION('',(1.,0.,0.));
#12149=DIRECTION('',(-0.297164696376278,0.62642237402595,-0.720616508655809));
#12150=DIRECTION('',(-0.52469269455183,0.523414569518872,0.671367831147214));
#12151=DIRECTION('',(-0.851291710451794,-0.322605985089167,-0.413796812579203));
#12152=DIRECTION('',(-0.693620818738796,0.194371601897588,-0.693620818738803));
#12153=DIRECTION('',(0.706243967529315,0.707968543318453,4.2589666528409E-16));
#12154=DIRECTION('',(-0.707106781186551,0.,0.707106781186544));
#12155=DIRECTION('',(-0.707106781186544,0.,-0.707106781186551));
#12156=DIRECTION('',(0.,1.,0.));
#12157=DIRECTION('',(0.618221895483974,0.432883631504176,0.656059028990501));
#12158=DIRECTION('',(-0.786003618276788,0.340479525754877,0.516015508097898));
#12159=DIRECTION('',(0.573576436351049,-0.81915204428899,-1.42523905395161E-15));
#12160=DIRECTION('',(-0.044154292140487,-0.0846914058977787,-0.995428432511665));
#12161=DIRECTION('',(0.,0.996400198049179,-0.0847740840561345));
#12162=DIRECTION('',(0.,0.754709580222773,0.656059028990506));
#12163=DIRECTION('',(1.,0.,0.));
#12164=DIRECTION('',(1.,0.,0.));
#12165=DIRECTION('',(-9.86229962384875E-16,-7.33097781988685E-17,1.));
#12166=DIRECTION('',(1.,0.,9.86229962384875E-16));
#12167=DIRECTION('',(-7.34518329398826E-11,-7.2243981409732E-13,-1.));
#12168=DIRECTION('',(-0.999806542285094,-0.0196692146239855,7.34519112134425E-11));
#12169=DIRECTION('',(0.707106781186542,1.03675682583402E-16,-0.707106781186553));
#12170=DIRECTION('',(0.707106781186553,0.,0.707106781186542));
#12171=DIRECTION('',(-0.707106781186542,0.,0.707106781186553));
#12172=DIRECTION('',(0.,-1.,0.));
#12173=DIRECTION('',(0.69362081873879,0.194371601897617,-0.693620818738801));
#12174=DIRECTION('',(0.52469269455183,0.523414569518854,0.671367831147228));
#12175=DIRECTION('',(-0.851291710451793,0.322605985089156,0.413796812579211));
#12176=DIRECTION('',(0.297164696376315,0.626422374025942,-0.7206165086558));
#12177=DIRECTION('',(0.706243967529302,-0.707968543318466,8.01214751122114E-16));
#12178=DIRECTION('',(0.,0.75470958022276,0.656059028990521));
#12179=DIRECTION('',(1.,0.,0.));
#12180=DIRECTION('',(1.,0.,0.));
#12181=DIRECTION('',(0.,0.656059028990521,-0.75470958022276));
#12182=DIRECTION('',(0.706972983244691,0.688048332861603,-0.163641964692654));
#12183=DIRECTION('',(-0.697450102705593,0.716633347142008,0.));
#12184=DIRECTION('',(0.,0.975458764848061,-0.220182192924621));
#12185=DIRECTION('',(0.999933884669486,-0.00253186822734141,-0.0112167701710829));
#12186=DIRECTION('',(-0.707106781186569,0.689753507392302,-0.155692321711724));
#12187=DIRECTION('',(-0.707106781186526,-0.689753507392344,0.155692321711734));
#12188=DIRECTION('',(0.706081460818568,0.700606314343405,-0.102955150383397));
#12189=DIRECTION('',(-0.707106781186569,0.689753507392302,-0.155692321711724));
#12190=DIRECTION('',(-0.707106781186526,-0.689753507392344,0.155692321711734));
#12191=DIRECTION('',(2.60297778262882E-12,0.220182192924621,0.975458764848061));
#12192=DIRECTION('',(0.,-0.220182192922082,-0.975458764848634));
#12193=DIRECTION('',(-0.579227965339566,-0.405579787672637,-0.707106781186551));
#12194=DIRECTION('',(-0.81516560536408,0.288190710759381,0.502445171201213));
#12195=DIRECTION('',(0.579227965339572,0.405579787672641,-0.707106781186544));
#12196=DIRECTION('',(0.573576436351046,-0.819152044288992,6.47085399124297E-16));
#12197=DIRECTION('',(-0.579227965339566,-0.405579787672637,-0.707106781186551));
#12198=DIRECTION('',(0.81516560536408,-0.288190710759381,-0.502445171201213));
#12199=DIRECTION('',(-0.573576436351046,0.819152044288991,0.));
#12200=DIRECTION('',(-0.706081460818568,-0.700606314343405,0.102955150383397));
#12201=DIRECTION('',(0.704349226695765,-0.709853623540148,0.));
#12202=DIRECTION('',(-0.706081460818568,-0.700606314343405,0.102955150383397));
#12203=DIRECTION('',(-1.,0.,0.));
#12204=DIRECTION('',(0.,-0.989374414204265,0.145390056461806));
#12205=DIRECTION('',(4.40346390724033E-16,3.46591204080992E-16,1.));
#12206=DIRECTION('',(1.,0.,-4.40346390724033E-16));
#12207=DIRECTION('',(6.2274383790397E-16,-0.707106781186548,0.707106781186547));
#12208=DIRECTION('',(0.,0.,1.));
#12209=DIRECTION('',(-0.819152044288975,-0.57357643635107,0.));
#12210=DIRECTION('',(1.24446363984727E-14,2.39059240981217E-14,-1.));
#12211=DIRECTION('',(-1.11656715619439E-14,-1.,-2.43614652260593E-14));
#12212=DIRECTION('',(-0.707106781186542,0.705384304606645,-0.0493252756161351));
#12213=DIRECTION('',(-0.707106781186553,-0.705384304606634,0.0493252756161343));
#12214=DIRECTION('',(-6.58457524860513E-15,0.0697564737441221,0.997564050259825));
#12215=DIRECTION('',(-0.707106781186542,0.705384304606645,-0.0493252756161351));
#12216=DIRECTION('',(-0.707106781186553,-0.705384304606634,0.0493252756161343));
#12217=DIRECTION('',(0.,-0.0697564737441286,-0.997564050259824));
#12218=DIRECTION('',(0.,-0.707106781186547,-0.707106781186548));
#12219=DIRECTION('',(1.,0.,0.));
#12220=DIRECTION('',(1.93228255995332E-15,0.707106781186548,-0.707106781186547));
#12221=DIRECTION('',(-1.,0.,0.));
#12222=DIRECTION('',(-1.36633010131149E-15,9.80909772348642E-16,1.));
#12223=DIRECTION('',(1.,0.,1.36633010131149E-15));
#12224=DIRECTION('',(-0.579227965339568,-0.40557978767264,-0.707106781186548));
#12225=DIRECTION('',(0.,0.,1.));
#12226=DIRECTION('',(2.36847578586704E-14,-1.,0.));
#12227=DIRECTION('',(0.,0.,-1.));
#12228=DIRECTION('',(0.819152044288938,0.573576436351123,0.));
#12229=DIRECTION('',(0.57922796533957,0.405579787672639,-0.707106781186547));
#12230=DIRECTION('',(-0.815165605364077,0.288190710759385,-0.502445171201215));
#12231=DIRECTION('',(-0.573576436351046,0.819152044288992,-3.62795011029246E-16));
#12232=DIRECTION('',(0.573576436351046,-0.819152044288992,0.));
#12233=DIRECTION('',(-0.579227965339451,-0.405579787672806,-0.707106781186548));
#12234=DIRECTION('',(-1.82314123767719E-13,-3.04841777407375E-13,-1.));
#12235=DIRECTION('',(0.,1.,-3.04841777407375E-13));
#12236=DIRECTION('',(-1.55319555262107E-10,-1.08857410904107E-10,1.));
#12237=DIRECTION('',(-0.872180139805303,-0.489184835955901,-1.88717486082695E-10));
#12238=DIRECTION('',(-5.38004544001764E-13,-3.38059192965171E-13,1.));
#12239=DIRECTION('',(-0.872180140190051,-0.489184835269925,-6.34751510120716E-13));
#12240=DIRECTION('',(0.706605054015955,-0.694706026981846,0.134509604542605));
#12241=DIRECTION('',(0.701077213451543,0.713085367104823,0.));
#12242=DIRECTION('',(0.707106781186484,0.689753507391316,-0.155692321716479));
#12243=DIRECTION('',(0.706939457379494,-0.694379984980085,0.134436007301028));
#12244=DIRECTION('',(0.,0.975458764848061,-0.220182192924621));
#12245=DIRECTION('',(0.999526457239395,-0.0067752507212098,-0.0300159500287556));
#12246=DIRECTION('',(0.707106781186484,0.689753507391316,-0.155692321716479));
#12247=DIRECTION('',(-0.707106781186611,0.689753507391192,-0.155692321716451));
#12248=DIRECTION('',(0.706081460818511,-0.700606314343295,0.102955150384533));
#12249=DIRECTION('',(0.,0.22018219292878,0.975458764847122));
#12250=DIRECTION('',(-4.26362532386764E-12,-0.220182192924621,-0.975458764848061));
#12251=DIRECTION('',(0.707106781186484,0.689753507391316,-0.155692321716479));
#12252=DIRECTION('',(-0.707106781186611,0.689753507391192,-0.155692321716451));
#12253=DIRECTION('',(-0.706081460818511,0.700606314343295,-0.102955150384533));
#12254=DIRECTION('',(-0.704349226695738,-0.709853623540175,0.));
#12255=DIRECTION('',(-0.706081460818511,0.700606314343295,-0.102955150384533));
#12256=DIRECTION('',(1.,0.,0.));
#12257=DIRECTION('',(0.,0.989374414204031,-0.145390056463399));
#12258=DIRECTION('',(0.707106781186555,0.705384304606632,-0.0493252756161321));
#12259=DIRECTION('',(-0.70710678118654,0.705384304606647,-0.0493252756161332));
#12260=DIRECTION('',(0.,0.0697564737441257,0.997564050259824));
#12261=DIRECTION('',(0.707106781186555,0.705384304606632,-0.0493252756161321));
#12262=DIRECTION('',(-0.70710678118654,0.705384304606647,-0.0493252756161332));
#12263=DIRECTION('',(-3.63083881070619E-15,-0.0697564737441221,-0.997564050259824));
#12264=DIRECTION('',(0.,0.,1.));
#12265=DIRECTION('',(1.,0.,0.));
#12266=DIRECTION('',(-0.81915204428899,-0.573576436351048,0.));
#12267=DIRECTION('',(-0.573576436351048,0.81915204428899,0.));
#12268=DIRECTION('',(0.,0.,-1.));
#12269=DIRECTION('',(-1.,0.,0.));
#12270=DIRECTION('',(0.,0.,-1.));
#12271=DIRECTION('',(1.,-2.03012210219438E-15,0.));
#12272=DIRECTION('',(0.,0.,-1.));
#12273=DIRECTION('',(-1.,0.,0.));
#12274=DIRECTION('',(0.,0.,-1.));
#12275=DIRECTION('',(-1.,0.,0.));
#12276=DIRECTION('',(0.,0.,-1.));
#12277=DIRECTION('',(-1.,0.,0.));
#12278=DIRECTION('',(0.,0.,-1.));
#12279=DIRECTION('',(-1.,0.,0.));
#12280=DIRECTION('',(0.,0.,-1.));
#12281=DIRECTION('',(-1.,0.,0.));
#12282=DIRECTION('',(0.,2.69144975666705E-15,1.));
#12283=DIRECTION('',(-1.,1.34572487833353E-15,1.34572487833353E-15));
#12284=DIRECTION('',(0.,0.,1.));
#12285=DIRECTION('',(0.475530475213298,-0.879699248120297,0.));
#12286=DIRECTION('',(1.,0.,0.));
#12287=DIRECTION('',(0.,0.,-1.));
#12288=DIRECTION('',(0.819152044288969,0.573576436351079,0.));
#12289=DIRECTION('',(0.573576436351046,-0.819152044288992,0.));
#12290=DIRECTION('',(0.,1.,0.));
#12291=DIRECTION('',(1.,0.,0.));
#12292=DIRECTION('',(0.,0.,-1.));
#12293=DIRECTION('',(0.,0.,1.));
#12294=DIRECTION('',(0.,0.,-1.));
#12295=DIRECTION('',(-1.,0.,0.));
#12296=DIRECTION('',(0.,0.,-1.));
#12297=DIRECTION('',(-1.,0.,0.));
#12298=DIRECTION('',(0.,2.69144975666704E-15,1.));
#12299=DIRECTION('',(-1.,2.69144975666705E-15,0.));
#12300=DIRECTION('',(0.,0.,1.));
#12301=DIRECTION('',(1.,0.,0.));
#12302=DIRECTION('',(0.,0.,1.));
#12303=DIRECTION('',(1.,-2.03012210219439E-15,0.));
#12304=DIRECTION('',(0.,0.,1.));
#12305=DIRECTION('',(1.,-2.03012210219438E-15,0.));
#12306=DIRECTION('',(0.,0.,1.));
#12307=DIRECTION('',(0.475530475213266,-0.879699248120314,0.));
#12308=DIRECTION('',(-1.,0.,0.));
#12309=DIRECTION('',(0.,0.,1.));
#12310=DIRECTION('',(0.475530475213279,-0.879699248120307,0.));
#12311=DIRECTION('',(-1.,0.,0.));
#12312=DIRECTION('',(0.,0.,1.));
#12313=DIRECTION('',(0.475530475213286,-0.879699248120303,0.));
#12314=DIRECTION('',(-1.,0.,0.));
#12315=DIRECTION('',(-1.,0.,0.));
#12316=DIRECTION('',(0.,0.,1.));
#12317=DIRECTION('',(1.,0.,0.));
#12318=DIRECTION('',(0.,0.997564050259824,-0.0697564737441275));
#12319=DIRECTION('',(0.,0.0697564737441275,0.997564050259824));
#12320=DIRECTION('',(0.,0.975458764848061,-0.22018219292462));
#12321=DIRECTION('',(0.,0.22018219292462,0.975458764848061));
#12322=DIRECTION('',(0.,0.,1.));
#12323=DIRECTION('',(0.,0.,-1.));
#12324=DIRECTION('',(0.819152044288992,0.573576436351046,0.));
#12325=DIRECTION('',(-0.573576436351046,0.819152044288992,0.));
#12326=DIRECTION('',(0.,0.,1.));
#12327=DIRECTION('',(0.,0.,1.));
#12328=DIRECTION('',(1.,0.,0.));
#12329=DIRECTION('',(1.,0.,0.));
#12330=DIRECTION('',(0.,0.,-1.));
#12331=DIRECTION('',(1.,0.,0.));
#12332=DIRECTION('',(0.,0.,-1.));
#12333=DIRECTION('',(-1.,0.,0.));
#12334=DIRECTION('',(0.,0.,-1.));
#12335=DIRECTION('',(0.,0.,1.));
#12336=DIRECTION('',(0.,1.,0.));
#12337=DIRECTION('',(1.,0.,0.));
#12338=DIRECTION('',(0.,0.,-1.));
#12339=DIRECTION('',(-1.,0.,0.));
#12340=DIRECTION('',(0.,0.,-1.));
#12341=DIRECTION('',(0.,0.,1.));
#12342=DIRECTION('',(0.,1.,0.));
#12343=DIRECTION('',(1.,0.,0.));
#12344=DIRECTION('',(0.,0.,-1.));
#12345=DIRECTION('',(-1.,0.,0.));
#12346=DIRECTION('',(0.,0.,-1.));
#12347=DIRECTION('',(0.,0.,1.));
#12348=DIRECTION('',(0.,1.,0.));
#12349=DIRECTION('',(1.,0.,0.));
#12350=DIRECTION('',(0.,0.975458764848061,-0.22018219292462));
#12351=DIRECTION('',(1.,0.,0.));
#12352=DIRECTION('',(-1.,0.,0.));
#12353=DIRECTION('',(0.765183382521871,0.535787172554619,-0.356968481575495));
#12354=DIRECTION('',(-0.643812388132123,0.636793340054584,-0.424263893054475));
#12355=DIRECTION('',(-0.573576436350385,0.819152044289454,0.));
#12356=DIRECTION('',(1.,0.,0.));
#12357=DIRECTION('',(0.,0.,-1.));
#12358=DIRECTION('',(0.,0.997564050259824,-0.0697564737441275));
#12359=DIRECTION('',(1.,0.,0.));
#12360=DIRECTION('',(1.,0.,0.));
#12361=DIRECTION('',(1.,0.,0.));
#12362=DIRECTION('',(0.,0.,-1.));
#12363=DIRECTION('',(0.573576436350385,-0.819152044289454,0.));
#12364=DIRECTION('',(-0.819152044289454,-0.573576436350385,0.));
#12365=DIRECTION('',(-0.573576436350385,0.819152044289454,0.));
#12366=DIRECTION('',(0.573576436350974,-0.819152044289042,-2.32640400318703E-13));
#12367=DIRECTION('',(0.819152044289042,0.573576436350974,0.));
#12368=DIRECTION('',(0.81715663107954,0.572179232979949,-0.0697564737441236));
#12369=DIRECTION('',(-0.576415683584978,0.8111508199909,-0.0988903784265837));
#12370=DIRECTION('',(-1.,0.,0.));
#12371=DIRECTION('',(0.,0.,1.));
#12372=DIRECTION('',(0.,0.,-1.));
#12373=DIRECTION('',(-1.,0.,0.));
#12374=DIRECTION('',(0.,0.,1.));
#12375=DIRECTION('',(0.,0.975458764848061,-0.220182192924621));
#12376=DIRECTION('',(1.,0.,0.));
#12377=DIRECTION('',(1.,0.,0.));
#12378=DIRECTION('',(0.,0.,1.));
#12379=DIRECTION('',(1.,0.,0.));
#12380=DIRECTION('',(0.499999999999996,-0.866025403784441,0.));
#12381=DIRECTION('',(2.21731572117336E-15,1.,0.));
#12382=DIRECTION('',(0.,0.,1.));
#12383=DIRECTION('',(1.,0.,0.));
#12384=DIRECTION('',(0.,0.,1.));
#12385=DIRECTION('',(1.,0.,0.));
#12386=DIRECTION('',(-2.15210055290356E-15,-1.,0.));
#12387=DIRECTION('',(0.,0.,1.));
#12388=DIRECTION('',(1.,0.,0.));
#12389=DIRECTION('',(-0.86602540378444,-0.499999999999997,0.));
#12390=DIRECTION('',(0.,0.,1.));
#12391=DIRECTION('',(-0.499999999999996,0.866025403784441,0.));
#12392=DIRECTION('',(0.,0.,1.));
#12393=DIRECTION('',(0.499999999999996,-0.866025403784441,0.));
#12394=DIRECTION('',(2.08688538463375E-15,1.,0.));
#12395=DIRECTION('',(0.,0.,1.));
#12396=DIRECTION('',(1.,0.,0.));
#12397=DIRECTION('',(0.,0.,1.));
#12398=DIRECTION('',(1.,0.,0.));
#12399=DIRECTION('',(-2.34093405088015E-15,-1.,0.));
#12400=DIRECTION('',(0.,0.,1.));
#12401=DIRECTION('',(1.,0.,0.));
#12402=DIRECTION('',(0.573641156365644,-0.819106696932343,0.000206794760596701));
#12403=DIRECTION('',(0.819106714446513,0.573641168631261,0.));
#12404=DIRECTION('',(-1.,0.,0.));
#12405=DIRECTION('',(0.,0.,1.));
#12406=DIRECTION('',(0.,0.0697564737441221,0.997564050259825));
#12407=DIRECTION('',(0.,1.,0.));
#12408=DIRECTION('',(0.,0.,-1.));
#12409=DIRECTION('',(0.,1.,0.));
#12410=DIRECTION('',(1.,0.,0.));
#12411=DIRECTION('',(1.,0.,0.));
#12412=DIRECTION('',(0.,0.,-1.));
#12413=DIRECTION('',(1.,0.,0.));
#12414=DIRECTION('',(0.,0.,-1.));
#12415=DIRECTION('',(0.,-1.,0.));
#12416=DIRECTION('',(0.,-0.0697564737441221,-0.997564050259825));
#12417=DIRECTION('',(0.,-0.997564050259824,0.0697564737441243));
#12418=DIRECTION('',(1.,0.,0.));
#12419=DIRECTION('',(0.,-0.997564050259824,0.0697564737441243));
#12420=DIRECTION('',(0.,-0.0697564737441243,-0.997564050259824));
#12421=DIRECTION('',(-1.,0.,0.));
#12422=DIRECTION('',(0.,-0.997564050259824,0.0697564737441243));
#12423=DIRECTION('',(0.,-0.0697564737441243,-0.997564050259824));
#12424=DIRECTION('',(-1.,0.,0.));
#12425=DIRECTION('',(0.,0.,1.));
#12426=DIRECTION('',(-1.,0.,0.));
#12427=DIRECTION('',(0.,0.997564050259825,-0.0697564737441221));
#12428=DIRECTION('',(1.,0.,0.));
#12429=DIRECTION('',(-1.,0.,0.));
#12430=DIRECTION('',(0.,0.,1.));
#12431=DIRECTION('',(1.,0.,0.));
#12432=DIRECTION('',(0.866025403784442,0.499999999999994,0.));
#12433=DIRECTION('',(-0.499999999999994,0.866025403784442,0.));
#12434=DIRECTION('',(-0.499999999999994,0.866025403784442,0.));
#12435=DIRECTION('',(0.,0.,1.));
#12436=DIRECTION('',(0.,0.,-1.));
#12437=DIRECTION('',(-0.499999999999995,0.866025403784441,0.));
#12438=DIRECTION('',(-0.866025403784441,-0.499999999999995,0.));
#12439=DIRECTION('',(0.,0.,-1.));
#12440=DIRECTION('',(-0.866025403784441,-0.499999999999995,0.));
#12441=DIRECTION('',(0.,0.,1.));
#12442=DIRECTION('',(1.,0.,0.));
#12443=DIRECTION('',(-0.500000000000004,-0.866025403784436,0.));
#12444=DIRECTION('',(0.,0.,1.));
#12445=DIRECTION('',(1.,0.,0.));
#12446=DIRECTION('',(-0.499999999999992,0.866025403784443,0.));
#12447=DIRECTION('',(0.500000000000004,0.866025403784436,0.));
#12448=DIRECTION('',(1.,0.,0.));
#12449=DIRECTION('',(0.499999999999997,-0.86602540378444,0.));
#12450=DIRECTION('',(-0.500000000000001,-0.866025403784438,0.));
#12451=DIRECTION('',(-1.,0.,0.));
#12452=DIRECTION('',(-0.499999999999992,0.866025403784443,0.));
#12453=DIRECTION('',(-0.866025403784441,-0.499999999999995,0.));
#12454=DIRECTION('',(0.499999999999994,-0.866025403784442,0.));
#12455=DIRECTION('',(0.,0.,1.));
#12456=DIRECTION('',(1.,0.,0.));
#12457=DIRECTION('',(1.,0.,0.));
#12458=DIRECTION('',(0.,0.,1.));
#12459=DIRECTION('',(1.,0.,0.));
#12460=DIRECTION('',(0.500000000000003,0.866025403784437,0.));
#12461=DIRECTION('',(0.,0.,1.));
#12462=DIRECTION('',(1.,0.,0.));
#12463=DIRECTION('',(0.,0.,1.));
#12464=DIRECTION('',(1.,0.,0.));
#12465=DIRECTION('',(-0.499999999999996,0.866025403784441,0.));
#12466=DIRECTION('',(0.866025403784436,-0.500000000000004,0.));
#12467=DIRECTION('',(-0.500000000000004,-0.866025403784436,0.));
#12468=DIRECTION('',(0.,0.,1.));
#12469=DIRECTION('',(-0.866025403784443,-0.499999999999992,0.));
#12470=DIRECTION('',(-0.499999999999992,0.866025403784443,0.));
#12471=DIRECTION('',(0.,0.,-1.));
#12472=DIRECTION('',(-0.866025403784436,0.500000000000004,0.));
#12473=DIRECTION('',(-0.500000000000004,-0.866025403784436,0.));
#12474=DIRECTION('',(0.,0.,-1.));
#12475=DIRECTION('',(0.,1.,0.));
#12476=DIRECTION('',(1.,0.,0.));
#12477=DIRECTION('',(0.,0.,-1.));
#12478=DIRECTION('',(0.86602540378444,0.499999999999997,0.));
#12479=DIRECTION('',(-0.499999999999997,0.86602540378444,0.));
#12480=DIRECTION('',(0.,0.,-1.));
#12481=DIRECTION('',(0.866025403784438,-0.500000000000001,0.));
#12482=DIRECTION('',(-0.500000000000001,-0.866025403784438,0.));
#12483=DIRECTION('',(0.,0.,-1.));
#12484=DIRECTION('',(0.,-1.,0.));
#12485=DIRECTION('',(1.,0.,0.));
#12486=DIRECTION('',(0.,0.,-1.));
#12487=DIRECTION('',(-0.866025403784443,-0.499999999999992,0.));
#12488=DIRECTION('',(-0.499999999999992,0.866025403784443,0.));
#12489=DIRECTION('',(0.,0.,-1.));
#12490=DIRECTION('',(0.499999999999995,-0.866025403784441,0.));
#12491=DIRECTION('',(-0.866025403784441,-0.499999999999995,0.));
#12492=DIRECTION('',(0.,0.,-1.));
#12493=DIRECTION('',(0.866025403784442,0.499999999999994,0.));
#12494=DIRECTION('',(-0.499999999999994,0.866025403784442,0.));
#12495=DIRECTION('',(0.,0.,-1.));
#12496=DIRECTION('',(0.,1.,0.));
#12497=DIRECTION('',(1.,0.,0.));
#12498=DIRECTION('',(0.,0.,-1.));
#12499=DIRECTION('',(0.,0.,-1.));
#12500=DIRECTION('',(-0.866025403784441,-0.499999999999996,0.));
#12501=DIRECTION('',(-0.499999999999996,0.866025403784441,0.));
#12502=DIRECTION('',(0.,0.,1.));
#12503=DIRECTION('',(-0.866025403784437,0.500000000000003,0.));
#12504=DIRECTION('',(-0.500000000000003,-0.866025403784437,0.));
#12505=DIRECTION('',(0.,0.,1.));
#12506=DIRECTION('',(0.,0.,-1.));
#12507=DIRECTION('',(0.,0.,1.));
#12508=DIRECTION('',(1.,0.,0.));
#12509=DIRECTION('',(0.,0.,-1.));
#12510=DIRECTION('',(1.,0.,0.));
#12511=DIRECTION('',(0.,0.,-1.));
#12512=DIRECTION('',(-1.,0.,0.));
#12513=DIRECTION('',(0.,0.,1.));
#12514=DIRECTION('',(-1.,0.,0.));
#12515=DIRECTION('',(5.44114425294122E-16,4.88364634307807E-16,-1.));
#12516=DIRECTION('',(-1.,0.,-5.44114425294122E-16));
#12517=DIRECTION('',(0.,1.34572487833352E-15,-1.));
#12518=DIRECTION('',(-1.,0.,0.));
#12519=DIRECTION('',(0.866025403784441,0.499999999999997,0.));
#12520=DIRECTION('',(-0.499999999999997,0.866025403784441,0.));
#12521=DIRECTION('',(0.,0.,1.));
#12522=DIRECTION('',(0.,0.,-1.));
#12523=DIRECTION('',(-0.499999999999994,0.866025403784442,0.));
#12524=DIRECTION('',(-0.866025403784442,-0.499999999999994,0.));
#12525=DIRECTION('',(0.,0.,-1.));
#12526=DIRECTION('',(0.866025403784436,-0.500000000000004,0.));
#12527=DIRECTION('',(-0.500000000000004,-0.866025403784436,0.));
#12528=DIRECTION('',(0.,0.,1.));
#12529=DIRECTION('',(-0.86602540378444,-0.499999999999997,0.));
#12530=DIRECTION('',(-0.499999999999997,0.86602540378444,0.));
#12531=DIRECTION('',(0.,0.,-1.));
#12532=DIRECTION('',(-0.866025403784437,0.500000000000003,0.));
#12533=DIRECTION('',(-0.500000000000003,-0.866025403784437,0.));
#12534=DIRECTION('',(0.,0.,-1.));
#12535=DIRECTION('',(0.,1.,0.));
#12536=DIRECTION('',(1.,0.,0.));
#12537=DIRECTION('',(0.866025403784438,-0.500000000000001,0.));
#12538=DIRECTION('',(-0.500000000000001,-0.866025403784438,0.));
#12539=DIRECTION('',(0.,0.,-1.));
#12540=DIRECTION('',(0.,-1.,0.));
#12541=DIRECTION('',(1.,0.,0.));
#12542=DIRECTION('',(0.,0.,-1.));
#12543=DIRECTION('',(-0.86602540378444,-0.499999999999997,0.));
#12544=DIRECTION('',(-0.499999999999997,0.86602540378444,0.));
#12545=DIRECTION('',(0.,0.,-1.));
#12546=DIRECTION('',(0.499999999999997,-0.86602540378444,0.));
#12547=DIRECTION('',(-0.86602540378444,-0.499999999999997,0.));
#12548=DIRECTION('',(0.,0.,-1.));
#12549=DIRECTION('',(0.866025403784441,0.499999999999997,0.));
#12550=DIRECTION('',(-0.499999999999997,0.866025403784441,0.));
#12551=DIRECTION('',(0.,0.,-1.));
#12552=DIRECTION('',(0.,1.,0.));
#12553=DIRECTION('',(1.,0.,0.));
#12554=DIRECTION('',(0.,0.,-1.));
#12555=DIRECTION('',(0.,0.,-1.));
#12556=DIRECTION('',(-0.866025403784441,-0.499999999999996,0.));
#12557=DIRECTION('',(-0.499999999999996,0.866025403784441,0.));
#12558=DIRECTION('',(-0.353553390593271,0.612372435695796,-0.707106781186548));
#12559=DIRECTION('',(-1.44560289664734E-16,0.,1.));
#12560=DIRECTION('',(-0.866025403784441,-0.499999999999996,0.));
#12561=DIRECTION('',(0.499999999999996,-0.866025403784441,0.));
#12562=DIRECTION('',(0.499999999999996,-0.866025403784441,0.));
#12563=DIRECTION('',(0.,0.,1.));
#12564=DIRECTION('',(-0.35355339059327,0.612372435695794,-0.70710678118655));
#12565=DIRECTION('',(-1.44560289664734E-16,0.,1.));
#12566=DIRECTION('',(-0.866025403784441,-0.499999999999996,0.));
#12567=DIRECTION('',(0.499999999999996,-0.866025403784441,0.));
#12568=DIRECTION('',(0.499999999999995,-0.866025403784442,0.));
#12569=DIRECTION('',(0.,0.,1.));
#12570=DIRECTION('',(-0.353553390593267,0.61237243569579,-0.707106781186555));
#12571=DIRECTION('',(-1.49077798716757E-16,0.,1.));
#12572=DIRECTION('',(-0.866025403784441,-0.499999999999996,0.));
#12573=DIRECTION('',(0.499999999999996,-0.866025403784441,0.));
#12574=DIRECTION('',(0.499999999999995,-0.866025403784442,0.));
#12575=DIRECTION('',(0.,0.,1.));
#12576=DIRECTION('',(-0.35355339059327,0.612372435695795,-0.707106781186549));
#12577=DIRECTION('',(-1.44560289664734E-16,0.,1.));
#12578=DIRECTION('',(-0.866025403784441,-0.499999999999996,0.));
#12579=DIRECTION('',(0.499999999999996,-0.866025403784441,0.));
#12580=DIRECTION('',(0.499999999999996,-0.866025403784441,0.));
#12581=DIRECTION('',(0.,0.,1.));
#12582=DIRECTION('',(-0.35355339059327,0.612372435695795,-0.707106781186548));
#12583=DIRECTION('',(-1.44560289664734E-16,0.,1.));
#12584=DIRECTION('',(-0.866025403784441,-0.499999999999996,0.));
#12585=DIRECTION('',(0.499999999999996,-0.866025403784441,0.));
#12586=DIRECTION('',(0.499999999999994,-0.866025403784442,0.));
#12587=DIRECTION('',(0.,0.,1.));
#12588=DIRECTION('',(0.499999999999997,-0.866025403784441,0.));
#12589=DIRECTION('',(0.86602540378444,0.499999999999998,0.));
#12590=DIRECTION('',(-0.499999999999998,0.86602540378444,0.));
#12591=DIRECTION('',(0.,0.,-1.));
#12592=DIRECTION('',(-0.499999999999998,0.86602540378444,0.));
#12593=DIRECTION('',(-0.86602540378444,-0.499999999999998,0.));
#12594=DIRECTION('',(0.,0.,-1.));
#12595=DIRECTION('',(0.866025403784436,-0.500000000000005,0.));
#12596=DIRECTION('',(-0.500000000000005,-0.866025403784436,0.));
#12597=DIRECTION('',(-0.866025403784441,-0.499999999999996,0.));
#12598=DIRECTION('',(-0.499999999999996,0.866025403784441,0.));
#12599=DIRECTION('',(0.,0.,-1.));
#12600=DIRECTION('',(-0.866025403784436,0.500000000000004,0.));
#12601=DIRECTION('',(-0.500000000000004,-0.866025403784436,0.));
#12602=DIRECTION('',(0.,0.,-1.));
#12603=DIRECTION('',(0.,1.,0.));
#12604=DIRECTION('',(1.,0.,0.));
#12605=DIRECTION('',(0.866025403784437,-0.500000000000002,0.));
#12606=DIRECTION('',(-0.500000000000002,-0.866025403784437,0.));
#12607=DIRECTION('',(0.,0.,-1.));
#12608=DIRECTION('',(0.,-1.,0.));
#12609=DIRECTION('',(1.,0.,0.));
#12610=DIRECTION('',(0.,0.,-1.));
#12611=DIRECTION('',(-0.866025403784441,-0.499999999999996,0.));
#12612=DIRECTION('',(-0.499999999999996,0.866025403784441,0.));
#12613=DIRECTION('',(0.,0.,-1.));
#12614=DIRECTION('',(0.499999999999996,-0.866025403784441,0.));
#12615=DIRECTION('',(-0.866025403784441,-0.499999999999996,0.));
#12616=DIRECTION('',(0.,0.,-1.));
#12617=DIRECTION('',(0.86602540378444,0.499999999999998,0.));
#12618=DIRECTION('',(-0.499999999999998,0.86602540378444,0.));
#12619=DIRECTION('',(0.,0.,-1.));
#12620=DIRECTION('',(0.,1.,0.));
#12621=DIRECTION('',(1.,0.,0.));
#12622=DIRECTION('',(0.,0.,-1.));
#12623=DIRECTION('',(0.,0.,-1.));
#12624=DIRECTION('',(0.,0.,-1.));
#12625=DIRECTION('',(-1.,0.,0.));
#12626=DIRECTION('',(0.,0.,-1.));
#12627=DIRECTION('',(-1.,0.,0.));
#12628=DIRECTION('',(0.,0.,-1.));
#12629=DIRECTION('',(-1.,0.,0.));
#12630=DIRECTION('',(0.,0.,1.));
#12631=DIRECTION('',(-1.,-2.53765262771477E-15,0.));
#12632=DIRECTION('',(0.,0.,-1.));
#12633=DIRECTION('',(-1.,0.,0.));
#12634=DIRECTION('',(0.,-1.34572487833353E-15,-1.));
#12635=DIRECTION('',(-1.,-4.03717463500059E-15,0.));
#12636=DIRECTION('',(-4.36728998847463E-17,2.05293772028141E-17,-1.));
#12637=DIRECTION('',(-1.,0.,4.36728998847463E-17));
#12638=DIRECTION('',(-0.866025403784436,0.500000000000005,0.));
#12639=DIRECTION('',(-0.500000000000005,-0.866025403784436,0.));
#12640=DIRECTION('',(-0.133571997474082,-0.231353486093569,-0.963656622435158));
#12641=DIRECTION('',(0.,0.,-1.));
#12642=DIRECTION('',(-0.866025403784443,-0.499999999999993,0.));
#12643=DIRECTION('',(-0.499999999999993,0.866025403784443,0.));
#12644=DIRECTION('',(0.,0.,-1.));
#12645=DIRECTION('',(0.866025403784434,-0.500000000000008,0.));
#12646=DIRECTION('',(-0.500000000000008,-0.866025403784434,0.));
#12647=DIRECTION('',(-0.500000000000008,-0.866025403784434,0.));
#12648=DIRECTION('',(0.,0.,-1.));
#12649=DIRECTION('',(-0.866025403784438,0.5,0.));
#12650=DIRECTION('',(-0.5,-0.866025403784438,0.));
#12651=DIRECTION('',(0.,0.,-1.));
#12652=DIRECTION('',(0.,0.,-1.));
#12653=DIRECTION('',(0.,1.,0.));
#12654=DIRECTION('',(1.,0.,0.));
#12655=DIRECTION('',(0.,0.,-1.));
#12656=DIRECTION('',(0.86602540378444,0.499999999999998,0.));
#12657=DIRECTION('',(-0.499999999999998,0.86602540378444,0.));
#12658=DIRECTION('',(0.,0.,-1.));
#12659=DIRECTION('',(0.866025403784438,-0.500000000000001,0.));
#12660=DIRECTION('',(-0.500000000000001,-0.866025403784438,0.));
#12661=DIRECTION('',(0.,0.,-1.));
#12662=DIRECTION('',(0.,-1.,0.));
#12663=DIRECTION('',(1.,0.,0.));
#12664=DIRECTION('',(0.,0.,-1.));
#12665=DIRECTION('',(-0.866025403784437,-0.500000000000003,0.));
#12666=DIRECTION('',(-0.500000000000003,0.866025403784437,0.));
#12667=DIRECTION('',(0.866025403784442,0.499999999999994,0.));
#12668=DIRECTION('',(-0.499999999999994,0.866025403784442,0.));
#12669=DIRECTION('',(0.,0.,-1.));
#12670=DIRECTION('',(0.499999999999994,-0.866025403784442,0.));
#12671=DIRECTION('',(-0.133571997474078,0.231353486093569,0.963656622435159));
#12672=DIRECTION('',(0.,0.,-1.));
#12673=DIRECTION('',(-1.,0.,0.));
#12674=DIRECTION('',(0.,0.,-1.));
#12675=DIRECTION('',(-1.,0.,0.));
#12676=DIRECTION('',(0.,0.,-1.));
#12677=DIRECTION('',(-1.,0.,0.));
#12678=DIRECTION('',(0.,0.,-1.));
#12679=DIRECTION('',(1.,0.,0.));
#12680=DIRECTION('',(0.,0.,1.));
#12681=DIRECTION('',(1.,0.,0.));
#12682=DIRECTION('',(0.,0.,1.));
#12683=DIRECTION('',(1.,0.,0.));
#12684=DIRECTION('',(0.,0.,1.));
#12685=DIRECTION('',(0.,0.,1.));
#12686=DIRECTION('',(1.,0.,0.));
#12687=DIRECTION('',(0.,0.,-1.));
#12688=DIRECTION('',(0.,0.,1.));
#12689=DIRECTION('',(1.,0.,0.));
#12690=DIRECTION('',(0.,0.960833669231395,-0.277125711674925));
#12691=DIRECTION('',(0.,0.277125711674925,0.960833669231395));
#12692=DIRECTION('',(0.,-0.997564050259824,0.0697564737441243));
#12693=DIRECTION('',(1.,0.,0.));
#12694=DIRECTION('',(1.,0.,0.));
#12695=DIRECTION('',(0.,-0.997564050259824,0.0697564737441243));
#12696=DIRECTION('',(0.,0.0697564737441243,0.997564050259824));
#12697=DIRECTION('',(0.,-0.0697564737441243,-0.997564050259824));
#12698=DIRECTION('',(-1.,0.,0.));
#12699=DIRECTION('',(0.,0.,1.));
#12700=DIRECTION('',(1.,0.,0.));
#12701=DIRECTION('',(0.,0.,-1.));
#12702=DIRECTION('',(1.,0.,0.));
#12703=DIRECTION('',(0.,0.,-1.));
#12704=DIRECTION('',(1.,0.,0.));
#12705=DIRECTION('',(0.,0.,-1.));
#12706=DIRECTION('',(0.,0.,1.));
#12707=DIRECTION('',(1.,0.,0.));
#12708=DIRECTION('',(0.866025403784441,0.499999999999996,0.));
#12709=DIRECTION('',(0.,0.,1.));
#12710=DIRECTION('',(1.,0.,0.));
#12711=DIRECTION('',(-0.819152044288992,-0.573576436351046,0.));
#12712=DIRECTION('',(-0.573576436351046,0.819152044288992,0.));
#12713=DIRECTION('',(0.,0.,-1.));
#12714=DIRECTION('',(-1.,0.,0.));
#12715=DIRECTION('',(0.,0.,-1.));
#12716=DIRECTION('',(-1.,0.,0.));
#12717=DIRECTION('',(0.,0.,-1.));
#12718=DIRECTION('',(0.,0.,-1.));
#12719=DIRECTION('',(0.,0.,-1.));
#12720=DIRECTION('',(-1.,0.,0.));
#12721=DIRECTION('',(0.,0.,-1.));
#12722=DIRECTION('',(0.499999999999994,-0.866025403784442,0.));
#12723=DIRECTION('',(0.,0.,-1.));
#12724=DIRECTION('',(-1.,0.,0.));
#12725=DIRECTION('',(0.,0.,-1.));
#12726=DIRECTION('',(-1.,0.,0.));
#12727=DIRECTION('',(0.,0.,-1.));
#12728=DIRECTION('',(-1.,0.,0.));
#12729=DIRECTION('',(0.49999999999999,0.866025403784444,0.));
#12730=DIRECTION('',(-0.866025403784444,0.49999999999999,0.));
#12731=DIRECTION('',(-0.499999999999994,-0.866025403784442,0.));
#12732=DIRECTION('',(0.866025403784442,-0.499999999999994,0.));
#12733=DIRECTION('',(0.,0.,1.));
#12734=DIRECTION('',(1.,0.,0.));
#12735=DIRECTION('',(2.09589283194538E-15,1.,0.));
#12736=DIRECTION('',(0.,0.,1.));
#12737=DIRECTION('',(1.,0.,0.));
#12738=DIRECTION('',(0.,0.,1.));
#12739=DIRECTION('',(1.,0.,0.));
#12740=DIRECTION('',(2.32431048195576E-15,1.,0.));
#12741=DIRECTION('',(0.999961923064171,-2.32422197933469E-15,0.00872653549837393));
#12742=DIRECTION('',(0.00872653549837393,0.,-0.999961923064171));
#12743=DIRECTION('',(-0.00872653549837393,0.,0.999961923064171));
#12744=DIRECTION('',(0.999961923064171,-2.32422197933469E-15,0.00872653549837393));
#12745=DIRECTION('',(-0.00872653549837393,2.02831779300295E-17,0.999961923064171));
#12746=DIRECTION('',(-0.999961923064171,2.09581302676851E-15,0.00872653549837393));
#12747=DIRECTION('',(0.00872653549837393,0.,0.999961923064171));
#12748=DIRECTION('',(-0.00872653549837393,0.,-0.999961923064171));
#12749=DIRECTION('',(-0.999961923064171,2.09581302676851E-15,0.00872653549837393));
#12750=DIRECTION('',(0.00872653549837393,-1.82898831987588E-17,0.999961923064171));
#12751=DIRECTION('',(0.573554596317887,-0.819120853489167,0.00872653549837393));
#12752=DIRECTION('',(0.819152044288991,0.573576436351047,0.));
#12753=DIRECTION('',(0.573554596317887,-0.819120853489167,0.00872653549837393));
#12754=DIRECTION('',(-0.00500533513284823,0.00714835939305346,0.999961923064171));
#12755=DIRECTION('',(-0.0307289808706592,-0.0321596581806472,-0.999010253260874));
#12756=DIRECTION('',(-0.573554596317887,0.819120853489167,0.00872653549837393));
#12757=DIRECTION('',(-0.819152044288991,-0.573576436351047,0.));
#12758=DIRECTION('',(-0.573554596317887,0.819120853489167,0.00872653549837393));
#12759=DIRECTION('',(0.00500533513284823,-0.00714835939305346,0.999961923064171));
#12760=DIRECTION('',(0.0407301239209858,0.0178765456681804,0.999010253260874));
#12761=DIRECTION('',(-0.999961923064171,2.08680592243288E-15,0.00872653549837393));
#12762=DIRECTION('',(0.00872653549837393,0.,0.999961923064171));
#12763=DIRECTION('',(-0.00872653549837393,0.,-0.999961923064171));
#12764=DIRECTION('',(-0.999961923064171,2.08680592243288E-15,0.00872653549837393));
#12765=DIRECTION('',(0.00872653549837393,-1.82112793900442E-17,0.999961923064171));
#12766=DIRECTION('',(0.999961923064171,-2.34084491528452E-15,0.00872653549837393));
#12767=DIRECTION('',(0.00872653549837393,0.,-0.999961923064171));
#12768=DIRECTION('',(-0.00872653549837393,0.,0.999961923064171));
#12769=DIRECTION('',(0.999961923064171,-2.34084491528452E-15,0.00872653549837393));
#12770=DIRECTION('',(-0.00872653549837393,2.04282440943579E-17,0.999961923064171));
#12771=DIRECTION('',(-0.999961923064171,2.21723129258494E-15,0.00872653549837393));
#12772=DIRECTION('',(0.00872653549837393,0.,0.999961923064171));
#12773=DIRECTION('',(-0.00872653549837393,0.,-0.999961923064171));
#12774=DIRECTION('',(-0.999961923064171,2.21723129258494E-15,0.00872653549837393));
#12775=DIRECTION('',(0.00872653549837393,-1.9349484351922E-17,0.999961923064171));
#12776=DIRECTION('',(0.999961923064171,-2.15201860750891E-15,0.00872653549837393));
#12777=DIRECTION('',(0.00872653549837393,0.,-0.999961923064171));
#12778=DIRECTION('',(-0.00872653549837393,0.,0.999961923064171));
#12779=DIRECTION('',(0.999961923064171,-2.15201860750891E-15,0.00872653549837393));
#12780=DIRECTION('',(-0.00872653549837393,1.87803818709831E-17,0.999961923064171));
#12781=DIRECTION('',(0.,0.,1.));
#12782=DIRECTION('',(1.,0.,0.));
#12783=DIRECTION('',(0.,0.,1.));
#12784=DIRECTION('',(0.573576436351046,-0.819152044288992,0.));
#12785=DIRECTION('',(0.819152044288991,0.573576436351047,0.));
#12786=DIRECTION('',(-0.819152044288992,-0.573576436351046,0.));
#12787=DIRECTION('',(0.,0.,1.));
#12788=DIRECTION('',(0.573576436351046,-0.819152044288992,0.));
#12789=DIRECTION('',(0.573554596317887,-0.819120853489167,0.00872653549837393));
#12790=DIRECTION('',(0.819152044288991,0.573576436351047,0.));
#12791=DIRECTION('',(-0.00500533513284822,0.00714835939305346,0.999961923064171));
#12792=DIRECTION('',(0.573554596317887,-0.819120853489167,0.00872653549837393));
#12793=DIRECTION('',(0.00500533513284823,-0.00714835939305346,-0.999961923064171));
#12794=DIRECTION('',(-0.573554596317886,0.819120853489168,0.00872653549837393));
#12795=DIRECTION('',(-0.819152044288992,-0.573576436351046,0.));
#12796=DIRECTION('',(-0.00500533513284822,0.00714835939305346,-0.999961923064171));
#12797=DIRECTION('',(-0.573554596317886,0.819120853489168,0.00872653549837393));
#12798=DIRECTION('',(-0.00500533513284822,0.00714835939305347,-0.999961923064171));
#12799=DIRECTION('',(0.499980961532082,-0.865992428190715,0.00872653549837393));
#12800=DIRECTION('',(0.86602540378444,0.499999999999997,0.));
#12801=DIRECTION('',(0.00436326774918693,-0.00755740142861855,-0.999961923064171));
#12802=DIRECTION('',(0.499980961532082,-0.865992428190715,0.00872653549837393));
#12803=DIRECTION('',(-0.00436326774918694,0.00755740142861854,0.999961923064171));
#12804=DIRECTION('',(0.,0.,-1.));
#12805=DIRECTION('',(-1.,0.,0.));
#12806=DIRECTION('',(0.,0.,-1.));
#12807=DIRECTION('',(-1.,0.,0.));
#12808=DIRECTION('',(0.133571997474082,0.231353486093569,0.963656622435158));
#12809=DIRECTION('',(0.,-0.972369920397677,0.233445363855905));
#12810=DIRECTION('',(0.133571997474078,-0.231353486093569,-0.963656622435158));
#12811=DIRECTION('',(0.,0.972369920397677,-0.233445363855905));
#12812=DIRECTION('',(0.00872653549837393,0.,-0.999961923064171));
#12813=DIRECTION('',(-0.999961923064171,0.,-0.00872653549837393));
#12814=DIRECTION('',(0.00872653549837393,0.,0.999961923064171));
#12815=DIRECTION('',(0.999961923064171,0.,-0.00872653549837393));
#12816=DIRECTION('',(0.00872653549837393,0.,0.999961923064171));
#12817=DIRECTION('',(0.999961923064171,0.,-0.00872653549837393));
#12818=DIRECTION('',(0.00872653549837393,0.,-0.999961923064171));
#12819=DIRECTION('',(-0.999961923064171,0.,-0.00872653549837393));
#12820=DIRECTION('',(0.00872653549837393,0.,-0.999961923064171));
#12821=DIRECTION('',(-0.999961923064171,0.,-0.00872653549837393));
#12822=DIRECTION('',(0.00872653549837393,0.,0.999961923064171));
#12823=DIRECTION('',(0.999961923064171,0.,-0.00872653549837393));
#12824=DIRECTION('',(-0.0407301239209858,-0.0178765456681804,-0.999010253260874));
#12825=DIRECTION('',(-0.999169918825635,0.,0.0407366335621206));
#12826=DIRECTION('',(0.0307289808706592,0.0321596581806472,0.999010253260874));
#12827=DIRECTION('',(0.,-0.999482255398844,0.0321748526467381));
#12828=DIRECTION('',(0.00500533513284822,-0.00714835939305347,0.999961923064171));
#12829=DIRECTION('',(0.,-0.999974449512462,-0.00714844894001744));
#12830=DIRECTION('',(0.00500533513284822,-0.00714835939305346,-0.999961923064171));
#12831=DIRECTION('',(0.,0.999974449512462,-0.00714844894001744));
#12832=DIRECTION('',(0.,0.,-1.));
#12833=DIRECTION('',(-1.,0.,0.));
#12834=DIRECTION('',(-0.00436326774918693,0.00755740142861854,0.999961923064171));
#12835=DIRECTION('',(0.,-0.999971441890356,0.00755747336894842));
#12836=DIRECTION('',(0.,-0.0697564737441243,-0.997564050259824));
#12837=DIRECTION('',(0.,0.997564050259824,-0.0697564737441243));
#12838=DIRECTION('',(-5.40424666867978E-15,-0.069756473744128,-0.997564050259824));
#12839=DIRECTION('',(0.,0.997564050259824,-0.069756473744128));
#12840=DIRECTION('',(2.09462077312452E-13,-0.220182192924486,-0.975458764848092));
#12841=DIRECTION('',(0.,0.975458764848092,-0.220182192924486));
#12842=DIRECTION('',(0.,-0.220182192924622,-0.975458764848061));
#12843=DIRECTION('',(0.,0.975458764848061,-0.220182192924622));
#12844=DIRECTION('',(-1.87979551471283E-13,0.220182192924484,0.975458764848092));
#12845=DIRECTION('',(0.,-0.975458764848092,0.220182192924485));
#12846=DIRECTION('',(0.,0.,1.));
#12847=DIRECTION('',(1.,0.,0.));
#12848=DIRECTION('',(0.,0.999389339935783,-0.0349420552160188));
#12849=DIRECTION('',(0.,0.0349420552160188,0.999389339935783));
#12850=DIRECTION('',(0.,0.993691418722739,-0.112148849110414));
#12851=DIRECTION('',(0.,0.112148849110414,0.993691418722739));
#12852=DIRECTION('',(0.,0.,-1.));
#12853=DIRECTION('',(-1.,0.,0.));
#12854=DIRECTION('',(0.,0.993691418722739,-0.112148849110414));
#12855=DIRECTION('',(0.,-0.112148849110414,-0.993691418722739));
#12856=DIRECTION('',(0.,0.999389339935783,-0.0349420552160188));
#12857=DIRECTION('',(0.,-0.0349420552160188,-0.999389339935783));
#12858=DIRECTION('',(0.0392557376577212,0.0697027052073241,0.99679512435993));
#12859=DIRECTION('',(0.,-0.997564050259824,0.0697564737441245));
#12860=DIRECTION('',(0.0257936984946034,0.220108935492926,0.97513421724096));
#12861=DIRECTION('',(0.,-0.97545876484806,0.220182192924624));
#12862=DIRECTION('',(-0.152372960473375,0.217611139781445,0.964068396307855));
#12863=DIRECTION('',(0.,-0.975458764848061,0.220182192924622));
#12864=DIRECTION('',(0.152372960473376,-0.217611139781448,-0.964068396307854));
#12865=DIRECTION('',(0.,0.97545876484806,-0.220182192924625));
#12866=DIRECTION('',(0.0531081942657194,0.069658030901153,0.996156252017126));
#12867=DIRECTION('',(0.,-0.997564050259824,0.0697564737441245));
#12868=DIRECTION('',(0.20692657180091,0.215416674319734,0.954346399536221));
#12869=DIRECTION('',(0.,-0.97545876484806,0.220182192924624));
#12870=DIRECTION('',(0.206926571572671,-0.215416674330363,-0.95434639958331));
#12871=DIRECTION('',(0.,0.975458764848061,-0.220182192924624));
#12872=DIRECTION('',(0.0531081942838871,-0.0696580309010856,-0.996156252016163));
#12873=DIRECTION('',(0.,0.997564050259824,-0.0697564737441245));
#12874=DIRECTION('',(-0.0197147809438698,0.233399992540007,0.972180935265992));
#12875=DIRECTION('',(0.,-0.972369920397676,0.233445363855906));
#12876=DIRECTION('',(-0.0451479952819036,0.,-0.998980309376529));
#12877=DIRECTION('',(-0.998980309376529,0.,0.0451479952819036));
#12878=DIRECTION('',(-1.,0.,0.));
#12879=DIRECTION('',(0.,0.,1.));
#12880=DIRECTION('',(-0.997993839296384,0.,-0.063311110608347));
#12881=DIRECTION('',(-0.063311110608347,0.,0.997993839296385));
#12882=DIRECTION('',(0.,0.,-1.));
#12883=DIRECTION('',(-1.,0.,0.));
#12884=DIRECTION('',(0.,0.,-1.));
#12885=DIRECTION('',(-1.,0.,0.));
#12886=DIRECTION('',(0.,0.,-1.));
#12887=DIRECTION('',(-1.,0.,0.));
#12888=DIRECTION('',(0.,0.,-1.));
#12889=DIRECTION('',(-1.,0.,0.));
#12890=DIRECTION('',(0.,0.,1.));
#12891=DIRECTION('',(1.,0.,0.));
#12892=DIRECTION('',(0.,0.,-1.));
#12893=DIRECTION('',(-1.,0.,0.));
#12894=DIRECTION('',(0.,0.,-1.));
#12895=DIRECTION('',(-1.,0.,0.));
#12896=DIRECTION('',(0.,0.,1.));
#12897=DIRECTION('',(1.,0.,0.));
#12898=DIRECTION('',(0.,0.,-1.));
#12899=DIRECTION('',(-1.,0.,0.));
#12900=DIRECTION('',(0.,0.,-1.));
#12901=DIRECTION('',(-1.,0.,0.));
#12902=DIRECTION('',(-1.,0.,0.));
#12903=DIRECTION('',(0.,0.,1.));
#12904=DIRECTION('',(-1.,4.94564939648474E-12,7.07260814418342E-11));
#12905=DIRECTION('',(7.07260814418342E-11,0.,1.));
#12906=DIRECTION('',(0.,0.,-1.));
#12907=DIRECTION('',(-1.,0.,0.));
#12908=DIRECTION('',(0.866025403784441,0.499999999999996,0.));
#12909=DIRECTION('',(-0.965925826289068,0.258819045102523,0.));
#12910=DIRECTION('',(0.866025403784441,0.499999999999996,0.));
#12911=DIRECTION('',(0.965925826289067,-0.258819045102528,0.));
#12912=DIRECTION('',(-0.499999999999996,0.866025403784441,0.));
#12913=DIRECTION('',(-0.866025403784441,-0.499999999999996,0.));
#12914=DIRECTION('',(0.,0.,-1.));
#12915=DIRECTION('',(0.866025403784441,0.499999999999996,0.));
#12916=DIRECTION('',(-0.866025403784441,-0.499999999999996,0.));
#12917=DIRECTION('',(0.499999999999996,-0.866025403784441,7.22801448323664E-17));
#12918=DIRECTION('',(0.866025403784441,0.499999999999996,0.));
#12919=DIRECTION('',(3.6140072416183E-17,-6.25964416140479E-17,-1.));
#12920=DIRECTION('',(0.866025403784441,0.499999999999996,6.16297582203915E-33));
#12921=DIRECTION('',(0.866025403784441,0.499999999999996,0.));
#12922=DIRECTION('',(0.,0.,-1.));
#12923=DIRECTION('',(-1.,0.,0.));
#12924=DIRECTION('',(0.866025403784441,0.499999999999996,0.));
#12925=DIRECTION('',(-0.965925826289066,0.258819045102529,0.));
#12926=DIRECTION('',(0.866025403784441,0.499999999999996,0.));
#12927=DIRECTION('',(0.965925826289068,-0.258819045102524,0.));
#12928=DIRECTION('',(-0.499999999999996,0.866025403784441,0.));
#12929=DIRECTION('',(-0.866025403784441,-0.499999999999996,0.));
#12930=DIRECTION('',(0.,0.,-1.));
#12931=DIRECTION('',(0.866025403784441,0.499999999999996,0.));
#12932=DIRECTION('',(-0.866025403784441,-0.499999999999996,0.));
#12933=DIRECTION('',(0.499999999999996,-0.866025403784441,7.22801448323664E-17));
#12934=DIRECTION('',(0.866025403784441,0.499999999999996,0.));
#12935=DIRECTION('',(3.6140072416183E-17,-6.25964416140479E-17,-1.));
#12936=DIRECTION('',(0.866025403784441,0.499999999999996,6.16297582203915E-33));
#12937=DIRECTION('',(0.866025403784441,0.499999999999996,0.));
#12938=DIRECTION('',(0.,0.,-1.));
#12939=DIRECTION('',(-1.,0.,0.));
#12940=DIRECTION('',(0.866025403784441,0.499999999999996,0.));
#12941=DIRECTION('',(-0.965925826289065,0.258819045102532,0.));
#12942=DIRECTION('',(0.866025403784441,0.499999999999996,0.));
#12943=DIRECTION('',(0.965925826289066,-0.258819045102528,0.));
#12944=DIRECTION('',(-0.499999999999996,0.866025403784441,0.));
#12945=DIRECTION('',(-0.866025403784441,-0.499999999999996,0.));
#12946=DIRECTION('',(0.,0.,-1.));
#12947=DIRECTION('',(0.866025403784441,0.499999999999996,0.));
#12948=DIRECTION('',(-0.866025403784441,-0.499999999999996,0.));
#12949=DIRECTION('',(0.499999999999996,-0.866025403784441,7.45388993583778E-17));
#12950=DIRECTION('',(0.866025403784441,0.499999999999996,0.));
#12951=DIRECTION('',(3.72694496791888E-17,-6.45525804144869E-17,-1.));
#12952=DIRECTION('',(0.866025403784441,0.499999999999996,0.));
#12953=DIRECTION('',(0.866025403784441,0.499999999999996,-6.16297582203915E-33));
#12954=DIRECTION('',(0.,0.,-1.));
#12955=DIRECTION('',(-1.,0.,0.));
#12956=DIRECTION('',(0.866025403784441,0.499999999999996,0.));
#12957=DIRECTION('',(-0.965925826289066,0.258819045102528,0.));
#12958=DIRECTION('',(0.866025403784441,0.499999999999996,0.));
#12959=DIRECTION('',(0.965925826289068,-0.258819045102523,0.));
#12960=DIRECTION('',(-0.499999999999996,0.866025403784441,0.));
#12961=DIRECTION('',(-0.866025403784441,-0.499999999999996,0.));
#12962=DIRECTION('',(0.,0.,-1.));
#12963=DIRECTION('',(0.866025403784441,0.499999999999996,0.));
#12964=DIRECTION('',(-0.866025403784441,-0.499999999999996,0.));
#12965=DIRECTION('',(0.499999999999996,-0.866025403784441,7.22801448323664E-17));
#12966=DIRECTION('',(0.866025403784441,0.499999999999996,0.));
#12967=DIRECTION('',(3.6140072416183E-17,-6.25964416140479E-17,-1.));
#12968=DIRECTION('',(0.866025403784441,0.499999999999996,6.16297582203915E-33));
#12969=DIRECTION('',(0.866025403784441,0.499999999999996,0.));
#12970=DIRECTION('',(0.,0.,-1.));
#12971=DIRECTION('',(-1.,0.,0.));
#12972=DIRECTION('',(0.866025403784441,0.499999999999996,0.));
#12973=DIRECTION('',(-0.965925826289066,0.258819045102529,0.));
#12974=DIRECTION('',(0.866025403784441,0.499999999999996,0.));
#12975=DIRECTION('',(0.965925826289065,-0.258819045102532,0.));
#12976=DIRECTION('',(-0.499999999999996,0.866025403784441,0.));
#12977=DIRECTION('',(-0.866025403784441,-0.499999999999996,0.));
#12978=DIRECTION('',(0.,0.,-1.));
#12979=DIRECTION('',(0.866025403784441,0.499999999999996,0.));
#12980=DIRECTION('',(-0.866025403784441,-0.499999999999996,0.));
#12981=DIRECTION('',(0.499999999999996,-0.866025403784441,7.22801448323664E-17));
#12982=DIRECTION('',(0.866025403784441,0.499999999999996,0.));
#12983=DIRECTION('',(3.6140072416183E-17,-6.25964416140479E-17,-1.));
#12984=DIRECTION('',(0.866025403784441,0.499999999999996,6.16297582203915E-33));
#12985=DIRECTION('',(0.866025403784441,0.499999999999996,0.));
#12986=DIRECTION('',(0.35355339059327,-0.612372435695795,0.707106781186549));
#12987=DIRECTION('',(0.866025403784441,0.499999999999996,0.));
#12988=DIRECTION('',(0.788675134594812,-0.211324865405193,-0.577350269189625));
#12989=DIRECTION('',(-0.258819045102528,-0.965925826289066,0.));
#12990=DIRECTION('',(0.,0.,1.));
#12991=DIRECTION('',(-0.258819045102528,-0.965925826289066,0.));
#12992=DIRECTION('',(-0.965925826289066,0.258819045102528,0.));
#12993=DIRECTION('',(0.258819045102528,0.965925826289066,-5.11097805561118E-17));
#12994=DIRECTION('',(3.6140072416183E-17,-6.25964416140479E-17,-1.));
#12995=DIRECTION('',(0.258819045102528,0.965925826289066,-5.11097805561118E-17));
#12996=DIRECTION('',(-0.965925826289067,0.258819045102528,-5.11097805561121E-17));
#12997=DIRECTION('',(0.788675134594811,-0.211324865405192,0.577350269189627));
#12998=DIRECTION('',(-0.353553390593271,0.612372435695796,0.707106781186547));
#12999=DIRECTION('',(0.866025403784441,0.499999999999996,0.));
#13000=DIRECTION('',(0.35355339059327,-0.612372435695794,0.70710678118655));
#13001=DIRECTION('',(0.866025403784441,0.499999999999996,0.));
#13002=DIRECTION('',(0.788675134594814,-0.21132486540519,-0.577350269189623));
#13003=DIRECTION('',(-0.258819045102523,-0.965925826289068,0.));
#13004=DIRECTION('',(0.,0.,1.));
#13005=DIRECTION('',(-0.258819045102523,-0.965925826289068,0.));
#13006=DIRECTION('',(-0.965925826289068,0.258819045102523,0.));
#13007=DIRECTION('',(0.258819045102524,0.965925826289068,-5.1109780556112E-17));
#13008=DIRECTION('',(3.6140072416183E-17,-6.25964416140479E-17,-1.));
#13009=DIRECTION('',(0.258819045102524,0.965925826289068,-5.1109780556112E-17));
#13010=DIRECTION('',(-0.965925826289068,0.258819045102524,-5.11097805561118E-17));
#13011=DIRECTION('',(0.788675134594811,-0.211324865405189,0.577350269189627));
#13012=DIRECTION('',(-0.353553390593272,0.612372435695798,0.707106781186545));
#13013=DIRECTION('',(0.866025403784441,0.499999999999996,0.));
#13014=DIRECTION('',(0.353553390593272,-0.612372435695797,0.707106781186546));
#13015=DIRECTION('',(0.866025403784441,0.499999999999996,0.));
#13016=DIRECTION('',(0.788675134594809,-0.211324865405193,-0.577350269189629));
#13017=DIRECTION('',(-0.258819045102529,-0.965925826289066,0.));
#13018=DIRECTION('',(0.,0.,1.));
#13019=DIRECTION('',(-0.258819045102529,-0.965925826289066,0.));
#13020=DIRECTION('',(-0.965925826289066,0.258819045102529,0.));
#13021=DIRECTION('',(0.258819045102528,0.965925826289066,-5.27069611984903E-17));
#13022=DIRECTION('',(3.72694496791888E-17,-6.45525804144869E-17,-1.));
#13023=DIRECTION('',(0.258819045102528,0.965925826289066,-5.27069611984903E-17));
#13024=DIRECTION('',(-0.965925826289066,0.258819045102528,-5.27069611984906E-17));
#13025=DIRECTION('',(0.788675134594805,-0.211324865405191,0.577350269189635));
#13026=DIRECTION('',(-0.353553390593275,0.612372435695803,0.70710678118654));
#13027=DIRECTION('',(0.866025403784441,0.499999999999996,0.));
#13028=DIRECTION('',(0.353553390593271,-0.612372435695796,0.707106781186547));
#13029=DIRECTION('',(0.866025403784441,0.499999999999996,0.));
#13030=DIRECTION('',(0.788675134594809,-0.211324865405196,-0.577350269189628));
#13031=DIRECTION('',(-0.258819045102532,-0.965925826289065,0.));
#13032=DIRECTION('',(0.,0.,1.));
#13033=DIRECTION('',(-0.258819045102532,-0.965925826289065,0.));
#13034=DIRECTION('',(-0.965925826289065,0.258819045102532,0.));
#13035=DIRECTION('',(0.258819045102523,0.965925826289068,-5.1109780556112E-17));
#13036=DIRECTION('',(3.6140072416183E-17,-6.25964416140479E-17,-1.));
#13037=DIRECTION('',(0.258819045102523,0.965925826289068,-5.1109780556112E-17));
#13038=DIRECTION('',(-0.965925826289068,0.258819045102523,-5.11097805561118E-17));
#13039=DIRECTION('',(0.788675134594812,-0.211324865405189,0.577350269189627));
#13040=DIRECTION('',(-0.353553390593272,0.612372435695797,0.707106781186546));
#13041=DIRECTION('',(0.866025403784441,0.499999999999996,0.));
#13042=DIRECTION('',(0.258819045102532,0.965925826289065,-5.11097805561116E-17));
#13043=DIRECTION('',(3.6140072416183E-17,-6.25964416140479E-17,-1.));
#13044=DIRECTION('',(0.258819045102532,0.965925826289065,-5.11097805561116E-17));
#13045=DIRECTION('',(-0.965925826289065,0.258819045102532,-5.11097805561123E-17));
#13046=DIRECTION('',(0.788675134594808,-0.211324865405196,0.57735026918963));
#13047=DIRECTION('',(-0.353553390593271,0.612372435695797,0.707106781186547));
#13048=DIRECTION('',(0.866025403784441,0.499999999999996,0.));
#13049=DIRECTION('',(0.35355339059327,-0.612372435695795,0.707106781186549));
#13050=DIRECTION('',(0.866025403784441,0.499999999999996,0.));
#13051=DIRECTION('',(0.788675134594811,-0.211324865405194,-0.577350269189626));
#13052=DIRECTION('',(-0.258819045102529,-0.965925826289066,0.));
#13053=DIRECTION('',(0.,0.,1.));
#13054=DIRECTION('',(-0.258819045102529,-0.965925826289066,0.));
#13055=DIRECTION('',(-0.965925826289066,0.258819045102529,0.));
#13056=DIRECTION('',(-0.866025403784441,-0.499999999999996,0.));
#13057=DIRECTION('',(0.499999999999996,-0.866025403784441,0.));
#13058=DIRECTION('',(-0.866025403784441,-0.499999999999996,0.));
#13059=DIRECTION('',(0.499999999999996,-0.866025403784441,0.));
#13060=DIRECTION('',(-0.866025403784441,-0.499999999999996,0.));
#13061=DIRECTION('',(0.499999999999996,-0.866025403784441,0.));
#13062=DIRECTION('',(-0.866025403784441,-0.499999999999996,0.));
#13063=DIRECTION('',(0.499999999999996,-0.866025403784441,0.));
#13064=DIRECTION('',(-0.866025403784441,-0.499999999999996,0.));
#13065=DIRECTION('',(0.499999999999996,-0.866025403784441,0.));
#13066=DIRECTION('',(-0.866025403784441,-0.499999999999996,0.));
#13067=DIRECTION('',(0.499999999999996,-0.866025403784441,0.));
#13068=DIRECTION('',(-0.866025403784441,-0.499999999999996,0.));
#13069=DIRECTION('',(0.499999999999996,-0.866025403784441,0.));
#13070=DIRECTION('',(-0.866025403784441,-0.499999999999996,0.));
#13071=DIRECTION('',(0.499999999999996,-0.866025403784441,0.));
#13072=DIRECTION('',(-0.866025403784441,-0.499999999999996,0.));
#13073=DIRECTION('',(0.499999999999996,-0.866025403784441,0.));
#13074=DIRECTION('',(-0.866025403784441,-0.499999999999996,0.));
#13075=DIRECTION('',(0.499999999999996,-0.866025403784441,0.));
#13076=DIRECTION('',(0.,0.,-1.));
#13077=DIRECTION('',(-1.,0.,0.));
#13078=DIRECTION('',(0.866025403784441,0.499999999999996,0.));
#13079=DIRECTION('',(-0.965925826289068,0.258819045102522,0.));
#13080=DIRECTION('',(0.866025403784441,0.499999999999996,0.));
#13081=DIRECTION('',(0.965925826289066,-0.258819045102528,0.));
#13082=DIRECTION('',(-0.499999999999996,0.866025403784441,0.));
#13083=DIRECTION('',(-0.866025403784441,-0.499999999999996,0.));
#13084=DIRECTION('',(0.,0.,-1.));
#13085=DIRECTION('',(0.866025403784441,0.499999999999996,0.));
#13086=DIRECTION('',(-0.866025403784441,-0.499999999999996,0.));
#13087=DIRECTION('',(0.499999999999996,-0.866025403784441,5.78241158658931E-16));
#13088=DIRECTION('',(0.866025403784441,0.499999999999996,0.));
#13089=DIRECTION('',(2.89120579329464E-16,-5.00771532912383E-16,-1.));
#13090=DIRECTION('',(0.866025403784441,0.499999999999996,0.));
#13091=DIRECTION('',(0.866025403784441,0.499999999999996,0.));
#13092=DIRECTION('',(0.,0.,-1.));
#13093=DIRECTION('',(-1.,0.,0.));
#13094=DIRECTION('',(0.866025403784441,0.499999999999996,0.));
#13095=DIRECTION('',(-0.965925826289067,0.258819045102527,0.));
#13096=DIRECTION('',(0.866025403784441,0.499999999999996,0.));
#13097=DIRECTION('',(0.965925826289068,-0.258819045102524,0.));
#13098=DIRECTION('',(-0.499999999999996,0.866025403784441,0.));
#13099=DIRECTION('',(-0.866025403784441,-0.499999999999996,0.));
#13100=DIRECTION('',(0.,0.,-1.));
#13101=DIRECTION('',(0.866025403784441,0.499999999999996,0.));
#13102=DIRECTION('',(-0.866025403784441,-0.499999999999996,0.));
#13103=DIRECTION('',(0.499999999999996,-0.866025403784441,0.));
#13104=DIRECTION('',(0.866025403784441,0.499999999999996,0.));
#13105=DIRECTION('',(0.,0.,-1.));
#13106=DIRECTION('',(0.866025403784441,0.499999999999996,0.));
#13107=DIRECTION('',(0.866025403784441,0.499999999999996,0.));
#13108=DIRECTION('',(0.,0.,-1.));
#13109=DIRECTION('',(-1.,0.,0.));
#13110=DIRECTION('',(0.866025403784441,0.499999999999996,0.));
#13111=DIRECTION('',(-0.965925826289065,0.258819045102534,0.));
#13112=DIRECTION('',(0.866025403784441,0.499999999999996,0.));
#13113=DIRECTION('',(0.965925826289066,-0.258819045102529,0.));
#13114=DIRECTION('',(-0.499999999999996,0.866025403784441,0.));
#13115=DIRECTION('',(-0.866025403784441,-0.499999999999996,0.));
#13116=DIRECTION('',(0.,0.,-1.));
#13117=DIRECTION('',(0.866025403784441,0.499999999999996,0.));
#13118=DIRECTION('',(-0.866025403784441,-0.499999999999996,0.));
#13119=DIRECTION('',(0.499999999999996,-0.866025403784441,0.));
#13120=DIRECTION('',(0.866025403784441,0.499999999999996,0.));
#13121=DIRECTION('',(0.,0.,-1.));
#13122=DIRECTION('',(0.866025403784441,0.499999999999996,0.));
#13123=DIRECTION('',(0.866025403784441,0.499999999999996,0.));
#13124=DIRECTION('',(0.,0.,-1.));
#13125=DIRECTION('',(-1.,0.,0.));
#13126=DIRECTION('',(0.866025403784441,0.499999999999996,0.));
#13127=DIRECTION('',(-0.965925826289065,0.258819045102534,0.));
#13128=DIRECTION('',(0.866025403784441,0.499999999999996,0.));
#13129=DIRECTION('',(0.965925826289068,-0.258819045102522,0.));
#13130=DIRECTION('',(-0.499999999999996,0.866025403784441,0.));
#13131=DIRECTION('',(-0.866025403784441,-0.499999999999996,0.));
#13132=DIRECTION('',(0.,0.,-1.));
#13133=DIRECTION('',(0.866025403784441,0.499999999999996,0.));
#13134=DIRECTION('',(-0.866025403784441,-0.499999999999996,0.));
#13135=DIRECTION('',(0.499999999999996,-0.866025403784441,0.));
#13136=DIRECTION('',(0.866025403784441,0.499999999999996,0.));
#13137=DIRECTION('',(0.,0.,-1.));
#13138=DIRECTION('',(0.866025403784441,0.499999999999996,0.));
#13139=DIRECTION('',(0.866025403784441,0.499999999999996,0.));
#13140=DIRECTION('',(0.,0.,-1.));
#13141=DIRECTION('',(-1.,0.,0.));
#13142=DIRECTION('',(0.866025403784441,0.499999999999996,0.));
#13143=DIRECTION('',(-0.965925826289066,0.258819045102528,0.));
#13144=DIRECTION('',(0.866025403784441,0.499999999999996,0.));
#13145=DIRECTION('',(0.965925826289065,-0.258819045102535,0.));
#13146=DIRECTION('',(-0.499999999999996,0.866025403784441,0.));
#13147=DIRECTION('',(-0.866025403784441,-0.499999999999996,0.));
#13148=DIRECTION('',(0.,0.,-1.));
#13149=DIRECTION('',(0.866025403784441,0.499999999999996,0.));
#13150=DIRECTION('',(-0.866025403784441,-0.499999999999996,0.));
#13151=DIRECTION('',(0.499999999999996,-0.866025403784441,0.));
#13152=DIRECTION('',(0.866025403784441,0.499999999999996,0.));
#13153=DIRECTION('',(0.,0.,-1.));
#13154=DIRECTION('',(0.866025403784441,0.499999999999996,0.));
#13155=DIRECTION('',(0.866025403784441,0.499999999999996,0.));
#13156=DIRECTION('',(0.35355339059327,-0.612372435695795,0.707106781186549));
#13157=DIRECTION('',(0.866025403784441,0.499999999999996,0.));
#13158=DIRECTION('',(0.788675134594809,-0.211324865405198,-0.577350269189627));
#13159=DIRECTION('',(-0.258819045102534,-0.965925826289065,0.));
#13160=DIRECTION('',(0.,0.,1.));
#13161=DIRECTION('',(-0.258819045102534,-0.965925826289065,0.));
#13162=DIRECTION('',(-0.965925826289065,0.258819045102534,0.));
#13163=DIRECTION('',(0.258819045102528,0.965925826289066,-4.08878244448895E-16));
#13164=DIRECTION('',(2.89120579329464E-16,-5.00771532912383E-16,-1.));
#13165=DIRECTION('',(0.258819045102528,0.965925826289066,-4.08878244448895E-16));
#13166=DIRECTION('',(-0.965925826289066,0.258819045102528,-4.08878244448897E-16));
#13167=DIRECTION('',(0.788675134594806,-0.211324865405191,0.577350269189634));
#13168=DIRECTION('',(-0.353553390593274,0.612372435695802,0.707106781186541));
#13169=DIRECTION('',(0.866025403784441,0.499999999999996,0.));
#13170=DIRECTION('',(0.353553390593269,-0.612372435695792,0.707106781186552));
#13171=DIRECTION('',(0.866025403784441,0.499999999999996,0.));
#13172=DIRECTION('',(0.788675134594817,-0.21132486540519,-0.57735026918962));
#13173=DIRECTION('',(-0.258819045102522,-0.965925826289068,0.));
#13174=DIRECTION('',(0.,0.,1.));
#13175=DIRECTION('',(-0.258819045102522,-0.965925826289068,0.));
#13176=DIRECTION('',(-0.965925826289068,0.258819045102522,0.));
#13177=DIRECTION('',(0.258819045102524,0.965925826289068,0.));
#13178=DIRECTION('',(0.,0.,-1.));
#13179=DIRECTION('',(0.258819045102524,0.965925826289068,0.));
#13180=DIRECTION('',(-0.965925826289068,0.258819045102524,0.));
#13181=DIRECTION('',(0.788675134594813,-0.21132486540519,0.577350269189625));
#13182=DIRECTION('',(-0.353553390593271,0.612372435695796,0.707106781186547));
#13183=DIRECTION('',(0.866025403784441,0.499999999999996,0.));
#13184=DIRECTION('',(0.353553390593269,-0.612372435695792,0.707106781186552));
#13185=DIRECTION('',(0.866025403784441,0.499999999999996,0.));
#13186=DIRECTION('',(0.788675134594814,-0.211324865405193,-0.577350269189622));
#13187=DIRECTION('',(-0.258819045102527,-0.965925826289066,0.));
#13188=DIRECTION('',(0.,0.,1.));
#13189=DIRECTION('',(-0.258819045102527,-0.965925826289066,0.));
#13190=DIRECTION('',(-0.965925826289067,0.258819045102527,0.));
#13191=DIRECTION('',(0.258819045102529,0.965925826289066,0.));
#13192=DIRECTION('',(0.,0.,-1.));
#13193=DIRECTION('',(0.258819045102529,0.965925826289066,0.));
#13194=DIRECTION('',(-0.965925826289066,0.258819045102529,0.));
#13195=DIRECTION('',(0.788675134594809,-0.211324865405194,0.577350269189629));
#13196=DIRECTION('',(-0.353553390593272,0.612372435695797,0.707106781186546));
#13197=DIRECTION('',(0.866025403784441,0.499999999999996,0.));
#13198=DIRECTION('',(0.35355339059327,-0.612372435695795,0.707106781186549));
#13199=DIRECTION('',(0.866025403784441,0.499999999999996,0.));
#13200=DIRECTION('',(0.788675134594809,-0.211324865405198,-0.577350269189627));
#13201=DIRECTION('',(-0.258819045102534,-0.965925826289065,0.));
#13202=DIRECTION('',(0.,0.,1.));
#13203=DIRECTION('',(-0.258819045102534,-0.965925826289065,0.));
#13204=DIRECTION('',(-0.965925826289065,0.258819045102534,0.));
#13205=DIRECTION('',(0.258819045102522,0.965925826289068,0.));
#13206=DIRECTION('',(0.,0.,-1.));
#13207=DIRECTION('',(0.258819045102522,0.965925826289068,0.));
#13208=DIRECTION('',(-0.965925826289068,0.258819045102522,0.));
#13209=DIRECTION('',(0.788675134594812,-0.211324865405188,0.577350269189626));
#13210=DIRECTION('',(-0.353553390593272,0.612372435695797,0.707106781186546));
#13211=DIRECTION('',(0.866025403784441,0.499999999999996,0.));
#13212=DIRECTION('',(0.258819045102535,0.965925826289065,0.));
#13213=DIRECTION('',(0.,0.,-1.));
#13214=DIRECTION('',(0.258819045102535,0.965925826289065,0.));
#13215=DIRECTION('',(-0.965925826289065,0.258819045102535,0.));
#13216=DIRECTION('',(0.788675134594807,-0.211324865405198,0.57735026918963));
#13217=DIRECTION('',(-0.353553390593271,0.612372435695796,0.707106781186547));
#13218=DIRECTION('',(0.866025403784441,0.499999999999996,0.));
#13219=DIRECTION('',(0.35355339059327,-0.612372435695795,0.707106781186549));
#13220=DIRECTION('',(0.866025403784441,0.499999999999996,0.));
#13221=DIRECTION('',(0.788675134594812,-0.211324865405193,-0.577350269189625));
#13222=DIRECTION('',(-0.258819045102528,-0.965925826289066,0.));
#13223=DIRECTION('',(0.,0.,1.));
#13224=DIRECTION('',(-0.258819045102528,-0.965925826289066,0.));
#13225=DIRECTION('',(-0.965925826289066,0.258819045102528,0.));
#13226=DIRECTION('',(-0.866025403784441,-0.499999999999996,0.));
#13227=DIRECTION('',(0.499999999999996,-0.866025403784441,0.));
#13228=DIRECTION('',(-0.866025403784441,-0.499999999999996,0.));
#13229=DIRECTION('',(0.499999999999996,-0.866025403784441,0.));
#13230=DIRECTION('',(-0.866025403784441,-0.499999999999996,0.));
#13231=DIRECTION('',(0.499999999999996,-0.866025403784441,0.));
#13232=DIRECTION('',(-0.866025403784441,-0.499999999999996,0.));
#13233=DIRECTION('',(0.499999999999996,-0.866025403784441,0.));
#13234=DIRECTION('',(-0.866025403784441,-0.499999999999996,0.));
#13235=DIRECTION('',(0.499999999999996,-0.866025403784441,0.));
#13236=DIRECTION('',(-0.866025403784441,-0.499999999999996,0.));
#13237=DIRECTION('',(0.499999999999996,-0.866025403784441,0.));
#13238=DIRECTION('',(-0.866025403784441,-0.499999999999996,0.));
#13239=DIRECTION('',(0.499999999999996,-0.866025403784441,0.));
#13240=DIRECTION('',(-0.866025403784441,-0.499999999999996,0.));
#13241=DIRECTION('',(0.499999999999996,-0.866025403784441,0.));
#13242=DIRECTION('',(-0.866025403784441,-0.499999999999996,0.));
#13243=DIRECTION('',(0.499999999999996,-0.866025403784441,0.));
#13244=DIRECTION('',(-0.866025403784441,-0.499999999999996,0.));
#13245=DIRECTION('',(0.499999999999996,-0.866025403784441,0.));
#13246=DIRECTION('',(-1.,0.,0.));
#13247=DIRECTION('',(0.,0.,1.));
#13248=DIRECTION('',(0.,0.,1.));
#13249=DIRECTION('',(0.,-1.,0.));
#13250=DIRECTION('',(0.,0.,1.));
#13251=DIRECTION('',(0.,-1.,0.));
#13252=DIRECTION('',(1.,0.,0.));
#13253=DIRECTION('',(0.,0.,-1.));
#13254=DIRECTION('',(0.,0.,-1.));
#13255=DIRECTION('',(0.,-1.,0.));
#13256=DIRECTION('',(0.,0.,-1.));
#13257=DIRECTION('',(0.,1.,0.));
#13258=DIRECTION('',(0.,0.,-1.));
#13259=DIRECTION('',(-1.,0.,0.));
#13260=DIRECTION('',(0.,0.,-1.));
#13261=DIRECTION('',(-1.,0.,0.));
#13262=DIRECTION('',(0.,0.,-1.));
#13263=DIRECTION('',(-1.,0.,0.));
#13264=DIRECTION('',(-1.,0.,0.));
#13265=DIRECTION('',(0.707106781186547,0.,0.707106781186547));
#13266=DIRECTION('',(0.,-1.,0.));
#13267=DIRECTION('',(-0.707106781186548,0.,0.707106781186548));
#13268=DIRECTION('',(0.,-1.,0.));
#13269=DIRECTION('',(-0.707106781186548,0.,0.707106781186548));
#13270=DIRECTION('',(-0.707106781186547,0.,0.707106781186547));
#13271=DIRECTION('',(0.,-1.,0.));
#13272=DIRECTION('',(0.,1.,0.));
#13273=DIRECTION('',(0.707106781186548,0.,0.707106781186548));
#13274=DIRECTION('',(0.707106781186548,0.,0.707106781186548));
#13275=DIRECTION('',(0.,0.,-1.));
#13276=DIRECTION('',(-1.,0.,0.));
#13277=DIRECTION('',(0.,0.,-1.));
#13278=DIRECTION('',(-1.,0.,0.));
#13279=DIRECTION('',(0.,0.,-1.));
#13280=DIRECTION('',(-1.,0.,0.));
#13281=DIRECTION('',(0.,0.,1.));
#13282=DIRECTION('',(1.,0.,0.));
#13283=DIRECTION('',(0.,0.,-1.));
#13284=DIRECTION('',(-1.,0.,0.));
#13285=DIRECTION('',(0.,0.,1.));
#13286=DIRECTION('',(1.,0.,0.));
#13287=DIRECTION('',(0.,0.,-1.));
#13288=DIRECTION('',(-1.,0.,0.));
#13289=DIRECTION('',(0.,0.,-1.));
#13290=DIRECTION('',(-1.,0.,0.));
#13291=DIRECTION('',(0.,0.,-1.));
#13292=DIRECTION('',(-1.,0.,0.));
#13293=DIRECTION('',(0.,0.,1.));
#13294=DIRECTION('',(1.,0.,0.));
#13295=DIRECTION('',(0.,0.,-1.));
#13296=DIRECTION('',(-1.,0.,0.));
#13297=DIRECTION('',(0.,0.,1.));
#13298=DIRECTION('',(1.,0.,0.));
#13299=DIRECTION('',(-0.707106781186548,0.,0.707106781186548));
#13300=DIRECTION('',(0.707106781186548,0.,0.707106781186548));
#13301=DIRECTION('',(0.707106781186547,0.,-0.707106781186547));
#13302=DIRECTION('',(-0.707106781186548,0.,-0.707106781186548));
#13303=DIRECTION('',(0.707106781186547,0.,0.707106781186547));
#13304=DIRECTION('',(0.707106781186548,0.,-0.707106781186548));
#13305=DIRECTION('',(0.,-1.,0.));
#13306=DIRECTION('',(0.,0.,-1.));
#13307=DIRECTION('',(0.,1.,0.));
#13308=DIRECTION('',(0.,0.,1.));
#13309=DIRECTION('',(0.,-1.,0.));
#13310=DIRECTION('',(0.,0.,-1.));
#13311=DIRECTION('',(0.707106781186547,0.,0.707106781186547));
#13312=DIRECTION('',(0.707106781186548,0.,-0.707106781186548));
#13313=DIRECTION('',(-0.707106781186547,0.,0.707106781186547));
#13314=DIRECTION('',(0.707106781186548,0.,0.707106781186548));
#13315=DIRECTION('',(-0.707106781186548,0.,0.707106781186548));
#13316=DIRECTION('',(0.707106781186548,0.,0.707106781186548));
#13317=DIRECTION('',(0.707106781186548,0.,0.707106781186548));
#13318=DIRECTION('',(0.707106781186548,0.,-0.707106781186548));
#13319=DIRECTION('',(-0.707106781186549,0.,-0.707106781186546));
#13320=DIRECTION('',(-0.707106781186546,0.,0.707106781186549));
#13321=DIRECTION('',(-0.707106781186547,0.,0.707106781186547));
#13322=DIRECTION('',(0.707106781186548,0.,0.707106781186548));
#13323=DIRECTION('',(0.,-1.,0.));
#13324=DIRECTION('',(0.,0.,-1.));
#13325=DIRECTION('',(0.,-1.,0.));
#13326=DIRECTION('',(0.,0.,-1.));
#13327=DIRECTION('',(0.,-1.,0.));
#13328=DIRECTION('',(0.,0.,-1.));
#13329=DIRECTION('',(-0.707106781186547,0.,0.707106781186547));
#13330=DIRECTION('',(0.707106781186548,0.,0.707106781186548));
#13331=DIRECTION('',(0.707106781186549,0.,0.707106781186546));
#13332=DIRECTION('',(0.707106781186546,0.,-0.707106781186549));
#13333=DIRECTION('',(0.707106781186548,0.,0.707106781186548));
#13334=DIRECTION('',(0.707106781186548,0.,-0.707106781186548));
#13335=DIRECTION('',(-1.,0.,0.));
#13336=DIRECTION('',(0.,0.,1.));
#13337=DIRECTION('',(0.,0.,1.));
#13338=DIRECTION('',(0.,-1.,0.));
#13339=DIRECTION('',(0.,0.,1.));
#13340=DIRECTION('',(0.,-1.,0.));
#13341=DIRECTION('',(1.,0.,0.));
#13342=DIRECTION('',(0.,0.,-1.));
#13343=DIRECTION('',(0.,0.,-1.));
#13344=DIRECTION('',(0.,-1.,0.));
#13345=DIRECTION('',(0.,0.,-1.));
#13346=DIRECTION('',(0.,1.,0.));
#13347=DIRECTION('',(0.,0.,-1.));
#13348=DIRECTION('',(-1.,0.,0.));
#13349=DIRECTION('',(0.,0.,-1.));
#13350=DIRECTION('',(-1.,0.,0.));
#13351=DIRECTION('',(0.,0.,-1.));
#13352=DIRECTION('',(-1.,0.,0.));
#13353=DIRECTION('',(0.707106781186547,0.,0.707106781186547));
#13354=DIRECTION('',(0.,-1.,0.));
#13355=DIRECTION('',(-0.707106781186548,0.,0.707106781186548));
#13356=DIRECTION('',(0.,-1.,0.));
#13357=DIRECTION('',(-0.707106781186548,0.,0.707106781186548));
#13358=DIRECTION('',(-0.707106781186547,0.,0.707106781186547));
#13359=DIRECTION('',(0.,-1.,0.));
#13360=DIRECTION('',(0.,1.,0.));
#13361=DIRECTION('',(0.707106781186548,0.,0.707106781186548));
#13362=DIRECTION('',(0.707106781186548,0.,0.707106781186548));
#13363=DIRECTION('',(0.,0.,-1.));
#13364=DIRECTION('',(-1.,0.,0.));
#13365=DIRECTION('',(0.,0.,-1.));
#13366=DIRECTION('',(-1.,0.,0.));
#13367=DIRECTION('',(0.,0.,-1.));
#13368=DIRECTION('',(-1.,0.,0.));
#13369=DIRECTION('',(0.,0.,1.));
#13370=DIRECTION('',(1.,0.,0.));
#13371=DIRECTION('',(0.,0.,-1.));
#13372=DIRECTION('',(-1.,0.,0.));
#13373=DIRECTION('',(0.,0.,1.));
#13374=DIRECTION('',(1.,0.,0.));
#13375=DIRECTION('',(0.,0.,-1.));
#13376=DIRECTION('',(-1.,0.,0.));
#13377=DIRECTION('',(0.,0.,-1.));
#13378=DIRECTION('',(-1.,0.,0.));
#13379=DIRECTION('',(0.,0.,-1.));
#13380=DIRECTION('',(-1.,0.,0.));
#13381=DIRECTION('',(0.,0.,1.));
#13382=DIRECTION('',(1.,0.,0.));
#13383=DIRECTION('',(0.,0.,-1.));
#13384=DIRECTION('',(-1.,0.,0.));
#13385=DIRECTION('',(0.,0.,1.));
#13386=DIRECTION('',(1.,0.,0.));
#13387=DIRECTION('',(-0.707106781186548,0.,0.707106781186548));
#13388=DIRECTION('',(0.707106781186548,0.,0.707106781186548));
#13389=DIRECTION('',(0.707106781186547,0.,-0.707106781186547));
#13390=DIRECTION('',(-0.707106781186548,0.,-0.707106781186548));
#13391=DIRECTION('',(0.707106781186547,0.,0.707106781186547));
#13392=DIRECTION('',(0.707106781186548,0.,-0.707106781186548));
#13393=DIRECTION('',(0.,-1.,0.));
#13394=DIRECTION('',(0.,0.,-1.));
#13395=DIRECTION('',(0.,1.,0.));
#13396=DIRECTION('',(0.,0.,1.));
#13397=DIRECTION('',(0.,-1.,0.));
#13398=DIRECTION('',(0.,0.,-1.));
#13399=DIRECTION('',(0.707106781186547,0.,0.707106781186547));
#13400=DIRECTION('',(0.707106781186548,0.,-0.707106781186548));
#13401=DIRECTION('',(-0.707106781186549,0.,0.707106781186546));
#13402=DIRECTION('',(0.707106781186546,0.,0.707106781186549));
#13403=DIRECTION('',(-0.707106781186548,0.,0.707106781186548));
#13404=DIRECTION('',(0.707106781186548,0.,0.707106781186548));
#13405=DIRECTION('',(0.707106781186548,0.,0.707106781186548));
#13406=DIRECTION('',(0.707106781186548,0.,-0.707106781186548));
#13407=DIRECTION('',(-0.707106781186549,0.,-0.707106781186546));
#13408=DIRECTION('',(-0.707106781186546,0.,0.707106781186549));
#13409=DIRECTION('',(-0.707106781186547,0.,0.707106781186547));
#13410=DIRECTION('',(0.707106781186548,0.,0.707106781186548));
#13411=DIRECTION('',(0.,-1.,0.));
#13412=DIRECTION('',(0.,0.,-1.));
#13413=DIRECTION('',(0.,-1.,0.));
#13414=DIRECTION('',(0.,0.,-1.));
#13415=DIRECTION('',(0.,-1.,0.));
#13416=DIRECTION('',(0.,0.,-1.));
#13417=DIRECTION('',(-0.707106781186547,0.,0.707106781186547));
#13418=DIRECTION('',(0.707106781186548,0.,0.707106781186548));
#13419=DIRECTION('',(0.707106781186549,0.,0.707106781186546));
#13420=DIRECTION('',(0.707106781186546,0.,-0.707106781186549));
#13421=DIRECTION('',(0.707106781186548,0.,0.707106781186548));
#13422=DIRECTION('',(0.707106781186548,0.,-0.707106781186548));
#13423=DIRECTION('',(-1.,0.,0.));
#13424=DIRECTION('',(0.,0.,1.));
#13425=DIRECTION('',(0.,0.,1.));
#13426=DIRECTION('',(0.,-1.,0.));
#13427=DIRECTION('',(0.,0.,1.));
#13428=DIRECTION('',(0.,-1.,0.));
#13429=DIRECTION('',(1.,0.,0.));
#13430=DIRECTION('',(0.,0.,-1.));
#13431=DIRECTION('',(0.,0.,-1.));
#13432=DIRECTION('',(0.,-1.,0.));
#13433=DIRECTION('',(0.,0.,-1.));
#13434=DIRECTION('',(0.,1.,0.));
#13435=DIRECTION('',(0.,0.,-1.));
#13436=DIRECTION('',(-1.,0.,0.));
#13437=DIRECTION('',(0.,0.,-1.));
#13438=DIRECTION('',(-1.,0.,0.));
#13439=DIRECTION('',(-1.,0.,0.));
#13440=DIRECTION('',(0.,0.,-1.));
#13441=DIRECTION('',(-1.,0.,0.));
#13442=DIRECTION('',(0.707106781186547,0.,0.707106781186547));
#13443=DIRECTION('',(0.,-1.,0.));
#13444=DIRECTION('',(-0.707106781186548,0.,0.707106781186548));
#13445=DIRECTION('',(0.,-1.,0.));
#13446=DIRECTION('',(-0.707106781186548,0.,0.707106781186548));
#13447=DIRECTION('',(-0.707106781186547,0.,0.707106781186547));
#13448=DIRECTION('',(0.,-1.,0.));
#13449=DIRECTION('',(0.,1.,0.));
#13450=DIRECTION('',(0.707106781186548,0.,0.707106781186548));
#13451=DIRECTION('',(0.707106781186548,0.,0.707106781186548));
#13452=DIRECTION('',(0.,0.,-1.));
#13453=DIRECTION('',(-1.,0.,0.));
#13454=DIRECTION('',(0.,0.,-1.));
#13455=DIRECTION('',(-1.,0.,0.));
#13456=DIRECTION('',(0.,0.,-1.));
#13457=DIRECTION('',(-1.,0.,0.));
#13458=DIRECTION('',(0.,0.,1.));
#13459=DIRECTION('',(1.,0.,0.));
#13460=DIRECTION('',(0.,0.,-1.));
#13461=DIRECTION('',(-1.,0.,0.));
#13462=DIRECTION('',(0.,0.,1.));
#13463=DIRECTION('',(1.,0.,0.));
#13464=DIRECTION('',(0.,0.,-1.));
#13465=DIRECTION('',(-1.,0.,0.));
#13466=DIRECTION('',(0.,0.,-1.));
#13467=DIRECTION('',(-1.,0.,0.));
#13468=DIRECTION('',(0.,0.,-1.));
#13469=DIRECTION('',(-1.,0.,0.));
#13470=DIRECTION('',(0.,0.,1.));
#13471=DIRECTION('',(1.,0.,0.));
#13472=DIRECTION('',(0.,0.,-1.));
#13473=DIRECTION('',(-1.,0.,0.));
#13474=DIRECTION('',(0.,0.,1.));
#13475=DIRECTION('',(1.,0.,0.));
#13476=DIRECTION('',(-0.707106781186548,0.,0.707106781186548));
#13477=DIRECTION('',(0.707106781186548,0.,0.707106781186548));
#13478=DIRECTION('',(0.707106781186547,0.,-0.707106781186547));
#13479=DIRECTION('',(-0.707106781186548,0.,-0.707106781186548));
#13480=DIRECTION('',(0.707106781186547,0.,0.707106781186547));
#13481=DIRECTION('',(0.707106781186548,0.,-0.707106781186548));
#13482=DIRECTION('',(0.,-1.,0.));
#13483=DIRECTION('',(0.,0.,-1.));
#13484=DIRECTION('',(0.,1.,0.));
#13485=DIRECTION('',(0.,0.,1.));
#13486=DIRECTION('',(0.,-1.,0.));
#13487=DIRECTION('',(0.,0.,-1.));
#13488=DIRECTION('',(0.707106781186547,0.,0.707106781186547));
#13489=DIRECTION('',(0.707106781186548,0.,-0.707106781186548));
#13490=DIRECTION('',(-0.707106781186547,0.,0.707106781186547));
#13491=DIRECTION('',(0.707106781186548,0.,0.707106781186548));
#13492=DIRECTION('',(-0.707106781186548,0.,0.707106781186548));
#13493=DIRECTION('',(0.707106781186548,0.,0.707106781186548));
#13494=DIRECTION('',(0.707106781186548,0.,0.707106781186548));
#13495=DIRECTION('',(0.707106781186548,0.,-0.707106781186548));
#13496=DIRECTION('',(-0.707106781186549,0.,-0.707106781186546));
#13497=DIRECTION('',(-0.707106781186546,0.,0.707106781186549));
#13498=DIRECTION('',(-0.707106781186547,0.,0.707106781186547));
#13499=DIRECTION('',(0.707106781186548,0.,0.707106781186548));
#13500=DIRECTION('',(0.,-1.,0.));
#13501=DIRECTION('',(0.,0.,-1.));
#13502=DIRECTION('',(0.,-1.,0.));
#13503=DIRECTION('',(0.,0.,-1.));
#13504=DIRECTION('',(0.,-1.,0.));
#13505=DIRECTION('',(0.,0.,-1.));
#13506=DIRECTION('',(-0.707106781186547,0.,0.707106781186547));
#13507=DIRECTION('',(0.707106781186548,0.,0.707106781186548));
#13508=DIRECTION('',(0.707106781186549,0.,0.707106781186546));
#13509=DIRECTION('',(0.707106781186546,0.,-0.707106781186549));
#13510=DIRECTION('',(0.707106781186548,0.,0.707106781186548));
#13511=DIRECTION('',(0.707106781186548,0.,-0.707106781186548));
#13512=DIRECTION('',(-1.,0.,0.));
#13513=DIRECTION('',(0.,0.,1.));
#13514=DIRECTION('',(0.,0.,1.));
#13515=DIRECTION('',(0.,1.,0.));
#13516=DIRECTION('',(0.,0.,1.));
#13517=DIRECTION('',(0.,-1.,0.));
#13518=DIRECTION('',(1.,0.,0.));
#13519=DIRECTION('',(0.,0.,-1.));
#13520=DIRECTION('',(0.,0.,-1.));
#13521=DIRECTION('',(0.,1.,0.));
#13522=DIRECTION('',(0.,0.,-1.));
#13523=DIRECTION('',(0.,1.,0.));
#13524=DIRECTION('',(0.707106781186547,0.,0.707106781186547));
#13525=DIRECTION('',(0.,-1.,0.));
#13526=DIRECTION('',(-0.707106781186548,0.,0.707106781186548));
#13527=DIRECTION('',(0.,-1.,0.));
#13528=DIRECTION('',(-0.707106781186548,0.,0.707106781186548));
#13529=DIRECTION('',(-0.707106781186547,0.,0.707106781186547));
#13530=DIRECTION('',(0.,-1.,0.));
#13531=DIRECTION('',(0.,1.,0.));
#13532=DIRECTION('',(0.707106781186548,0.,0.707106781186548));
#13533=DIRECTION('',(0.707106781186548,0.,0.707106781186548));
#13534=DIRECTION('',(0.,0.,-1.));
#13535=DIRECTION('',(-1.,0.,0.));
#13536=DIRECTION('',(0.,0.,1.));
#13537=DIRECTION('',(1.,0.,0.));
#13538=DIRECTION('',(0.,0.,-1.));
#13539=DIRECTION('',(-1.,0.,0.));
#13540=DIRECTION('',(0.,0.,1.));
#13541=DIRECTION('',(1.,0.,0.));
#13542=DIRECTION('',(0.,0.,1.));
#13543=DIRECTION('',(1.,0.,0.));
#13544=DIRECTION('',(0.,0.,1.));
#13545=DIRECTION('',(1.,0.,0.));
#13546=DIRECTION('',(0.,0.,-1.));
#13547=DIRECTION('',(-1.,0.,0.));
#13548=DIRECTION('',(0.,0.,1.));
#13549=DIRECTION('',(1.,0.,0.));
#13550=DIRECTION('',(0.,0.,-1.));
#13551=DIRECTION('',(-1.,0.,0.));
#13552=DIRECTION('',(0.,0.,1.));
#13553=DIRECTION('',(1.,0.,0.));
#13554=DIRECTION('',(0.,0.,1.));
#13555=DIRECTION('',(1.,0.,0.));
#13556=DIRECTION('',(0.,0.,1.));
#13557=DIRECTION('',(1.,0.,0.));
#13558=DIRECTION('',(-0.707106781186548,0.,0.707106781186548));
#13559=DIRECTION('',(0.707106781186548,0.,0.707106781186548));
#13560=DIRECTION('',(0.707106781186547,0.,-0.707106781186547));
#13561=DIRECTION('',(-0.707106781186548,0.,-0.707106781186548));
#13562=DIRECTION('',(0.707106781186547,0.,0.707106781186547));
#13563=DIRECTION('',(0.707106781186548,0.,-0.707106781186548));
#13564=DIRECTION('',(0.,-1.,0.));
#13565=DIRECTION('',(0.,0.,-1.));
#13566=DIRECTION('',(0.,1.,0.));
#13567=DIRECTION('',(0.,0.,1.));
#13568=DIRECTION('',(0.,-1.,0.));
#13569=DIRECTION('',(0.,0.,-1.));
#13570=DIRECTION('',(0.707106781186547,0.,0.707106781186547));
#13571=DIRECTION('',(0.707106781186548,0.,-0.707106781186548));
#13572=DIRECTION('',(-0.707106781186547,0.,0.707106781186547));
#13573=DIRECTION('',(0.707106781186548,0.,0.707106781186548));
#13574=DIRECTION('',(-0.707106781186548,0.,0.707106781186548));
#13575=DIRECTION('',(0.707106781186548,0.,0.707106781186548));
#13576=DIRECTION('',(0.707106781186548,0.,0.707106781186548));
#13577=DIRECTION('',(0.707106781186548,0.,-0.707106781186548));
#13578=DIRECTION('',(-0.707106781186547,0.,-0.707106781186547));
#13579=DIRECTION('',(-0.707106781186548,0.,0.707106781186548));
#13580=DIRECTION('',(-0.707106781186547,0.,0.707106781186547));
#13581=DIRECTION('',(0.707106781186548,0.,0.707106781186548));
#13582=DIRECTION('',(0.,-1.,0.));
#13583=DIRECTION('',(0.,0.,-1.));
#13584=DIRECTION('',(0.,-1.,0.));
#13585=DIRECTION('',(0.,0.,-1.));
#13586=DIRECTION('',(0.,-1.,0.));
#13587=DIRECTION('',(0.,0.,-1.));
#13588=DIRECTION('',(-0.707106781186547,0.,0.707106781186547));
#13589=DIRECTION('',(0.707106781186548,0.,0.707106781186548));
#13590=DIRECTION('',(0.707106781186549,0.,0.707106781186546));
#13591=DIRECTION('',(0.707106781186546,0.,-0.707106781186549));
#13592=DIRECTION('',(0.707106781186548,0.,0.707106781186548));
#13593=DIRECTION('',(0.707106781186548,0.,-0.707106781186548));
#13594=DIRECTION('',(-1.,0.,0.));
#13595=DIRECTION('',(0.,0.,1.));
#13596=DIRECTION('',(0.,0.,1.));
#13597=DIRECTION('',(0.,1.,0.));
#13598=DIRECTION('',(0.,0.,1.));
#13599=DIRECTION('',(0.,-1.,0.));
#13600=DIRECTION('',(1.,0.,0.));
#13601=DIRECTION('',(0.,0.,-1.));
#13602=DIRECTION('',(0.,0.,-1.));
#13603=DIRECTION('',(0.,1.,0.));
#13604=DIRECTION('',(0.,0.,-1.));
#13605=DIRECTION('',(0.,1.,0.));
#13606=DIRECTION('',(0.707106781186547,0.,0.707106781186547));
#13607=DIRECTION('',(0.,-1.,0.));
#13608=DIRECTION('',(-0.707106781186548,0.,0.707106781186548));
#13609=DIRECTION('',(0.,-1.,0.));
#13610=DIRECTION('',(-0.707106781186548,0.,0.707106781186548));
#13611=DIRECTION('',(-0.707106781186547,0.,0.707106781186547));
#13612=DIRECTION('',(0.,-1.,0.));
#13613=DIRECTION('',(0.,1.,0.));
#13614=DIRECTION('',(0.707106781186548,0.,0.707106781186548));
#13615=DIRECTION('',(0.707106781186548,0.,0.707106781186548));
#13616=DIRECTION('',(0.,0.,-1.));
#13617=DIRECTION('',(-1.,0.,0.));
#13618=DIRECTION('',(0.,0.,1.));
#13619=DIRECTION('',(1.,0.,0.));
#13620=DIRECTION('',(0.,0.,-1.));
#13621=DIRECTION('',(-1.,0.,0.));
#13622=DIRECTION('',(0.,0.,1.));
#13623=DIRECTION('',(1.,0.,0.));
#13624=DIRECTION('',(0.,0.,1.));
#13625=DIRECTION('',(1.,0.,0.));
#13626=DIRECTION('',(0.,0.,1.));
#13627=DIRECTION('',(1.,0.,0.));
#13628=DIRECTION('',(0.,0.,-1.));
#13629=DIRECTION('',(-1.,0.,0.));
#13630=DIRECTION('',(0.,0.,1.));
#13631=DIRECTION('',(1.,0.,0.));
#13632=DIRECTION('',(0.,0.,-1.));
#13633=DIRECTION('',(-1.,0.,0.));
#13634=DIRECTION('',(0.,0.,1.));
#13635=DIRECTION('',(1.,0.,0.));
#13636=DIRECTION('',(0.,0.,1.));
#13637=DIRECTION('',(1.,0.,0.));
#13638=DIRECTION('',(0.,0.,1.));
#13639=DIRECTION('',(1.,0.,0.));
#13640=DIRECTION('',(-0.707106781186548,0.,0.707106781186548));
#13641=DIRECTION('',(0.707106781186548,0.,0.707106781186548));
#13642=DIRECTION('',(0.707106781186547,0.,-0.707106781186547));
#13643=DIRECTION('',(-0.707106781186548,0.,-0.707106781186548));
#13644=DIRECTION('',(0.707106781186547,0.,0.707106781186547));
#13645=DIRECTION('',(0.707106781186548,0.,-0.707106781186548));
#13646=DIRECTION('',(0.,-1.,0.));
#13647=DIRECTION('',(0.,0.,-1.));
#13648=DIRECTION('',(0.,1.,0.));
#13649=DIRECTION('',(0.,0.,1.));
#13650=DIRECTION('',(0.,-1.,0.));
#13651=DIRECTION('',(0.,0.,-1.));
#13652=DIRECTION('',(0.707106781186547,0.,0.707106781186547));
#13653=DIRECTION('',(0.707106781186548,0.,-0.707106781186548));
#13654=DIRECTION('',(-0.707106781186547,0.,0.707106781186547));
#13655=DIRECTION('',(0.707106781186548,0.,0.707106781186548));
#13656=DIRECTION('',(-0.707106781186548,0.,0.707106781186548));
#13657=DIRECTION('',(0.707106781186548,0.,0.707106781186548));
#13658=DIRECTION('',(0.707106781186548,0.,0.707106781186548));
#13659=DIRECTION('',(0.707106781186548,0.,-0.707106781186548));
#13660=DIRECTION('',(-0.707106781186549,0.,-0.707106781186546));
#13661=DIRECTION('',(-0.707106781186546,0.,0.707106781186549));
#13662=DIRECTION('',(-0.707106781186547,0.,0.707106781186547));
#13663=DIRECTION('',(0.707106781186548,0.,0.707106781186548));
#13664=DIRECTION('',(0.,-1.,0.));
#13665=DIRECTION('',(0.,0.,-1.));
#13666=DIRECTION('',(0.,-1.,0.));
#13667=DIRECTION('',(0.,0.,-1.));
#13668=DIRECTION('',(0.,-1.,0.));
#13669=DIRECTION('',(0.,0.,-1.));
#13670=DIRECTION('',(-0.707106781186547,0.,0.707106781186547));
#13671=DIRECTION('',(0.707106781186548,0.,0.707106781186548));
#13672=DIRECTION('',(0.707106781186549,0.,0.707106781186546));
#13673=DIRECTION('',(0.707106781186546,0.,-0.707106781186549));
#13674=DIRECTION('',(0.707106781186548,0.,0.707106781186548));
#13675=DIRECTION('',(0.707106781186548,0.,-0.707106781186548));
#13676=DIRECTION('',(0.,0.,1.));
#13677=DIRECTION('',(1.,0.,0.));
#13678=DIRECTION('',(0.,0.,1.));
#13679=DIRECTION('',(1.,0.,0.));
#13680=DIRECTION('',(-0.126107380212574,0.218424389737586,0.967671284385191));
#13681=DIRECTION('',(0.,-0.975458764848061,0.220182192924622));
#13682=DIRECTION('',(0.126107380212571,-0.218424389737582,-0.967671284385192));
#13683=DIRECTION('',(0.,0.975458764848062,-0.220182192924619));
#13684=DIRECTION('',(0.,0.,1.));
#13685=DIRECTION('',(1.,0.,0.));
#13686=DIRECTION('',(0.,0.,1.));
#13687=DIRECTION('',(1.,0.,0.));
#13688=DIRECTION('',(0.866025403784441,0.499999999999997,0.));
#13689=DIRECTION('',(-0.499999999999997,0.86602540378444,0.));
#13690=DIRECTION('',(0.,0.,-1.));
#13691=DIRECTION('',(-1.,0.,0.));
#13692=DIRECTION('',(0.,0.,-1.));
#13693=DIRECTION('',(-1.,0.,0.));
#13694=DIRECTION('',(-0.126107380212574,0.218424389737586,0.967671284385191));
#13695=DIRECTION('',(0.,-0.975458764848061,0.220182192924622));
#13696=DIRECTION('',(0.126107380212576,-0.218424389737587,-0.96767128438519));
#13697=DIRECTION('',(0.,0.97545876484806,-0.220182192924624));
#13698=DIRECTION('',(0.86602540378444,0.499999999999998,0.));
#13699=DIRECTION('',(-0.499999999999998,0.86602540378444,0.));
#13700=DIRECTION('',(0.,0.,-1.));
#13701=DIRECTION('',(-1.,0.,0.));
#13702=DIRECTION('',(0.,0.,1.));
#13703=DIRECTION('',(1.,0.,0.));
#13704=DIRECTION('',(0.00436326774918693,-0.00755740142861855,0.999961923064171));
#13705=DIRECTION('',(0.,-0.999971441890356,-0.00755747336894842));
#13706=DIRECTION('',(0.,0.,-1.));
#13707=DIRECTION('',(-1.,0.,0.));
#13708=DIRECTION('',(-1.,0.,0.));
#13709=DIRECTION('',(0.,0.,1.));
#13710=DIRECTION('',(1.,0.,0.));
#13711=DIRECTION('',(0.,0.,-1.));
#13712=DIRECTION('',(-1.,0.,0.));
#13713=DIRECTION('',(0.,0.,1.));
#13714=DIRECTION('',(0.,0.,-1.));
#13715=DIRECTION('',(-1.,0.,0.));
#13716=DIRECTION('',(0.,1.,0.));
#13717=DIRECTION('',(0.,0.,1.));
#13718=DIRECTION('',(0.,0.,-1.));
#13719=DIRECTION('',(-1.,0.,0.));
#13720=DIRECTION('',(0.,-1.,0.));
#13721=DIRECTION('',(0.,0.,-1.));
#13722=DIRECTION('',(0.,1.,0.));
#13723=DIRECTION('',(0.,0.,1.));
#13724=DIRECTION('',(0.,-1.,0.));
#13725=DIRECTION('',(0.,0.,-1.));
#13726=DIRECTION('',(0.,-1.,0.));
#13727=DIRECTION('',(0.,0.,-1.));
#13728=DIRECTION('',(0.,0.,-1.));
#13729=DIRECTION('',(-1.,0.,0.));
#13730=DIRECTION('',(0.,0.,-1.));
#13731=DIRECTION('',(-1.,0.,0.));
#13732=DIRECTION('',(0.,0.,-1.));
#13733=DIRECTION('',(-1.,0.,0.));
#13734=DIRECTION('',(0.,1.,0.));
#13735=DIRECTION('',(0.,0.,1.));
#13736=DIRECTION('',(0.,1.,0.));
#13737=DIRECTION('',(0.,0.,1.));
#13738=DIRECTION('',(0.,1.,0.));
#13739=DIRECTION('',(0.,0.,1.));
#13740=DIRECTION('',(0.,1.,0.));
#13741=DIRECTION('',(0.,0.,1.));
#13742=DIRECTION('',(0.,1.,0.));
#13743=DIRECTION('',(0.,0.,1.));
#13744=DIRECTION('',(0.,0.,-1.));
#13745=DIRECTION('',(-1.,0.,0.));
#13746=DIRECTION('',(0.,0.,-1.));
#13747=DIRECTION('',(-1.,0.,0.));
#13748=DIRECTION('',(1.,0.,0.));
#13749=DIRECTION('',(0.,0.,-1.));
#13750=DIRECTION('',(0.,0.,-1.));
#13751=DIRECTION('',(-1.,0.,0.));
#13752=DIRECTION('',(1.,0.,0.));
#13753=DIRECTION('',(0.,0.,-1.));
#13754=DIRECTION('',(1.,0.,0.));
#13755=DIRECTION('',(0.,0.,-1.));
#13756=DIRECTION('',(0.,0.,-1.));
#13757=DIRECTION('',(-1.,0.,0.));
#13758=DIRECTION('',(0.,1.,0.));
#13759=DIRECTION('',(0.,0.,1.));
#13760=DIRECTION('',(0.,1.,0.));
#13761=DIRECTION('',(0.,0.,1.));
#13762=DIRECTION('',(0.,1.,0.));
#13763=DIRECTION('',(0.,0.,1.));
#13764=DIRECTION('',(0.,1.,0.));
#13765=DIRECTION('',(0.,0.,1.));
#13766=DIRECTION('',(0.,1.,0.));
#13767=DIRECTION('',(0.,0.,1.));
#13768=DIRECTION('',(0.,0.,-1.));
#13769=DIRECTION('',(-1.,0.,0.));
#13770=DIRECTION('',(0.,0.,-1.));
#13771=DIRECTION('',(-1.,0.,0.));
#13772=DIRECTION('',(1.,0.,0.));
#13773=DIRECTION('',(0.,0.,-1.));
#13774=DIRECTION('',(0.,0.,-1.));
#13775=DIRECTION('',(-1.,0.,0.));
#13776=DIRECTION('',(1.,0.,0.));
#13777=DIRECTION('',(0.,0.,-1.));
#13778=DIRECTION('',(1.,0.,0.));
#13779=DIRECTION('',(0.,0.,-1.));
#13780=DIRECTION('',(1.,0.,0.));
#13781=DIRECTION('',(0.,0.,-1.));
#13782=DIRECTION('',(1.,0.,0.));
#13783=DIRECTION('',(0.,0.,-1.));
#13784=DIRECTION('',(-1.,0.,0.));
#13785=DIRECTION('',(0.,0.,1.));
#13786=DIRECTION('',(-1.,0.,0.));
#13787=DIRECTION('',(0.,0.,1.));
#13788=DIRECTION('',(-1.,0.,0.));
#13789=DIRECTION('',(0.,0.,1.));
#13790=DIRECTION('',(0.,0.,1.));
#13791=DIRECTION('',(1.,0.,0.));
#13792=DIRECTION('',(0.,1.,0.));
#13793=DIRECTION('',(0.,0.,1.));
#13794=DIRECTION('',(0.,0.,1.));
#13795=DIRECTION('',(1.,0.,0.));
#13796=DIRECTION('',(0.,-1.,0.));
#13797=DIRECTION('',(0.,0.,-1.));
#13798=DIRECTION('',(0.,1.,0.));
#13799=DIRECTION('',(0.,0.,1.));
#13800=DIRECTION('',(0.,-1.,0.));
#13801=DIRECTION('',(0.,0.,-1.));
#13802=DIRECTION('',(0.,-1.,0.));
#13803=DIRECTION('',(0.,0.,-1.));
#13804=DIRECTION('',(0.,0.,1.));
#13805=DIRECTION('',(1.,0.,0.));
#13806=DIRECTION('',(1.,0.,0.));
#13807=DIRECTION('',(0.,0.,-1.));
#13808=DIRECTION('',(-1.,0.,0.));
#13809=DIRECTION('',(0.,0.,1.));
#13810=DIRECTION('',(0.,0.,1.));
#13811=DIRECTION('',(1.,0.,0.));
#13812=DIRECTION('',(1.,0.,0.));
#13813=DIRECTION('',(0.,0.,-1.));
#13814=DIRECTION('',(0.,0.,1.));
#13815=DIRECTION('',(1.,0.,0.));
#13816=DIRECTION('',(0.,1.,0.));
#13817=DIRECTION('',(0.,0.,1.));
#13818=DIRECTION('',(1.,0.,0.));
#13819=DIRECTION('',(0.,0.,-1.));
#13820=DIRECTION('',(1.,0.,0.));
#13821=DIRECTION('',(0.,0.,-1.));
#13822=DIRECTION('',(0.,1.,0.));
#13823=DIRECTION('',(0.,0.,1.));
#13824=DIRECTION('',(0.,1.,0.));
#13825=DIRECTION('',(0.,0.,1.));
#13826=DIRECTION('',(0.,1.,0.));
#13827=DIRECTION('',(0.,0.,1.));
#13828=DIRECTION('',(0.,1.,0.));
#13829=DIRECTION('',(0.,0.,1.));
#13830=DIRECTION('',(0.,0.,1.));
#13831=DIRECTION('',(1.,0.,0.));
#13832=DIRECTION('',(0.,0.,1.));
#13833=DIRECTION('',(1.,0.,0.));
#13834=DIRECTION('',(1.,0.,0.));
#13835=DIRECTION('',(0.,0.,-1.));
#13836=DIRECTION('',(0.,0.,1.));
#13837=DIRECTION('',(1.,0.,0.));
#13838=DIRECTION('',(-1.,0.,0.));
#13839=DIRECTION('',(0.,0.,1.));
#13840=DIRECTION('',(1.,0.,0.));
#13841=DIRECTION('',(0.,0.,-1.));
#13842=DIRECTION('',(0.,0.,-1.));
#13843=DIRECTION('',(-1.,0.,0.));
#13844=DIRECTION('',(0.,0.,1.));
#13845=DIRECTION('',(1.,0.,0.));
#13846=DIRECTION('',(0.,1.,0.));
#13847=DIRECTION('',(-1.,0.,0.));
#13848=DIRECTION('',(0.,0.,1.));
#13849=DIRECTION('',(1.,0.,0.));
#13850=DIRECTION('',(-1.,0.,0.));
#13851=DIRECTION('',(0.,-1.,0.));
#13852=DIRECTION('',(0.,0.,1.));
#13853=DIRECTION('',(1.,0.,0.));
#13854=DIRECTION('',(0.,-1.,0.));
#13855=DIRECTION('',(1.,0.,0.));
#13856=DIRECTION('',(0.,0.,1.));
#13857=DIRECTION('',(1.,0.,0.));
#13858=DIRECTION('',(0.,0.,1.));
#13859=DIRECTION('',(-1.,0.,0.));
#13860=DIRECTION('',(0.,0.,1.));
#13861=DIRECTION('',(1.,0.,0.));
#13862=DIRECTION('',(1.,0.,0.));
#13863=DIRECTION('',(0.,1.,0.));
#13864=DIRECTION('',(0.,0.,1.));
#13865=DIRECTION('',(1.,0.,0.));
#13866=DIRECTION('',(-0.577350269189626,0.577350269189626,-0.577350269189626));
#13867=DIRECTION('',(-0.707106785501245,-0.70710677687185,8.62939492085602E-9));
#13868=DIRECTION('',(0.,0.,1.));
#13869=DIRECTION('',(1.,0.,0.));
#13870=DIRECTION('',(-0.718873086818576,0.585048618558824,-0.375419230954334));
#13871=DIRECTION('',(-0.631219060903752,-0.775604601038303,-1.4955877120082E-8));
#13872=DIRECTION('',(0.,0.,1.));
#13873=DIRECTION('',(1.,0.,0.));
#13874=CARTESIAN_POINT('',(0.,0.,0.));
#13875=CARTESIAN_POINT('',(-0.540851134843481,22.7343423786192,-16.69327435));
#13876=CARTESIAN_POINT('',(-0.719152663319944,22.2672143823024,-16.69327435));
#13877=CARTESIAN_POINT('',(-0.719152663319942,22.2672143823024,-15.34327435));
#13878=CARTESIAN_POINT('',(-0.719152663319942,22.2672143823024,-18.04327435));
#13879=CARTESIAN_POINT('',(-0.540851134843481,22.7343423786192,-15.34327435));
#13880=CARTESIAN_POINT('',(-0.107838432951262,22.9843423786192,-15.34327435));
#13881=CARTESIAN_POINT('',(-0.107838432951262,22.9843423786192,-16.69327435));
#13882=CARTESIAN_POINT('',(-0.107838432951265,22.9843423786192,-18.04327435));
#13883=CARTESIAN_POINT('',(-0.540851134843481,22.7343423786192,-18.04327435));
#13884=CARTESIAN_POINT('',(40.489848317486,15.598,-14.54327435));
#13885=CARTESIAN_POINT('',(44.8524791385931,15.5,-14.54327435));
#13886=CARTESIAN_POINT('',(45.7524791385931,15.5,-14.54327435));
#13887=CARTESIAN_POINT('',(45.746906329593,15.4,-14.54327435));
#13888=CARTESIAN_POINT('',(40.489848317486,15.4,-14.54327435));
#13889=CARTESIAN_POINT('',(45.7580519475932,15.4,-14.54327435));
#13890=CARTESIAN_POINT('',(46.6524791385931,15.5,-14.54327435));
#13891=CARTESIAN_POINT('',(40.489848317486,15.598,-14.54327435));
#13892=CARTESIAN_POINT('',(49.8524791385931,15.5,-14.54327435));
#13893=CARTESIAN_POINT('',(50.7524791385931,15.5,-14.54327435));
#13894=CARTESIAN_POINT('',(50.746906329593,15.4,-14.54327435));
#13895=CARTESIAN_POINT('',(40.489848317486,15.4,-14.54327435));
#13896=CARTESIAN_POINT('',(50.7580519475932,15.4,-14.54327435));
#13897=CARTESIAN_POINT('',(51.6524791385931,15.5,-14.54327435));
#13898=CARTESIAN_POINT('',(41.1524791385931,14.7174665251543,-14.54327435));
#13899=CARTESIAN_POINT('',(41.1524791385931,16.7,-14.54327435));
#13900=CARTESIAN_POINT('',(40.9041476612383,16.7,-14.54327435));
#13901=CARTESIAN_POINT('',(40.6008106159479,16.7,-14.54327435));
#13902=CARTESIAN_POINT('',(39.8524791385931,16.2,-14.54327435));
#13903=CARTESIAN_POINT('',(40.7524791385931,16.2,-14.54327435));
#13904=CARTESIAN_POINT('',(41.6524791385931,16.2,-14.54327435));
#13905=CARTESIAN_POINT('',(36.1524791385931,14.7174665251543,-14.54327435));
#13906=CARTESIAN_POINT('',(34.8524791385931,15.5,-14.54327435));
#13907=CARTESIAN_POINT('',(35.7524791385931,15.5,-14.54327435));
#13908=CARTESIAN_POINT('',(35.7469063295931,15.4,-14.54327435));
#13909=CARTESIAN_POINT('',(36.6524791385931,15.4,-14.54327435));
#13910=CARTESIAN_POINT('',(35.7580519475932,15.4,-14.54327435));
#13911=CARTESIAN_POINT('',(36.6524791385931,15.5,-14.54327435));
#13912=CARTESIAN_POINT('',(31.1524791385931,14.7174665251543,-14.54327435));
#13913=CARTESIAN_POINT('',(31.1524791385931,16.7,-14.54327435));
#13914=CARTESIAN_POINT('',(30.9041476612383,16.7,-14.54327435));
#13915=CARTESIAN_POINT('',(30.6008106159479,16.7,-14.54327435));
#13916=CARTESIAN_POINT('',(29.8524791385931,16.2,-14.54327435));
#13917=CARTESIAN_POINT('',(30.7524791385931,16.2,-14.54327435));
#13918=CARTESIAN_POINT('',(31.6524791385931,16.2,-14.54327435));
#13919=CARTESIAN_POINT('',(31.2500587948709,13.4760488379616,-11.12327435));
#13920=CARTESIAN_POINT('',(31.2500587948709,15.,-11.12327435));
#13921=CARTESIAN_POINT('',(49.1453723574066,15.,-11.12327435));
#13922=CARTESIAN_POINT('',(47.3595859197797,15.,-11.12327435));
#13923=CARTESIAN_POINT('',(49.1453723574066,15.5,-11.12327435));
#13924=CARTESIAN_POINT('',(49.8524791385931,15.5,-11.12327435));
#13925=CARTESIAN_POINT('',(49.8524791385931,16.7,-11.12327435));
#13926=CARTESIAN_POINT('',(49.8524791385931,16.2,-11.12327435));
#13927=CARTESIAN_POINT('',(49.1453723574066,16.2,-11.12327435));
#13928=CARTESIAN_POINT('',(49.1453723574066,16.7,-11.12327435));
#13929=CARTESIAN_POINT('',(31.2500587948709,16.7,-11.12327435));
#13930=CARTESIAN_POINT('',(47.3595859197797,16.7,-11.12327435));
#13931=CARTESIAN_POINT('',(47.3595859197797,16.2,-11.12327435));
#13932=CARTESIAN_POINT('',(46.6524791385931,16.2,-11.12327435));
#13933=CARTESIAN_POINT('',(46.6524791385931,15.,-11.12327435));
#13934=CARTESIAN_POINT('',(46.6524791385931,15.5,-11.12327435));
#13935=CARTESIAN_POINT('',(47.3595859197797,15.5,-11.12327435));
#13936=CARTESIAN_POINT('',(-28.9403010218985,16.7,-18.74727435));
#13937=CARTESIAN_POINT('',(49.8524791385931,16.7,-14.54327435));
#13938=CARTESIAN_POINT('',(49.8524791385931,16.7,-11.8303811311865));
#13939=CARTESIAN_POINT('',(49.8524791385931,16.7,-14.14327435));
#13940=CARTESIAN_POINT('',(46.6524791385931,16.7,-14.14327435));
#13941=CARTESIAN_POINT('',(46.6524791385931,16.7,-14.14327435));
#13942=CARTESIAN_POINT('',(46.6524791385931,16.7,-11.62327435));
#13943=CARTESIAN_POINT('',(46.6524791385931,16.7,-11.8303811311865));
#13944=CARTESIAN_POINT('',(5.39764244894058,16.7,-53.0852178208391));
#13945=CARTESIAN_POINT('',(13.914535667754,16.7,24.1075623396525));
#13946=CARTESIAN_POINT('',(-29.2504063814917,15.,-8.91927435));
#13947=CARTESIAN_POINT('',(-29.2504063814917,15.,-14.94327435));
#13948=CARTESIAN_POINT('',(50.7580519475932,15.,-14.94327435));
#13949=CARTESIAN_POINT('',(50.746906329593,15.,-14.94327435));
#13950=CARTESIAN_POINT('',(50.746906329593,15.,-14.94327435));
#13951=CARTESIAN_POINT('',(50.5299406858658,15.,-14.94327435));
#13952=CARTESIAN_POINT('',(50.1032635772729,15.,-14.7611384598261));
#13953=CARTESIAN_POINT('',(49.9240946824648,15.,-14.3458235675234));
#13954=CARTESIAN_POINT('',(49.8524791385931,15.,-14.14327435));
#13955=CARTESIAN_POINT('',(49.8524791385931,15.,-14.14327435));
#13956=CARTESIAN_POINT('',(49.8524791385931,15.,-11.62327435));
#13957=CARTESIAN_POINT('',(49.8524791385931,15.,-11.8303811311865));
#13958=CARTESIAN_POINT('',(8.84548298795745,15.,29.1766150194491));
#13959=CARTESIAN_POINT('',(10.156589769144,15.,-48.3262705006357));
#13960=CARTESIAN_POINT('',(46.6524791385931,15.,-11.8303811311865));
#13961=CARTESIAN_POINT('',(46.6524791385931,15.,-14.54327435));
#13962=CARTESIAN_POINT('',(46.6524791385931,15.,-14.14327435));
#13963=CARTESIAN_POINT('',(45.7580519475932,15.,-14.94327435));
#13964=CARTESIAN_POINT('',(45.9750175913204,15.,-14.94327435));
#13965=CARTESIAN_POINT('',(46.4016946999133,15.,-14.7611384598261));
#13966=CARTESIAN_POINT('',(46.5808635947215,15.,-14.3458235675234));
#13967=CARTESIAN_POINT('',(46.6524791385931,15.,-14.14327435));
#13968=CARTESIAN_POINT('',(45.7580519475932,15.,-14.94327435));
#13969=CARTESIAN_POINT('',(-29.2504063814917,15.,-14.94327435));
#13970=CARTESIAN_POINT('',(45.746906329593,15.,-14.94327435));
#13971=CARTESIAN_POINT('',(45.746906329593,15.,-14.94327435));
#13972=CARTESIAN_POINT('',(45.5299406858658,15.,-14.94327435));
#13973=CARTESIAN_POINT('',(45.1032635772729,15.,-14.7611384598261));
#13974=CARTESIAN_POINT('',(44.9240946824648,15.,-14.3458235675234));
#13975=CARTESIAN_POINT('',(44.8524791385931,15.,-14.14327435));
#13976=CARTESIAN_POINT('',(44.8524791385931,15.,-14.14327435));
#13977=CARTESIAN_POINT('',(44.8524791385931,15.,-11.62327435));
#13978=CARTESIAN_POINT('',(44.8524791385931,15.,-11.8303811311865));
#13979=CARTESIAN_POINT('',(6.34548298795744,15.,26.6766150194491));
#13980=CARTESIAN_POINT('',(44.1453723574066,15.,-11.12327435));
#13981=CARTESIAN_POINT('',(31.2500587948709,15.,-11.12327435));
#13982=CARTESIAN_POINT('',(42.3595859197797,15.,-11.12327435));
#13983=CARTESIAN_POINT('',(7.65658976914398,15.,-45.8262705006357));
#13984=CARTESIAN_POINT('',(41.6524791385931,15.,-11.8303811311865));
#13985=CARTESIAN_POINT('',(41.6524791385931,15.,-14.54327435));
#13986=CARTESIAN_POINT('',(41.6524791385931,15.,-14.14327435));
#13987=CARTESIAN_POINT('',(40.7580519475932,15.,-14.94327435));
#13988=CARTESIAN_POINT('',(40.9750175913204,15.,-14.94327435));
#13989=CARTESIAN_POINT('',(41.4016946999133,15.,-14.7611384598261));
#13990=CARTESIAN_POINT('',(41.5808635947215,15.,-14.3458235675234));
#13991=CARTESIAN_POINT('',(41.6524791385931,15.,-14.14327435));
#13992=CARTESIAN_POINT('',(40.7580519475932,15.,-14.94327435));
#13993=CARTESIAN_POINT('',(39.8524791385931,15.,-14.94327435));
#13994=CARTESIAN_POINT('',(40.746906329593,15.,-14.94327435));
#13995=CARTESIAN_POINT('',(40.746906329593,15.,-14.94327435));
#13996=CARTESIAN_POINT('',(40.5299406858658,15.,-14.94327435));
#13997=CARTESIAN_POINT('',(40.1032635772729,15.,-14.7611384598261));
#13998=CARTESIAN_POINT('',(39.9240946824648,15.,-14.3458235675234));
#13999=CARTESIAN_POINT('',(39.8524791385931,15.,-14.14327435));
#14000=CARTESIAN_POINT('',(39.8524791385931,15.,-14.14327435));
#14001=CARTESIAN_POINT('',(39.8524791385931,15.,-11.62327435));
#14002=CARTESIAN_POINT('',(39.8524791385931,15.,-11.8303811311865));
#14003=CARTESIAN_POINT('',(3.84548298795744,15.,24.1766150194491));
#14004=CARTESIAN_POINT('',(39.1453723574066,15.,-11.12327435));
#14005=CARTESIAN_POINT('',(31.2500587948709,15.,-11.12327435));
#14006=CARTESIAN_POINT('',(37.3595859197797,15.,-11.12327435));
#14007=CARTESIAN_POINT('',(5.15658976914398,15.,-43.3262705006357));
#14008=CARTESIAN_POINT('',(36.6524791385931,15.,-11.8303811311865));
#14009=CARTESIAN_POINT('',(36.6524791385931,15.,-14.54327435));
#14010=CARTESIAN_POINT('',(36.6524791385931,15.,-14.14327435));
#14011=CARTESIAN_POINT('',(35.7580519475932,15.,-14.94327435));
#14012=CARTESIAN_POINT('',(35.9750175913204,15.,-14.94327435));
#14013=CARTESIAN_POINT('',(36.4016946999133,15.,-14.7611384598261));
#14014=CARTESIAN_POINT('',(36.5808635947215,15.,-14.3458235675234));
#14015=CARTESIAN_POINT('',(36.6524791385931,15.,-14.14327435));
#14016=CARTESIAN_POINT('',(35.7580519475932,15.,-14.94327435));
#14017=CARTESIAN_POINT('',(34.8524791385931,15.,-14.94327435));
#14018=CARTESIAN_POINT('',(35.7469063295931,15.,-14.94327435));
#14019=CARTESIAN_POINT('',(35.7469063295931,15.,-14.94327435));
#14020=CARTESIAN_POINT('',(35.5299406858658,15.,-14.94327435));
#14021=CARTESIAN_POINT('',(35.1032635772729,15.,-14.7611384598261));
#14022=CARTESIAN_POINT('',(34.9240946824648,15.,-14.3458235675234));
#14023=CARTESIAN_POINT('',(34.8524791385931,15.,-14.14327435));
#14024=CARTESIAN_POINT('',(34.8524791385931,15.,-14.14327435));
#14025=CARTESIAN_POINT('',(34.8524791385931,15.,-11.62327435));
#14026=CARTESIAN_POINT('',(34.8524791385931,15.,-11.8303811311866));
#14027=CARTESIAN_POINT('',(1.34548298795743,15.,21.6766150194491));
#14028=CARTESIAN_POINT('',(34.1453723574066,15.,-11.12327435));
#14029=CARTESIAN_POINT('',(31.2500587948709,15.,-11.12327435));
#14030=CARTESIAN_POINT('',(32.3595859197797,15.,-11.12327435));
#14031=CARTESIAN_POINT('',(2.65658976914399,15.,-40.8262705006357));
#14032=CARTESIAN_POINT('',(31.6524791385931,15.,-11.8303811311865));
#14033=CARTESIAN_POINT('',(31.6524791385931,15.,-14.54327435));
#14034=CARTESIAN_POINT('',(31.6524791385931,15.,-14.14327435));
#14035=CARTESIAN_POINT('',(30.7580519475932,15.,-14.94327435));
#14036=CARTESIAN_POINT('',(30.9750175913204,15.,-14.94327435));
#14037=CARTESIAN_POINT('',(31.4016946999133,15.,-14.7611384598261));
#14038=CARTESIAN_POINT('',(31.5808635947215,15.,-14.3458235675234));
#14039=CARTESIAN_POINT('',(31.6524791385931,15.,-14.14327435));
#14040=CARTESIAN_POINT('',(30.7580519475932,15.,-14.94327435));
#14041=CARTESIAN_POINT('',(29.8524791385931,15.,-14.94327435));
#14042=CARTESIAN_POINT('',(30.746906329593,15.,-14.94327435));
#14043=CARTESIAN_POINT('',(30.746906329593,15.,-14.94327435));
#14044=CARTESIAN_POINT('',(30.5299406858658,15.,-14.94327435));
#14045=CARTESIAN_POINT('',(30.103263577273,15.,-14.7611384598261));
#14046=CARTESIAN_POINT('',(29.9240946824646,15.,-14.3458235675234));
#14047=CARTESIAN_POINT('',(29.8524791385931,15.,-14.14327435));
#14048=CARTESIAN_POINT('',(29.8524791385931,15.,-14.14327435));
#14049=CARTESIAN_POINT('',(29.8524791385931,15.,-11.62327435));
#14050=CARTESIAN_POINT('',(29.8524791385931,15.,-11.8303811311865));
#14051=CARTESIAN_POINT('',(-1.15451701204257,15.,19.1766150194491));
#14052=CARTESIAN_POINT('',(29.1453723574066,15.,-11.12327435));
#14053=CARTESIAN_POINT('',(31.2500587948709,15.,-11.12327435));
#14054=CARTESIAN_POINT('',(-20.3058013582719,15.,-11.12327435));
#14055=CARTESIAN_POINT('',(-20.3058013582719,15.,-14.93327435));
#14056=CARTESIAN_POINT('',(-20.3058013582719,15.,-18.74327435));
#14057=CARTESIAN_POINT('',(-29.2504063814917,15.,-18.74327435));
#14058=CARTESIAN_POINT('',(43.2304572490644,15.,-18.74327435));
#14059=CARTESIAN_POINT('',(43.2304572490644,15.,-18.11827435));
#14060=CARTESIAN_POINT('',(43.2304572490644,15.,-17.49327435));
#14061=CARTESIAN_POINT('',(-29.2504063814917,15.,-17.49327435));
#14062=CARTESIAN_POINT('',(65.2945945633184,15.0000000883883,-17.4932744383882));
#14063=CARTESIAN_POINT('',(65.4926049319667,15.,-16.4352263861741));
#14064=CARTESIAN_POINT('',(66.3642914593808,15.0000000000019,-17.0355811996068));
#14065=CARTESIAN_POINT('',(52.384129366653,15.,-47.0028984011306));
#14066=CARTESIAN_POINT('',(68.8369443310526,15.,-11.735301242687));
#14067=CARTESIAN_POINT('',(68.403383927625,15.,-11.4794282051611));
#14068=CARTESIAN_POINT('',(68.9057579507085,15.000047381536,-11.5135164405418));
#14069=CARTESIAN_POINT('',(68.4154605643538,15.,-17.2565088827527));
#14070=CARTESIAN_POINT('',(69.0202488739262,15.,-10.1717646140076));
#14071=CARTESIAN_POINT('',(16.3444061948208,15.,39.4660848298171));
#14072=CARTESIAN_POINT('',(68.6504299045763,15.,-9.82327435));
#14073=CARTESIAN_POINT('',(-29.2504063814917,15.,-9.82327435));
#14074=CARTESIAN_POINT('',(67.2205224305724,15.,-9.82327435));
#14075=CARTESIAN_POINT('',(67.2205224305724,15.,-8.91927435));
#14076=CARTESIAN_POINT('',(67.2205224305724,15.,-11.084030742511));
#14077=CARTESIAN_POINT('',(67.2205224305724,15.,-11.084030742511));
#14078=CARTESIAN_POINT('',(67.2205224305724,15.,-11.097142061004));
#14079=CARTESIAN_POINT('',(67.2198938255583,15.,-11.1102232180185));
#14080=CARTESIAN_POINT('',(67.2186394592346,15.,-11.12327435));
#14081=CARTESIAN_POINT('',(67.2186394592346,15.,-11.12327435));
#14082=CARTESIAN_POINT('',(31.2500587948709,15.,-11.12327435));
#14083=CARTESIAN_POINT('',(52.3595859197797,15.,-11.12327435));
#14084=CARTESIAN_POINT('',(12.656589769144,15.,-50.8262705006357));
#14085=CARTESIAN_POINT('',(51.6524791385931,15.,-11.8303811311866));
#14086=CARTESIAN_POINT('',(51.6524791385931,15.,-14.54327435));
#14087=CARTESIAN_POINT('',(51.6524791385931,15.,-14.14327435));
#14088=CARTESIAN_POINT('',(50.7580519475932,15.,-14.94327435));
#14089=CARTESIAN_POINT('',(50.9750175913204,15.,-14.94327435));
#14090=CARTESIAN_POINT('',(51.4016946999133,15.,-14.7611384598261));
#14091=CARTESIAN_POINT('',(51.5808635947215,15.,-14.3458235675234));
#14092=CARTESIAN_POINT('',(51.6524791385931,15.,-14.14327435));
#14093=CARTESIAN_POINT('',(31.2500587948709,13.4760488379616,-11.12327435));
#14094=CARTESIAN_POINT('',(44.1453723574066,15.5,-11.12327435));
#14095=CARTESIAN_POINT('',(44.8524791385931,15.5,-11.12327435));
#14096=CARTESIAN_POINT('',(44.8524791385931,16.7,-11.12327435));
#14097=CARTESIAN_POINT('',(44.8524791385931,16.2,-11.12327435));
#14098=CARTESIAN_POINT('',(44.1453723574066,16.2,-11.12327435));
#14099=CARTESIAN_POINT('',(44.1453723574066,16.7,-11.12327435));
#14100=CARTESIAN_POINT('',(31.2500587948709,16.7,-11.12327435));
#14101=CARTESIAN_POINT('',(42.3595859197797,16.7,-11.12327435));
#14102=CARTESIAN_POINT('',(42.3595859197797,16.2,-11.12327435));
#14103=CARTESIAN_POINT('',(41.6524791385931,16.2,-11.12327435));
#14104=CARTESIAN_POINT('',(41.6524791385931,15.,-11.12327435));
#14105=CARTESIAN_POINT('',(41.6524791385931,15.5,-11.12327435));
#14106=CARTESIAN_POINT('',(42.3595859197797,15.5,-11.12327435));
#14107=CARTESIAN_POINT('',(-28.9403010218985,16.7,-18.74727435));
#14108=CARTESIAN_POINT('',(44.8524791385931,16.7,-14.54327435));
#14109=CARTESIAN_POINT('',(44.8524791385931,16.7,-11.8303811311865));
#14110=CARTESIAN_POINT('',(44.8524791385931,16.7,-14.14327435));
#14111=CARTESIAN_POINT('',(43.9544029272399,16.7,-14.14327435));
#14112=CARTESIAN_POINT('',(43.9544029272399,16.7,-14.14327435));
#14113=CARTESIAN_POINT('',(43.9544029272399,16.7,-18.74727435));
#14114=CARTESIAN_POINT('',(43.9544029272399,16.7,-16.04327435));
#14115=CARTESIAN_POINT('',(-28.9403010218985,16.7,-16.04327435));
#14116=CARTESIAN_POINT('',(41.9917885925135,16.7,-16.04327435));
#14117=CARTESIAN_POINT('',(41.6471325234066,16.7,-22.509596531293));
#14118=CARTESIAN_POINT('',(41.8851882532653,16.7,-18.04327435));
#14119=CARTESIAN_POINT('',(-28.9403010218985,16.7,-18.04327435));
#14120=CARTESIAN_POINT('',(37.6674727747744,16.7,-18.04327435));
#14121=CARTESIAN_POINT('',(37.6685436785547,16.7,-18.165987768604));
#14122=CARTESIAN_POINT('',(37.6500190391929,16.7,-16.04327435));
#14123=CARTESIAN_POINT('',(41.5241795208724,16.7,-16.04327435));
#14124=CARTESIAN_POINT('',(35.3999809608071,16.7,-16.04327435));
#14125=CARTESIAN_POINT('',(35.3825653028864,16.7,-18.0389110822508));
#14126=CARTESIAN_POINT('',(35.3825272252256,16.7,-18.04327435));
#14127=CARTESIAN_POINT('',(-28.9403010218985,16.7,-18.04327435));
#14128=CARTESIAN_POINT('',(32.64559707276,16.7,-18.04327435));
#14129=CARTESIAN_POINT('',(32.64559707276,16.7,-18.74727435));
#14130=CARTESIAN_POINT('',(32.64559707276,16.7,-16.54327435));
#14131=CARTESIAN_POINT('',(-28.9403010218985,16.7,-16.54327435));
#14132=CARTESIAN_POINT('',(26.6411542731879,16.7,-16.54327435));
#14133=CARTESIAN_POINT('',(26.6411542731879,16.7,-11.12327435));
#14134=CARTESIAN_POINT('',(26.6411542731879,16.7,-11.12327435));
#14135=CARTESIAN_POINT('',(31.2500587948709,16.7,-11.12327435));
#14136=CARTESIAN_POINT('',(29.1453723574066,16.7,-11.12327435));
#14137=CARTESIAN_POINT('',(3.91453566775404,16.7,14.1075623396525));
#14138=CARTESIAN_POINT('',(29.8524791385931,16.7,-11.8303811311865));
#14139=CARTESIAN_POINT('',(29.8524791385931,16.7,-14.54327435));
#14140=CARTESIAN_POINT('',(29.8524791385931,16.7,-14.14327435));
#14141=CARTESIAN_POINT('',(30.6008106159479,16.7,-14.54327435));
#14142=CARTESIAN_POINT('',(30.3080965617687,16.7,-14.54327435));
#14143=CARTESIAN_POINT('',(30.0678321199752,16.7,-14.3358895319398));
#14144=CARTESIAN_POINT('',(29.8524791385931,16.7,-14.14327435));
#14145=CARTESIAN_POINT('',(30.9041476612383,16.7,-14.54327435));
#14146=CARTESIAN_POINT('',(31.1968617154176,16.7,-14.54327435));
#14147=CARTESIAN_POINT('',(31.4371261572105,16.7,-14.3358895319392));
#14148=CARTESIAN_POINT('',(31.6524791385931,16.7,-14.14327435));
#14149=CARTESIAN_POINT('',(31.6524791385931,16.7,-14.14327435));
#14150=CARTESIAN_POINT('',(31.6524791385931,16.7,-11.62327435));
#14151=CARTESIAN_POINT('',(31.6524791385931,16.7,-11.8303811311865));
#14152=CARTESIAN_POINT('',(-2.10235755105942,16.7,-45.5852178208391));
#14153=CARTESIAN_POINT('',(32.3595859197797,16.7,-11.12327435));
#14154=CARTESIAN_POINT('',(31.2500587948709,16.7,-11.12327435));
#14155=CARTESIAN_POINT('',(34.1453723574066,16.7,-11.12327435));
#14156=CARTESIAN_POINT('',(6.41453566775404,16.7,16.6075623396525));
#14157=CARTESIAN_POINT('',(34.8524791385931,16.7,-11.8303811311865));
#14158=CARTESIAN_POINT('',(34.8524791385931,16.7,-14.54327435));
#14159=CARTESIAN_POINT('',(34.8524791385931,16.7,-14.14327435));
#14160=CARTESIAN_POINT('',(35.6008106159479,16.7,-14.54327435));
#14161=CARTESIAN_POINT('',(35.3080965617687,16.7,-14.54327435));
#14162=CARTESIAN_POINT('',(35.0678321199758,16.7,-14.3358895319392));
#14163=CARTESIAN_POINT('',(34.8524791385931,16.7,-14.14327435));
#14164=CARTESIAN_POINT('',(35.6008106159479,16.7,-14.54327435));
#14165=CARTESIAN_POINT('',(36.1524791385931,16.7,-14.54327435));
#14166=CARTESIAN_POINT('',(35.9041476612383,16.7,-14.54327435));
#14167=CARTESIAN_POINT('',(35.9041476612383,16.7,-14.54327435));
#14168=CARTESIAN_POINT('',(36.1968617154176,16.7,-14.54327435));
#14169=CARTESIAN_POINT('',(36.4371261572105,16.7,-14.3358895319392));
#14170=CARTESIAN_POINT('',(36.6524791385931,16.7,-14.14327435));
#14171=CARTESIAN_POINT('',(36.6524791385931,16.7,-14.14327435));
#14172=CARTESIAN_POINT('',(36.6524791385931,16.7,-11.62327435));
#14173=CARTESIAN_POINT('',(36.6524791385931,16.7,-11.8303811311865));
#14174=CARTESIAN_POINT('',(0.397642448940586,16.7,-48.0852178208391));
#14175=CARTESIAN_POINT('',(37.3595859197797,16.7,-11.12327435));
#14176=CARTESIAN_POINT('',(31.2500587948709,16.7,-11.12327435));
#14177=CARTESIAN_POINT('',(39.1453723574066,16.7,-11.12327435));
#14178=CARTESIAN_POINT('',(8.91453566775404,16.7,19.1075623396525));
#14179=CARTESIAN_POINT('',(39.8524791385931,16.7,-11.8303811311865));
#14180=CARTESIAN_POINT('',(39.8524791385931,16.7,-14.54327435));
#14181=CARTESIAN_POINT('',(39.8524791385931,16.7,-14.14327435));
#14182=CARTESIAN_POINT('',(40.6008106159479,16.7,-14.54327435));
#14183=CARTESIAN_POINT('',(40.3080965617687,16.7,-14.54327435));
#14184=CARTESIAN_POINT('',(40.0678321199758,16.7,-14.3358895319392));
#14185=CARTESIAN_POINT('',(39.8524791385931,16.7,-14.14327435));
#14186=CARTESIAN_POINT('',(40.9041476612383,16.7,-14.54327435));
#14187=CARTESIAN_POINT('',(41.1968617154176,16.7,-14.54327435));
#14188=CARTESIAN_POINT('',(41.4371261572105,16.7,-14.3358895319392));
#14189=CARTESIAN_POINT('',(41.6524791385931,16.7,-14.14327435));
#14190=CARTESIAN_POINT('',(41.6524791385931,16.7,-14.14327435));
#14191=CARTESIAN_POINT('',(41.6524791385931,16.7,-11.62327435));
#14192=CARTESIAN_POINT('',(41.6524791385931,16.7,-11.8303811311865));
#14193=CARTESIAN_POINT('',(2.89764244894058,16.7,-50.5852178208391));
#14194=CARTESIAN_POINT('',(11.414535667754,16.7,21.6075623396525));
#14195=CARTESIAN_POINT('',(31.2500587948709,13.4760488379616,-11.12327435));
#14196=CARTESIAN_POINT('',(39.1453723574066,15.5,-11.12327435));
#14197=CARTESIAN_POINT('',(39.8524791385931,15.5,-11.12327435));
#14198=CARTESIAN_POINT('',(39.8524791385931,16.7,-11.12327435));
#14199=CARTESIAN_POINT('',(39.8524791385931,16.2,-11.12327435));
#14200=CARTESIAN_POINT('',(39.1453723574066,16.2,-11.12327435));
#14201=CARTESIAN_POINT('',(37.3595859197797,16.2,-11.12327435));
#14202=CARTESIAN_POINT('',(36.6524791385931,16.2,-11.12327435));
#14203=CARTESIAN_POINT('',(36.6524791385931,15.,-11.12327435));
#14204=CARTESIAN_POINT('',(36.6524791385931,15.5,-11.12327435));
#14205=CARTESIAN_POINT('',(37.3595859197797,15.5,-11.12327435));
#14206=CARTESIAN_POINT('',(31.2500587948709,13.4760488379616,-11.12327435));
#14207=CARTESIAN_POINT('',(34.1453723574066,15.5,-11.12327435));
#14208=CARTESIAN_POINT('',(34.8524791385931,15.5,-11.12327435));
#14209=CARTESIAN_POINT('',(34.8524791385931,16.7,-11.12327435));
#14210=CARTESIAN_POINT('',(34.8524791385931,16.2,-11.12327435));
#14211=CARTESIAN_POINT('',(34.1453723574066,16.2,-11.12327435));
#14212=CARTESIAN_POINT('',(32.3595859197797,16.2,-11.12327435));
#14213=CARTESIAN_POINT('',(31.6524791385931,16.2,-11.12327435));
#14214=CARTESIAN_POINT('',(31.6524791385931,14.999995,-11.12327435));
#14215=CARTESIAN_POINT('',(31.6524791385931,15.5,-11.12327435));
#14216=CARTESIAN_POINT('',(32.3595859197797,15.5,-11.12327435));
#14217=CARTESIAN_POINT('',(31.2500587948709,13.4760488379616,-11.12327435));
#14218=CARTESIAN_POINT('',(29.1453723574066,15.5,-11.12327435));
#14219=CARTESIAN_POINT('',(29.8524791385931,15.5,-11.12327435));
#14220=CARTESIAN_POINT('',(29.8524791385931,16.7,-11.12327435));
#14221=CARTESIAN_POINT('',(29.8524791385931,16.2,-11.12327435));
#14222=CARTESIAN_POINT('',(29.1453723574066,16.2,-11.12327435));
#14223=CARTESIAN_POINT('',(26.6411542731879,17.2,-11.12327435));
#14224=CARTESIAN_POINT('',(26.2081415712957,16.95,-11.1232743499841));
#14225=CARTESIAN_POINT('',(26.3524791385931,16.7,-11.1232743499841));
#14226=CARTESIAN_POINT('',(25.1694664367009,18.7490381056766,-11.1232743499841));
#14227=CARTESIAN_POINT('',(23.8704283310243,17.9990381056767,-11.12327435));
#14228=CARTESIAN_POINT('',(23.8704283310243,17.9990381056767,-11.1232743499841));
#14229=CARTESIAN_POINT('',(16.8726696846025,30.1195116203838,-11.1232743499841));
#14230=CARTESIAN_POINT('',(24.1874156291321,17.45,-11.123274349992));
#14231=CARTESIAN_POINT('',(23.7544029272399,17.2,-11.12327435));
#14232=CARTESIAN_POINT('',(23.7544029272399,16.7,-11.12327435));
#14233=CARTESIAN_POINT('',(31.2500587948709,16.7,-11.12327435));
#14234=CARTESIAN_POINT('',(5.54115427318799,16.7,-11.12327435));
#14235=CARTESIAN_POINT('',(5.54115427318799,17.2,-11.12327435));
#14236=CARTESIAN_POINT('',(5.10814157129577,16.95,-11.1232743499841));
#14237=CARTESIAN_POINT('',(5.25247913859318,16.7,-11.1232743499841));
#14238=CARTESIAN_POINT('',(4.06946643670097,18.7490381056767,-11.1232743499841));
#14239=CARTESIAN_POINT('',(2.7704283310243,17.9990381056767,-11.12327435));
#14240=CARTESIAN_POINT('',(2.7704283310243,17.9990381056767,-11.1232743499841));
#14241=CARTESIAN_POINT('',(-4.22733031539754,30.1195116203838,-11.1232743499841));
#14242=CARTESIAN_POINT('',(3.08741562913207,17.45,-11.123274349992));
#14243=CARTESIAN_POINT('',(2.65440292723985,17.2,-11.12327435));
#14244=CARTESIAN_POINT('',(2.65440292723985,16.7,-11.12327435));
#14245=CARTESIAN_POINT('',(31.2500587948709,16.7,-11.12327435));
#14246=CARTESIAN_POINT('',(-20.3058013582719,16.7,-11.12327435));
#14247=CARTESIAN_POINT('',(-20.3058013582719,19.,-11.12327435));
#14248=CARTESIAN_POINT('',(-22.1898510601366,17.6807741963926,-11.12327435));
#14249=CARTESIAN_POINT('',(-21.383345161099,16.5289644042563,-11.12327435));
#14250=CARTESIAN_POINT('',(-28.6592266150442,26.92,-11.12327435));
#14251=CARTESIAN_POINT('',(31.2500587948709,26.92,-11.12327435));
#14252=CARTESIAN_POINT('',(-30.7345434159387,26.92,-11.12327435));
#14253=CARTESIAN_POINT('',(-32.3581140761936,29.238699202248,-11.12327435));
#14254=CARTESIAN_POINT('',(-23.5824095354279,16.7056942545958,-11.12327435));
#14255=CARTESIAN_POINT('',(-20.3058013582719,19.,-11.12327435));
#14256=CARTESIAN_POINT('',(18.745,20.025,-16.69327435));
#14257=CARTESIAN_POINT('',(18.745,20.025,112.871138720884));
#14258=CARTESIAN_POINT('',(17.7995052898432,17.8190898130314,-18.04327435));
#14259=CARTESIAN_POINT('',(17.8190053254584,17.8108333706275,-15.34327435));
#14260=CARTESIAN_POINT('',(18.745,20.025,-15.34327435));
#14261=CARTESIAN_POINT('',(20.2026376643652,21.9316442875718,-15.34327435));
#14262=CARTESIAN_POINT('',(18.745,20.025,112.371138720884));
#14263=CARTESIAN_POINT('',(20.1857698644692,21.9444223603845,-18.04327435));
#14264=CARTESIAN_POINT('',(18.745,20.025,-18.04327435));
#14265=CARTESIAN_POINT('',(-1.575,20.025,-16.69327435));
#14266=CARTESIAN_POINT('',(-1.575,20.025,-15.34327435));
#14267=CARTESIAN_POINT('',(-2.50099467454161,17.8108333706275,-15.34327435));
#14268=CARTESIAN_POINT('',(-1.575,20.025,-18.04327435));
#14269=CARTESIAN_POINT('',(-2.52049471015679,17.8190898130314,-18.04327435));
#14270=CARTESIAN_POINT('',(-1.575,20.025,112.871138720884));
#14271=CARTESIAN_POINT('',(31.2500587948709,13.4760488379616,-11.12327435));
#14272=CARTESIAN_POINT('',(16.8726696846025,30.1195116203838,-11.1232743499841));
#14273=CARTESIAN_POINT('',(18.6704283310244,27.0057023050348,-11.1232743499841));
#14274=CARTESIAN_POINT('',(19.0704283310244,26.3128819820073,-11.123274349992));
#14275=CARTESIAN_POINT('',(20.3694664367011,27.0628819820073,-11.12327435));
#14276=CARTESIAN_POINT('',(20.369466436701,27.0628819820073,-11.1232743499841));
#14277=CARTESIAN_POINT('',(26.3524791385931,16.7,-11.1232743499841));
#14278=CARTESIAN_POINT('',(19.969466436701,27.7557023050348,-11.1232743499841));
#14279=CARTESIAN_POINT('',(18.6704283310244,27.0057023050348,-11.12327435));
#14280=CARTESIAN_POINT('',(31.2500587948709,13.4760488379616,-11.12327435));
#14281=CARTESIAN_POINT('',(16.8726696846025,30.1195116203838,-11.1232743499841));
#14282=CARTESIAN_POINT('',(19.9704283310244,24.7540362551953,-11.1232743499841));
#14283=CARTESIAN_POINT('',(20.3704283310244,24.0612159321677,-11.123274349992));
#14284=CARTESIAN_POINT('',(21.6694664367011,24.8112159321677,-11.12327435));
#14285=CARTESIAN_POINT('',(21.669466436701,24.8112159321677,-11.1232743499841));
#14286=CARTESIAN_POINT('',(26.3524791385931,16.7,-11.1232743499841));
#14287=CARTESIAN_POINT('',(21.269466436701,25.5040362551953,-11.1232743499841));
#14288=CARTESIAN_POINT('',(19.9704283310244,24.7540362551953,-11.12327435));
#14289=CARTESIAN_POINT('',(31.2500587948709,13.4760488379616,-11.12327435));
#14290=CARTESIAN_POINT('',(16.8726696846025,30.1195116203838,-11.1232743499841));
#14291=CARTESIAN_POINT('',(21.2704283310244,22.5023702053557,-11.1232743499841));
#14292=CARTESIAN_POINT('',(21.6704283310244,21.8095498823282,-11.123274349992));
#14293=CARTESIAN_POINT('',(22.969466436701,22.5595498823282,-11.12327435));
#14294=CARTESIAN_POINT('',(22.969466436701,22.5595498823282,-11.1232743499841));
#14295=CARTESIAN_POINT('',(26.3524791385931,16.7,-11.1232743499841));
#14296=CARTESIAN_POINT('',(22.569466436701,23.2523702053557,-11.1232743499841));
#14297=CARTESIAN_POINT('',(21.2704283310244,22.5023702053558,-11.12327435));
#14298=CARTESIAN_POINT('',(31.2500587948709,13.4760488379616,-11.12327435));
#14299=CARTESIAN_POINT('',(16.8726696846025,30.1195116203838,-11.1232743499841));
#14300=CARTESIAN_POINT('',(22.5704283310244,20.2507041555162,-11.1232743499841));
#14301=CARTESIAN_POINT('',(22.9704283310243,19.5578838324886,-11.123274349992));
#14302=CARTESIAN_POINT('',(24.269466436701,20.3078838324887,-11.12327435));
#14303=CARTESIAN_POINT('',(24.269466436701,20.3078838324886,-11.1232743499841));
#14304=CARTESIAN_POINT('',(26.3524791385931,16.7,-11.1232743499841));
#14305=CARTESIAN_POINT('',(23.869466436701,21.0007041555162,-11.1232743499841));
#14306=CARTESIAN_POINT('',(22.5704283310244,20.2507041555162,-11.12327435));
#14307=CARTESIAN_POINT('',(26.0258121348859,17.2658038475772,-18.20527435));
#14308=CARTESIAN_POINT('',(26.2081415712957,16.95,-16.54327435));
#14309=CARTESIAN_POINT('',(26.2081415712957,16.95,-16.54327435));
#14310=CARTESIAN_POINT('',(14.7640014308019,36.7718321722741,-16.54327435));
#14311=CARTESIAN_POINT('',(25.7751288694036,17.6999999999999,-16.54327435));
#14312=CARTESIAN_POINT('',(25.7751288694035,17.7,-18.20527435));
#14313=CARTESIAN_POINT('',(25.7751288694036,17.6999999999999,-18.04327435));
#14314=CARTESIAN_POINT('',(26.0258121348859,17.2658038475772,-18.04327435));
#14315=CARTESIAN_POINT('',(23.3502577388071,21.9,-18.04327435));
#14316=CARTESIAN_POINT('',(23.3502577388071,21.9,-18.20527435));
#14317=CARTESIAN_POINT('',(23.3502577388071,21.9,-16.54327435));
#14318=CARTESIAN_POINT('',(14.7640014308019,36.7718321722741,-16.54327435));
#14319=CARTESIAN_POINT('',(22.0512196331305,24.1499999999999,-16.54327435));
#14320=CARTESIAN_POINT('',(22.0512196331305,24.1499999999999,-18.04327435));
#14321=CARTESIAN_POINT('',(22.0512196331305,24.1499999999999,-18.04327435));
#14322=CARTESIAN_POINT('',(26.3524791385931,16.7,-18.04327435));
#14323=CARTESIAN_POINT('',(19.756546860355,28.1244898291921,-18.04327435));
#14324=CARTESIAN_POINT('',(19.756546860355,28.1244898291921,-16.87327435));
#14325=CARTESIAN_POINT('',(19.6550724887826,28.3002485964217,-18.029997677223));
#14326=CARTESIAN_POINT('',(19.0240733947054,29.3931710868932,-13.1880946674053));
#14327=CARTESIAN_POINT('',(19.0377331940635,29.3695116203838,-13.2929116540637));
#14328=CARTESIAN_POINT('',(19.0377331940635,29.3695116203838,-11.12327435));
#14329=CARTESIAN_POINT('',(19.0377331940636,29.3695116203838,-11.1232743499841));
#14330=CARTESIAN_POINT('',(26.3524791385931,16.7,-11.1232743499841));
#14331=CARTESIAN_POINT('',(19.069466436701,29.3145480318468,-11.1232743499841));
#14332=CARTESIAN_POINT('',(24.3181392857934,20.2235799849113,-21.6206200481849));
#14333=CARTESIAN_POINT('',(19.3194664367011,28.8815353299546,-11.62327435));
#14334=CARTESIAN_POINT('',(19.3194664367011,28.8815353299546,-11.1232743499568));
#14335=CARTESIAN_POINT('',(19.3194664367011,28.8815353299546,-13.7232743499568));
#14336=CARTESIAN_POINT('',(19.519466436701,28.5351251684408,-13.7232743499568));
#14337=CARTESIAN_POINT('',(19.5194664367011,28.5351251684408,-14.1232743499568));
#14338=CARTESIAN_POINT('',(19.3194664367011,28.8815353299546,-14.1232743499568));
#14339=CARTESIAN_POINT('',(19.9694664367011,27.7557023050348,-14.1232743499568));
#14340=CARTESIAN_POINT('',(19.969466436701,27.7557023050348,-11.1232743499568));
#14341=CARTESIAN_POINT('',(24.9681392857934,19.0977469599915,-20.3206200481849));
#14342=CARTESIAN_POINT('',(20.6194664367011,26.6298692801151,-11.62327435));
#14343=CARTESIAN_POINT('',(20.6194664367011,26.6298692801151,-11.1232743499568));
#14344=CARTESIAN_POINT('',(20.6194664367011,26.6298692801151,-13.7232743499568));
#14345=CARTESIAN_POINT('',(20.819466436701,26.2834591186012,-13.7232743499568));
#14346=CARTESIAN_POINT('',(20.819466436701,26.2834591186013,-14.1232743499568));
#14347=CARTESIAN_POINT('',(20.6194664367011,26.629869280115,-14.1232743499568));
#14348=CARTESIAN_POINT('',(21.2694664367011,25.5040362551953,-14.1232743499568));
#14349=CARTESIAN_POINT('',(21.269466436701,25.5040362551952,-11.1232743499568));
#14350=CARTESIAN_POINT('',(25.6181392857934,17.9719139350717,-19.0206200481849));
#14351=CARTESIAN_POINT('',(21.919466436701,24.3782032302755,-11.62327435));
#14352=CARTESIAN_POINT('',(21.919466436701,24.3782032302755,-11.1232743499568));
#14353=CARTESIAN_POINT('',(21.919466436701,24.3782032302755,-13.7232743499568));
#14354=CARTESIAN_POINT('',(22.119466436701,24.0317930687617,-13.7232743499568));
#14355=CARTESIAN_POINT('',(22.119466436701,24.0317930687617,-14.1232743499568));
#14356=CARTESIAN_POINT('',(21.9194664367011,24.3782032302755,-14.1232743499568));
#14357=CARTESIAN_POINT('',(22.569466436701,23.2523702053557,-14.1232743499568));
#14358=CARTESIAN_POINT('',(22.569466436701,23.2523702053557,-11.1232743499568));
#14359=CARTESIAN_POINT('',(26.2681392857934,16.8460809101519,-17.7206200481849));
#14360=CARTESIAN_POINT('',(23.219466436701,22.126537180436,-11.62327435));
#14361=CARTESIAN_POINT('',(23.219466436701,22.126537180436,-11.1232743499568));
#14362=CARTESIAN_POINT('',(23.219466436701,22.126537180436,-13.7232743499568));
#14363=CARTESIAN_POINT('',(23.419466436701,21.7801270189221,-13.7232743499568));
#14364=CARTESIAN_POINT('',(23.419466436701,21.7801270189222,-14.1232743499568));
#14365=CARTESIAN_POINT('',(23.2194664367011,22.126537180436,-14.1232743499568));
#14366=CARTESIAN_POINT('',(23.869466436701,21.0007041555162,-14.1232743499568));
#14367=CARTESIAN_POINT('',(23.869466436701,21.0007041555161,-11.1232743499568));
#14368=CARTESIAN_POINT('',(26.9181392857934,15.7202478852322,-16.4206200481849));
#14369=CARTESIAN_POINT('',(24.519466436701,19.8748711305964,-11.62327435));
#14370=CARTESIAN_POINT('',(24.519466436701,19.8748711305964,-11.1232743499568));
#14371=CARTESIAN_POINT('',(24.519466436701,19.8748711305964,-13.7232743499568));
#14372=CARTESIAN_POINT('',(24.7194664367009,19.5284609690826,-13.7232743499568));
#14373=CARTESIAN_POINT('',(24.719466436701,19.5284609690827,-14.1232743499568));
#14374=CARTESIAN_POINT('',(24.519466436701,19.8748711305964,-14.1232743499568));
#14375=CARTESIAN_POINT('',(25.169466436701,18.7490381056767,-14.1232743499568));
#14376=CARTESIAN_POINT('',(25.1694664367009,18.7490381056766,-11.1232743499568));
#14377=CARTESIAN_POINT('',(31.2500587948709,13.4760488379616,-11.12327435));
#14378=CARTESIAN_POINT('',(-4.22733031539754,30.1195116203838,-11.1232743499841));
#14379=CARTESIAN_POINT('',(-2.42957166897567,27.0057023050348,-11.1232743499841));
#14380=CARTESIAN_POINT('',(-2.02957166897567,26.3128819820073,-11.123274349992));
#14381=CARTESIAN_POINT('',(-0.730533563299006,27.0628819820073,-11.12327435));
#14382=CARTESIAN_POINT('',(-0.730533563298978,27.0628819820073,-11.1232743499841));
#14383=CARTESIAN_POINT('',(5.25247913859318,16.7,-11.1232743499841));
#14384=CARTESIAN_POINT('',(-1.13053356329897,27.7557023050348,-11.1232743499841));
#14385=CARTESIAN_POINT('',(-2.42957166897566,27.0057023050348,-11.12327435));
#14386=CARTESIAN_POINT('',(31.2500587948709,13.4760488379616,-11.12327435));
#14387=CARTESIAN_POINT('',(-4.22733031539754,30.1195116203838,-11.1232743499841));
#14388=CARTESIAN_POINT('',(-1.12957166897567,24.7540362551953,-11.1232743499841));
#14389=CARTESIAN_POINT('',(-0.729571668975677,24.0612159321677,-11.123274349992));
#14390=CARTESIAN_POINT('',(0.569466436700991,24.8112159321677,-11.12327435));
#14391=CARTESIAN_POINT('',(0.569466436701009,24.8112159321677,-11.1232743499841));
#14392=CARTESIAN_POINT('',(5.25247913859318,16.7,-11.1232743499841));
#14393=CARTESIAN_POINT('',(0.169466436701014,25.5040362551953,-11.1232743499841));
#14394=CARTESIAN_POINT('',(-1.12957166897567,24.7540362551953,-11.12327435));
#14395=CARTESIAN_POINT('',(31.2500587948709,13.4760488379616,-11.12327435));
#14396=CARTESIAN_POINT('',(-4.22733031539754,30.1195116203838,-11.1232743499841));
#14397=CARTESIAN_POINT('',(0.170428331024311,22.5023702053558,-11.1232743499841));
#14398=CARTESIAN_POINT('',(0.570428331024315,21.8095498823282,-11.123274349992));
#14399=CARTESIAN_POINT('',(1.86946643670098,22.5595498823282,-11.12327435));
#14400=CARTESIAN_POINT('',(1.869466436701,22.5595498823282,-11.1232743499841));
#14401=CARTESIAN_POINT('',(5.25247913859318,16.7,-11.1232743499841));
#14402=CARTESIAN_POINT('',(1.469466436701,23.2523702053558,-11.1232743499841));
#14403=CARTESIAN_POINT('',(0.170428331024312,22.5023702053558,-11.12327435));
#14404=CARTESIAN_POINT('',(31.2500587948709,13.4760488379616,-11.12327435));
#14405=CARTESIAN_POINT('',(-4.22733031539754,30.1195116203838,-11.1232743499841));
#14406=CARTESIAN_POINT('',(1.47042833102431,20.2507041555162,-11.1232743499841));
#14407=CARTESIAN_POINT('',(1.8704283310243,19.5578838324887,-11.123274349992));
#14408=CARTESIAN_POINT('',(3.16946643670098,20.3078838324887,-11.12327435));
#14409=CARTESIAN_POINT('',(3.16946643670098,20.3078838324887,-11.1232743499841));
#14410=CARTESIAN_POINT('',(5.25247913859318,16.7,-11.1232743499841));
#14411=CARTESIAN_POINT('',(2.76946643670099,21.0007041555162,-11.1232743499841));
#14412=CARTESIAN_POINT('',(1.4704283310243,20.2507041555162,-11.12327435));
#14413=CARTESIAN_POINT('',(31.2500587948709,13.4760488379616,-11.12327435));
#14414=CARTESIAN_POINT('',(16.8726696846025,30.1195116203838,-11.1232743499841));
#14415=CARTESIAN_POINT('',(16.8726696846025,30.1195116203838,-11.12327435));
#14416=CARTESIAN_POINT('',(17.7704283310244,28.5645480318468,-11.123274349992));
#14417=CARTESIAN_POINT('',(19.0694664367011,29.3145480318468,-11.12327435));
#14418=CARTESIAN_POINT('',(19.4707458959557,29.6195116203838,-11.12327435));
#14419=CARTESIAN_POINT('',(19.4707458959557,30.1195116203838,-11.1232743499841));
#14420=CARTESIAN_POINT('',(18.6047204921713,30.1195116203838,-11.1232743499841));
#14421=CARTESIAN_POINT('',(4.9258121348859,17.2658038475773,-18.20527435));
#14422=CARTESIAN_POINT('',(5.10814157129577,16.95,-16.5432743499991));
#14423=CARTESIAN_POINT('',(5.10814157129578,16.95,-16.54327435));
#14424=CARTESIAN_POINT('',(-1.06099856919826,27.6352641623484,-16.54327435));
#14425=CARTESIAN_POINT('',(4.67512886940357,17.7,-16.54327435));
#14426=CARTESIAN_POINT('',(4.67512886940356,17.7,-18.20527435));
#14427=CARTESIAN_POINT('',(4.67512886940357,17.7,-18.04327435));
#14428=CARTESIAN_POINT('',(4.9258121348859,17.2658038475773,-18.04327435));
#14429=CARTESIAN_POINT('',(2.25025773880714,21.9,-18.04327435));
#14430=CARTESIAN_POINT('',(2.25025773880714,21.9,-18.20527435));
#14431=CARTESIAN_POINT('',(2.25025773880716,21.9,-16.54327435));
#14432=CARTESIAN_POINT('',(-1.06099856919826,27.6352641623484,-16.54327435));
#14433=CARTESIAN_POINT('',(0.951219633130485,24.15,-16.54327435));
#14434=CARTESIAN_POINT('',(0.951219633130485,24.15,-18.04327435));
#14435=CARTESIAN_POINT('',(0.951219633130511,24.15,-18.04327435));
#14436=CARTESIAN_POINT('',(5.25247913859318,16.7,-18.04327435));
#14437=CARTESIAN_POINT('',(-1.34345313964495,28.1244898291921,-18.04327435));
#14438=CARTESIAN_POINT('',(-1.34345313964495,28.1244898291921,-16.87327435));
#14439=CARTESIAN_POINT('',(-1.44492751121738,28.3002485964217,-18.029997677223));
#14440=CARTESIAN_POINT('',(-2.07592660529453,29.3931710868932,-13.1880946674053));
#14441=CARTESIAN_POINT('',(-2.06226680593646,29.3695116203838,-13.2929116540637));
#14442=CARTESIAN_POINT('',(-2.06226680593646,29.3695116203838,-11.1232743499841));
#14443=CARTESIAN_POINT('',(-2.06226680593642,29.3695116203838,-11.1232743499841));
#14444=CARTESIAN_POINT('',(5.25247913859318,16.7,-11.1232743499841));
#14445=CARTESIAN_POINT('',(-2.03053356329897,29.3145480318468,-11.1232743499841));
#14446=CARTESIAN_POINT('',(3.21813928579345,20.2235799849113,-21.6206200481849));
#14447=CARTESIAN_POINT('',(-1.78053356329901,28.8815353299546,-11.62327435));
#14448=CARTESIAN_POINT('',(-1.78053356329901,28.8815353299546,-11.1232743499568));
#14449=CARTESIAN_POINT('',(-1.78053356329901,28.8815353299546,-13.7232743499568));
#14450=CARTESIAN_POINT('',(-1.580533563299,28.5351251684408,-13.7232743499568));
#14451=CARTESIAN_POINT('',(-1.580533563299,28.5351251684408,-14.1232743499568));
#14452=CARTESIAN_POINT('',(-1.78053356329899,28.8815353299546,-14.1232743499568));
#14453=CARTESIAN_POINT('',(-1.13053356329901,27.7557023050348,-14.1232743499568));
#14454=CARTESIAN_POINT('',(-1.13053356329901,27.7557023050348,-11.1232743499568));
#14455=CARTESIAN_POINT('',(3.86813928579345,19.0977469599916,-20.3206200481849));
#14456=CARTESIAN_POINT('',(-0.48053356329901,26.6298692801151,-11.62327435));
#14457=CARTESIAN_POINT('',(-0.48053356329901,26.6298692801151,-11.1232743499568));
#14458=CARTESIAN_POINT('',(-0.48053356329901,26.6298692801151,-13.7232743499568));
#14459=CARTESIAN_POINT('',(-0.280533563299011,26.2834591186013,-13.7232743499568));
#14460=CARTESIAN_POINT('',(-0.28053356329901,26.2834591186013,-14.1232743499568));
#14461=CARTESIAN_POINT('',(-0.480533563298999,26.629869280115,-14.1232743499568));
#14462=CARTESIAN_POINT('',(0.169466436700987,25.5040362551953,-14.1232743499568));
#14463=CARTESIAN_POINT('',(0.169466436700985,25.5040362551953,-11.1232743499568));
#14464=CARTESIAN_POINT('',(4.51813928579343,17.9719139350718,-19.0206200481849));
#14465=CARTESIAN_POINT('',(0.819466436700984,24.3782032302755,-11.62327435));
#14466=CARTESIAN_POINT('',(0.819466436700984,24.3782032302755,-11.1232743499568));
#14467=CARTESIAN_POINT('',(0.819466436700984,24.3782032302755,-13.7232743499568));
#14468=CARTESIAN_POINT('',(1.01946643670098,24.0317930687617,-13.7232743499568));
#14469=CARTESIAN_POINT('',(1.01946643670098,24.0317930687617,-14.1232743499568));
#14470=CARTESIAN_POINT('',(0.819466436700994,24.3782032302755,-14.1232743499568));
#14471=CARTESIAN_POINT('',(1.46946643670098,23.2523702053557,-14.1232743499568));
#14472=CARTESIAN_POINT('',(1.46946643670098,23.2523702053557,-11.1232743499568));
#14473=CARTESIAN_POINT('',(5.16813928579343,16.8460809101521,-17.7206200481849));
#14474=CARTESIAN_POINT('',(2.11946643670098,22.126537180436,-11.62327435));
#14475=CARTESIAN_POINT('',(2.11946643670098,22.126537180436,-11.1232743499568));
#14476=CARTESIAN_POINT('',(2.11946643670098,22.126537180436,-13.7232743499568));
#14477=CARTESIAN_POINT('',(2.31946643670097,21.7801270189222,-13.7232743499568));
#14478=CARTESIAN_POINT('',(2.31946643670098,21.7801270189222,-14.1232743499568));
#14479=CARTESIAN_POINT('',(2.11946643670099,22.1265371804359,-14.1232743499568));
#14480=CARTESIAN_POINT('',(2.76946643670097,21.0007041555162,-14.1232743499568));
#14481=CARTESIAN_POINT('',(2.76946643670097,21.0007041555162,-11.1232743499568));
#14482=CARTESIAN_POINT('',(5.81813928579343,15.7202478852323,-16.4206200481849));
#14483=CARTESIAN_POINT('',(3.41946643670098,19.8748711305964,-11.62327435));
#14484=CARTESIAN_POINT('',(3.41946643670098,19.8748711305964,-11.1232743499568));
#14485=CARTESIAN_POINT('',(3.41946643670098,19.8748711305964,-13.7232743499568));
#14486=CARTESIAN_POINT('',(3.61946643670097,19.5284609690826,-13.7232743499568));
#14487=CARTESIAN_POINT('',(3.61946643670097,19.5284609690826,-14.1232743499568));
#14488=CARTESIAN_POINT('',(3.41946643670098,19.8748711305964,-14.1232743499568));
#14489=CARTESIAN_POINT('',(4.06946643670097,18.7490381056767,-14.1232743499568));
#14490=CARTESIAN_POINT('',(4.06946643670097,18.7490381056767,-11.1232743499568));
#14491=CARTESIAN_POINT('',(-36.7921577915766,15.5400136602487,-18.04327435));
#14492=CARTESIAN_POINT('',(1.38423233502271,24.4,-18.04327435));
#14493=CARTESIAN_POINT('',(1.81724503691492,24.15,-18.04327435));
#14494=CARTESIAN_POINT('',(4.14638927147993,28.1841961524227,-18.04327435));
#14495=CARTESIAN_POINT('',(3.66476589832173,27.35,-18.04327435));
#14496=CARTESIAN_POINT('',(4.09777860021395,27.1,-18.04327435));
#14497=CARTESIAN_POINT('',(4.09777860021395,27.6,-18.04327435));
#14498=CARTESIAN_POINT('',(-17.961075841257,27.6,-18.04327435));
#14499=CARTESIAN_POINT('',(10.1022213997861,27.6,-18.04327435));
#14500=CARTESIAN_POINT('',(10.1022213997861,27.1,-18.04327435));
#14501=CARTESIAN_POINT('',(10.5352341016783,27.35,-18.04327435));
#14502=CARTESIAN_POINT('',(13.8170340479035,21.6657557528611,-18.04327435));
#14503=CARTESIAN_POINT('',(11.6613448015713,25.3995190528383,-18.04327435));
#14504=CARTESIAN_POINT('',(11.8054447645617,25.482715205261,-18.04327435));
#14505=CARTESIAN_POINT('',(10.3623066958947,24.6495190528383,-18.04327435));
#14506=CARTESIAN_POINT('',(11.0203669869422,23.5097251943006,-18.04327435));
#14507=CARTESIAN_POINT('',(9.52487113059644,26.1,-18.04327435));
#14508=CARTESIAN_POINT('',(-16.9218453567157,26.1,-18.04327435));
#14509=CARTESIAN_POINT('',(4.67512886940358,26.1,-18.04327435));
#14510=CARTESIAN_POINT('',(1.9995744733248,21.4658038475773,-18.04327435));
#14511=CARTESIAN_POINT('',(-16.9218453567158,17.7,-18.04327435));
#14512=CARTESIAN_POINT('',(9.52487113059642,17.7,-18.04327435));
#14513=CARTESIAN_POINT('',(12.2004255266752,22.3341961524227,-18.04327435));
#14514=CARTESIAN_POINT('',(11.9497422611929,21.9,-18.04327435));
#14515=CARTESIAN_POINT('',(11.0203669869422,23.5097251943006,-18.04327435));
#14516=CARTESIAN_POINT('',(11.1123066958946,23.3504809471617,-18.04327435));
#14517=CARTESIAN_POINT('',(10.9682067329042,23.267284794739,-18.04327435));
#14518=CARTESIAN_POINT('',(12.4113448015713,24.1004809471617,-18.04327435));
#14519=CARTESIAN_POINT('',(13.8170340479035,21.6657557528611,-18.04327435));
#14520=CARTESIAN_POINT('',(13.5374555014643,22.15,-18.04327435));
#14521=CARTESIAN_POINT('',(13.1044427995721,21.9,-18.04327435));
#14522=CARTESIAN_POINT('',(13.5374555014643,21.65,-18.04327435));
#14523=CARTESIAN_POINT('',(10.3711533765743,16.1658038475773,-18.04327435));
#14524=CARTESIAN_POINT('',(11.1125843708678,17.45,-18.04327435));
#14525=CARTESIAN_POINT('',(11.5455970727601,17.2,-18.04327435));
#14526=CARTESIAN_POINT('',(11.5455970727601,16.7,-18.04327435));
#14527=CARTESIAN_POINT('',(-28.9403010218985,16.7,-18.04327435));
#14528=CARTESIAN_POINT('',(17.6025272252256,16.7,-18.04327435));
#14529=CARTESIAN_POINT('',(17.6025272252256,17.2,-18.04327435));
#14530=CARTESIAN_POINT('',(18.1025462644185,17.2,-18.04327435));
#14531=CARTESIAN_POINT('',(18.1025462644185,20.025,-18.04327435));
#14532=CARTESIAN_POINT('',(18.1025462644185,17.3595088702609,-18.04327435));
#14533=CARTESIAN_POINT('',(18.1025462644185,17.3595088702609,-18.04327435));
#14534=CARTESIAN_POINT('',(18.1025462644185,17.55549715899,-18.04327435));
#14535=CARTESIAN_POINT('',(17.9796436630672,17.7418791088125,-18.04327435));
#14536=CARTESIAN_POINT('',(17.7995052898432,17.8190898130314,-18.04327435));
#14537=CARTESIAN_POINT('',(20.1857698644691,21.9444223603845,-18.04327435));
#14538=CARTESIAN_POINT('',(20.342732712778,21.8266018398194,-18.04327435));
#14539=CARTESIAN_POINT('',(20.5659852739034,21.81314955297,-18.04327435));
#14540=CARTESIAN_POINT('',(20.7359538426183,21.9112809518713,-18.04327435));
#14541=CARTESIAN_POINT('',(20.7359538426183,21.9112809518714,-18.04327435));
#14542=CARTESIAN_POINT('',(21.3927588636336,22.2904875075596,-18.04327435));
#14543=CARTESIAN_POINT('',(20.9597461617414,22.0404875075596,-18.04327435));
#14544=CARTESIAN_POINT('',(20.7097366421449,22.4735166978765,-18.04327435));
#14545=CARTESIAN_POINT('',(21.1427493440372,22.7235166978765,-18.04327435));
#14546=CARTESIAN_POINT('',(16.8726696846025,30.1195116203838,-18.04327435));
#14547=CARTESIAN_POINT('',(18.0244960527862,28.1244898291921,-18.04327435));
#14548=CARTESIAN_POINT('',(-36.7921577915766,28.1244898291921,-18.04327435));
#14549=CARTESIAN_POINT('',(7.1,21.9000000000001,-18.0432743499999));
#14550=CARTESIAN_POINT('',(5.51886116991582,18.975,-18.04327435));
#14551=CARTESIAN_POINT('',(8.68113883008419,18.975,-18.04327435));
#14552=CARTESIAN_POINT('',(-15.9093665961021,18.975,-18.04327435));
#14553=CARTESIAN_POINT('',(-28.9403010218985,16.7,-18.74727435));
#14554=CARTESIAN_POINT('',(2.65440292723985,16.7,-18.74727435));
#14555=CARTESIAN_POINT('',(2.65440292723985,16.7,-18.04327435));
#14556=CARTESIAN_POINT('',(-28.9403010218985,16.7,-18.04327435));
#14557=CARTESIAN_POINT('',(-0.432527225225618,16.7,-18.04327435));
#14558=CARTESIAN_POINT('',(-0.42855491417456,16.7,-18.4984561112342));
#14559=CARTESIAN_POINT('',(-0.456089768260664,16.7,-15.34327435));
#14560=CARTESIAN_POINT('',(-4.46699999997655,16.7,-15.34327435));
#14561=CARTESIAN_POINT('',(-2.69391023173935,16.7,-15.34327435));
#14562=CARTESIAN_POINT('',(-2.7256129537179,16.7,-18.976046466947));
#14563=CARTESIAN_POINT('',(-2.7174727747744,16.7,-18.04327435));
#14564=CARTESIAN_POINT('',(-28.9403010218985,16.7,-18.04327435));
#14565=CARTESIAN_POINT('',(-9.55440292723984,16.7,-18.04327435));
#14566=CARTESIAN_POINT('',(-9.55440292723984,16.7,-18.74727435));
#14567=CARTESIAN_POINT('',(-9.55440292723984,16.7,-16.54327435));
#14568=CARTESIAN_POINT('',(-28.9403010218985,16.7,-16.54327435));
#14569=CARTESIAN_POINT('',(-18.44559707276,16.7,-16.54327435));
#14570=CARTESIAN_POINT('',(-18.44559707276,16.7,-18.74727435));
#14571=CARTESIAN_POINT('',(-18.4455970727601,16.7,-18.04327435));
#14572=CARTESIAN_POINT('',(-28.9403010218985,16.7,-18.04327435));
#14573=CARTESIAN_POINT('',(-20.3058013582719,16.7,-18.04327435));
#14574=CARTESIAN_POINT('',(-20.3058013582719,16.7,-14.58327435));
#14575=CARTESIAN_POINT('',(33.9130597099505,30.1195116203838,-9.68127435));
#14576=CARTESIAN_POINT('',(19.4707458959557,30.1195116203838,-13.2929116540481));
#14577=CARTESIAN_POINT('',(19.4707458959557,30.1195116203838,-13.2929116540637));
#14578=CARTESIAN_POINT('',(27.375,30.1195116203838,-13.2929116540637));
#14579=CARTESIAN_POINT('',(27.375,30.1195116203838,-13.2929116540637));
#14580=CARTESIAN_POINT('',(27.375,30.1195116203838,-9.68127435));
#14581=CARTESIAN_POINT('',(27.375,30.1195116203838,-9.82327435));
#14582=CARTESIAN_POINT('',(-42.1291701520114,30.1195116203838,-9.82327435));
#14583=CARTESIAN_POINT('',(-24.025,30.1195116203838,-9.82327435));
#14584=CARTESIAN_POINT('',(-24.025,30.1195116203838,-9.68127435));
#14585=CARTESIAN_POINT('',(-24.025,30.1195116203838,-13.2929116540637));
#14586=CARTESIAN_POINT('',(27.375,30.1195116203838,-13.2929116540637));
#14587=CARTESIAN_POINT('',(-4.22733031539754,30.1195116203838,-13.2929116540637));
#14588=CARTESIAN_POINT('',(-4.22733031539754,30.1195116203838,494981.95672565));
#14589=CARTESIAN_POINT('',(-4.22733031539754,30.1195116203838,-11.1232743499841));
#14590=CARTESIAN_POINT('',(-2.49527950782865,30.1195116203838,-11.1232743499841));
#14591=CARTESIAN_POINT('',(-1.62925410404424,30.1195116203838,-11.1232743499841));
#14592=CARTESIAN_POINT('',(-1.62925410404424,30.1195116203838,-13.2929116540637));
#14593=CARTESIAN_POINT('',(-1.62925410404424,30.1195116203838,-13.2929116540637));
#14594=CARTESIAN_POINT('',(27.375,30.1195116203838,-13.2929116540637));
#14595=CARTESIAN_POINT('',(16.8726696846025,30.1195116203838,-13.2929116540637));
#14596=CARTESIAN_POINT('',(16.8726696846025,30.1195116203838,494981.95672565));
#14597=CARTESIAN_POINT('',(-37.1082648768682,28.1244898291921,-16.87327435));
#14598=CARTESIAN_POINT('',(-36.7921577915766,28.1244898291921,-18.04327435));
#14599=CARTESIAN_POINT('',(-29.5026194731414,28.1244898291921,-18.04327435));
#14600=CARTESIAN_POINT('',(-3.07550394721386,28.1244898291921,-18.04327435));
#14601=CARTESIAN_POINT('',(-3.07550394721386,28.1244898291921,-16.87327435));
#14602=CARTESIAN_POINT('',(-3.7344261623619,29.2657765840644,-17.1308875157218));
#14603=CARTESIAN_POINT('',(-37.1082648768682,29.2657765840644,-17.1308875157218));
#14604=CARTESIAN_POINT('',(-29.3498579776014,29.2657765840644,-17.1308875157218));
#14605=CARTESIAN_POINT('',(-29.5991165754135,28.2623019734585,-18.0351296821704));
#14606=CARTESIAN_POINT('',(-29.7469716904841,28.473460961333,-18.0100832998073));
#14607=CARTESIAN_POINT('',(-29.7044335446427,29.0010453605817,-17.775784466349));
#14608=CARTESIAN_POINT('',(-29.4652305826337,29.2156985124252,-17.3527451203641));
#14609=CARTESIAN_POINT('',(-29.3498579776014,29.2657765840644,-17.1308875157218));
#14610=CARTESIAN_POINT('',(-29.5991165754135,28.2623019734585,-18.0351296821704));
#14611=CARTESIAN_POINT('',(-29.5026194731414,28.1244898291921,-16.87327435));
#14612=CARTESIAN_POINT('',(-37.1082648768682,28.1244898291921,-16.87327435));
#14613=CARTESIAN_POINT('',(-37.1082648768682,29.2657765840644,-17.1308875157218));
#14614=CARTESIAN_POINT('',(-1.14343439536922,29.2657765840644,-17.1308875157218));
#14615=CARTESIAN_POINT('',(17.3655738376382,29.2657765840644,-17.1308875157218));
#14616=CARTESIAN_POINT('',(-1.44492751121742,28.3002485964217,-18.029997677223));
#14617=CARTESIAN_POINT('',(-1.57009154596779,28.5170390638896,-17.9970573669409));
#14618=CARTESIAN_POINT('',(-1.49916301116518,29.014358407028,-17.7518861324962));
#14619=CARTESIAN_POINT('',(-1.26015273588915,29.2174565626829,-17.3449565453203));
#14620=CARTESIAN_POINT('',(-1.14343439536922,29.2657765840644,-17.1308875157218));
#14621=CARTESIAN_POINT('',(18.0244960527862,28.1244898291921,-16.87327435));
#14622=CARTESIAN_POINT('',(-37.1082648768682,30.5489244026112,-11.4462416795997));
#14623=CARTESIAN_POINT('',(-4.99421703434049,31.4477983812428,-7.46401909700325));
#14624=CARTESIAN_POINT('',(-4.22024587103693,30.1072410028078,-13.403002750526));
#14625=CARTESIAN_POINT('',(-24.025,30.1072410028078,-13.403002750526));
#14626=CARTESIAN_POINT('',(-24.025,30.1072410028078,-13.403002750526));
#14627=CARTESIAN_POINT('',(-24.025,31.1072410028078,-8.97276817119287));
#14628=CARTESIAN_POINT('',(-24.7461756068152,30.4144887064315,-12.0418233495118));
#14629=CARTESIAN_POINT('',(-31.192,30.4144887064315,-12.0418233495118));
#14630=CARTESIAN_POINT('',(-30.575,30.4144887064315,-12.0418233495118));
#14631=CARTESIAN_POINT('',(-30.575,30.5489244026112,-11.4462416795997));
#14632=CARTESIAN_POINT('',(-30.575,30.3811951555159,-12.1893215900468));
#14633=CARTESIAN_POINT('',(-28.275,30.3811951555159,-12.1893215900468));
#14634=CARTESIAN_POINT('',(-30.5705442234971,30.2380982723598,-12.82327435));
#14635=CARTESIAN_POINT('',(-32.6402747320705,30.2380982723597,-12.82327435));
#14636=CARTESIAN_POINT('',(-29.9608405092577,30.2380982723597,-12.82327435));
#14637=CARTESIAN_POINT('',(-28.275,30.8689245379399,-10.0285660146751));
#14638=CARTESIAN_POINT('',(-29.7494736797202,29.8364869525081,-14.6025067066586));
#14639=CARTESIAN_POINT('',(-29.3716028031088,29.2968314132697,-16.993307337521));
#14640=CARTESIAN_POINT('',(-37.1082648768682,30.5489244026112,-11.4462416795997));
#14641=CARTESIAN_POINT('',(-24.025,30.1072410028078,-13.403002750526));
#14642=CARTESIAN_POINT('',(16.8797541289631,30.1072410028078,-13.403002750526));
#14643=CARTESIAN_POINT('',(-1.62925410404425,30.1072410028078,-13.403002750526));
#14644=CARTESIAN_POINT('',(-1.15709419472729,29.2894360505737,-17.0260705290634));
#14645=CARTESIAN_POINT('',(15.7702281602995,32.0289963528503,-4.88917574574938));
#14646=CARTESIAN_POINT('',(-37.1082648768682,29.6195116203838,-13.2929116540637));
#14647=CARTESIAN_POINT('',(-3.93865518080273,29.6195116203838,-13.2929116540637));
#14648=CARTESIAN_POINT('',(-24.025,29.6195116203838,-13.2929116540637));
#14649=CARTESIAN_POINT('',(-37.1082648768682,29.6195116203838,-13.2929116540637));
#14650=CARTESIAN_POINT('',(-1.62925410404424,29.6195116203838,-13.2929116540637));
#14651=CARTESIAN_POINT('',(17.1613448191973,29.6195116203838,-13.2929116540637));
#14652=CARTESIAN_POINT('',(-21.910151682514,15.598,-16.54327435));
#14653=CARTESIAN_POINT('',(4.14638927147993,28.1841961524227,-16.54327435));
#14654=CARTESIAN_POINT('',(1.81724503691492,24.15,-16.54327435));
#14655=CARTESIAN_POINT('',(3.66476589832173,27.35,-16.54327435));
#14656=CARTESIAN_POINT('',(1.38423233502271,24.4,-16.54327435));
#14657=CARTESIAN_POINT('',(1.9995744733248,21.4658038475773,-16.54327435));
#14658=CARTESIAN_POINT('',(4.67512886940357,26.1,-16.54327435));
#14659=CARTESIAN_POINT('',(-16.9218453567157,26.1,-16.54327435));
#14660=CARTESIAN_POINT('',(9.52487113059645,26.1,-16.54327435));
#14661=CARTESIAN_POINT('',(11.0203669869422,23.5097251943006,-16.54327435));
#14662=CARTESIAN_POINT('',(10.3623066958946,24.6495190528383,-16.54327435));
#14663=CARTESIAN_POINT('',(11.8054447645617,25.482715205261,-16.54327435));
#14664=CARTESIAN_POINT('',(11.6613448015713,25.3995190528384,-16.54327435));
#14665=CARTESIAN_POINT('',(13.8170340479035,21.6657557528611,-16.54327435));
#14666=CARTESIAN_POINT('',(10.5352341016783,27.35,-16.54327435));
#14667=CARTESIAN_POINT('',(10.1022213997861,27.1,-16.54327435));
#14668=CARTESIAN_POINT('',(10.1022213997861,27.6,-16.54327435));
#14669=CARTESIAN_POINT('',(-17.961075841257,27.6,-16.54327435));
#14670=CARTESIAN_POINT('',(4.09777860021395,27.6,-16.54327435));
#14671=CARTESIAN_POINT('',(4.09777860021395,27.1,-16.54327435));
#14672=CARTESIAN_POINT('',(-21.910151682514,15.598,-16.54327435));
#14673=CARTESIAN_POINT('',(5.54115427318799,17.2,-16.54327435));
#14674=CARTESIAN_POINT('',(5.54115427318799,16.7,-16.54327435));
#14675=CARTESIAN_POINT('',(-28.9403010218985,16.7,-16.54327435));
#14676=CARTESIAN_POINT('',(11.5455970727601,16.7,-16.54327435));
#14677=CARTESIAN_POINT('',(11.5455970727601,17.2,-16.54327435));
#14678=CARTESIAN_POINT('',(11.1125843708678,17.45,-16.54327435));
#14679=CARTESIAN_POINT('',(10.3711533765743,16.1658038475773,-16.54327435));
#14680=CARTESIAN_POINT('',(13.5374555014643,21.65,-16.54327435));
#14681=CARTESIAN_POINT('',(13.1044427995721,21.9,-16.54327435));
#14682=CARTESIAN_POINT('',(13.5374555014643,22.15,-16.54327435));
#14683=CARTESIAN_POINT('',(7.51265292826767,32.5852641623484,-16.54327435));
#14684=CARTESIAN_POINT('',(12.4113448015713,24.1004809471617,-16.54327435));
#14685=CARTESIAN_POINT('',(-17.0114598092105,7.11321678481339,-16.54327435));
#14686=CARTESIAN_POINT('',(11.1123066958946,23.3504809471617,-16.54327435));
#14687=CARTESIAN_POINT('',(11.0203669869422,23.5097251943006,-16.54327435));
#14688=CARTESIAN_POINT('',(11.9497422611929,21.9,-16.54327435));
#14689=CARTESIAN_POINT('',(12.2004255266752,22.3341961524227,-16.54327435));
#14690=CARTESIAN_POINT('',(9.52487113059642,17.7,-16.54327435));
#14691=CARTESIAN_POINT('',(-16.9218453567158,17.7,-16.54327435));
#14692=CARTESIAN_POINT('',(4.14638927147993,28.1841961524227,-18.20527435));
#14693=CARTESIAN_POINT('',(1.81724503691492,24.15,-16.54327435));
#14694=CARTESIAN_POINT('',(3.66476589832173,27.35,-18.20527435));
#14695=CARTESIAN_POINT('',(-36.7921577915766,15.5400136602487,-18.04327435));
#14696=CARTESIAN_POINT('',(-4.22733031539754,30.1195116203838,-18.04327435));
#14697=CARTESIAN_POINT('',(-21.383345161099,16.5289644042563,-18.04327435));
#14698=CARTESIAN_POINT('',(-25.5754966160279,22.5159771485741,-18.04327435));
#14699=CARTESIAN_POINT('',(-25.1659205938834,22.8027653667496,-18.04327435));
#14700=CARTESIAN_POINT('',(-24.8791214552755,22.3931737486113,-18.04327435));
#14701=CARTESIAN_POINT('',(-25.28869747742,22.1063855304358,-18.04327435));
#14702=CARTESIAN_POINT('',(-24.248113755212,22.8350100968642,-18.04327435));
#14703=CARTESIAN_POINT('',(-21.3500000000001,24.0799999999999,-18.04327435));
#14704=CARTESIAN_POINT('',(-18.5195306176404,25.4719433438837,-18.04327435));
#14705=CARTESIAN_POINT('',(-17.0991846469303,27.9320547294793,-18.04327435));
#14706=CARTESIAN_POINT('',(-17.4352341016783,27.35,-18.04327435));
#14707=CARTESIAN_POINT('',(-17.0022213997861,27.1,-18.04327435));
#14708=CARTESIAN_POINT('',(-17.0022213997861,27.6,-18.04327435));
#14709=CARTESIAN_POINT('',(-17.961075841257,27.6,-18.04327435));
#14710=CARTESIAN_POINT('',(-10.9977786002139,27.6,-18.04327435));
#14711=CARTESIAN_POINT('',(-10.9977786002139,27.1,-18.04327435));
#14712=CARTESIAN_POINT('',(-10.5647658983217,27.35,-18.04327435));
#14713=CARTESIAN_POINT('',(-9.30341421928691,25.1652748056994,-18.04327435));
#14714=CARTESIAN_POINT('',(-9.43865519842868,25.3995190528383,-18.04327435));
#14715=CARTESIAN_POINT('',(-9.29455523543834,25.4827152052611,-18.04327435));
#14716=CARTESIAN_POINT('',(-10.7376933041053,24.6495190528383,-18.04327435));
#14717=CARTESIAN_POINT('',(-11.6670685783561,26.2592442471389,-18.04327435));
#14718=CARTESIAN_POINT('',(-11.5751288694035,26.1,-18.04327435));
#14719=CARTESIAN_POINT('',(-16.9218453567157,26.1,-18.04327435));
#14720=CARTESIAN_POINT('',(-16.4248711305964,26.1,-18.04327435));
#14721=CARTESIAN_POINT('',(-19.1004255266752,21.4658038475773,-18.04327435));
#14722=CARTESIAN_POINT('',(-18.8497422611929,21.9,-18.04327435));
#14723=CARTESIAN_POINT('',(-16.1741878651142,17.2658038475773,-18.04327435));
#14724=CARTESIAN_POINT('',(-16.4248711305965,17.7,-18.04327435));
#14725=CARTESIAN_POINT('',(-16.9218453567158,17.7,-18.04327435));
#14726=CARTESIAN_POINT('',(-11.5751288694036,17.7,-18.04327435));
#14727=CARTESIAN_POINT('',(-8.89957447332481,22.3341961524227,-18.04327435));
#14728=CARTESIAN_POINT('',(-9.15025773880714,21.9,-18.04327435));
#14729=CARTESIAN_POINT('',(-11.6670685783561,26.2592442471389,-18.04327435));
#14730=CARTESIAN_POINT('',(-9.98769330410536,23.3504809471617,-18.04327435));
#14731=CARTESIAN_POINT('',(-10.1317932670958,23.2672847947389,-18.04327435));
#14732=CARTESIAN_POINT('',(-8.68865519842869,24.1004809471616,-18.04327435));
#14733=CARTESIAN_POINT('',(-9.30341421928691,25.1652748056994,-18.04327435));
#14734=CARTESIAN_POINT('',(-7.56254449853565,22.1499999999999,-18.04327435));
#14735=CARTESIAN_POINT('',(-7.99555720042787,21.8999999999999,-18.04327435));
#14736=CARTESIAN_POINT('',(-7.56254449853565,21.6499999999999,-18.04327435));
#14737=CARTESIAN_POINT('',(-10.7288466234256,16.1658038475773,-18.04327435));
#14738=CARTESIAN_POINT('',(-9.98741562913206,17.45,-18.04327435));
#14739=CARTESIAN_POINT('',(-9.55440292723984,17.2,-18.04327435));
#14740=CARTESIAN_POINT('',(-2.7174727747744,17.2,-18.04327435));
#14741=CARTESIAN_POINT('',(-2.21745373558153,17.2,-18.04327435));
#14742=CARTESIAN_POINT('',(-2.21745373558153,16.7,-18.04327435));
#14743=CARTESIAN_POINT('',(-2.21745373558153,17.3595088702609,-18.04327435));
#14744=CARTESIAN_POINT('',(-2.21745373558153,17.3595088702609,-18.04327435));
#14745=CARTESIAN_POINT('',(-2.21745373558153,17.55549715899,-18.04327435));
#14746=CARTESIAN_POINT('',(-2.34035633693281,17.7418791088125,-18.04327435));
#14747=CARTESIAN_POINT('',(-2.52049471015678,17.8190898130314,-18.04327435));
#14748=CARTESIAN_POINT('',(-14.0000000000005,21.9000000000008,-18.0432743499999));
#14749=CARTESIAN_POINT('',(-15.5811388300852,18.975,-18.04327435));
#14750=CARTESIAN_POINT('',(-12.4188611699158,18.975,-18.04327435));
#14751=CARTESIAN_POINT('',(-15.9093665961021,18.975,-18.04327435));
#14752=CARTESIAN_POINT('',(25.24638927148,28.1841961524227,-18.20527435));
#14753=CARTESIAN_POINT('',(25.24638927148,28.1841961524227,-18.04327435));
#14754=CARTESIAN_POINT('',(24.7647658983218,27.35,-18.04327435));
#14755=CARTESIAN_POINT('',(22.9172450369149,24.1499999999999,-18.04327435));
#14756=CARTESIAN_POINT('',(22.9172450369149,24.1499999999999,-16.54327435));
#14757=CARTESIAN_POINT('',(22.9172450369149,24.1499999999999,-16.54327435));
#14758=CARTESIAN_POINT('',(25.24638927148,28.1841961524227,-16.54327435));
#14759=CARTESIAN_POINT('',(24.7647658983218,27.35,-16.54327435));
#14760=CARTESIAN_POINT('',(24.7647658983218,27.35,-18.20527435));
#14761=CARTESIAN_POINT('',(-28.9403010218985,16.7,-18.74727435));
#14762=CARTESIAN_POINT('',(5.54115427318799,16.7,-11.1232743499841));
#14763=CARTESIAN_POINT('',(23.7544029272399,16.7,-18.74727435));
#14764=CARTESIAN_POINT('',(23.7544029272399,16.7,-18.04327435));
#14765=CARTESIAN_POINT('',(-28.9403010218985,16.7,-18.04327435));
#14766=CARTESIAN_POINT('',(19.8874727747744,16.7,-18.04327435));
#14767=CARTESIAN_POINT('',(19.8898976686144,16.7,-18.3211396618314));
#14768=CARTESIAN_POINT('',(19.8639102317393,16.7,-15.34327435));
#14769=CARTESIAN_POINT('',(-4.46699999997655,16.7,-15.34327435));
#14770=CARTESIAN_POINT('',(17.6260897682607,16.7,-15.34327435));
#14771=CARTESIAN_POINT('',(17.6025653028864,16.7,-18.0389110822508));
#14772=CARTESIAN_POINT('',(11.5455970727601,16.7,-18.74727435));
#14773=CARTESIAN_POINT('',(-37.1082648768682,28.1244898291921,-16.87327435));
#14774=CARTESIAN_POINT('',(-37.1082648768682,29.2657765840644,-17.1308875157218));
#14775=CARTESIAN_POINT('',(19.9565656046308,29.2657765840644,-17.1308875157218));
#14776=CARTESIAN_POINT('',(34.2815827358898,29.2657765840644,-17.1308875157218));
#14777=CARTESIAN_POINT('',(19.6550724887825,28.3002485964217,-18.029997677223));
#14778=CARTESIAN_POINT('',(19.5299084540322,28.5170390638896,-17.9970573669409));
#14779=CARTESIAN_POINT('',(19.6008369888326,29.0143584070283,-17.751886132495));
#14780=CARTESIAN_POINT('',(19.8398472641153,29.2174565626823,-17.3449565453226));
#14781=CARTESIAN_POINT('',(19.9565656046308,29.2657765840644,-17.1308875157218));
#14782=CARTESIAN_POINT('',(-36.7921577915766,28.1244898291921,-18.04327435));
#14783=CARTESIAN_POINT('',(34.990758787547,28.1244898291921,-18.04327435));
#14784=CARTESIAN_POINT('',(34.7756054882856,28.735458493776,-17.8710805891551));
#14785=CARTESIAN_POINT('',(34.8271538202853,28.5473786855985,-17.9862440995924));
#14786=CARTESIAN_POINT('',(34.9004937407505,28.3338521338203,-18.04327435));
#14787=CARTESIAN_POINT('',(34.990758787547,28.1244898291921,-18.04327435));
#14788=CARTESIAN_POINT('',(34.7756054882856,28.735458493776,-17.8710805891551));
#14789=CARTESIAN_POINT('',(34.7756054882856,28.735458493776,-17.8710805891551));
#14790=CARTESIAN_POINT('',(34.6940093356018,29.0331711092853,-17.6887876028118));
#14791=CARTESIAN_POINT('',(34.4779745777224,29.2011491377917,-17.417202262973));
#14792=CARTESIAN_POINT('',(34.2815827358898,29.2657765840644,-17.1308875157218));
#14793=CARTESIAN_POINT('',(31.2500587948709,13.4760488379616,-11.12327435));
#14794=CARTESIAN_POINT('',(51.6524791385931,15.,-11.12327435));
#14795=CARTESIAN_POINT('',(51.6524791385931,16.2,-11.12327435));
#14796=CARTESIAN_POINT('',(51.6524791385931,15.5,-11.12327435));
#14797=CARTESIAN_POINT('',(52.3595859197797,15.5,-11.12327435));
#14798=CARTESIAN_POINT('',(67.2186394592346,15.,-11.12327435));
#14799=CARTESIAN_POINT('',(66.674448144075,15.7771857860565,-11.12327435));
#14800=CARTESIAN_POINT('',(66.130256828912,16.5543715721105,-11.12327435));
#14801=CARTESIAN_POINT('',(65.5860655137525,17.331557358167,-11.12327435));
#14802=CARTESIAN_POINT('',(65.5860655137523,17.3315573581669,-11.12327435));
#14803=CARTESIAN_POINT('',(65.5860655137526,17.331557358167,-11.12327435));
#14804=CARTESIAN_POINT('',(65.6796834879453,17.0221976132657,-11.12327435));
#14805=CARTESIAN_POINT('',(65.3738553502588,16.6999999999999,-11.12327435));
#14806=CARTESIAN_POINT('',(65.0508077423532,16.6999999999998,-11.12327435));
#14807=CARTESIAN_POINT('',(65.0508077423531,16.7,-11.12327435));
#14808=CARTESIAN_POINT('',(-28.9403010218985,16.7,-11.12327435));
#14809=CARTESIAN_POINT('',(59.9644450893144,16.7,-11.12327435));
#14810=CARTESIAN_POINT('',(59.9644450893144,16.2,-11.12327435));
#14811=CARTESIAN_POINT('',(59.6909529336981,16.6185714285714,-11.12327435));
#14812=CARTESIAN_POINT('',(58.05,19.13,-11.12327435));
#14813=CARTESIAN_POINT('',(56.4090470663019,16.6185714285714,-11.12327435));
#14814=CARTESIAN_POINT('',(56.1355549106856,16.2,-11.12327435));
#14815=CARTESIAN_POINT('',(56.1355549106856,16.7,-11.12327435));
#14816=CARTESIAN_POINT('',(31.2500587948709,16.7,-11.12327435));
#14817=CARTESIAN_POINT('',(52.3595859197797,16.7,-11.12327435));
#14818=CARTESIAN_POINT('',(52.3595859197797,16.2,-11.12327435));
#14819=CARTESIAN_POINT('',(-21.910151682514,15.598,-16.54327435));
#14820=CARTESIAN_POINT('',(22.4842323350227,24.3999999999999,-16.54327435));
#14821=CARTESIAN_POINT('',(23.0995744733248,21.4658038475773,-16.54327435));
#14822=CARTESIAN_POINT('',(25.7751288694036,26.1,-16.54327435));
#14823=CARTESIAN_POINT('',(-16.9218453567157,26.1,-16.54327435));
#14824=CARTESIAN_POINT('',(30.6248711305964,26.1,-16.54327435));
#14825=CARTESIAN_POINT('',(32.1203669869422,23.5097251943006,-16.54327435));
#14826=CARTESIAN_POINT('',(31.4623066958947,24.6495190528383,-16.54327435));
#14827=CARTESIAN_POINT('',(32.9054447645616,25.4827152052611,-16.54327435));
#14828=CARTESIAN_POINT('',(32.7613448015713,25.3995190528383,-16.54327435));
#14829=CARTESIAN_POINT('',(34.9170340479035,21.6657557528611,-16.54327435));
#14830=CARTESIAN_POINT('',(31.6352341016783,27.35,-16.54327435));
#14831=CARTESIAN_POINT('',(31.2022213997861,27.1,-16.54327435));
#14832=CARTESIAN_POINT('',(31.2022213997861,27.6,-16.54327435));
#14833=CARTESIAN_POINT('',(-17.961075841257,27.6,-16.54327435));
#14834=CARTESIAN_POINT('',(25.197778600214,27.6,-16.54327435));
#14835=CARTESIAN_POINT('',(25.197778600214,27.1,-16.54327435));
#14836=CARTESIAN_POINT('',(-21.910151682514,15.598,-16.54327435));
#14837=CARTESIAN_POINT('',(26.6411542731879,17.2,-16.54327435));
#14838=CARTESIAN_POINT('',(32.64559707276,17.2,-16.54327435));
#14839=CARTESIAN_POINT('',(32.2125843708678,17.45,-16.54327435));
#14840=CARTESIAN_POINT('',(31.4711533765743,16.1658038475774,-16.54327435));
#14841=CARTESIAN_POINT('',(33.3311539731576,19.387419382968,-16.54327435));
#14842=CARTESIAN_POINT('',(33.7641666750498,19.137419382968,-16.54327435));
#14843=CARTESIAN_POINT('',(34.2401724207341,19.2904505238366,-16.54327435));
#14844=CARTESIAN_POINT('',(36.525,20.0250000000001,-16.54327435));
#14845=CARTESIAN_POINT('',(35.2736526558558,22.0729574761722,-16.54327435));
#14846=CARTESIAN_POINT('',(35.0129552924903,22.4996152837116,-16.54327435));
#14847=CARTESIAN_POINT('',(34.5799425905981,22.2496152837116,-16.54327435));
#14848=CARTESIAN_POINT('',(23.3376529282677,41.7218321722742,-16.54327435));
#14849=CARTESIAN_POINT('',(33.5113448015714,24.1004809471616,-16.54327435));
#14850=CARTESIAN_POINT('',(-11.7364598092103,-2.02335122511267,-16.54327435));
#14851=CARTESIAN_POINT('',(32.2123066958946,23.3504809471617,-16.54327435));
#14852=CARTESIAN_POINT('',(32.1203669869422,23.5097251943006,-16.54327435));
#14853=CARTESIAN_POINT('',(33.0497422611929,21.9,-16.54327435));
#14854=CARTESIAN_POINT('',(33.3004255266752,22.3341961524227,-16.54327435));
#14855=CARTESIAN_POINT('',(30.6248711305964,17.6999999999999,-16.54327435));
#14856=CARTESIAN_POINT('',(-16.9218453567158,17.7,-16.54327435));
#14857=CARTESIAN_POINT('',(-37.1082648768682,30.5489244026112,-11.4462416795997));
#14858=CARTESIAN_POINT('',(-24.025,30.1072410028078,-13.403002750526));
#14859=CARTESIAN_POINT('',(27.375,30.1072410028078,-13.403002750526));
#14860=CARTESIAN_POINT('',(19.4707458959557,30.1072410028078,-13.403002750526));
#14861=CARTESIAN_POINT('',(19.9429058052727,29.2894360505737,-17.0260705290634));
#14862=CARTESIAN_POINT('',(40.225,29.6942433932759,-15.2326790414565));
#14863=CARTESIAN_POINT('',(34.3087867294419,30.4144887060163,-12.0418233513511));
#14864=CARTESIAN_POINT('',(-37.1082648768682,30.4144887060163,-12.0418233513511));
#14865=CARTESIAN_POINT('',(28.0961756064164,30.4144887060163,-12.0418233513511));
#14866=CARTESIAN_POINT('',(27.375,31.1072410028078,-8.97276817119287));
#14867=CARTESIAN_POINT('',(21.3993040144767,22.2791509737562,-16.54327435));
#14868=CARTESIAN_POINT('',(21.4045401351511,22.2700817467135,-15.34327435));
#14869=CARTESIAN_POINT('',(20.7563354250804,21.8958405828642,-15.34327435));
#14870=CARTESIAN_POINT('',(20.9715274332589,22.0200817467135,-15.34327435));
#14871=CARTESIAN_POINT('',(20.9597461617414,22.0404875075596,-18.04327435));
#14872=CARTESIAN_POINT('',(18.994990480766,19.5920037859046,112.366775453134));
#14873=CARTESIAN_POINT('',(-37.1082648768682,29.6195116203838,-13.2929116540637));
#14874=CARTESIAN_POINT('',(19.4707458959557,29.6195116203838,-13.2929116540637));
#14875=CARTESIAN_POINT('',(27.375,29.6195116203838,-13.2929116540637));
#14876=CARTESIAN_POINT('',(-28.9403010218985,16.7,-18.74727435));
#14877=CARTESIAN_POINT('',(60.6,16.7,-15.74327435));
#14878=CARTESIAN_POINT('',(62.8291612966819,16.7,-15.74327435));
#14879=CARTESIAN_POINT('',(59.9644450893144,16.7,-15.74327435));
#14880=CARTESIAN_POINT('',(59.9644450893144,16.7,-13.6232743499999));
#14881=CARTESIAN_POINT('',(65.0508077423531,16.7,-11.12327435));
#14882=CARTESIAN_POINT('',(64.3102589271293,16.7,-12.66327435));
#14883=CARTESIAN_POINT('',(63.5697101119055,16.7,-14.2032743499999));
#14884=CARTESIAN_POINT('',(62.8291612966819,16.7,-15.74327435));
#14885=CARTESIAN_POINT('',(-36.7921577915766,15.5400136602487,-18.04327435));
#14886=CARTESIAN_POINT('',(22.4842323350227,24.3999999999999,-18.04327435));
#14887=CARTESIAN_POINT('',(25.197778600214,27.1,-18.04327435));
#14888=CARTESIAN_POINT('',(25.197778600214,27.6,-18.04327435));
#14889=CARTESIAN_POINT('',(-17.961075841257,27.6,-18.04327435));
#14890=CARTESIAN_POINT('',(31.2022213997861,27.6,-18.04327435));
#14891=CARTESIAN_POINT('',(31.2022213997861,27.1,-18.04327435));
#14892=CARTESIAN_POINT('',(31.6352341016783,27.35,-18.04327435));
#14893=CARTESIAN_POINT('',(34.9170340479035,21.6657557528611,-18.04327435));
#14894=CARTESIAN_POINT('',(32.7613448015713,25.3995190528383,-18.04327435));
#14895=CARTESIAN_POINT('',(32.9054447645616,25.4827152052611,-18.04327435));
#14896=CARTESIAN_POINT('',(31.4623066958947,24.6495190528383,-18.04327435));
#14897=CARTESIAN_POINT('',(32.1203669869422,23.5097251943006,-18.04327435));
#14898=CARTESIAN_POINT('',(30.6248711305964,26.1,-18.04327435));
#14899=CARTESIAN_POINT('',(-16.9218453567157,26.1,-18.04327435));
#14900=CARTESIAN_POINT('',(25.7751288694036,26.1,-18.04327435));
#14901=CARTESIAN_POINT('',(23.0995744733248,21.4658038475773,-18.04327435));
#14902=CARTESIAN_POINT('',(-16.9218453567158,17.7,-18.04327435));
#14903=CARTESIAN_POINT('',(30.6248711305964,17.6999999999999,-18.04327435));
#14904=CARTESIAN_POINT('',(33.3004255266752,22.3341961524227,-18.04327435));
#14905=CARTESIAN_POINT('',(33.0497422611929,21.9,-18.04327435));
#14906=CARTESIAN_POINT('',(32.1203669869422,23.5097251943006,-18.04327435));
#14907=CARTESIAN_POINT('',(32.2123066958946,23.3504809471615,-18.04327435));
#14908=CARTESIAN_POINT('',(32.0682067329042,23.2672847947388,-18.04327435));
#14909=CARTESIAN_POINT('',(33.5113448015714,24.1004809471616,-18.04327435));
#14910=CARTESIAN_POINT('',(34.9170340479035,21.6657557528611,-18.04327435));
#14911=CARTESIAN_POINT('',(34.579942590598,22.2496152837116,-18.04327435));
#14912=CARTESIAN_POINT('',(35.0129552924903,22.4996152837116,-18.04327435));
#14913=CARTESIAN_POINT('',(35.2736526558557,22.0729574761723,-18.04327435));
#14914=CARTESIAN_POINT('',(36.525,20.0250000000001,-18.04327435));
#14915=CARTESIAN_POINT('',(37.7896623527328,22.0647620286414,-18.04327435));
#14916=CARTESIAN_POINT('',(37.7896623527327,22.0647620286414,-18.04327435));
#14917=CARTESIAN_POINT('',(37.9562329314512,21.9614874617947,-18.04327435));
#14918=CARTESIAN_POINT('',(38.1794018524198,21.9677158431453,-18.04327435));
#14919=CARTESIAN_POINT('',(38.3399461837847,22.0801301941838,-18.04327435));
#14920=CARTESIAN_POINT('',(38.3399461837847,22.0801301941839,-18.04327435));
#14921=CARTESIAN_POINT('',(38.9074242733367,22.477482630257,-18.04327435));
#14922=CARTESIAN_POINT('',(38.4260842049701,22.1404446859444,-18.04327435));
#14923=CARTESIAN_POINT('',(38.1391290143065,22.5499270352569,-18.04327435));
#14924=CARTESIAN_POINT('',(38.5492044024334,22.8368325628476,-18.04327435));
#14925=CARTESIAN_POINT('',(17.1910384923933,53.3394546349388,-18.04327435));
#14926=CARTESIAN_POINT('',(35.5558333475527,27.1118094683149,-18.04327435));
#14927=CARTESIAN_POINT('',(40.225,30.3811951555159,-18.04327435));
#14928=CARTESIAN_POINT('',(28.2,21.9,-18.04327435));
#14929=CARTESIAN_POINT('',(26.6188611699158,18.975,-18.04327435));
#14930=CARTESIAN_POINT('',(29.7811388300842,18.975,-18.04327435));
#14931=CARTESIAN_POINT('',(-15.9093665961021,18.975,-18.04327435));
#14932=CARTESIAN_POINT('',(-36.7921577915766,15.5400136602487,-18.04327435));
#14933=CARTESIAN_POINT('',(19.3874537355815,19.6641560817565,-18.04327435));
#14934=CARTESIAN_POINT('',(19.3874537355815,17.3595088702609,-18.04327435));
#14935=CARTESIAN_POINT('',(19.3874537355815,17.2,-18.04327435));
#14936=CARTESIAN_POINT('',(19.8874727747744,17.2,-18.04327435));
#14937=CARTESIAN_POINT('',(23.7544029272399,17.2,-18.04327435));
#14938=CARTESIAN_POINT('',(24.1874156291321,17.45,-18.04327435));
#14939=CARTESIAN_POINT('',(21.309788638837,22.4341961524227,-18.04327435));
#14940=CARTESIAN_POINT('',(22.2808586849161,20.7522534949054,-18.04327435));
#14941=CARTESIAN_POINT('',(21.8478459830239,20.5022534949054,-18.04327435));
#14942=CARTESIAN_POINT('',(21.5978364634275,20.9352826852223,-18.04327435));
#14943=CARTESIAN_POINT('',(22.0308491653197,21.1852826852223,-18.04327435));
#14944=CARTESIAN_POINT('',(21.3740441443045,20.806076129534,-18.04327435));
#14945=CARTESIAN_POINT('',(21.3740441443045,20.806076129534,-18.04327435));
#14946=CARTESIAN_POINT('',(21.2040757058611,20.707944805845,-18.04327435));
#14947=CARTESIAN_POINT('',(21.104099337733,20.5078760277741,-18.04327435));
#14948=CARTESIAN_POINT('',(21.1276534569194,20.3130321234451,-18.04327435));
#14949=CARTESIAN_POINT('',(21.1276534569194,20.3130321234451,-18.04327435));
#14950=CARTESIAN_POINT('',(18.745,20.025,-18.04327435));
#14951=CARTESIAN_POINT('',(19.6904947101568,17.8190898130314,-18.04327435));
#14952=CARTESIAN_POINT('',(19.6904947101568,17.8190898130314,-18.04327435));
#14953=CARTESIAN_POINT('',(19.510356178659,17.7418790409734,-18.04327435));
#14954=CARTESIAN_POINT('',(19.3874537355815,17.5554973103608,-18.04327435));
#14955=CARTESIAN_POINT('',(19.3874537355815,17.3595088702609,-18.04327435));
#14956=CARTESIAN_POINT('',(18.745,20.025,-16.69327435));
#14957=CARTESIAN_POINT('',(18.745,20.025,-15.34327435));
#14958=CARTESIAN_POINT('',(19.6709946745416,17.8108333706275,-15.34327435));
#14959=CARTESIAN_POINT('',(21.1250212212003,20.3340291030673,-15.34327435));
#14960=CARTESIAN_POINT('',(18.745,20.025,112.871138720884));
#14961=CARTESIAN_POINT('',(18.745,20.025,112.371138720883));
#14962=CARTESIAN_POINT('',(21.309788638837,22.4341961524227,-18.20527435));
#14963=CARTESIAN_POINT('',(21.1545496543851,22.7030779608088,-15.3389110822508));
#14964=CARTESIAN_POINT('',(21.1545306155547,22.7031109370304,-15.34327435));
#14965=CARTESIAN_POINT('',(17.1610767483448,29.6199759327205,-15.34327435));
#14966=CARTESIAN_POINT('',(22.2690774133986,20.7726592557515,-15.34327435));
#14967=CARTESIAN_POINT('',(22.2814915580411,20.7511573264982,-18.1883145041844));
#14968=CARTESIAN_POINT('',(24.1874156291321,17.45,-18.74727435));
#14969=CARTESIAN_POINT('',(20.8196084849307,23.2832130838503,-17.2249140421874));
#14970=CARTESIAN_POINT('',(23.6204283310244,18.4320508075689,-11.62327435));
#14971=CARTESIAN_POINT('',(23.6204283310244,18.4320508075689,-14.1232743499568));
#14972=CARTESIAN_POINT('',(23.6204283310244,18.4320508075689,-13.7232743499568));
#14973=CARTESIAN_POINT('',(23.4204283310243,18.7784609690826,-13.7232743499568));
#14974=CARTESIAN_POINT('',(23.4204283310244,18.7784609690827,-14.1232743499568));
#14975=CARTESIAN_POINT('',(23.2204283310244,19.1248711305964,-14.1232743499568));
#14976=CARTESIAN_POINT('',(22.9704283310244,19.5578838324886,-14.1232743499568));
#14977=CARTESIAN_POINT('',(22.9704283310244,19.5578838324886,-11.1232743499568));
#14978=CARTESIAN_POINT('',(20.1696084849307,24.4090461087701,-15.9249140421874));
#14979=CARTESIAN_POINT('',(22.3204283310244,20.6837168574084,-11.62327435));
#14980=CARTESIAN_POINT('',(22.3204283310244,20.6837168574084,-14.1232743499568));
#14981=CARTESIAN_POINT('',(22.3204283310244,20.6837168574084,-13.7232743499568));
#14982=CARTESIAN_POINT('',(22.1204283310243,21.0301270189222,-13.7232743499568));
#14983=CARTESIAN_POINT('',(22.1204283310244,21.0301270189222,-14.1232743499568));
#14984=CARTESIAN_POINT('',(21.9204283310244,21.376537180436,-14.1232743499568));
#14985=CARTESIAN_POINT('',(21.6704283310244,21.8095498823282,-14.1232743499568));
#14986=CARTESIAN_POINT('',(21.6704283310244,21.8095498823282,-11.1232743499568));
#14987=CARTESIAN_POINT('',(19.5196084849307,25.5348791336899,-14.6249140421874));
#14988=CARTESIAN_POINT('',(21.0204283310244,22.935382907248,-11.62327435));
#14989=CARTESIAN_POINT('',(21.0204283310244,22.935382907248,-14.1232743499568));
#14990=CARTESIAN_POINT('',(21.0204283310244,22.935382907248,-13.7232743499568));
#14991=CARTESIAN_POINT('',(20.8204283310244,23.2817930687617,-13.7232743499568));
#14992=CARTESIAN_POINT('',(20.8204283310244,23.2817930687617,-14.1232743499568));
#14993=CARTESIAN_POINT('',(20.6204283310244,23.6282032302755,-14.1232743499568));
#14994=CARTESIAN_POINT('',(20.3704283310244,24.0612159321677,-14.1232743499568));
#14995=CARTESIAN_POINT('',(20.3704283310244,24.0612159321677,-11.1232743499568));
#14996=CARTESIAN_POINT('',(18.8696084849307,26.6607121586097,-13.3249140421874));
#14997=CARTESIAN_POINT('',(19.7204283310244,25.1870489570875,-11.62327435));
#14998=CARTESIAN_POINT('',(19.7204283310244,25.1870489570875,-14.1232743499568));
#14999=CARTESIAN_POINT('',(19.7204283310244,25.1870489570875,-13.7232743499568));
#15000=CARTESIAN_POINT('',(19.5204283310244,25.5334591186013,-13.7232743499568));
#15001=CARTESIAN_POINT('',(19.5204283310244,25.5334591186013,-14.1232743499568));
#15002=CARTESIAN_POINT('',(19.3204283310244,25.8798692801151,-14.1232743499568));
#15003=CARTESIAN_POINT('',(19.0704283310244,26.3128819820073,-14.1232743499568));
#15004=CARTESIAN_POINT('',(19.0704283310244,26.3128819820073,-11.1232743499568));
#15005=CARTESIAN_POINT('',(18.2196084849307,27.7865451835295,-12.0249140421874));
#15006=CARTESIAN_POINT('',(18.4204283310244,27.4387150069271,-11.62327435));
#15007=CARTESIAN_POINT('',(18.4204283310244,27.4387150069271,-14.1232743499568));
#15008=CARTESIAN_POINT('',(18.4204283310244,27.4387150069271,-13.7232743499568));
#15009=CARTESIAN_POINT('',(18.2204283310244,27.7851251684408,-13.7232743499568));
#15010=CARTESIAN_POINT('',(18.2204283310244,27.7851251684408,-14.1232743499568));
#15011=CARTESIAN_POINT('',(18.0204283310244,28.1315353299546,-14.1232743499568));
#15012=CARTESIAN_POINT('',(17.7704283310244,28.5645480318468,-14.1232743499568));
#15013=CARTESIAN_POINT('',(17.7704283310244,28.5645480318468,-11.1232743499568));
#15014=CARTESIAN_POINT('',(-36.7921577915766,15.5400136602487,-18.04327435));
#15015=CARTESIAN_POINT('',(-20.9815036758248,23.5537327091373,-18.04327435));
#15016=CARTESIAN_POINT('',(-23.5111211068615,21.7824755151388,-18.04327435));
#15017=CARTESIAN_POINT('',(-24.142128806925,21.3406391668859,-18.04327435));
#15018=CARTESIAN_POINT('',(-23.855329668317,20.9310475487477,-18.04327435));
#15019=CARTESIAN_POINT('',(-24.2649056904615,20.6442593305722,-18.04327435));
#15020=CARTESIAN_POINT('',(-21.383345161099,16.5289644042563,-18.04327435));
#15021=CARTESIAN_POINT('',(-22.1898510601366,17.6807741963926,-18.04327435));
#15022=CARTESIAN_POINT('',(-20.3058013582719,19.,-18.0432743499999));
#15023=CARTESIAN_POINT('',(-18.44559707276,17.2,-18.04327435));
#15024=CARTESIAN_POINT('',(-18.0125843708678,17.45,-18.04327435));
#15025=CARTESIAN_POINT('',(-21.880429380492,24.1493040724709,-18.04327435));
#15026=CARTESIAN_POINT('',(-20.1550679648306,21.1608904391264,-18.04327435));
#15027=CARTESIAN_POINT('',(-21.3500000000001,24.0799999999999,-18.04327435));
#15028=CARTESIAN_POINT('',(-21.3500000000001,24.08,-16.4411675688134));
#15029=CARTESIAN_POINT('',(-21.3500000000001,24.08,-15.74327435));
#15030=CARTESIAN_POINT('',(-19.1000000000002,24.08,-15.74327435));
#15031=CARTESIAN_POINT('',(-21.3499999999913,24.0800000000007,-16.5432743499957));
#15032=CARTESIAN_POINT('',(-20.9457300201865,21.8666166659647,-16.5432743499962));
#15033=CARTESIAN_POINT('',(-19.4595888430111,25.3001826328572,-16.5432743499995));
#15034=CARTESIAN_POINT('',(-19.4595888430102,25.3001826328577,-16.4411675688134));
#15035=CARTESIAN_POINT('',(-19.4595888430102,25.3001826328578,-17.1390607876269));
#15036=CARTESIAN_POINT('',(-21.3500000000001,24.08,-17.1390607876269));
#15037=CARTESIAN_POINT('',(-23.5613636715393,23.664824480254,-17.1390607876269));
#15038=CARTESIAN_POINT('',(-21.3500000000001,24.08,112.871138720884));
#15039=CARTESIAN_POINT('',(-23.559764055873,23.6563930862561,-16.04327435));
#15040=CARTESIAN_POINT('',(-21.3500000000001,24.08,-16.04327435));
#15041=CARTESIAN_POINT('',(-22.5038441100647,22.1483831203707,-16.04327435));
#15042=CARTESIAN_POINT('',(-21.3500000000001,24.08,112.871138720883));
#15043=CARTESIAN_POINT('',(-22.4964682921214,22.1439962667494,-17.1390607876269));
#15044=CARTESIAN_POINT('',(-21.3500000000001,24.08,-17.1390607876269));
#15045=CARTESIAN_POINT('',(-20.9457300201851,21.8666166659568,-17.1390607876269));
#15046=CARTESIAN_POINT('',(-20.9457300201851,21.8666166659568,-16.4411675688134));
#15047=CARTESIAN_POINT('',(-21.3500000000001,24.08,-14.889060787627));
#15048=CARTESIAN_POINT('',(-19.4595888430102,25.3001826328577,-17.1390607876269));
#15049=CARTESIAN_POINT('',(-19.3402040265266,25.1152214778812,-17.1390607876269));
#15050=CARTESIAN_POINT('',(-18.9570217054555,25.0034372305732,-17.4556757991526));
#15051=CARTESIAN_POINT('',(-18.6912222943432,25.1745646366027,-17.7626320167428));
#15052=CARTESIAN_POINT('',(-18.6064847729016,25.321334329042,-17.9003373803331));
#15053=CARTESIAN_POINT('',(-18.606484772901,25.3213343290432,-17.9003373803342));
#15054=CARTESIAN_POINT('',(-18.606484772901,25.3213343290432,-17.9003373803342));
#15055=CARTESIAN_POINT('',(-18.5773739845139,25.3717556935779,-17.9476447788879));
#15056=CARTESIAN_POINT('',(-18.5483959937491,25.4219470458839,-17.9953084863977));
#15057=CARTESIAN_POINT('',(-18.5195306176404,25.4719433438837,-18.04327435));
#15058=CARTESIAN_POINT('',(-23.7665809371304,23.1661041177085,-17.4726762987607));
#15059=CARTESIAN_POINT('',(-23.927510845759,23.0554404427956,-17.6623466363618));
#15060=CARTESIAN_POINT('',(-24.0879442235014,22.9451311217479,-17.8526439201863));
#15061=CARTESIAN_POINT('',(-24.2481137552119,22.8350100968642,-18.04327435));
#15062=CARTESIAN_POINT('',(-23.7665809371304,23.1661041177085,-17.4726762987607));
#15063=CARTESIAN_POINT('',(-23.7665809371258,23.1661041177118,-17.4726762987665));
#15064=CARTESIAN_POINT('',(-23.6325479717078,23.258272072314,-17.3147064222089));
#15065=CARTESIAN_POINT('',(-23.5191445940043,23.4399515533437,-17.1390607876269));
#15066=CARTESIAN_POINT('',(-23.5613636715393,23.664824480254,-17.1390607876269));
#15067=CARTESIAN_POINT('',(-21.3500000000001,24.08,-14.889060787627));
#15068=CARTESIAN_POINT('',(-22.4964682921214,22.1439962667494,-17.1390607876269));
#15069=CARTESIAN_POINT('',(-22.6933767584991,22.2606020920766,-17.1390607876269));
#15070=CARTESIAN_POINT('',(-22.9028400738658,22.2161604203252,-17.3146957114893));
#15071=CARTESIAN_POINT('',(-23.0353005752311,22.1217275264931,-17.4726762987604));
#15072=CARTESIAN_POINT('',(-23.0353005752314,22.1217275264929,-17.4726762987607));
#15073=CARTESIAN_POINT('',(-23.5111211068614,21.7824755151388,-18.0432743500001));
#15074=CARTESIAN_POINT('',(-23.3528599861928,21.8953220334481,-17.8526439201863));
#15075=CARTESIAN_POINT('',(-23.1943316843506,22.0083520848455,-17.6623466363618));
#15076=CARTESIAN_POINT('',(-23.0353005752314,22.1217275264929,-17.4726762987607));
#15077=CARTESIAN_POINT('',(-20.1550679648306,21.1608904391264,-18.04327435));
#15078=CARTESIAN_POINT('',(-20.2442560400878,21.3153687169011,-17.8665226193848));
#15079=CARTESIAN_POINT('',(-20.3335097218234,21.4699606284297,-17.6899037567294));
#15080=CARTESIAN_POINT('',(-20.4228795450006,21.6247537028361,-17.513520106766));
#15081=CARTESIAN_POINT('',(-20.4228795450006,21.6247537028361,-17.513520106766));
#15082=CARTESIAN_POINT('',(-20.4228795450006,21.6247537028361,-17.513520106766));
#15083=CARTESIAN_POINT('',(-20.5106348042216,21.7767502704382,-17.3403230210542));
#15084=CARTESIAN_POINT('',(-20.7010204883193,21.9113123659679,-17.1390607876269));
#15085=CARTESIAN_POINT('',(-20.9457300201851,21.8666166659568,-17.1390607876269));
#15086=CARTESIAN_POINT('',(-21.383345161099,16.5289644042563,-18.74727435));
#15087=CARTESIAN_POINT('',(-30.4527951683631,29.4814813543778,-12.6338790304117));
#15088=CARTESIAN_POINT('',(-30.1590497018647,29.0619693519085,-14.4924156101963));
#15089=CARTESIAN_POINT('',(-30.1590497018647,29.0619693519085,-14.6574782780486));
#15090=CARTESIAN_POINT('',(-30.1590497018647,29.0619693519085,-12.82327435));
#15091=CARTESIAN_POINT('',(-21.383345161099,16.5289644042563,-12.82327435));
#15092=CARTESIAN_POINT('',(-28.6592266150442,26.92,-12.82327435));
#15093=CARTESIAN_POINT('',(-28.6592266150442,26.92,-18.74727435));
#15094=CARTESIAN_POINT('',(-22.1898510601366,17.6807741963926,-14.58327435));
#15095=CARTESIAN_POINT('',(-24.261162630889,20.6389136875045,-18.7910598526691));
#15096=CARTESIAN_POINT('',(-24.2749167419174,20.6585565937542,-16.04327435));
#15097=CARTESIAN_POINT('',(-0.256525811247556,-13.6432605390348,-16.04327435));
#15098=CARTESIAN_POINT('',(-25.5654855645721,22.501679885392,-16.04327435));
#15099=CARTESIAN_POINT('',(-25.5787009953017,22.5205534764468,-18.6834427255121));
#15100=CARTESIAN_POINT('',(-36.7921577915766,15.5400136602487,-18.04327435));
#15101=CARTESIAN_POINT('',(-0.932546264418485,20.025,-18.04327435));
#15102=CARTESIAN_POINT('',(-0.932546264418491,17.3595088702609,-18.04327435));
#15103=CARTESIAN_POINT('',(-0.932546264418491,17.2,-18.04327435));
#15104=CARTESIAN_POINT('',(-0.432527225225619,17.2,-18.04327435));
#15105=CARTESIAN_POINT('',(2.65440292723985,17.2,-18.04327435));
#15106=CARTESIAN_POINT('',(3.08741562913207,17.45,-18.04327435));
#15107=CARTESIAN_POINT('',(0.209788638836961,22.4341961524227,-18.04327435));
#15108=CARTESIAN_POINT('',(1.72144646190449,19.8159279992107,-18.04327435));
#15109=CARTESIAN_POINT('',(1.28843376001227,19.5659279992107,-18.04327435));
#15110=CARTESIAN_POINT('',(0.794738284144761,19.6450783441749,-18.04327435));
#15111=CARTESIAN_POINT('',(-1.575,20.025,-18.04327435));
#15112=CARTESIAN_POINT('',(-0.629505289843222,17.8190898130314,-18.04327435));
#15113=CARTESIAN_POINT('',(-0.629505289843222,17.8190898130314,-18.04327435));
#15114=CARTESIAN_POINT('',(-0.809643821341041,17.7418790409733,-18.04327435));
#15115=CARTESIAN_POINT('',(-0.932546264418506,17.5554973103608,-18.04327435));
#15116=CARTESIAN_POINT('',(-0.932546264418506,17.3595088702609,-18.04327435));
#15117=CARTESIAN_POINT('',(-28.9403010218985,16.7,-18.74727435));
#15118=CARTESIAN_POINT('',(52.8455970727601,16.7,-18.74727435));
#15119=CARTESIAN_POINT('',(52.8455970727601,16.7,-15.74327435));
#15120=CARTESIAN_POINT('',(52.8455970727601,16.7,-14.14327435));
#15121=CARTESIAN_POINT('',(51.6524791385931,16.7,-14.14327435));
#15122=CARTESIAN_POINT('',(51.6524791385931,16.7,-14.14327435));
#15123=CARTESIAN_POINT('',(51.6524791385931,16.7,-11.62327435));
#15124=CARTESIAN_POINT('',(51.6524791385931,16.7,-11.8303811311865));
#15125=CARTESIAN_POINT('',(7.89764244894058,16.7,-55.5852178208391));
#15126=CARTESIAN_POINT('',(56.1355549106856,16.7,-15.74327435));
#15127=CARTESIAN_POINT('',(56.1355549106856,16.7,-15.74327435));
#15128=CARTESIAN_POINT('',(60.6,16.7,-15.74327435));
#15129=CARTESIAN_POINT('',(-1.575,20.025,-16.69327435));
#15130=CARTESIAN_POINT('',(-1.575,20.025,-15.34327435));
#15131=CARTESIAN_POINT('',(-0.649005325458407,17.8108333706275,-15.34327435));
#15132=CARTESIAN_POINT('',(0.794738284144761,19.6450783441749,-15.34327435));
#15133=CARTESIAN_POINT('',(-1.575,20.025,112.871138720883));
#15134=CARTESIAN_POINT('',(0.794738284144761,19.6450783441749,-16.69327435));
#15135=CARTESIAN_POINT('',(28.2613571544251,37.529401103758,-18.04327435));
#15136=CARTESIAN_POINT('',(38.6309228416452,22.8726989749739,-16.0389210410966));
#15137=CARTESIAN_POINT('',(38.6307453551674,22.8726210757479,-16.04327435));
#15138=CARTESIAN_POINT('',(28.3328870557033,37.5794868798403,-16.04327435));
#15139=CARTESIAN_POINT('',(35.6273632488309,27.1618952443973,-16.04327435));
#15140=CARTESIAN_POINT('',(35.5558333475527,27.1118094683149,-18.04327435));
#15141=CARTESIAN_POINT('',(28.2613571544251,37.529401103758,-18.04327435));
#15142=CARTESIAN_POINT('',(28.3328870557033,37.5794868798403,-16.04327435));
#15143=CARTESIAN_POINT('',(42.4021372494122,17.4865152593389,-16.04327435));
#15144=CARTESIAN_POINT('',(39.9210958398564,21.0298096030407,-16.04327435));
#15145=CARTESIAN_POINT('',(39.8649942107944,20.9710959990456,-17.867158548877));
#15146=CARTESIAN_POINT('',(39.8595769900341,20.9654265637762,-18.04327435));
#15147=CARTESIAN_POINT('',(17.1910384923933,53.3394546349388,-18.04327435));
#15148=CARTESIAN_POINT('',(42.2955369101641,17.4865152593389,-18.04327435));
#15149=CARTESIAN_POINT('',(42.0563187199326,17.4865152593389,-22.5314062249756));
#15150=CARTESIAN_POINT('',(-36.7921577915766,15.5400136602487,-18.04327435));
#15151=CARTESIAN_POINT('',(37.1674537355815,16.7142897393678,-18.04327435));
#15152=CARTESIAN_POINT('',(37.1674537355815,17.359508870261,-18.04327435));
#15153=CARTESIAN_POINT('',(37.1674537355815,17.2,-18.04327435));
#15154=CARTESIAN_POINT('',(37.6674727747744,17.2,-18.04327435));
#15155=CARTESIAN_POINT('',(41.8851882532653,17.2,-18.04327435));
#15156=CARTESIAN_POINT('',(39.4497199398729,20.678209217255,-18.04327435));
#15157=CARTESIAN_POINT('',(39.1630768533206,21.087910104219,-18.04327435));
#15158=CARTESIAN_POINT('',(39.6444169216872,21.4249480485316,-18.04327435));
#15159=CARTESIAN_POINT('',(39.0769388321352,21.0275956124585,-18.04327435));
#15160=CARTESIAN_POINT('',(39.0769388321352,21.0275956124585,-18.04327435));
#15161=CARTESIAN_POINT('',(38.9163946247661,20.9151813482427,-18.04327435));
#15162=CARTESIAN_POINT('',(38.8342135056517,20.707601136518,-18.04327435));
#15163=CARTESIAN_POINT('',(38.8742893256137,20.5157541792626,-18.04327435));
#15164=CARTESIAN_POINT('',(38.8742893256138,20.5157541792627,-18.04327435));
#15165=CARTESIAN_POINT('',(36.525,20.0250000000001,-18.04327435));
#15166=CARTESIAN_POINT('',(37.4704947101568,17.8190898130315,-18.04327435));
#15167=CARTESIAN_POINT('',(37.4704947101568,17.8190898130315,-18.04327435));
#15168=CARTESIAN_POINT('',(37.290356178659,17.7418790409735,-18.04327435));
#15169=CARTESIAN_POINT('',(37.1674537355815,17.5554973103609,-18.04327435));
#15170=CARTESIAN_POINT('',(37.1674537355815,17.359508870261,-18.04327435));
#15171=CARTESIAN_POINT('',(36.525,20.0250000000001,-16.69327435));
#15172=CARTESIAN_POINT('',(36.525,20.0250000000001,-15.34327435));
#15173=CARTESIAN_POINT('',(38.9249999999805,20.0250000000001,-15.34327435));
#15174=CARTESIAN_POINT('',(36.525,20.0250000000001,-16.04327435));
#15175=CARTESIAN_POINT('',(35.5939497606693,17.8129544643593,-16.04327435));
#15176=CARTESIAN_POINT('',(37.4560502393307,17.8129544643593,-16.04327435));
#15177=CARTESIAN_POINT('',(36.525,20.0250000000001,112.871138720885));
#15178=CARTESIAN_POINT('',(36.525,20.0250000000001,112.871138720884));
#15179=CARTESIAN_POINT('',(38.8710301009196,20.5311054884957,-16.04327435));
#15180=CARTESIAN_POINT('',(36.525,20.0250000000001,-16.04327435));
#15181=CARTESIAN_POINT('',(37.8029731442414,22.0564489022627,-16.04327435));
#15182=CARTESIAN_POINT('',(36.525,20.0250000000001,112.871138720883));
#15183=CARTESIAN_POINT('',(35.2736526558558,22.0729574761722,-16.69327435));
#15184=CARTESIAN_POINT('',(34.2401724207341,19.2904505238366,-16.69327435));
#15185=CARTESIAN_POINT('',(34.240172420734,19.2904505238366,-18.04327435));
#15186=CARTESIAN_POINT('',(36.525,20.0250000000001,-18.04327435));
#15187=CARTESIAN_POINT('',(35.5795052898432,17.8190898130315,-18.04327435));
#15188=CARTESIAN_POINT('',(36.525,20.0250000000001,112.871138720884));
#15189=CARTESIAN_POINT('',(-36.7921577915766,15.5400136602487,-18.04327435));
#15190=CARTESIAN_POINT('',(35.3825272252256,17.2,-18.04327435));
#15191=CARTESIAN_POINT('',(35.8825462644185,17.2,-18.04327435));
#15192=CARTESIAN_POINT('',(35.8825462644185,20.0250000000001,-18.04327435));
#15193=CARTESIAN_POINT('',(35.8825462644185,17.359508870261,-18.04327435));
#15194=CARTESIAN_POINT('',(35.8825462644185,17.359508870261,-18.04327435));
#15195=CARTESIAN_POINT('',(35.8825462644185,17.5554971589901,-18.04327435));
#15196=CARTESIAN_POINT('',(35.7596436630672,17.7418791088126,-18.04327435));
#15197=CARTESIAN_POINT('',(35.5795052898432,17.8190898130315,-18.04327435));
#15198=CARTESIAN_POINT('',(33.7641666750498,19.137419382968,-18.04327435));
#15199=CARTESIAN_POINT('',(33.3311539731576,19.387419382968,-18.04327435));
#15200=CARTESIAN_POINT('',(31.4711533765743,16.1658038475774,-18.04327435));
#15201=CARTESIAN_POINT('',(32.2125843708678,17.45,-18.04327435));
#15202=CARTESIAN_POINT('',(32.64559707276,17.2,-18.04327435));
#15203=CARTESIAN_POINT('',(33.7641666750498,19.137419382968,-16.69327435));
#15204=CARTESIAN_POINT('',(33.3311539731576,19.387419382968,-16.69327435));
#15205=CARTESIAN_POINT('',(35.0129552924903,22.4996152837116,-16.69327435));
#15206=CARTESIAN_POINT('',(34.579942590598,22.2496152837116,-16.69327435));
#15207=CARTESIAN_POINT('',(52.8455970727601,17.2,-18.74727435));
#15208=CARTESIAN_POINT('',(52.8455970727601,17.2,-15.74327435));
#15209=CARTESIAN_POINT('',(52.4125843708678,17.45,-15.74327435));
#15210=CARTESIAN_POINT('',(52.4125843708678,17.45,-18.74727435));
#15211=CARTESIAN_POINT('',(52.4125843708678,17.45,-14.54327435));
#15212=CARTESIAN_POINT('',(52.8455970727601,17.2,-14.54327435));
#15213=CARTESIAN_POINT('',(52.3556991242034,17.1,-14.54327435));
#15214=CARTESIAN_POINT('',(52.3556991242034,17.1,-14.54327435));
#15215=CARTESIAN_POINT('',(52.4104467744409,16.8317923846035,-14.54327435));
#15216=CARTESIAN_POINT('',(52.6451095844987,16.7,-14.3225955618882));
#15217=CARTESIAN_POINT('',(52.8455970727601,16.7,-14.14327435));
#15218=CARTESIAN_POINT('',(43.9544029272399,17.2,-18.74727435));
#15219=CARTESIAN_POINT('',(44.4443008757966,17.1,-14.54327435));
#15220=CARTESIAN_POINT('',(44.3895532255591,16.8317923846035,-14.54327435));
#15221=CARTESIAN_POINT('',(44.1548904155013,16.7,-14.3225955618882));
#15222=CARTESIAN_POINT('',(43.9544029272399,16.7,-14.14327435));
#15223=CARTESIAN_POINT('',(44.4443008757966,17.1,-14.54327435));
#15224=CARTESIAN_POINT('',(43.9544029272399,17.2,-14.54327435));
#15225=CARTESIAN_POINT('',(44.3874156291322,17.45,-14.54327435));
#15226=CARTESIAN_POINT('',(44.3874156291321,17.45,-18.74727435));
#15227=CARTESIAN_POINT('',(44.3874156291321,17.45,-16.04327435));
#15228=CARTESIAN_POINT('',(43.9544029272399,17.2,-16.04327435));
#15229=CARTESIAN_POINT('',(41.6471325234066,17.2,-22.509596531293));
#15230=CARTESIAN_POINT('',(41.9917885925135,17.2,-16.04327435));
#15231=CARTESIAN_POINT('',(32.64559707276,17.2,-18.74727435));
#15232=CARTESIAN_POINT('',(32.2125843708678,17.45,-18.74727435));
#15233=CARTESIAN_POINT('',(23.7544029272399,17.2,-18.74727435));
#15234=CARTESIAN_POINT('',(11.5455970727601,17.2,-18.74727435));
#15235=CARTESIAN_POINT('',(11.1125843708678,17.45,-18.74727435));
#15236=CARTESIAN_POINT('',(2.65440292723985,17.2,-18.74727435));
#15237=CARTESIAN_POINT('',(3.08741562913207,17.45,-18.74727435));
#15238=CARTESIAN_POINT('',(-9.55440292723984,17.2,-18.74727435));
#15239=CARTESIAN_POINT('',(-9.98741562913206,17.45,-18.74727435));
#15240=CARTESIAN_POINT('',(-9.98741562913206,17.45,-16.54327435));
#15241=CARTESIAN_POINT('',(-9.55440292723984,17.2,-16.54327435));
#15242=CARTESIAN_POINT('',(-18.44559707276,17.2,-18.74727435));
#15243=CARTESIAN_POINT('',(-18.44559707276,17.2,-16.54327435));
#15244=CARTESIAN_POINT('',(-18.0125843708678,17.45,-16.54327435));
#15245=CARTESIAN_POINT('',(-18.0125843708678,17.45,-18.74727435));
#15246=CARTESIAN_POINT('',(1.28843376001227,19.5659279992107,-16.69327435));
#15247=CARTESIAN_POINT('',(1.72144646190449,19.8159279992107,-16.69327435));
#15248=CARTESIAN_POINT('',(1.72144646190449,19.8159279992107,-15.34327435));
#15249=CARTESIAN_POINT('',(1.28843376001227,19.5659279992107,-15.34327435));
#15250=CARTESIAN_POINT('',(33.0458311494341,28.615848773262,-9.68127435));
#15251=CARTESIAN_POINT('',(55.5849007908806,28.615848773262,-11.1736255852681));
#15252=CARTESIAN_POINT('',(35.491622327722,28.615848773262,-11.1736255852681));
#15253=CARTESIAN_POINT('',(55.5669027677349,28.615848773262,-11.1736255852681));
#15254=CARTESIAN_POINT('',(55.5669027677349,28.615848773262,-11.1736255852708));
#15255=CARTESIAN_POINT('',(55.5863407378318,28.615848773262,-11.1736255852628));
#15256=CARTESIAN_POINT('',(55.6057583913851,28.615848773262,-11.1729910415862));
#15257=CARTESIAN_POINT('',(55.6251569602259,28.615848773262,-11.1717604278397));
#15258=CARTESIAN_POINT('',(55.6251569602259,28.615848773262,-11.1717604278397));
#15259=CARTESIAN_POINT('',(55.6251569602259,28.615848773262,-11.26527435));
#15260=CARTESIAN_POINT('',(55.6251569602259,28.615848773262,-11.12327435));
#15261=CARTESIAN_POINT('',(55.6251569602259,28.615848773262,-11.12327435));
#15262=CARTESIAN_POINT('',(55.5559304348107,28.615848773262,-10.6899410166667));
#15263=CARTESIAN_POINT('',(55.4867039093954,28.615848773262,-10.2566076833333));
#15264=CARTESIAN_POINT('',(55.4174773839801,28.615848773262,-9.82327435));
#15265=CARTESIAN_POINT('',(55.4173345831957,28.615848773262,-9.82327435));
#15266=CARTESIAN_POINT('',(-42.1291701520114,28.615848773262,-9.82327435));
#15267=CARTESIAN_POINT('',(35.5526767907534,28.615848773262,-9.82327435));
#15268=CARTESIAN_POINT('',(35.5526767907534,28.615848773262,-9.82327435));
#15269=CARTESIAN_POINT('',(35.5323163448554,28.615848773262,-10.2733910233431));
#15270=CARTESIAN_POINT('',(35.511964972708,28.615848773262,-10.723508107077));
#15271=CARTESIAN_POINT('',(35.491622327722,28.615848773262,-11.1736255852681));
#15272=CARTESIAN_POINT('',(-42.1291701520114,13.3290568571068,-9.82327435));
#15273=CARTESIAN_POINT('',(40.225,30.3811951555159,-9.82327435));
#15274=CARTESIAN_POINT('',(35.0695275257065,28.9852982829644,-9.82327435));
#15275=CARTESIAN_POINT('',(34.8891941384428,30.1432869384056,-9.82327435));
#15276=CARTESIAN_POINT('',(35.0695275257065,28.9852982829644,-9.82327435));
#15277=CARTESIAN_POINT('',(35.1269943578967,28.7730557617816,-9.82327435));
#15278=CARTESIAN_POINT('',(35.3327979270248,28.615848773262,-9.82327435));
#15279=CARTESIAN_POINT('',(35.5526767907534,28.615848773262,-9.82327435));
#15280=CARTESIAN_POINT('',(55.6251569602259,24.655848773262,-9.82327435));
#15281=CARTESIAN_POINT('',(57.0101329028413,28.3735355690806,-9.82327434754683));
#15282=CARTESIAN_POINT('',(57.0101329103081,28.3735355885902,-9.82327435));
#15283=CARTESIAN_POINT('',(57.3148805530425,28.2599916692422,-9.82327435));
#15284=CARTESIAN_POINT('',(57.6013414352653,28.1112178345496,-9.82327435));
#15285=CARTESIAN_POINT('',(57.8695155569765,27.9272140845124,-9.82327435));
#15286=CARTESIAN_POINT('',(57.8695155430346,27.927214063797,-9.82327434706696));
#15287=CARTESIAN_POINT('',(55.6251569602259,24.655848773262,-9.82327435));
#15288=CARTESIAN_POINT('',(58.9863086464668,26.7596736789583,-9.8232956254448));
#15289=CARTESIAN_POINT('',(32.0306613747015,65.2563299244736,-9.82327435));
#15290=CARTESIAN_POINT('',(-7.47214212896115,-37.2055029603767,-9.82327435));
#15291=CARTESIAN_POINT('',(68.8967015201144,15.168895154362,-9.82327435));
#15292=CARTESIAN_POINT('',(33.2347491908151,66.0994412899827,-9.82327435));
#15293=CARTESIAN_POINT('',(60.1918598267185,27.6006974807412,-9.82327447796043));
#15294=CARTESIAN_POINT('',(55.6241477664711,24.6538715354647,-9.82327435));
#15295=CARTESIAN_POINT('',(55.4180826397768,30.0857685860758,-9.8232744807187));
#15296=CARTESIAN_POINT('',(-42.1291701520114,30.0857685814133,-9.82327435));
#15297=CARTESIAN_POINT('',(35.9852802994403,30.0857685814132,-9.82327435));
#15298=CARTESIAN_POINT('',(40.2249999999773,30.3811951555149,-9.82327435000294));
#15299=CARTESIAN_POINT('',(35.975,30.381195155516,-9.82327435));
#15300=CARTESIAN_POINT('',(35.9750000000001,13.3290568571068,-9.82327435));
#15301=CARTESIAN_POINT('',(35.975,31.2353149354126,-9.82327435));
#15302=CARTESIAN_POINT('',(5.97126211587419,61.3123188895061,-9.82327435));
#15303=CARTESIAN_POINT('',(35.6217461148364,31.5894314169228,-9.82327447578493));
#15304=CARTESIAN_POINT('',(-42.1291701520114,31.5894314289323,-9.82327435));
#15305=CARTESIAN_POINT('',(26.675,31.5894314289324,-9.82327435));
#15306=CARTESIAN_POINT('',(26.675,31.9168461015543,-9.82327435));
#15307=CARTESIAN_POINT('',(26.675,30.82,-9.82327435));
#15308=CARTESIAN_POINT('',(-28.337,30.82,-9.82327435));
#15309=CARTESIAN_POINT('',(-23.325,30.82,-9.82327435));
#15310=CARTESIAN_POINT('',(-23.325,30.7093776271314,-9.82327435));
#15311=CARTESIAN_POINT('',(-23.325,31.5894314289324,-9.82327435));
#15312=CARTESIAN_POINT('',(-42.1291701520114,31.5894314289323,-9.82327435));
#15313=CARTESIAN_POINT('',(-31.6717461164605,31.5894314289324,-9.82327435));
#15314=CARTESIAN_POINT('',(-46.0178658726616,17.2082799104267,-9.82327435));
#15315=CARTESIAN_POINT('',(-32.025,31.2353149354126,-9.82327435));
#15316=CARTESIAN_POINT('',(-32.0249999999999,13.3290568571068,-9.82327435));
#15317=CARTESIAN_POINT('',(-32.0249999999999,30.5204883796163,-9.82327435));
#15318=CARTESIAN_POINT('',(-32.457,30.5204883796163,-9.82327435));
#15319=CARTESIAN_POINT('',(-30.875,30.5204883796163,-9.82327435));
#15320=CARTESIAN_POINT('',(-30.875,31.0217093286568,-9.82327435));
#15321=CARTESIAN_POINT('',(-30.575,30.6207325694244,-9.82327435));
#15322=CARTESIAN_POINT('',(-31.192,30.6207325694244,-9.82327435));
#15323=CARTESIAN_POINT('',(-24.8924289455401,30.6207325694244,-9.82327435));
#15324=CARTESIAN_POINT('',(-24.8924289455401,30.6207325694244,-9.82327435));
#15325=CARTESIAN_POINT('',(-24.7154395539298,30.6207325694244,-9.82327435));
#15326=CARTESIAN_POINT('',(-24.5465008517396,30.5227775917873,-9.82327435));
#15327=CARTESIAN_POINT('',(-24.4580127018922,30.3695116203838,-9.82327435));
#15328=CARTESIAN_POINT('',(-24.4580127018922,30.3695116203838,-9.82327435));
#15329=CARTESIAN_POINT('',(-24.025,30.6195116203838,-9.82327435));
#15330=CARTESIAN_POINT('',(27.375,30.6195116203838,-9.82327435));
#15331=CARTESIAN_POINT('',(27.8080127018922,30.3695116203838,-9.82327435));
#15332=CARTESIAN_POINT('',(27.8080127018922,30.3695116203838,-9.82327435));
#15333=CARTESIAN_POINT('',(27.8962292009402,30.5223070788008,-9.82327435));
#15334=CARTESIAN_POINT('',(28.0659857828884,30.6207325694245,-9.82327435));
#15335=CARTESIAN_POINT('',(28.2424289455401,30.6207325694245,-9.82327435));
#15336=CARTESIAN_POINT('',(28.2424289455401,30.6207325694244,-9.82327435));
#15337=CARTESIAN_POINT('',(-42.1291701520114,30.6207325694244,-9.82327435));
#15338=CARTESIAN_POINT('',(34.3906962923458,30.6207325694244,-9.82327435));
#15339=CARTESIAN_POINT('',(34.3906962923458,30.6207325694244,-9.82327435));
#15340=CARTESIAN_POINT('',(34.6469295300572,30.6207325694244,-9.82327435));
#15341=CARTESIAN_POINT('',(34.8777812560382,30.3992550826413,-9.82327435));
#15342=CARTESIAN_POINT('',(34.8891941384429,30.1432869384056,-9.82327435));
#15343=CARTESIAN_POINT('',(54.1647638344251,27.5257707981035,-15.7733060243967));
#15344=CARTESIAN_POINT('',(54.6928611454428,27.9311311718146,-14.0848585529756));
#15345=CARTESIAN_POINT('',(55.2209584564193,28.3364915455286,-12.3964110815421));
#15346=CARTESIAN_POINT('',(55.7490557672084,28.7418519192557,-10.7079636100533));
#15347=CARTESIAN_POINT('',(56.0648294988732,27.3908708510452,-16.3352047455819));
#15348=CARTESIAN_POINT('',(56.5929268097643,27.7962312243319,-14.6467572740189));
#15349=CARTESIAN_POINT('',(57.1210241205906,28.2015915976227,-12.9583098024366));
#15350=CARTESIAN_POINT('',(57.6491214313366,28.6069519714109,-11.2698623309487));
#15351=CARTESIAN_POINT('',(57.2133779300232,25.7709530823597,-16.3055294758359));
#15352=CARTESIAN_POINT('',(57.7414752410525,26.1763134559118,-14.6170820043801));
#15353=CARTESIAN_POINT('',(58.2695725520487,26.5816738295105,-12.9286345329253));
#15354=CARTESIAN_POINT('',(58.7976698628583,26.9870342033724,-11.2401870614752));
#15355=CARTESIAN_POINT('',(57.3892349969938,25.9059385952034,-15.7432743499996));
#15356=CARTESIAN_POINT('',(57.8555822739654,26.2639004754469,-14.252255811954));
#15357=CARTESIAN_POINT('',(58.321929550898,26.6218623557456,-12.7612372739095));
#15358=CARTESIAN_POINT('',(58.7882768276858,26.9798242362484,-11.2702187358686));
#15359=CARTESIAN_POINT('',(58.7882768276821,26.9798242362535,-11.2702187358687));
#15360=CARTESIAN_POINT('',(57.3892349969796,25.9059385952235,-15.74327435));
#15361=CARTESIAN_POINT('',(58.7882768276858,26.9798242362484,-11.2702187358686));
#15362=CARTESIAN_POINT('',(58.0675526111401,27.9596227277621,-11.3422999622882));
#15363=CARTESIAN_POINT('',(56.8694805373849,28.5891972315422,-11.2622137108353));
#15364=CARTESIAN_POINT('',(55.6327022899059,28.6014375506502,-11.2906999388304));
#15365=CARTESIAN_POINT('',(55.6327022899059,28.6014375506501,-11.2906999388304));
#15366=CARTESIAN_POINT('',(55.6327022899059,28.6014375506501,-11.2906999388304));
#15367=CARTESIAN_POINT('',(55.6107659635364,28.6016546531383,-11.2912051896267));
#15368=CARTESIAN_POINT('',(55.5888236306496,28.6018538905627,-11.291097366772));
#15369=CARTESIAN_POINT('',(55.5669027677828,28.6020337334574,-11.290348267213));
#15370=CARTESIAN_POINT('',(55.5669027677857,28.602033733461,-11.2903482671967));
#15371=CARTESIAN_POINT('',(54.1741568695882,27.5329807652258,-15.74327435));
#15372=CARTESIAN_POINT('',(54.63840550232,27.8893317546375,-14.258965655732));
#15373=CARTESIAN_POINT('',(55.1026541350519,28.2456827440492,-12.774656961464));
#15374=CARTESIAN_POINT('',(55.5669027677837,28.6020337334608,-11.290348267196));
#15375=CARTESIAN_POINT('',(54.1741568695882,27.5329807652258,-15.74327435));
#15376=CARTESIAN_POINT('',(57.3892349969796,25.9059385952235,-15.74327435));
#15377=CARTESIAN_POINT('',(56.6670148170893,26.9373761986405,-15.74327435));
#15378=CARTESIAN_POINT('',(55.4319429260288,27.5329807656162,-15.7432743500007));
#15379=CARTESIAN_POINT('',(54.1741568696024,27.5329807652258,-15.7432743500007));
#15380=CARTESIAN_POINT('',(41.5241795208724,15.6119042862342,-16.04327435));
#15381=CARTESIAN_POINT('',(-15.9093665961021,18.975,-16.04327435));
#15382=CARTESIAN_POINT('',(46.8188611699158,18.975,-16.04327435));
#15383=CARTESIAN_POINT('',(49.9811388300842,18.975,-16.04327435));
#15384=CARTESIAN_POINT('',(48.4,21.8999999999999,-16.0432743499999));
#15385=CARTESIAN_POINT('',(45.44638927148,28.1841961524226,-16.04327435));
#15386=CARTESIAN_POINT('',(44.5876115697789,26.6967495406691,-16.04327435));
#15387=CARTESIAN_POINT('',(43.8386551984287,25.3995190528384,-16.04327435));
#15388=CARTESIAN_POINT('',(44.1545988678867,26.9467495406691,-16.04327435));
#15389=CARTESIAN_POINT('',(44.1707777446906,27.4609571375017,-16.04327435));
#15390=CARTESIAN_POINT('',(41.5241795208724,27.4609571375017,-16.04327435));
#15391=CARTESIAN_POINT('',(35.7236530381833,27.4609571375017,-16.04327435));
#15392=CARTESIAN_POINT('',(35.7236530381833,27.4609571375017,-16.0432743500001));
#15393=CARTESIAN_POINT('',(35.5382885633393,27.4609571375017,-16.0432743500001));
#15394=CARTESIAN_POINT('',(35.3629649092036,27.5710205352912,-16.04327435));
#15395=CARTESIAN_POINT('',(35.2756128667346,27.7343625921498,-16.04327435));
#15396=CARTESIAN_POINT('',(35.2756128667346,27.7343625921498,-16.04327435));
#15397=CARTESIAN_POINT('',(40.225,30.3811951555159,-16.04327435));
#15398=CARTESIAN_POINT('',(38.2206699670405,22.5857155481572,-16.04327435));
#15399=CARTESIAN_POINT('',(38.5076251577041,22.1762331988447,-16.04327435));
#15400=CARTESIAN_POINT('',(38.9174353247925,22.4631853670749,-16.04327435));
#15401=CARTESIAN_POINT('',(38.3560298161017,22.0700849978972,-16.04327435));
#15402=CARTESIAN_POINT('',(38.3560298161017,22.0700849978972,-16.04327435));
#15403=CARTESIAN_POINT('',(38.1945874072444,21.9570418062286,-16.04327435));
#15404=CARTESIAN_POINT('',(37.9697928313412,21.9515035699893,-16.04327435));
#15405=CARTESIAN_POINT('',(37.8029731442414,22.0564489022627,-16.04327435));
#15406=CARTESIAN_POINT('',(38.8710301009196,20.5311054884957,-16.04327435));
#15407=CARTESIAN_POINT('',(38.8294694043664,20.7237582997087,-16.04327435));
#15408=CARTESIAN_POINT('',(38.9115578318181,20.9331016662367,-16.04327435));
#15409=CARTESIAN_POINT('',(39.0730003615405,21.0461449425359,-16.04327435));
#15410=CARTESIAN_POINT('',(39.0730003615405,21.0461449425359,-16.04327435));
#15411=CARTESIAN_POINT('',(39.6344058702313,21.4392453117137,-16.04327435));
#15412=CARTESIAN_POINT('',(39.224595703143,21.1522931434834,-16.04327435));
#15413=CARTESIAN_POINT('',(39.5112387896952,20.7425922565194,-16.04327435));
#15414=CARTESIAN_POINT('',(41.509788638837,22.4341961524228,-16.04327435));
#15415=CARTESIAN_POINT('',(41.9625444985358,21.65,-16.04327435));
#15416=CARTESIAN_POINT('',(42.395557200428,21.9,-16.04327435));
#15417=CARTESIAN_POINT('',(41.9625444985358,22.15,-16.04327435));
#15418=CARTESIAN_POINT('',(45.44638927148,28.1841961524226,-16.04327435));
#15419=CARTESIAN_POINT('',(43.0886551984286,24.1004809471615,-16.04327435));
#15420=CARTESIAN_POINT('',(43.0886551984286,24.1004809471615,-16.04327435));
#15421=CARTESIAN_POINT('',(44.3876933041053,23.3504809471615,-16.04327435));
#15422=CARTESIAN_POINT('',(43.2995744733248,21.4658038475773,-16.04327435));
#15423=CARTESIAN_POINT('',(43.5502577388071,21.9,-16.04327435));
#15424=CARTESIAN_POINT('',(46.2258121348859,17.2658038475772,-16.04327435));
#15425=CARTESIAN_POINT('',(45.9751288694036,17.6999999999999,-16.04327435));
#15426=CARTESIAN_POINT('',(-16.9218453567158,17.7,-16.04327435));
#15427=CARTESIAN_POINT('',(50.8248711305964,17.6999999999999,-16.04327435));
#15428=CARTESIAN_POINT('',(53.5004255266752,22.3341961524227,-16.04327435));
#15429=CARTESIAN_POINT('',(53.2497422611929,21.9,-16.04327435));
#15430=CARTESIAN_POINT('',(52.3203669869423,23.5097251943004,-16.04327435));
#15431=CARTESIAN_POINT('',(50.8248711305964,26.1,-16.04327435));
#15432=CARTESIAN_POINT('',(-16.9218453567157,26.1,-16.04327435));
#15433=CARTESIAN_POINT('',(45.9751288694036,26.1,-16.04327435));
#15434=CARTESIAN_POINT('',(43.2995744733248,21.4658038475773,-16.04327435));
#15435=CARTESIAN_POINT('',(45.1376933041054,24.6495190528384,-16.04327435));
#15436=CARTESIAN_POINT('',(45.1376933041054,24.6495190528384,-16.04327435));
#15437=CARTESIAN_POINT('',(45.44638927148,28.1841961524226,-16.20527435));
#15438=CARTESIAN_POINT('',(41.9625444985358,22.15,-16.20527435));
#15439=CARTESIAN_POINT('',(41.9625444985358,22.15,-14.54327435));
#15440=CARTESIAN_POINT('',(38.7572712304755,16.5983038475773,-14.54327435));
#15441=CARTESIAN_POINT('',(43.0886551984286,24.1004809471615,-14.54327435));
#15442=CARTESIAN_POINT('',(43.0886551984286,24.1004809471615,-11.44327435));
#15443=CARTESIAN_POINT('',(40.489848317486,15.598,-14.54327435));
#15444=CARTESIAN_POINT('',(44.8524791385931,17.1,-14.54327435));
#15445=CARTESIAN_POINT('',(44.8524791385931,17.1,-14.54327435));
#15446=CARTESIAN_POINT('',(44.8524791385931,16.2,-14.54327435));
#15447=CARTESIAN_POINT('',(45.7524791385931,16.2,-14.54327435));
#15448=CARTESIAN_POINT('',(46.6524791385931,16.2,-14.54327435));
#15449=CARTESIAN_POINT('',(46.6524791385931,17.1,-14.54327435));
#15450=CARTESIAN_POINT('',(49.8524791385931,17.1,-14.54327435));
#15451=CARTESIAN_POINT('',(49.8524791385931,17.1,-14.54327435));
#15452=CARTESIAN_POINT('',(49.8524791385931,16.2,-14.54327435));
#15453=CARTESIAN_POINT('',(50.7524791385931,16.2,-14.54327435));
#15454=CARTESIAN_POINT('',(51.6524791385931,16.2,-14.54327435));
#15455=CARTESIAN_POINT('',(51.6524791385931,17.1,-14.54327435));
#15456=CARTESIAN_POINT('',(52.8455970727601,17.1,-14.54327435));
#15457=CARTESIAN_POINT('',(48.6299608336179,10.8983038475773,-14.54327435));
#15458=CARTESIAN_POINT('',(54.8374555014643,21.6499999999999,-14.54327435));
#15459=CARTESIAN_POINT('',(54.4044427995721,21.8999999999999,-14.54327435));
#15460=CARTESIAN_POINT('',(54.8374555014643,22.1499999999999,-14.54327435));
#15461=CARTESIAN_POINT('',(55.1170340479034,21.6657557528611,-14.54327435));
#15462=CARTESIAN_POINT('',(52.0044741259487,27.0568676792893,-14.54327435));
#15463=CARTESIAN_POINT('',(52.4374868278409,27.3068676792893,-14.54327435));
#15464=CARTESIAN_POINT('',(52.421307951037,27.8210752761219,-14.54327435));
#15465=CARTESIAN_POINT('',(40.1793528662749,27.8210752761219,-14.54327435));
#15466=CARTESIAN_POINT('',(44.3786920489631,27.8210752761219,-14.54327435));
#15467=CARTESIAN_POINT('',(44.3625131721591,27.3068676792893,-14.54327435));
#15468=CARTESIAN_POINT('',(44.7955258740514,27.0568676792893,-14.54327435));
#15469=CARTESIAN_POINT('',(38.7572712304755,16.5983038475773,-14.54327435));
#15470=CARTESIAN_POINT('',(43.8386551984287,25.3995190528384,-14.54327435));
#15471=CARTESIAN_POINT('',(45.5712322854392,24.3992152052611,-14.54327435));
#15472=CARTESIAN_POINT('',(45.1376933041054,24.6495190528384,-14.54327435));
#15473=CARTESIAN_POINT('',(43.2995744733248,21.4658038475773,-14.54327435));
#15474=CARTESIAN_POINT('',(45.9751288694036,26.1,-14.54327435));
#15475=CARTESIAN_POINT('',(-16.9218453567157,26.1,-14.54327435));
#15476=CARTESIAN_POINT('',(50.8248711305964,26.1,-14.54327435));
#15477=CARTESIAN_POINT('',(52.3203669869423,23.5097251943004,-14.54327435));
#15478=CARTESIAN_POINT('',(53.2497422611929,21.9,-14.54327435));
#15479=CARTESIAN_POINT('',(53.5004255266752,22.3341961524227,-14.54327435));
#15480=CARTESIAN_POINT('',(50.8248711305964,17.6999999999999,-14.54327435));
#15481=CARTESIAN_POINT('',(-16.9218453567158,17.7,-14.54327435));
#15482=CARTESIAN_POINT('',(45.9751288694036,17.6999999999999,-14.54327435));
#15483=CARTESIAN_POINT('',(46.2258121348859,17.2658038475772,-14.54327435));
#15484=CARTESIAN_POINT('',(43.5502577388071,21.9,-14.54327435));
#15485=CARTESIAN_POINT('',(43.2995744733248,21.4658038475773,-14.54327435));
#15486=CARTESIAN_POINT('',(44.3876933041053,23.3504809471615,-14.54327435));
#15487=CARTESIAN_POINT('',(44.8212322854391,23.1001770995843,-14.54327435));
#15488=CARTESIAN_POINT('',(42.395557200428,21.9,-14.54327435));
#15489=CARTESIAN_POINT('',(41.9625444985358,21.65,-14.54327435));
#15490=CARTESIAN_POINT('',(44.214963325125,17.7486961524227,-14.54327435));
#15491=CARTESIAN_POINT('',(43.2995744733248,21.4658038475773,-16.20527435));
#15492=CARTESIAN_POINT('',(45.1376933041054,24.6495190528384,-11.44327435));
#15493=CARTESIAN_POINT('',(45.9751288694036,26.1,-16.38127435));
#15494=CARTESIAN_POINT('',(40.1793528662749,27.4609571375017,-16.04327435));
#15495=CARTESIAN_POINT('',(35.118909266695,28.6020337334608,-11.290348267196));
#15496=CARTESIAN_POINT('',(35.4885288477119,28.6020337334608,-11.290348267196));
#15497=CARTESIAN_POINT('',(40.225,29.0157975446326,-9.56689795965073));
#15498=CARTESIAN_POINT('',(44.394000916874,27.84759101315,-14.432828356653));
#15499=CARTESIAN_POINT('',(52.572330526544,27.5594965022539,-15.632828356653));
#15500=CARTESIAN_POINT('',(52.587639394455,27.5329807652258,-15.74327435));
#15501=CARTESIAN_POINT('',(60.6,27.5329807652258,-15.74327435));
#15502=CARTESIAN_POINT('',(-30.9540750960282,26.92,-13.00527435));
#15503=CARTESIAN_POINT('',(-30.7345434159387,26.92,-19.5707224602103));
#15504=CARTESIAN_POINT('',(-30.7345434159387,26.92,-12.82327435));
#15505=CARTESIAN_POINT('',(-32.6402747320705,26.92,-12.82327435));
#15506=CARTESIAN_POINT('',(-32.4583151868299,30.4178400900353,-11.5728065996136));
#15507=CARTESIAN_POINT('',(-30.8750000000003,30.3169428299465,-12.0198051302194));
#15508=CARTESIAN_POINT('',(-30.8750000000003,30.3382986860402,-11.9251936780815));
#15509=CARTESIAN_POINT('',(-30.8712096563094,30.3596458793702,-11.8306206040193));
#15510=CARTESIAN_POINT('',(-30.8629417888441,30.3809176305718,-11.7363817562829));
#15511=CARTESIAN_POINT('',(-30.8750000000002,30.3169428299465,-12.0198051302194));
#15512=CARTESIAN_POINT('',(-30.862941788844,30.3809176305718,-11.7363817562829));
#15513=CARTESIAN_POINT('',(-32.275,30.3809176305718,-11.7363817562828));
#15514=CARTESIAN_POINT('',(-32.2749999903725,30.3809176305718,-11.7363817562828));
#15515=CARTESIAN_POINT('',(-28.275,30.3811951555159,-11.7351522556789));
#15516=CARTESIAN_POINT('',(-32.2674521759772,30.135582406386,-12.82327435));
#15517=CARTESIAN_POINT('',(-32.6402747320705,30.135582406386,-12.82327435));
#15518=CARTESIAN_POINT('',(-30.8702590791335,30.135582406386,-12.82327435));
#15519=CARTESIAN_POINT('',(-30.8702590791335,30.135582406386,-12.82327435));
#15520=CARTESIAN_POINT('',(-30.8734227363792,30.1849352105939,-12.6046298502111));
#15521=CARTESIAN_POINT('',(-30.8750000000002,30.2342915622988,-12.3859696341782));
#15522=CARTESIAN_POINT('',(-30.8750000000002,30.2836492790309,-12.1673033707544));
#15523=CARTESIAN_POINT('',(-30.8750000000002,30.2836492790309,-12.1673033707544));
#15524=CARTESIAN_POINT('',(-30.8750000000002,30.3893083859068,-11.699208741851));
#15525=CARTESIAN_POINT('',(-32.457,30.5340965347004,-9.62866866577221));
#15526=CARTESIAN_POINT('',(-32.275,30.1041767219395,-15.776808425214));
#15527=CARTESIAN_POINT('',(-32.275,30.3919702732777,-11.6611688966927));
#15528=CARTESIAN_POINT('',(-32.275,30.5030066766304,-10.07327435));
#15529=CARTESIAN_POINT('',(-30.8594345287104,30.3919702732777,-11.6611688966927));
#15530=CARTESIAN_POINT('',(-30.862941788844,30.3919702732777,-11.6611688966922));
#15531=CARTESIAN_POINT('',(-30.862941788844,30.3919702732777,-11.6611688966922));
#15532=CARTESIAN_POINT('',(-30.8712130944862,30.3987122326863,-11.5647543852734));
#15533=CARTESIAN_POINT('',(-30.875,30.4054690065292,-11.4681280175746));
#15534=CARTESIAN_POINT('',(-30.875,30.412238290599,-11.3713227452952));
#15535=CARTESIAN_POINT('',(-30.875,30.4122382905991,-11.3713227452941));
#15536=CARTESIAN_POINT('',(-30.875,30.5204883796163,-9.82327435));
#15537=CARTESIAN_POINT('',(-31.5133450018689,30.5562667824505,-9.31161935186904));
#15538=CARTESIAN_POINT('',(-32.6402747320705,26.5864417593614,-12.82327435));
#15539=CARTESIAN_POINT('',(-28.2749999999994,30.3811951555161,-12.8232743499994));
#15540=CARTESIAN_POINT('',(-31.551608177156,28.0868894101117,-12.82327435));
#15541=CARTESIAN_POINT('',(-32.3581140761936,29.238699202248,-12.82327435));
#15542=CARTESIAN_POINT('',(-28.2750000000002,30.3811951555158,-12.8232743499999));
#15543=CARTESIAN_POINT('',(-30.4169796746649,29.5433866610957,-12.82327435));
#15544=CARTESIAN_POINT('',(-30.4169796746649,29.5433866610957,-12.82327435));
#15545=CARTESIAN_POINT('',(-30.5368650805809,29.8498911958091,-12.82327435));
#15546=CARTESIAN_POINT('',(-30.2902206135526,30.2380982723598,-12.82327435));
#15547=CARTESIAN_POINT('',(-29.9608405092577,30.2380982723597,-12.82327435));
#15548=CARTESIAN_POINT('',(-30.5705442234971,30.2380982723596,-12.8232743500006));
#15549=CARTESIAN_POINT('',(-30.6564661521045,30.1718879555548,-12.8232743500006));
#15550=CARTESIAN_POINT('',(-30.7617636524774,30.135582406386,-12.82327435));
#15551=CARTESIAN_POINT('',(-30.8702590791335,30.135582406386,-12.82327435));
#15552=CARTESIAN_POINT('',(67.5130084322446,15.7112640687119,-18.2045384187119));
#15553=CARTESIAN_POINT('',(65.2945946883191,15.25,-17.74327435));
#15554=CARTESIAN_POINT('',(65.2945946883189,15.1666666961294,-17.6599410461294));
#15555=CARTESIAN_POINT('',(65.2945946883187,15.0833333922589,-17.5766077422589));
#15556=CARTESIAN_POINT('',(65.2945946883184,15.0000000883883,-17.4932744383883));
#15557=CARTESIAN_POINT('',(65.2945944962208,15.2500000292893,-17.7432742792894));
#15558=CARTESIAN_POINT('',(43.2304572490644,16.5,-18.99327435));
#15559=CARTESIAN_POINT('',(44.0596134466533,15.25,-17.74327435));
#15560=CARTESIAN_POINT('',(68.136570751177,15.25,-17.74327435));
#15561=CARTESIAN_POINT('',(65.5320410507244,14.9309732735945,-16.5206378147324));
#15562=CARTESIAN_POINT('',(66.3671679901854,15.0003944991222,-17.0303483089706));
#15563=CARTESIAN_POINT('',(66.4101357768299,15.0509297749957,-17.0577775624638));
#15564=CARTESIAN_POINT('',(66.4531404679678,15.1014700686734,-17.0851395777892));
#15565=CARTESIAN_POINT('',(66.4961652795716,15.1520130980764,-17.1124649346174));
#15566=CARTESIAN_POINT('',(66.5028975515868,15.1529469693779,-17.1002428315741));
#15567=CARTESIAN_POINT('',(66.5035874830988,15.1516210533804,-17.1007536193095));
#15568=CARTESIAN_POINT('',(66.274596874333,15.1957328019605,-17.5247043512783));
#15569=CARTESIAN_POINT('',(65.7738130011456,15.1952577092684,-17.7401924276792));
#15570=CARTESIAN_POINT('',(65.29636059631,15.2625352906899,-17.7432370547853));
#15571=CARTESIAN_POINT('',(69.2709798087443,15.1505565592134,-11.161038099995));
#15572=CARTESIAN_POINT('',(68.7846017549764,14.9202558859579,-11.6588784786325));
#15573=CARTESIAN_POINT('',(68.9742357542902,15.1525803562832,-11.8019137806156));
#15574=CARTESIAN_POINT('',(65.3645847066617,15.1529469693843,-19.5402847904641));
#15575=CARTESIAN_POINT('',(68.4051556549485,14.9937634354906,-11.4851848646702));
#15576=CARTESIAN_POINT('',(68.651715938566,14.7463064202126,-11.5062324524843));
#15577=CARTESIAN_POINT('',(69.0526186938244,15.1472884139595,-11.5242432891318));
#15578=CARTESIAN_POINT('',(69.0525716204445,15.1472830865088,-11.524239360074));
#15579=CARTESIAN_POINT('',(69.0445474518886,15.146453157922,-11.6215023699838));
#15580=CARTESIAN_POINT('',(69.0177588095611,15.1480979358166,-11.7147193961677));
#15581=CARTESIAN_POINT('',(68.9742537817989,15.1534766628606,-11.8018675796366));
#15582=CARTESIAN_POINT('',(69.6377026903106,15.5965302918335,-9.95207280945415));
#15583=CARTESIAN_POINT('',(68.8494493287975,14.8353700206502,-10.2370234448818));
#15584=CARTESIAN_POINT('',(69.1730281634343,15.1472606455588,-10.1133909350403));
#15585=CARTESIAN_POINT('',(68.9951826092784,15.1472606455588,-12.1967484513568));
#15586=CARTESIAN_POINT('',(68.054955365878,15.176865708587,-9.01912268944099));
#15587=CARTESIAN_POINT('',(69.8256261975793,13.9376563325475,-12.3903933187851));
#15588=CARTESIAN_POINT('',(69.1613560506924,15.1688951543619,-10.072665362565));
#15589=CARTESIAN_POINT('',(63.7861587558775,15.1688951543618,-5.00747379693088));
#15590=CARTESIAN_POINT('',(61.4057970544373,20.8037785893429,-16.7432743499092));
#15591=CARTESIAN_POINT('',(62.1709804370286,21.3395657619461,-17.1002428315171));
#15592=CARTESIAN_POINT('',(58.0908009486327,27.1666659654487,-17.1002428315171));
#15593=CARTESIAN_POINT('',(61.4057970544373,20.8037785893429,-17.74327435));
#15594=CARTESIAN_POINT('',(57.3256175660442,26.6308787928413,-17.74327435));
#15595=CARTESIAN_POINT('',(57.3256175660442,26.6308787928413,-16.7432743499093));
#15596=CARTESIAN_POINT('',(54.6540509104916,28.9960217869239,-16.9634565428536));
#15597=CARTESIAN_POINT('',(54.6540509104916,28.82,-17.7432743499997));
#15598=CARTESIAN_POINT('',(54.6540509104916,28.0205630219873,-17.7432743499997));
#15599=CARTESIAN_POINT('',(55.2993485801457,28.9926409484296,-16.9784344504581));
#15600=CARTESIAN_POINT('',(55.2740749052879,28.8074928622138,-17.7432743502149));
#15601=CARTESIAN_POINT('',(55.1803783472084,28.0205630729007,-17.7432743499997));
#15602=CARTESIAN_POINT('',(56.6905749547769,28.6673741313988,-17.0438704036824));
#15603=CARTESIAN_POINT('',(56.5693690468304,28.4662932149205,-17.743274349924));
#15604=CARTESIAN_POINT('',(56.2194686981069,27.7761811297351,-17.7432743500001));
#15605=CARTESIAN_POINT('',(57.7253430358947,27.7003515712701,-17.0825953913002));
#15606=CARTESIAN_POINT('',(57.5458423198941,27.5409591914608,-17.7432743499434));
#15607=CARTESIAN_POINT('',(57.0236125002744,27.0621867976128,-17.74327435));
#15608=CARTESIAN_POINT('',(58.0908009486356,27.1666659654446,-17.1002428315171));
#15609=CARTESIAN_POINT('',(57.889509353496,27.0257200731497,-17.74327435));
#15610=CARTESIAN_POINT('',(57.3256175660442,26.6308787928413,-17.74327435));
#15611=CARTESIAN_POINT('',(54.6540509104869,28.0205630219872,-16.7432743499092));
#15612=CARTESIAN_POINT('',(54.6540509104869,28.9960217869239,-16.9634565428536));
#15613=CARTESIAN_POINT('',(54.6540509104869,28.0205630219872,-17.74327435));
#15614=CARTESIAN_POINT('',(58.0908009486356,27.1666659654446,-17.1002428315171));
#15615=CARTESIAN_POINT('',(57.3209362189741,28.2909124281591,-17.0630711027214));
#15616=CARTESIAN_POINT('',(56.0167511129031,28.9888812723963,-16.9950906972281));
#15617=CARTESIAN_POINT('',(54.6540509104915,28.9960217869239,-16.9634565428538));
#15618=CARTESIAN_POINT('',(54.6540509104869,28.0205630219873,-17.74327435));
#15619=CARTESIAN_POINT('',(55.7070075528374,28.0205630219872,-17.74327435));
#15620=CARTESIAN_POINT('',(56.7216077123015,27.4934942615166,-17.74327435));
#15621=CARTESIAN_POINT('',(57.3256175660442,26.6308787928413,-17.74327435));
#15622=CARTESIAN_POINT('',(34.3069439042943,28.0205630219872,-16.7432743499092));
#15623=CARTESIAN_POINT('',(36.948391822844,28.0868894101117,-17.741072330682));
#15624=CARTESIAN_POINT('',(36.6819774106237,28.4673686218915,-17.7157808264296));
#15625=CARTESIAN_POINT('',(36.5103299775742,28.8935245598187,-17.4175433026606));
#15626=CARTESIAN_POINT('',(36.4724948715634,28.9960217869238,-16.9634565428538));
#15627=CARTESIAN_POINT('',(36.948391822844,28.0868894101117,-17.741072330682));
#15628=CARTESIAN_POINT('',(36.4724948715634,28.9960217869238,-16.9634565428538));
#15629=CARTESIAN_POINT('',(34.3069439042943,28.9960217869238,-16.9634565428538));
#15630=CARTESIAN_POINT('',(68.136570751177,28.0205630219872,-17.74327435));
#15631=CARTESIAN_POINT('',(36.994834059791,28.0205630219872,-17.74327435));
#15632=CARTESIAN_POINT('',(36.9948340597125,28.0205630220993,-16.7432743500494));
#15633=CARTESIAN_POINT('',(-32.631547785288,32.232644945862,-10.5632068589734));
#15634=CARTESIAN_POINT('',(-23.325,32.0335572014602,-10.3341826075487));
#15635=CARTESIAN_POINT('',(-23.325,31.8062237286857,-10.072665362565));
#15636=CARTESIAN_POINT('',(-38.537,31.8062237286856,-10.072665362565));
#15637=CARTESIAN_POINT('',(-31.7747944478582,31.806213076057,-10.0728177022532));
#15638=CARTESIAN_POINT('',(-31.6746086266342,31.5954655926147,-9.83021586126425));
#15639=CARTESIAN_POINT('',(-33.0874557615905,30.5724853769743,-10.1368552495151));
#15640=CARTESIAN_POINT('',(-31.6839225264879,31.1397356605313,-9.48219687648798));
#15641=CARTESIAN_POINT('',(-32.2748476590037,31.3051234289119,-10.0731221033302));
#15642=CARTESIAN_POINT('',(-31.2843149991654,32.2980856270249,-10.0729700419414));
#15643=CARTESIAN_POINT('',(-31.563735931288,31.9975145104261,-9.36201028128812));
#15644=CARTESIAN_POINT('',(-32.275,32.0093366990532,-10.0732743500001));
#15645=CARTESIAN_POINT('',(64.2321651033578,13.8146147427518,-4.53417045166122));
#15646=CARTESIAN_POINT('',(70.0669578413227,13.8755617621712,-10.0726653625651));
#15647=CARTESIAN_POINT('',(60.3726054497706,27.7205309854493,-10.0726661903922));
#15648=CARTESIAN_POINT('',(60.372605836059,27.7205312551449,-10.072665362565));
#15649=CARTESIAN_POINT('',(60.3123571824342,27.6805866749662,-9.98953505056418));
#15650=CARTESIAN_POINT('',(60.2521085288094,27.6406420947874,-9.90640473856332));
#15651=CARTESIAN_POINT('',(60.1918598751845,27.6006975146087,-9.82327442656246));
#15652=CARTESIAN_POINT('',(55.8941044752379,25.1716697400935,-9.35547394294742));
#15653=CARTESIAN_POINT('',(55.418082639718,30.0857686481434,-9.82327442676421));
#15654=CARTESIAN_POINT('',(55.4162461172729,30.1580327259404,-9.90640473883884));
#15655=CARTESIAN_POINT('',(55.4144095948277,30.2302968037374,-9.98953505091348));
#15656=CARTESIAN_POINT('',(55.4125730723826,30.3025608815344,-10.0726653629881));
#15657=CARTESIAN_POINT('',(55.4125730730606,30.3025603919805,-10.072666191932));
#15658=CARTESIAN_POINT('',(55.4127418177778,30.3022910579205,-10.0765240204106));
#15659=CARTESIAN_POINT('',(55.9018948864594,30.3037799322272,-10.055231992491));
#15660=CARTESIAN_POINT('',(56.871972571716,30.2481487100376,-10.090002232058));
#15661=CARTESIAN_POINT('',(58.2586679891009,29.7201146781355,-10.060297158732));
#15662=CARTESIAN_POINT('',(59.481746290555,28.8935562958838,-10.0899782777801));
#15663=CARTESIAN_POINT('',(60.0922981404913,28.1229890596981,-10.0551370275377));
#15664=CARTESIAN_POINT('',(60.3722918654339,27.7205149122762,-10.0764773990993));
#15665=CARTESIAN_POINT('',(34.0300000654125,30.7289820987475,-10.5632068594388));
#15666=CARTESIAN_POINT('',(34.2944229702415,30.3025608815344,-10.0726653629881));
#15667=CARTESIAN_POINT('',(36.225468922643,30.3025395072669,-10.0729697621554));
#15668=CARTESIAN_POINT('',(35.9852802994403,30.0857685814132,-9.82327435));
#15669=CARTESIAN_POINT('',(36.0641395012919,30.1585520326735,-9.90700213289831));
#15670=CARTESIAN_POINT('',(36.1440602534787,30.2308468578408,-9.99016781577635));
#15671=CARTESIAN_POINT('',(36.225163888618,30.3025608815344,-10.0726653629881));
#15672=CARTESIAN_POINT('',(36.2259749249694,30.3032780217713,-10.0734903384602));
#15673=CARTESIAN_POINT('',(36.2267859613208,30.3039951620083,-10.0743153139323));
#15674=CARTESIAN_POINT('',(36.2275969976722,30.3047123022452,-10.0751402894045));
#15675=CARTESIAN_POINT('',(40.225,30.3811951555159,-14.07327435));
#15676=CARTESIAN_POINT('',(40.2250000003566,30.3811951555171,-10.0732743502938));
#15677=CARTESIAN_POINT('',(36.225,30.381195155516,-10.07327435));
#15678=CARTESIAN_POINT('',(40.225,30.3811951555159,-14.07327435));
#15679=CARTESIAN_POINT('',(36.686264068712,32.0096956625376,-10.5345384187119));
#15680=CARTESIAN_POINT('',(36.225,29.6768186515581,-10.0732743499999));
#15681=CARTESIAN_POINT('',(36.2248476590037,31.3051234289119,-10.0731221033302));
#15682=CARTESIAN_POINT('',(35.2049056469433,31.0195133490527,-9.05317999694313));
#15683=CARTESIAN_POINT('',(35.4708477701167,30.5724853769743,-8.91250738800357));
#15684=CARTESIAN_POINT('',(29.8726973281055,19.4704521749774,4.11801651151609));
#15685=CARTESIAN_POINT('',(35.7247944478584,31.8062130760569,-10.0728177022532));
#15686=CARTESIAN_POINT('',(36.7652177173268,30.7634446004535,-10.0729700419415));
#15687=CARTESIAN_POINT('',(-32.631547785288,32.232644945862,-10.5632068589734));
#15688=CARTESIAN_POINT('',(-38.537,31.8062237286856,-10.072665362565));
#15689=CARTESIAN_POINT('',(26.6750001666667,31.8062236077165,-10.0726654030407));
#15690=CARTESIAN_POINT('',(26.675,32.5532678727232,-10.9320413446653));
#15691=CARTESIAN_POINT('',(-31.1636343807313,28.4062825312768,-19.2327747030387));
#15692=CARTESIAN_POINT('',(-31.2974555319864,28.5988395345366,-19.2117505446118));
#15693=CARTESIAN_POINT('',(-31.385696992727,28.7588114658408,-19.1714951415581));
#15694=CARTESIAN_POINT('',(-31.5416999378495,29.0903431709092,-19.0510677811788));
#15695=CARTESIAN_POINT('',(-31.6042681370281,29.2580821039278,-18.9689559267357));
#15696=CARTESIAN_POINT('',(-31.7487788723833,29.7534832952928,-18.6428269335537));
#15697=CARTESIAN_POINT('',(-31.7813838097057,30.063434513544,-18.3200165802258));
#15698=CARTESIAN_POINT('',(-31.7947384386082,30.3090953571389,-17.8179766606389));
#15699=CARTESIAN_POINT('',(-31.7961668494241,30.3504480162204,-17.7158797420659));
#15700=CARTESIAN_POINT('',(-31.7974923222919,30.4024858005407,-17.5458327715949));
#15701=CARTESIAN_POINT('',(-31.7978880219022,30.4185161246983,-17.4813505620638));
#15702=CARTESIAN_POINT('',(-31.7978992070411,30.4301263735441,-17.4306338253527));
#15703=CARTESIAN_POINT('',(-31.5518727649612,28.0866715925021,-18.7915628514211));
#15704=CARTESIAN_POINT('',(-31.6854284248265,28.2774078594819,-18.816495981383));
#15705=CARTESIAN_POINT('',(-31.7765907812309,28.4381454034789,-18.8022068245364));
#15706=CARTESIAN_POINT('',(-31.9401936323665,28.7678380809643,-18.7270690619134));
#15707=CARTESIAN_POINT('',(-32.0078579712921,28.933239757667,-18.6619072943095));
#15708=CARTESIAN_POINT('',(-32.169955444732,29.4093670220331,-18.382139401593));
#15709=CARTESIAN_POINT('',(-32.2176209053261,29.6849070705966,-18.0846377504502));
#15710=CARTESIAN_POINT('',(-32.2447859698547,29.8860505554217,-17.6604613387702));
#15711=CARTESIAN_POINT('',(-32.248644542307,29.9189754821832,-17.5755181260129));
#15712=CARTESIAN_POINT('',(-32.2530927319631,29.9596805942343,-17.43660616757));
#15713=CARTESIAN_POINT('',(-32.2543053276141,29.9713646176437,-17.3887546644206));
#15714=CARTESIAN_POINT('',(-32.2553351142703,29.9816226188157,-17.3395576675253));
#15715=CARTESIAN_POINT('',(-31.551608177156,28.0868894101117,-18.7918635411003));
#15716=CARTESIAN_POINT('',(-31.1651518093703,28.4050333328166,-19.2310502277505));
#15717=CARTESIAN_POINT('',(-31.551608177156,28.0868894101117,-18.7918635411003));
#15718=CARTESIAN_POINT('',(-31.1701918988342,28.4008841610951,-19.2253224396311));
#15719=CARTESIAN_POINT('',(-32.2546446799694,29.9781713085899,-17.3572800001667));
#15720=CARTESIAN_POINT('',(-32.2350399579207,29.7845851761596,-18.2493252477977));
#15721=CARTESIAN_POINT('',(-32.0974012769811,28.8663627377205,-18.8936279851843));
#15722=CARTESIAN_POINT('',(-31.551608177156,28.0868894101117,-18.7918635411003));
#15723=CARTESIAN_POINT('',(-32.2546624849755,29.9783471622498,-17.3573148418412));
#15724=CARTESIAN_POINT('',(-31.8007018445359,30.4231869378904,-17.4489250266243));
#15725=CARTESIAN_POINT('',(-31.9520222391443,30.2749071893325,-17.418388338117));
#15726=CARTESIAN_POINT('',(-32.1033424526242,30.1266272641167,-17.3878516098652));
#15727=CARTESIAN_POINT('',(-32.2546624849754,29.9783471622496,-17.3573148418412));
#15728=CARTESIAN_POINT('',(-31.8006034349978,30.423091182545,-17.4489023394357));
#15729=CARTESIAN_POINT('',(-31.1701918988342,28.4008841610949,-19.2253224396311));
#15730=CARTESIAN_POINT('',(-31.4611727185867,28.8059726551927,-19.1753904763476));
#15731=CARTESIAN_POINT('',(-31.8008551689063,29.7314427912312,-18.8188981271885));
#15732=CARTESIAN_POINT('',(-31.810212311665,30.2984888345404,-17.933102822544));
#15733=CARTESIAN_POINT('',(-31.8006034349987,30.4230911825416,-17.4489023394451));
#15734=CARTESIAN_POINT('',(55.7976084966759,-55.195020430817,1.81462886384948));
#15735=CARTESIAN_POINT('',(-31.7750000883899,30.8689244517247,-15.4785980075966));
#15736=CARTESIAN_POINT('',(-31.9416667255942,30.706348019656,-15.44190098193));
#15737=CARTESIAN_POINT('',(-32.1083333627984,30.5437715875872,-15.4052039562635));
#15738=CARTESIAN_POINT('',(-32.2750000000026,30.3811951555185,-15.3685069305969));
#15739=CARTESIAN_POINT('',(-31.7750000883899,30.8689244792474,-15.4785978856643));
#15740=CARTESIAN_POINT('',(-32.2749999292896,30.3811953244915,-15.3685060489725));
#15741=CARTESIAN_POINT('',(143.529693308227,30.1886025981942,-18.4925838096166));
#15742=CARTESIAN_POINT('',(-31.7996549840202,30.4398475376201,-17.3795097910898));
#15743=CARTESIAN_POINT('',(-31.7996549840202,30.4398475376201,-17.3795097910898));
#15744=CARTESIAN_POINT('',(-31.799691155439,30.4346067930316,-17.4027275189872));
#15745=CARTESIAN_POINT('',(-31.8000729976025,30.4290216801361,-17.4258563876567));
#15746=CARTESIAN_POINT('',(-31.8008000309695,30.4230926797982,-17.4488965211267));
#15747=CARTESIAN_POINT('',(-32.2749999999638,30.3812121662448,-15.3685094335431));
#15748=CARTESIAN_POINT('',(-32.2750005667655,30.2479311705687,-16.0317179522452));
#15749=CARTESIAN_POINT('',(-32.2683453921342,30.1135181280113,-16.6946290947192));
#15750=CARTESIAN_POINT('',(-32.2546624849755,29.9783471622495,-17.3573148418411));
#15751=CARTESIAN_POINT('',(-31.0063219693175,28.1798633971453,-19.2432743500296));
#15752=CARTESIAN_POINT('',(-31.0627462674251,28.260445643805,-19.243274350032));
#15753=CARTESIAN_POINT('',(-31.1171440242276,28.3374523311499,-19.2383662254304));
#15754=CARTESIAN_POINT('',(-31.1651518093474,28.4050333328354,-19.2310502277765));
#15755=CARTESIAN_POINT('',(-31.4174283633584,27.8920036010539,-18.7414061108944));
#15756=CARTESIAN_POINT('',(-31.4646182357293,27.959397723227,-18.7639733799137));
#15757=CARTESIAN_POINT('',(-31.5112889581549,28.0260529683213,-18.7798150505226));
#15758=CARTESIAN_POINT('',(-31.5530521629342,28.0857006722926,-18.7902225296373));
#15759=CARTESIAN_POINT('',(-31.4158979915768,27.8930751790823,-18.74327435));
#15760=CARTESIAN_POINT('',(-31.0063219692933,28.1798633971623,-19.24327435));
#15761=CARTESIAN_POINT('',(-31.4158979915768,27.8930751790823,-18.74327435));
#15762=CARTESIAN_POINT('',(-31.00718023929,28.1792624300412,-19.2422265957981));
#15763=CARTESIAN_POINT('',(-31.551608177156,28.0868894101117,-18.7918635411003));
#15764=CARTESIAN_POINT('',(-31.5058492909361,28.0215389479659,-18.7805389222964));
#15765=CARTESIAN_POINT('',(-31.4604841155377,27.9567507631452,-18.7645016112646));
#15766=CARTESIAN_POINT('',(-31.415897991575,27.8930751790796,-18.7432743500119));
#15767=CARTESIAN_POINT('',(-31.1701918988342,28.400884161095,-19.2253224396311));
#15768=CARTESIAN_POINT('',(-31.1160823084222,28.327156485603,-19.2344102504164));
#15769=CARTESIAN_POINT('',(-31.0616915947994,28.2532168889372,-19.2400360469299));
#15770=CARTESIAN_POINT('',(-31.0071802393373,28.1792624300077,-19.2422265957991));
#15771=CARTESIAN_POINT('',(-31.2666269803579,31.2971913061176,-15.8901501409356));
#15772=CARTESIAN_POINT('',(-31.2247026744049,32.1516010927635,-12.2953217004573));
#15773=CARTESIAN_POINT('',(-31.7752569555625,31.6053159582966,-12.2150442792868));
#15774=CARTESIAN_POINT('',(-32.2749040255454,31.1106527329089,-12.1372647693329));
#15775=CARTESIAN_POINT('',(-36.8317943894829,26.6616479225457,-11.1514109543687));
#15776=CARTESIAN_POINT('',(-31.7749999999929,31.5943423318086,-12.2648270322156));
#15777=CARTESIAN_POINT('',(-31.7750000000081,30.3035018409541,-17.9835532112026));
#15778=CARTESIAN_POINT('',(-32.275,30.3438201457717,-15.5340869911939));
#15779=CARTESIAN_POINT('',(-22.2016533877238,15.4265280737291,-19.1406239915341));
#15780=CARTESIAN_POINT('',(-20.3058013582719,19.,-22.74327435));
#15781=CARTESIAN_POINT('',(-23.5824095354279,16.7056942545958,-18.74327435));
#15782=CARTESIAN_POINT('',(-23.1728335132834,16.9924824727713,-19.24327435));
#15783=CARTESIAN_POINT('',(-32.3581140761936,29.238699202248,-18.74327435));
#15784=CARTESIAN_POINT('',(-33.8740048108295,28.1085010896332,-16.85327435));
#15785=CARTESIAN_POINT('',(-30.9563535423125,28.1085010896332,-19.24327435));
#15786=CARTESIAN_POINT('',(2.84447694363701,-20.1640875970703,-19.24327435));
#15787=CARTESIAN_POINT('',(-26.8367956994163,27.8713787746707,-11.3291827203663));
#15788=CARTESIAN_POINT('',(-31.2247026744047,32.2485970288035,-11.6352676380588));
#15789=CARTESIAN_POINT('',(-31.7752569555688,31.7023118943302,-11.5549902168873));
#15790=CARTESIAN_POINT('',(-32.2749040532951,31.2061848648971,-11.4871716968664));
#15791=CARTESIAN_POINT('',(-31.7752569555625,31.6053159582966,-12.2150442792868));
#15792=CARTESIAN_POINT('',(-31.7775036570947,31.6521931051761,-11.9971636928047));
#15793=CARTESIAN_POINT('',(-31.7775036570968,31.6845250838539,-11.7771456720048));
#15794=CARTESIAN_POINT('',(-31.7752569555688,31.7023118943302,-11.5549902168873));
#15795=CARTESIAN_POINT('',(-32.275,22.4753437799814,-10.5362272716662));
#15796=CARTESIAN_POINT('',(-20.3058013582719,19.,-22.74327435));
#15797=CARTESIAN_POINT('',(-20.3058013582719,19.,-22.74327435));
#15798=CARTESIAN_POINT('',(-20.3058013582719,15.5,-19.24327435));
#15799=CARTESIAN_POINT('',(-20.3058013582718,19.0000000000002,-18.74327435));
#15800=CARTESIAN_POINT('',(-20.3058013582719,19.0000000000002,-19.2432743499999));
#15801=CARTESIAN_POINT('',(-31.2273114251856,32.2412209108864,-11.7033530648128));
#15802=CARTESIAN_POINT('',(-31.7750000000001,31.6936517458288,-11.6825197192568));
#15803=CARTESIAN_POINT('',(-31.7750000000001,31.7061242150569,-11.5041550994286));
#15804=CARTESIAN_POINT('',(-36.8317943894906,26.6616479225457,-11.1514109543687));
#15805=CARTESIAN_POINT('',(-32.275,30.9022279621474,-15.8326136042093));
#15806=CARTESIAN_POINT('',(49.596083109798,15.9862640687119,-19.7295384187119));
#15807=CARTESIAN_POINT('',(43.2304572490644,16.5,-20.24327435));
#15808=CARTESIAN_POINT('',(43.2304572490644,15.5,-19.24327435));
#15809=CARTESIAN_POINT('',(51.9500626179462,15.5,-19.24327435));
#15810=CARTESIAN_POINT('',(43.2304572490644,16.5,-20.24327435));
#15811=CARTESIAN_POINT('',(43.2304572490644,16.5,-20.2432743499999));
#15812=CARTESIAN_POINT('',(44.4591853154978,17.3603646545266,-18.74327435));
#15813=CARTESIAN_POINT('',(44.0496092933533,17.073576436351,-19.24327435));
#15814=CARTESIAN_POINT('',(43.2304572490644,16.5,-18.74327435));
#15815=CARTESIAN_POINT('',(43.2304572490644,16.4999999999999,-19.24327435));
#15816=CARTESIAN_POINT('',(45.3980959447101,15.8404958723665,-18.8459247084686));
#15817=CARTESIAN_POINT('',(45.2198506996279,16.2740219023834,-18.74327435));
#15818=CARTESIAN_POINT('',(36.948391822844,28.0868894101118,-18.74327435));
#15819=CARTESIAN_POINT('',(47.9895148082521,11.446808228496,-19.24327435));
#15820=CARTESIAN_POINT('',(36.5388158006995,27.8001011919363,-19.24327435));
#15821=CARTESIAN_POINT('',(38.6074243900734,29.2485565198222,-16.717969549998));
#15822=CARTESIAN_POINT('',(40.2250000000002,30.3811951555171,-18.692664749997));
#15823=CARTESIAN_POINT('',(40.2249999999987,30.3811951555152,-18.7432743492413));
#15824=CARTESIAN_POINT('',(36.7362794407788,28.4244558116923,-18.7432743499962));
#15825=CARTESIAN_POINT('',(40.2250000028558,30.3811951575142,-19.2432743499971));
#15826=CARTESIAN_POINT('',(36.3410765091202,28.108501089634,-19.2432743499979));
#15827=CARTESIAN_POINT('',(36.301132625762,28.1803924471101,-19.2421928569232));
#15828=CARTESIAN_POINT('',(36.3139027956465,28.1561317125709,-19.2429229517901));
#15829=CARTESIAN_POINT('',(36.3272252847087,28.1321721576976,-19.2432743499999));
#15830=CARTESIAN_POINT('',(36.3410765091301,28.1085010896398,-19.24327435));
#15831=CARTESIAN_POINT('',(36.3011326257604,28.1803924471092,-19.2421928569232));
#15832=CARTESIAN_POINT('',(36.7362794407788,28.4244558116923,-18.7432743499962));
#15833=CARTESIAN_POINT('',(36.5909160835075,28.3429250068271,-18.9099410166626));
#15834=CARTESIAN_POINT('',(36.4455527262378,28.261394201963,-19.0766076833269));
#15835=CARTESIAN_POINT('',(36.3001893689606,28.1798633970945,-19.24327435));
#15836=CARTESIAN_POINT('',(35.6846361534303,30.4256285957867,-17.4495027753724));
#15837=CARTESIAN_POINT('',(35.6858675678783,30.3691975032432,-17.6995335469958));
#15838=CARTESIAN_POINT('',(35.6884077571465,30.2741474083813,-17.9219569570269));
#15839=CARTESIAN_POINT('',(35.7127146563773,29.997414241094,-18.3569273292949));
#15840=CARTESIAN_POINT('',(35.7350239882375,29.8174599938242,-18.5580932224469));
#15841=CARTESIAN_POINT('',(35.8195390865051,29.398581058726,-18.893505371021));
#15842=CARTESIAN_POINT('',(35.882139992475,29.1595387534678,-19.0272606522481));
#15843=CARTESIAN_POINT('',(36.0559549448419,28.666928723253,-19.2031274274448));
#15844=CARTESIAN_POINT('',(36.1606813428266,28.4258412364994,-19.2447800386685));
#15845=CARTESIAN_POINT('',(36.299014085938,28.1792042047005,-19.2446218754513));
#15846=CARTESIAN_POINT('',(36.2620805718742,29.8657367811368,-17.306323532711));
#15847=CARTESIAN_POINT('',(36.2673560573144,29.8251548645367,-17.4757210201327));
#15848=CARTESIAN_POINT('',(36.2765938654432,29.7570813938502,-17.6250023354958));
#15849=CARTESIAN_POINT('',(36.3105122597594,29.5710762381935,-17.9168647625877));
#15850=CARTESIAN_POINT('',(36.3351070865444,29.4554885493483,-18.0517304146911));
#15851=CARTESIAN_POINT('',(36.4050602936942,29.1995726047484,-18.2961870955402));
#15852=CARTESIAN_POINT('',(36.4501679511415,29.059315208211,-18.4070102802383));
#15853=CARTESIAN_POINT('',(36.5695070829525,28.7582673479824,-18.6007280946107));
#15854=CARTESIAN_POINT('',(36.6395897134337,28.6044714407479,-18.6804199431289));
#15855=CARTESIAN_POINT('',(36.7395327217511,28.4262804986418,-18.7395442937568));
#15856=CARTESIAN_POINT('',(36.2578133740656,29.8698926276698,-17.307386104065));
#15857=CARTESIAN_POINT('',(36.0676271503811,30.0543004699539,-17.3545440687732));
#15858=CARTESIAN_POINT('',(35.8774419226245,30.2387092811139,-17.4017022612999));
#15859=CARTESIAN_POINT('',(35.6872576908028,30.4231190612236,-17.4488606813005));
#15860=CARTESIAN_POINT('',(36.2578133740627,29.8698926276671,-17.3073861040644));
#15861=CARTESIAN_POINT('',(35.6872576908028,30.4231190612235,-17.4488606813005));
#15862=CARTESIAN_POINT('',(36.2582445130411,29.8665584810731,-17.320931786991));
#15863=CARTESIAN_POINT('',(36.2781985741021,29.7127550598796,-17.9371201210892));
#15864=CARTESIAN_POINT('',(36.3918711557741,29.0385101406221,-18.5416098480429));
#15865=CARTESIAN_POINT('',(36.7362794407788,28.4244558116923,-18.7432743499962));
#15866=CARTESIAN_POINT('',(35.6872410583819,30.423102824027,-17.4488570991979));
#15867=CARTESIAN_POINT('',(35.7056066209493,30.2912180240218,-17.9613984500736));
#15868=CARTESIAN_POINT('',(35.7075079865305,29.662913718876,-18.8995058314549));
#15869=CARTESIAN_POINT('',(36.0544725400438,28.6484788591687,-19.2281064125843));
#15870=CARTESIAN_POINT('',(36.3011326257601,28.1803924471092,-19.2421928569236));
#15871=CARTESIAN_POINT('',(131.120758339919,123.093566265621,-39.2081490286637));
#15872=CARTESIAN_POINT('',(201531.568717315,-197885.828445754,38299.4570723689));
#15873=CARTESIAN_POINT('',(36.2252805272118,30.3814669132559,-15.364085309353));
#15874=CARTESIAN_POINT('',(35.7250000000331,30.8692954632825,-15.4769547407095));
#15875=CARTESIAN_POINT('',(36.2250001307223,30.3822177883818,-15.3642786055033));
#15876=CARTESIAN_POINT('',(36.2249574327677,30.2152059325688,-16.0131603130972));
#15877=CARTESIAN_POINT('',(36.2352346766249,30.0450803132915,-16.6610453140765));
#15878=CARTESIAN_POINT('',(36.257813374062,29.8698926276733,-17.3073861040663));
#15879=CARTESIAN_POINT('',(35.6872742864511,30.4231030557314,-17.448856198728));
#15880=CARTESIAN_POINT('',(35.6867689924925,30.4290290359866,-17.4258261389988));
#15881=CARTESIAN_POINT('',(35.6866271649998,30.4346105927311,-17.402710685427));
#15882=CARTESIAN_POINT('',(35.6868490395573,30.4398475376201,-17.3795097910898));
#15883=CARTESIAN_POINT('',(35.6868490395574,30.4398475376201,-17.3795097910898));
#15884=CARTESIAN_POINT('',(226.21693008788,29.5987868542121,-21.1056059140415));
#15885=CARTESIAN_POINT('',(36.2632368091679,30.2242501767661,-15.8901501408012));
#15886=CARTESIAN_POINT('',(36.6970404077976,30.6407233785542,-12.0748732445924));
#15887=CARTESIAN_POINT('',(36.2248827655297,31.1105751568509,-12.1377002043659));
#15888=CARTESIAN_POINT('',(35.7252414312671,31.6049867631789,-12.2165731975358));
#15889=CARTESIAN_POINT('',(36.225,30.2318004120093,-16.0303606892228));
#15890=CARTESIAN_POINT('',(35.724999999982,30.3035018408883,-17.9835532114944));
#15891=CARTESIAN_POINT('',(35.725000000007,31.5943423318086,-12.2648270322156));
#15892=CARTESIAN_POINT('',(40.7817943894983,26.6616479225457,-11.1514109543687));
#15893=CARTESIAN_POINT('',(32.2886056588755,26.3404770634607,-11.1042144141911));
#15894=CARTESIAN_POINT('',(36.697040407798,30.738173086902,-11.411731277007));
#15895=CARTESIAN_POINT('',(36.2248842239099,31.2062399585667,-11.4866540969466));
#15896=CARTESIAN_POINT('',(35.7252414312611,31.702436471533,-11.5534312299514));
#15897=CARTESIAN_POINT('',(36.225,22.4346065879208,-10.5302408801834));
#15898=CARTESIAN_POINT('',(35.7252414312611,31.702436471533,-11.5534312299514));
#15899=CARTESIAN_POINT('',(35.72742944152,31.6846351150295,-11.776636076745));
#15900=CARTESIAN_POINT('',(35.7274294415219,31.6521518789115,-11.9976833992732));
#15901=CARTESIAN_POINT('',(35.7252414312671,31.6049867631789,-12.2165731975358));
#15902=CARTESIAN_POINT('',(36.7082141434409,30.7065798844086,-11.7033530621294));
#15903=CARTESIAN_POINT('',(36.225,30.8912218307835,-15.9900086156222));
#15904=CARTESIAN_POINT('',(40.7817943894905,26.6616479225457,-11.1514109543687));
#15905=CARTESIAN_POINT('',(35.7250000000002,31.7061242150569,-11.5041550994286));
#15906=CARTESIAN_POINT('',(35.7250000000002,31.6936517458288,-11.6825197192571));
#15907=CARTESIAN_POINT('',(55.6251569602259,24.655848773262,-11.26527435));
#15908=CARTESIAN_POINT('',(55.6251569602259,28.615848773262,-11.1717604278397));
#15909=CARTESIAN_POINT('',(56.8677206126745,28.615848773262,-11.1028870108537));
#15910=CARTESIAN_POINT('',(58.0707003077076,28.0090400385448,-11.158157965687));
#15911=CARTESIAN_POINT('',(58.8092294162262,27.0102664496611,-11.0869681225069));
#15912=CARTESIAN_POINT('',(58.8092294162262,27.010266449661,-11.0869681225069));
#15913=CARTESIAN_POINT('',(58.8092294162262,27.0102664496611,-11.0869681225066));
#15914=CARTESIAN_POINT('',(58.8307150414999,26.981209673406,-11.084897035158));
#15915=CARTESIAN_POINT('',(58.8518165112233,26.951840573949,-11.0839213023709));
#15916=CARTESIAN_POINT('',(58.8725319359731,26.9221576151657,-11.084046311516));
#15917=CARTESIAN_POINT('',(58.8725347758341,26.9221577432645,-11.0840409872148));
#15918=CARTESIAN_POINT('',(58.9862335659721,26.7597832289175,-9.82327474560686));
#15919=CARTESIAN_POINT('',(58.9483347530792,26.8139083430085,-10.2435301944144));
#15920=CARTESIAN_POINT('',(58.9104359401862,26.8680334570995,-10.663785643222));
#15921=CARTESIAN_POINT('',(58.8725371272932,26.9221585711905,-11.0840410920296));
#15922=CARTESIAN_POINT('',(58.1553829035016,27.9463609464252,-11.26527435));
#15923=CARTESIAN_POINT('',(58.8725376169334,26.9221578719118,-11.084035662467));
#15924=CARTESIAN_POINT('',(61.6551992214797,22.9481052479412,-11.0840340224803));
#15925=CARTESIAN_POINT('',(64.4378608260261,18.9740526239706,-11.0840323824967));
#15926=CARTESIAN_POINT('',(67.2205224305724,15.,-11.084030742511));
#15927=CARTESIAN_POINT('',(38.6369999999765,17.9130000000235,-16.14327435));
#15928=CARTESIAN_POINT('',(36.525,20.0250000000001,-16.14327435));
#15929=CARTESIAN_POINT('',(38.2749999999805,20.0250000000001,-16.14327435));
#15930=CARTESIAN_POINT('',(38.6369999999765,17.9130000000235,-16.14327435));
#15931=CARTESIAN_POINT('',(18.745,20.025,-16.14327435));
#15932=CARTESIAN_POINT('',(16.9950000000195,20.025,-16.14327435));
#15933=CARTESIAN_POINT('',(38.6369999999765,17.9130000000235,-16.14327435));
#15934=CARTESIAN_POINT('',(-1.575,20.025,-16.14327435));
#15935=CARTESIAN_POINT('',(-3.32499999998046,20.025,-16.14327435));
#15936=CARTESIAN_POINT('',(68.136570751177,13.960943697794,-17.74327435));
#15937=CARTESIAN_POINT('',(58.05,19.13,-17.74327435));
#15938=CARTESIAN_POINT('',(55.41,19.13,-17.74327435));
#15939=CARTESIAN_POINT('',(48.4,21.8999999999999,-17.74327435));
#15940=CARTESIAN_POINT('',(49.9811388300842,18.975,-17.74327435));
#15941=CARTESIAN_POINT('',(46.8188611699158,18.975,-17.74327435));
#15942=CARTESIAN_POINT('',(68.136570751177,18.975,-17.74327435));
#15943=CARTESIAN_POINT('',(43.2304572490644,16.5,-17.74327435));
#15944=CARTESIAN_POINT('',(44.4591853154978,17.3603646545265,-17.74327435));
#15945=CARTESIAN_POINT('',(45.2198506996279,16.2740219023834,-17.74327435));
#15946=CARTESIAN_POINT('',(-15.9093665961021,18.975,-19.37527435));
#15947=CARTESIAN_POINT('',(49.9811388300842,18.975,-16.8932743499999));
#15948=CARTESIAN_POINT('',(46.8188611699158,18.975,-16.8932743499999));
#15949=CARTESIAN_POINT('',(48.4,21.9,-16.8932743499999));
#15950=CARTESIAN_POINT('',(57.3049751501878,26.0262741615617,-15.743274350014));
#15951=CARTESIAN_POINT('',(58.0612093796059,24.9462594481052,-15.7432743500157));
#15952=CARTESIAN_POINT('',(58.8174436090186,23.8662447346395,-15.7432743500136));
#15953=CARTESIAN_POINT('',(61.064600068228,20.6569718070822,-15.7432743500136));
#15954=CARTESIAN_POINT('',(62.5555222979875,18.5277135929825,-15.743274349997));
#15955=CARTESIAN_POINT('',(64.0464445277614,16.3984553788652,-15.7432743500094));
#15956=CARTESIAN_POINT('',(58.7579769231756,27.0436766676988,-11.2402525054324));
#15957=CARTESIAN_POINT('',(59.5142111525937,25.9636619542397,-11.240252505434));
#15958=CARTESIAN_POINT('',(60.2704453820064,24.8836472407773,-11.2402525054319));
#15959=CARTESIAN_POINT('',(62.5176018412158,21.67437431322,-11.2402525054319));
#15960=CARTESIAN_POINT('',(64.0085240709753,19.5451160991234,-11.2402525054154));
#15961=CARTESIAN_POINT('',(65.4994463007492,17.4158578850038,-11.2402525054278));
#15962=CARTESIAN_POINT('',(63.2983588538425,17.4668327457361,-15.7432743500054));
#15963=CARTESIAN_POINT('',(64.0158243405912,17.4668327457362,-14.2512770273719));
#15964=CARTESIAN_POINT('',(64.733289827341,17.466832745736,-12.7592797047365));
#15965=CARTESIAN_POINT('',(65.4507553140898,17.4668327457361,-11.2672823821031));
#15966=CARTESIAN_POINT('',(63.2983588538432,17.4668327457367,-15.7432743500034));
#15967=CARTESIAN_POINT('',(65.4507553140898,17.4668327457361,-11.2672823821033));
#15968=CARTESIAN_POINT('',(65.4507553140915,17.4668327457332,-11.2672823821043));
#15969=CARTESIAN_POINT('',(63.248516314352,20.6119559835808,-11.2672836800192));
#15970=CARTESIAN_POINT('',(61.0462773146127,23.7570792214286,-11.2672849779194));
#15971=CARTESIAN_POINT('',(58.8440383148731,26.9022024592762,-11.2672862758291));
#15972=CARTESIAN_POINT('',(58.8440360622471,26.9022008819677,-11.2672932569843));
#15973=CARTESIAN_POINT('',(58.8440338096211,26.9021993046592,-11.2673002381396));
#15974=CARTESIAN_POINT('',(58.8257862418061,26.9283586804001,-11.2671558784637));
#15975=CARTESIAN_POINT('',(58.8071994313362,26.9542336447052,-11.2681311209162));
#15976=CARTESIAN_POINT('',(58.7882768276795,26.979824236257,-11.2702187358687));
#15977=CARTESIAN_POINT('',(57.3892349969796,25.9059385952235,-15.74327435));
#15978=CARTESIAN_POINT('',(59.3589429492702,23.0929033120632,-15.74327435));
#15979=CARTESIAN_POINT('',(61.3286509015598,20.2798680289022,-15.74327435));
#15980=CARTESIAN_POINT('',(63.2983588538443,17.4668327457375,-15.74327435));
#15981=CARTESIAN_POINT('',(51.9500626179462,14.2200136602838,-19.24327435));
#15982=CARTESIAN_POINT('',(-21.3500000000001,24.08,-19.24327435));
#15983=CARTESIAN_POINT('',(-23.9900000000001,24.08,-19.24327435));
#15984=CARTESIAN_POINT('',(36.525,20.0250000000001,-19.24327435));
#15985=CARTESIAN_POINT('',(38.2749999999805,20.0250000000001,-19.24327435));
#15986=CARTESIAN_POINT('',(18.745,20.025,-19.24327435));
#15987=CARTESIAN_POINT('',(20.4949999999805,20.025,-19.24327435));
#15988=CARTESIAN_POINT('',(-1.575,20.025,-19.24327435));
#15989=CARTESIAN_POINT('',(0.17499999998046,20.025,-19.24327435));
#15990=CARTESIAN_POINT('',(-14.,21.9000000000003,-19.24327435));
#15991=CARTESIAN_POINT('',(-12.4188611699158,18.975,-19.24327435));
#15992=CARTESIAN_POINT('',(-15.581138830085,18.9750000000004,-19.24327435));
#15993=CARTESIAN_POINT('',(-15.9093665961021,18.975,-19.24327435));
#15994=CARTESIAN_POINT('',(7.09999999999999,21.9000000000001,-19.24327435));
#15995=CARTESIAN_POINT('',(8.68113883008417,18.975,-19.24327435));
#15996=CARTESIAN_POINT('',(5.51886116991582,18.975,-19.24327435));
#15997=CARTESIAN_POINT('',(-15.9093665961021,18.975,-19.24327435));
#15998=CARTESIAN_POINT('',(28.2,21.9000000000001,-19.24327435));
#15999=CARTESIAN_POINT('',(29.7811388300842,18.975,-19.24327435));
#16000=CARTESIAN_POINT('',(26.6188611699158,18.975,-19.24327435));
#16001=CARTESIAN_POINT('',(-15.9093665961021,18.975,-19.24327435));
#16002=CARTESIAN_POINT('',(51.9500626179462,28.1085010896332,-19.24327435));
#16003=CARTESIAN_POINT('',(40.225,30.3811951555159,-14.40827435));
#16004=CARTESIAN_POINT('',(40.225,30.3811951555159,-8.94814285443938));
#16005=CARTESIAN_POINT('',(36.2292811036502,30.1961802875919,-11.59397873315));
#16006=CARTESIAN_POINT('',(36.230365943909,30.1740750021801,-11.7444044523311));
#16007=CARTESIAN_POINT('',(36.2297873811528,30.1852334841163,-11.6949697598046));
#16008=CARTESIAN_POINT('',(36.2294448023301,30.1926449289696,-11.6445367169051));
#16009=CARTESIAN_POINT('',(36.2292811036502,30.1961802875919,-11.5939787331506));
#16010=CARTESIAN_POINT('',(36.230365943909,30.17407500218,-11.7444044523312));
#16011=CARTESIAN_POINT('',(40.225,30.3811951555159,-10.8268135869458));
#16012=CARTESIAN_POINT('',(36.948391822844,28.0868894101117,-14.40827435));
#16013=CARTESIAN_POINT('',(36.225,30.3811951555159,-14.40827435));
#16014=CARTESIAN_POINT('',(45.2198506996279,16.2740219023834,-18.8554945519321));
#16015=CARTESIAN_POINT('',(44.4591853154978,17.3603646545265,-18.11827435));
#16016=CARTESIAN_POINT('',(43.2304572490644,16.5,-18.11827435));
#16017=CARTESIAN_POINT('',(51.9500626179462,28.1085010896332,-16.85327435));
#16018=CARTESIAN_POINT('',(-38.5641430377623,30.4398475376201,-17.3795097910898));
#16019=CARTESIAN_POINT('',(28.2,21.9,-18.64327435));
#16020=CARTESIAN_POINT('',(29.7811388300842,18.975,-18.64327435));
#16021=CARTESIAN_POINT('',(26.6188611699158,18.975,-18.64327435));
#16022=CARTESIAN_POINT('',(-15.9093665961021,18.975,-19.37527435));
#16023=CARTESIAN_POINT('',(7.10000000000001,21.9,-18.6432743499999));
#16024=CARTESIAN_POINT('',(8.68113883008421,18.975,-18.6432743499999));
#16025=CARTESIAN_POINT('',(5.51886116991581,18.975,-18.6432743499999));
#16026=CARTESIAN_POINT('',(-15.9093665961021,18.975,-19.37527435));
#16027=CARTESIAN_POINT('',(-14.,21.9,-18.6432743499999));
#16028=CARTESIAN_POINT('',(-12.4188611699158,18.975,-18.6432743499999));
#16029=CARTESIAN_POINT('',(-15.5811388300842,18.975,-18.6432743499999));
#16030=CARTESIAN_POINT('',(-15.9093665961021,18.975,-19.37527435));
#16031=CARTESIAN_POINT('',(34.3069439042943,28.8750573592042,-17.4993573334066));
#16032=CARTESIAN_POINT('',(54.6540509104822,28.9960217869079,-16.9634565429246));
#16033=CARTESIAN_POINT('',(55.3445863400565,30.1740750021806,-11.7444044523291));
#16034=CARTESIAN_POINT('',(55.3445863400389,30.1740750021506,-11.7444044524617));
#16035=CARTESIAN_POINT('',(45.7869337218558,30.1740750021801,-11.7444044523312));
#16036=CARTESIAN_POINT('',(55.348945775964,30.1815121984022,-11.7114559284546));
#16037=CARTESIAN_POINT('',(54.6313903940152,28.9573629532836,-17.1347242444437));
#16038=CARTESIAN_POINT('',(55.9333217762246,30.1817218595659,-11.7105270803173));
#16039=CARTESIAN_POINT('',(55.0318879088752,28.9602110167463,-17.122106655207));
#16040=CARTESIAN_POINT('',(57.1219266313714,30.1814556006141,-11.7091313687233));
#16041=CARTESIAN_POINT('',(55.8536865059904,28.8839526949012,-17.1021396486426));
#16042=CARTESIAN_POINT('',(58.1786577739364,29.5767071363644,-11.708665670804));
#16043=CARTESIAN_POINT('',(56.6287584518914,28.5747861993023,-17.0951908505327));
#16044=CARTESIAN_POINT('',(59.2805203617032,29.0583864558776,-11.7091304172807));
#16045=CARTESIAN_POINT('',(57.3246508706142,28.1184858734336,-17.1021256027524));
#16046=CARTESIAN_POINT('',(59.9620779862984,28.0851075756173,-11.710525178312));
#16047=CARTESIAN_POINT('',(57.8526220752438,27.4922714337687,-17.1220802853761));
#16048=CARTESIAN_POINT('',(60.2974969821603,27.6054594924883,-11.7114559284546));
#16049=CARTESIAN_POINT('',(58.0766808881276,27.1638582424696,-17.1347242444437));
#16050=CARTESIAN_POINT('',(58.0908009486117,27.1666659654399,-17.1002428315755));
#16051=CARTESIAN_POINT('',(60.2575837635297,27.5975228932864,-11.808924644829));
#16052=CARTESIAN_POINT('',(60.2575837633757,27.5975228931786,-11.8089246453208));
#16053=CARTESIAN_POINT('',(60.2575837633283,27.5975228932463,-11.8089246453207));
#16054=CARTESIAN_POINT('',(59.9815101493464,27.9918322398568,-11.8088713208882));
#16055=CARTESIAN_POINT('',(59.3802034148929,28.758302402562,-11.8415659416462));
#16056=CARTESIAN_POINT('',(58.1741075622048,29.591184744409,-11.699137070265));
#16057=CARTESIAN_POINT('',(56.7980063519987,30.1112778037602,-11.82068528648));
#16058=CARTESIAN_POINT('',(55.8315113644889,30.1740584456833,-11.7444778014957));
#16059=CARTESIAN_POINT('',(55.3445863400213,30.1740750021207,-11.7444044525943));
#16060=CARTESIAN_POINT('',(67.2308848078999,11.9075202242515,-20.4109392355561));
#16061=CARTESIAN_POINT('',(64.6258100701571,21.3590500244755,-11.8089234080606));
#16062=CARTESIAN_POINT('',(60.2678850014557,27.582812024873,-11.8089234080606));
#16063=CARTESIAN_POINT('',(60.2678850014557,27.582812024873,-11.8089234080606));
#16064=CARTESIAN_POINT('',(60.2644513845124,27.5877157380664,-11.8089234080606));
#16065=CARTESIAN_POINT('',(60.2610177677613,27.5926194514393,-11.8089234073795));
#16066=CARTESIAN_POINT('',(60.2575837633757,27.5975228931786,-11.8089246453208));
#16067=CARTESIAN_POINT('',(36.225,29.6768186515581,-15.9050892728849));
#16068=CARTESIAN_POINT('',(34.2944229702415,30.1846487980043,-11.7588867171851));
#16069=CARTESIAN_POINT('',(55.3571948915468,30.1961803859245,-11.5939773269285));
#16070=CARTESIAN_POINT('',(55.4125730723826,30.3025608815344,-10.0726653629881));
#16071=CARTESIAN_POINT('',(55.3571948915468,30.1961803859245,-11.5939773269285));
#16072=CARTESIAN_POINT('',(45.7869337218558,30.196180287592,-11.59397873315));
#16073=CARTESIAN_POINT('',(45.7869337218558,29.1986162373276,-11.5242222594056));
#16074=CARTESIAN_POINT('',(55.3445863400562,30.1961803668187,-11.5939776001462));
#16075=CARTESIAN_POINT('',(55.3445863400563,30.1926416967773,-11.6445837653789));
#16076=CARTESIAN_POINT('',(55.3445863400564,30.1852447867659,-11.6949196864154));
#16077=CARTESIAN_POINT('',(55.3445863400565,30.1740750021806,-11.7444044523291));
#16078=CARTESIAN_POINT('',(63.8606266849266,20.8232628500242,-11.4519549252215));
#16079=CARTESIAN_POINT('',(64.6777833188988,21.3954420850296,-11.5217113992126));
#16080=CARTESIAN_POINT('',(60.3198582501974,27.6192040854271,-11.5217113992123));
#16081=CARTESIAN_POINT('',(59.5027016162251,27.0470248504217,-11.4519549252215));
#16082=CARTESIAN_POINT('',(69.9406657098255,13.7871310596802,-12.2774594981382));
#16083=CARTESIAN_POINT('',(60.372605836059,27.7205312551449,-10.072665362565));
#16084=CARTESIAN_POINT('',(60.3198582501673,27.619204085406,-11.5217113997375));
#16085=CARTESIAN_POINT('',(-32.275,32.0093366990532,-15.9100301886559));
#16086=CARTESIAN_POINT('',(-32.275,30.3811951555159,-15.3155148074309));
#16087=CARTESIAN_POINT('',(-32.275,30.3811951555159,-11.7351449585919));
#16088=CARTESIAN_POINT('',(-32.275,29.8931882481478,-11.6262906598206));
#16089=CARTESIAN_POINT('',(-38.5641430377623,30.303501840958,-17.9835532111854));
#16090=CARTESIAN_POINT('',(-38.537,31.5943423318086,-12.2648270322156));
#16091=CARTESIAN_POINT('',(-4.46699999997655,17.1330000000234,-15.34327435));
#16092=CARTESIAN_POINT('',(1.33607674834465,20.4834079227947,-15.34327435));
#16093=CARTESIAN_POINT('',(-2.19389119254648,17.3495327318926,-15.34327435));
#16094=CARTESIAN_POINT('',(-2.19389119254647,17.5471959980282,-15.34327435));
#16095=CARTESIAN_POINT('',(-2.32122168526505,17.7356498553093,-15.34327435));
#16096=CARTESIAN_POINT('',(-2.50099467454161,17.8108333706275,-15.34327435));
#16097=CARTESIAN_POINT('',(-2.19389119254648,17.3495327318926,-15.34327435));
#16098=CARTESIAN_POINT('',(-2.19389119254648,16.7,-15.34327435));
#16099=CARTESIAN_POINT('',(-2.19389119254648,17.2,-15.34327435));
#16100=CARTESIAN_POINT('',(-2.69391023173935,17.2,-15.34327435));
#16101=CARTESIAN_POINT('',(-0.456089768260668,17.2,-15.34327435));
#16102=CARTESIAN_POINT('',(-0.95610880745354,17.2,-15.34327435));
#16103=CARTESIAN_POINT('',(-0.956108807453534,20.025,-15.34327435));
#16104=CARTESIAN_POINT('',(-0.95610880745354,17.3495327318926,-15.34327435));
#16105=CARTESIAN_POINT('',(-0.95610880745354,17.3495327318926,-15.34327435));
#16106=CARTESIAN_POINT('',(-0.95610880745354,17.5467118925524,-15.34327435));
#16107=CARTESIAN_POINT('',(-0.830916631661167,17.7347555820152,-15.34327435));
#16108=CARTESIAN_POINT('',(-0.649005325458641,17.8108333706278,-15.34327435));
#16109=CARTESIAN_POINT('',(-4.46699999997655,17.1330000000234,-15.34327435));
#16110=CARTESIAN_POINT('',(21.3708631837315,20.8314472822191,-15.34327435));
#16111=CARTESIAN_POINT('',(21.1994430826259,20.7324778407012,-15.34327435));
#16112=CARTESIAN_POINT('',(21.0998957080106,20.5275359734284,-15.34327435));
#16113=CARTESIAN_POINT('',(21.1250212212003,20.3340291030673,-15.34327435));
#16114=CARTESIAN_POINT('',(21.3708631837315,20.8314472822191,-15.34327435));
#16115=CARTESIAN_POINT('',(22.0190678938022,21.2056884460684,-15.34327435));
#16116=CARTESIAN_POINT('',(21.58605519191,20.9556884460684,-15.34327435));
#16117=CARTESIAN_POINT('',(21.8360647115064,20.5226592557515,-15.34327435));
#16118=CARTESIAN_POINT('',(20.7215179136625,22.4531109370304,-15.34327435));
#16119=CARTESIAN_POINT('',(20.7563354250804,21.8958405828642,-15.34327435));
#16120=CARTESIAN_POINT('',(20.5852345112442,21.7970554242022,-15.34327435));
#16121=CARTESIAN_POINT('',(20.3595943222106,21.8116502553133,-15.34327435));
#16122=CARTESIAN_POINT('',(20.2026376643652,21.9316442875718,-15.34327435));
#16123=CARTESIAN_POINT('',(18.1261088074535,17.3495327318926,-15.34327435));
#16124=CARTESIAN_POINT('',(18.1261088074535,17.5471959980282,-15.34327435));
#16125=CARTESIAN_POINT('',(17.9987783147349,17.7356498553093,-15.34327435));
#16126=CARTESIAN_POINT('',(17.8190053254584,17.8108333706275,-15.34327435));
#16127=CARTESIAN_POINT('',(18.1261088074535,17.3495327318926,-15.34327435));
#16128=CARTESIAN_POINT('',(18.1261088074535,20.025,-15.34327435));
#16129=CARTESIAN_POINT('',(18.1261088074535,17.2,-15.34327435));
#16130=CARTESIAN_POINT('',(17.6260897682607,17.2,-15.34327435));
#16131=CARTESIAN_POINT('',(19.8639102317393,17.2,-15.34327435));
#16132=CARTESIAN_POINT('',(19.3638911925465,17.2,-15.34327435));
#16133=CARTESIAN_POINT('',(19.3638911925465,19.6641560817565,-15.34327435));
#16134=CARTESIAN_POINT('',(19.3638911925465,17.3495327318926,-15.34327435));
#16135=CARTESIAN_POINT('',(19.3638911925465,17.3495327318926,-15.34327435));
#16136=CARTESIAN_POINT('',(19.3638911925465,17.5467840316778,-15.34327435));
#16137=CARTESIAN_POINT('',(19.4890168153592,17.7347277486513,-15.34327435));
#16138=CARTESIAN_POINT('',(19.6709946745416,17.8108333706275,-15.34327435));
#16139=CARTESIAN_POINT('',(-4.46699999997655,17.1330000000234,-15.34327435));
#16140=CARTESIAN_POINT('',(60.2575837633757,27.5975228931786,-11.8089246453206));
#16141=CARTESIAN_POINT('',(60.3010417469752,27.6279926834709,-11.6700366139225));
#16142=CARTESIAN_POINT('',(60.3095199341885,27.633967618451,-11.5217149694527));
#16143=CARTESIAN_POINT('',(60.0231037012567,27.9324251570253,-11.8088795714186));
#16144=CARTESIAN_POINT('',(60.0659022711553,27.963725271728,-11.670101120039));
#16145=CARTESIAN_POINT('',(60.0738187670029,27.9705143026002,-11.5219054066715));
#16146=CARTESIAN_POINT('',(59.3975221198597,28.7520969108087,-11.8427234641178));
#16147=CARTESIAN_POINT('',(59.4262361031458,28.7860967671889,-11.717831582118));
#16148=CARTESIAN_POINT('',(59.430528053967,28.7962052231054,-11.5857985733457));
#16149=CARTESIAN_POINT('',(58.1742163530358,29.5875816573401,-11.6989191402757));
#16150=CARTESIAN_POINT('',(58.1893988009512,29.6159933680947,-11.5947423593379));
#16151=CARTESIAN_POINT('',(58.192842755132,29.6244218176913,-11.4862143687171));
#16152=CARTESIAN_POINT('',(56.807742485932,30.1174801752401,-11.8207684407865));
#16153=CARTESIAN_POINT('',(56.8069689088945,30.1428882627659,-11.7298591696154));
#16154=CARTESIAN_POINT('',(56.8009488143367,30.1515504676054,-11.6361350340504));
#16155=CARTESIAN_POINT('',(55.7550766216819,30.1740609755636,-11.7444665935323));
#16156=CARTESIAN_POINT('',(55.7548334590214,30.1908597210186,-11.670066379816));
#16157=CARTESIAN_POINT('',(55.7545854568116,30.1961802653018,-11.5939790519151));
#16158=CARTESIAN_POINT('',(55.3445863400213,30.1740750021207,-11.7444044525942));
#16159=CARTESIAN_POINT('',(55.344586340021,30.1908619670686,-11.6700342599999));
#16160=CARTESIAN_POINT('',(55.3445863400208,30.1961802876107,-11.5939787328812));
#16161=CARTESIAN_POINT('',(59.4924003781453,27.0617357187272,-11.4519561624817));
#16162=CARTESIAN_POINT('',(60.3095199341886,27.6339676184508,-11.5217149694529));
#16163=CARTESIAN_POINT('',(60.3095199341886,27.6339676184508,-11.5217149694527));
#16164=CARTESIAN_POINT('',(60.0296576929175,28.0335698339949,-11.5219411115972));
#16165=CARTESIAN_POINT('',(59.4226930007426,28.7918341375778,-11.5860084567714));
#16166=CARTESIAN_POINT('',(58.2010681943016,29.6229881638993,-11.4865524024364));
#16167=CARTESIAN_POINT('',(56.8201406588788,30.1387690394325,-11.6341490155587));
#16168=CARTESIAN_POINT('',(55.8463523052634,30.1961901297503,-11.5938379837179));
#16169=CARTESIAN_POINT('',(55.3571948915467,30.1961803859433,-11.5939773266591));
#16170=CARTESIAN_POINT('',(60.2678850014557,27.582812024873,-11.8089234080606));
#16171=CARTESIAN_POINT('',(60.3113622142471,27.6132550970098,-11.67003426));
#16172=CARTESIAN_POINT('',(60.3198582501974,27.6192040854271,-11.5217113992125));
#16173=CARTESIAN_POINT('',(60.2644513666848,27.587715765228,-11.8089234055072));
#16174=CARTESIAN_POINT('',(60.3079285795725,27.6181588372311,-11.6700342574413));
#16175=CARTESIAN_POINT('',(60.316424614955,27.6241078250737,-11.5217113965924));
#16176=CARTESIAN_POINT('',(60.2610177018332,27.5926195438672,-11.8089234099715));
#16177=CARTESIAN_POINT('',(60.3044885187771,27.6230715028155,-11.6700346332529));
#16178=CARTESIAN_POINT('',(60.3129786190103,27.6290291237071,-11.5217121773027));
#16179=CARTESIAN_POINT('',(60.2575837633757,27.5975228931786,-11.8089246453207));
#16180=CARTESIAN_POINT('',(60.3010417469751,27.6279926834708,-11.6700366139225));
#16181=CARTESIAN_POINT('',(60.3095199341885,27.6339676184509,-11.5217149694527));
#16182=CARTESIAN_POINT('',(60.3198582501974,27.6192040854271,-11.5217113992123));
#16183=CARTESIAN_POINT('',(60.3164123189635,27.6241253852501,-11.5217113992123));
#16184=CARTESIAN_POINT('',(60.3129663423172,27.6290466533446,-11.5217121845894));
#16185=CARTESIAN_POINT('',(60.3095199341886,27.6339676184508,-11.5217149694529));
#16186=CARTESIAN_POINT('',(55.4152714809812,30.3077444762235,-9.99853650532808));
#16187=CARTESIAN_POINT('',(55.3568485102976,30.1955149937358,-11.6034928785484));
#16188=CARTESIAN_POINT('',(56.4404544752739,30.3051476247777,-10.0356732111735));
#16189=CARTESIAN_POINT('',(56.3820315045903,30.19291814229,-11.6406295843938));
#16190=CARTESIAN_POINT('',(57.4656374695666,30.3025507733318,-10.0728099170189));
#16191=CARTESIAN_POINT('',(57.407214498883,30.1903212908441,-11.6777662902392));
#16192=CARTESIAN_POINT('',(59.195008195353,29.4022973552987,-10.0728099170189));
#16193=CARTESIAN_POINT('',(59.1365852246694,29.290067872811,-11.6777662902392));
#16194=CARTESIAN_POINT('',(59.7851562199975,28.5640061025516,-10.0356732111735));
#16195=CARTESIAN_POINT('',(59.726733249314,28.4517766200639,-11.6406295843938));
#16196=CARTESIAN_POINT('',(60.3753042446422,27.7257148498044,-9.99853650532808));
#16197=CARTESIAN_POINT('',(60.3168812739586,27.6134853673167,-11.6034928785484));
#16198=CARTESIAN_POINT('',(26.675,31.9168461015543,-11.48527435));
#16199=CARTESIAN_POINT('',(26.675,31.6936517458288,-11.6825197192568));
#16200=CARTESIAN_POINT('',(26.675,31.7187726292065,-11.32327435));
#16201=CARTESIAN_POINT('',(26.675,30.1181227370793,-11.32327435));
#16202=CARTESIAN_POINT('',(26.675,30.82,-11.32327435));
#16203=CARTESIAN_POINT('',(26.675,30.82,-11.48527435));
#16204=CARTESIAN_POINT('',(-28.337,30.82,-11.48527435));
#16205=CARTESIAN_POINT('',(-28.337,30.82,-11.32327435));
#16206=CARTESIAN_POINT('',(-23.325,30.82,-11.32327435));
#16207=CARTESIAN_POINT('',(-23.325,30.82,-11.48527435));
#16208=CARTESIAN_POINT('',(-23.325,30.7093776271314,-11.48527435));
#16209=CARTESIAN_POINT('',(-23.325,30.1181227370793,-11.32327435));
#16210=CARTESIAN_POINT('',(-23.325,31.7187726292065,-11.32327435));
#16211=CARTESIAN_POINT('',(-23.325,31.6936517458288,-11.6825197192568));
#16212=CARTESIAN_POINT('',(-31.192,30.632332534663,-9.65738711853291));
#16213=CARTESIAN_POINT('',(27.375,31.1182936455137,-2.70781945851576));
#16214=CARTESIAN_POINT('',(28.1702368097136,30.5119946957566,-11.3782983907875));
#16215=CARTESIAN_POINT('',(-37.1082648768682,30.5119946957566,-11.3782983907875));
#16216=CARTESIAN_POINT('',(34.3285168127674,30.5119946957566,-11.3782983907875));
#16217=CARTESIAN_POINT('',(40.225,25.0693405132114,-89.2118794060646));
#16218=CARTESIAN_POINT('',(-38.537,26.6616479225457,-11.1514109543687));
#16219=CARTESIAN_POINT('',(-38.537,31.7061242150569,-11.5041550994286));
#16220=CARTESIAN_POINT('',(-38.537,31.6936517458288,-11.6825197192568));
#16221=CARTESIAN_POINT('',(-28.337,31.7187726292064,-11.32327435));
#16222=CARTESIAN_POINT('',(-28.337,30.1181227370793,-11.32327435));
#16223=CARTESIAN_POINT('',(-9.30341421928691,25.1652748056994,-18.20527435));
#16224=CARTESIAN_POINT('',(-8.31234707173239,23.4486961524226,-16.54327435));
#16225=CARTESIAN_POINT('',(-7.56254449853565,22.1499999999999,-16.54327435));
#16226=CARTESIAN_POINT('',(-8.68865519842869,24.1004809471616,-16.54327435));
#16227=CARTESIAN_POINT('',(-7.56254449853565,22.1499999999999,-18.20527435));
#16228=CARTESIAN_POINT('',(-8.68865519842869,24.1004809471616,-16.38127435));
#16229=CARTESIAN_POINT('',(-10.1317932670958,23.2672847947389,-16.38127435));
#16230=CARTESIAN_POINT('',(-9.98769330410536,23.3504809471616,-18.20527435));
#16231=CARTESIAN_POINT('',(-9.98769330410535,23.3504809471616,-16.54327435));
#16232=CARTESIAN_POINT('',(-22.2864598092103,16.249784794739,-16.54327435));
#16233=CARTESIAN_POINT('',(-21.910151682514,15.598,-16.54327435));
#16234=CARTESIAN_POINT('',(-10.7288466234256,16.1658038475773,-16.54327435));
#16235=CARTESIAN_POINT('',(-7.56254449853565,21.6499999999999,-16.54327435));
#16236=CARTESIAN_POINT('',(-7.99555720042787,21.8999999999999,-16.54327435));
#16237=CARTESIAN_POINT('',(-11.6670685783561,26.2592442471389,-16.54327435));
#16238=CARTESIAN_POINT('',(-9.15025773880714,21.9,-16.54327435));
#16239=CARTESIAN_POINT('',(-8.89957447332481,22.3341961524227,-16.54327435));
#16240=CARTESIAN_POINT('',(-11.5751288694036,17.7,-16.54327435));
#16241=CARTESIAN_POINT('',(-16.9218453567158,17.7,-16.54327435));
#16242=CARTESIAN_POINT('',(-16.4248711305965,17.7,-16.54327435));
#16243=CARTESIAN_POINT('',(-16.1741878651142,17.2658038475773,-16.54327435));
#16244=CARTESIAN_POINT('',(-18.8497422611929,21.9,-16.54327435));
#16245=CARTESIAN_POINT('',(-19.1004255266752,21.4658038475773,-16.54327435));
#16246=CARTESIAN_POINT('',(-16.4248711305964,26.1,-16.54327435));
#16247=CARTESIAN_POINT('',(-16.9218453567157,26.1,-16.54327435));
#16248=CARTESIAN_POINT('',(-11.5751288694035,26.1,-16.54327435));
#16249=CARTESIAN_POINT('',(-11.6670685783561,26.2592442471389,-16.54327435));
#16250=CARTESIAN_POINT('',(-10.7376933041053,24.6495190528383,-16.54327435));
#16251=CARTESIAN_POINT('',(-9.29455523543834,25.4827152052611,-16.54327435));
#16252=CARTESIAN_POINT('',(-9.43865519842868,25.3995190528383,-16.54327435));
#16253=CARTESIAN_POINT('',(-9.30341421928691,25.1652748056994,-16.54327435));
#16254=CARTESIAN_POINT('',(-10.5647658983217,27.35,-16.54327435));
#16255=CARTESIAN_POINT('',(-10.9977786002139,27.1,-16.54327435));
#16256=CARTESIAN_POINT('',(-10.9977786002139,27.6,-16.54327435));
#16257=CARTESIAN_POINT('',(-17.961075841257,27.6,-16.54327435));
#16258=CARTESIAN_POINT('',(-17.0022213997861,27.6,-16.54327435));
#16259=CARTESIAN_POINT('',(-17.0022213997861,27.1,-16.54327435));
#16260=CARTESIAN_POINT('',(-17.4352341016783,27.35,-16.54327435));
#16261=CARTESIAN_POINT('',(-17.0991846469303,27.9320547294793,-16.54327435));
#16262=CARTESIAN_POINT('',(-18.606484772898,25.3213343290484,-16.54327435));
#16263=CARTESIAN_POINT('',(-19.0394974747902,25.5713343290484,-16.54327435));
#16264=CARTESIAN_POINT('',(-20.8558922468928,21.3747537028361,-16.54327435));
#16265=CARTESIAN_POINT('',(-20.4228795450006,21.6247537028361,-16.54327435));
#16266=CARTESIAN_POINT('',(-20.890211361163,22.4341961524228,-16.54327435));
#16267=CARTESIAN_POINT('',(-10.7288466234256,16.1658038475773,-18.20527435));
#16268=CARTESIAN_POINT('',(-7.56254449853565,21.6499999999999,-18.20527435));
#16269=CARTESIAN_POINT('',(-11.6670685783561,26.2592442471389,-18.20527435));
#16270=CARTESIAN_POINT('',(-9.15025773880717,21.9,-18.20527435));
#16271=CARTESIAN_POINT('',(-8.89957447332481,22.3341961524227,-18.20527435));
#16272=CARTESIAN_POINT('',(-11.5751288694036,17.7,-18.20527435));
#16273=CARTESIAN_POINT('',(-16.9218453567158,17.7,-18.20527435));
#16274=CARTESIAN_POINT('',(-16.4248711305965,17.7,-18.20527435));
#16275=CARTESIAN_POINT('',(-16.1741878651142,17.2658038475773,-18.20527435));
#16276=CARTESIAN_POINT('',(-18.8497422611929,21.8999999999999,-18.20527435));
#16277=CARTESIAN_POINT('',(-19.1004255266752,21.4658038475773,-18.20527435));
#16278=CARTESIAN_POINT('',(-16.4248711305964,26.1,-16.38127435));
#16279=CARTESIAN_POINT('',(-16.9218453567157,26.1,-16.38127435));
#16280=CARTESIAN_POINT('',(-11.5751288694036,26.1,-18.20527435));
#16281=CARTESIAN_POINT('',(-11.6670685783561,26.2592442471389,-18.20527435));
#16282=CARTESIAN_POINT('',(-10.7376933041054,24.6495190528384,-16.38127435));
#16283=CARTESIAN_POINT('',(-9.29455523543834,25.4827152052611,-16.38127435));
#16284=CARTESIAN_POINT('',(-9.43865519842872,25.3995190528384,-18.20527435));
#16285=CARTESIAN_POINT('',(-9.30341421928691,25.1652748056994,-18.20527435));
#16286=CARTESIAN_POINT('',(-10.5647658983217,27.35,-18.20527435));
#16287=CARTESIAN_POINT('',(-17.961075841257,27.6,-18.20527435));
#16288=CARTESIAN_POINT('',(-10.9977786002139,27.6,-18.20527435));
#16289=CARTESIAN_POINT('',(-17.0022213997861,27.6,-18.20527435));
#16290=CARTESIAN_POINT('',(-20.890211361163,22.4341961524228,-18.20527435));
#16291=CARTESIAN_POINT('',(-20.4228795450006,21.6247537028361,-17.1390607876269));
#16292=CARTESIAN_POINT('',(-17.0991846469303,27.9320547294793,-18.20527435));
#16293=CARTESIAN_POINT('',(-18.606484772898,25.3213343290484,-16.54327435));
#16294=CARTESIAN_POINT('',(-17.4352341016783,27.35,-18.20527435));
#16295=CARTESIAN_POINT('',(-24.062,21.3680000000001,-15.74327435));
#16296=CARTESIAN_POINT('',(-21.3500000000001,24.08,-15.74327435));
#16297=CARTESIAN_POINT('',(-19.9500000000002,24.08,-15.74327435));
#16298=CARTESIAN_POINT('',(-21.3500000000001,24.08,-16.72327435));
#16299=CARTESIAN_POINT('',(-21.3500000000001,24.08,-17.70327435));
#16300=CARTESIAN_POINT('',(-22.75,24.08,-17.70327435));
#16301=CARTESIAN_POINT('',(-21.3500000000001,24.08,-16.3032743500001));
#16302=CARTESIAN_POINT('',(-21.3500000000001,24.08,-18.9432743500001));
#16303=CARTESIAN_POINT('',(-23.9900000000001,24.08,-18.9432743500001));
#16304=CARTESIAN_POINT('',(13.8170340479035,21.6657557528611,-18.20527435));
#16305=CARTESIAN_POINT('',(13.5374555014643,22.15,-18.20527435));
#16306=CARTESIAN_POINT('',(12.4113448015713,24.1004809471617,-16.38127435));
#16307=CARTESIAN_POINT('',(10.9682067329042,23.267284794739,-16.38127435));
#16308=CARTESIAN_POINT('',(11.1123066958947,23.3504809471618,-18.20527435));
#16309=CARTESIAN_POINT('',(10.3711533765743,16.1658038475773,-18.20527435));
#16310=CARTESIAN_POINT('',(13.5374555014643,21.65,-18.20527435));
#16311=CARTESIAN_POINT('',(11.0203669869422,23.5097251943006,-18.20527435));
#16312=CARTESIAN_POINT('',(11.9497422611929,21.9000000000001,-18.20527435));
#16313=CARTESIAN_POINT('',(12.2004255266752,22.3341961524227,-18.20527435));
#16314=CARTESIAN_POINT('',(9.52487113059641,17.7,-18.20527435));
#16315=CARTESIAN_POINT('',(-16.9218453567158,17.7,-18.20527435));
#16316=CARTESIAN_POINT('',(1.9995744733248,21.4658038475773,-18.20527435));
#16317=CARTESIAN_POINT('',(4.67512886940358,26.1,-16.38127435));
#16318=CARTESIAN_POINT('',(-16.9218453567157,26.1,-16.38127435));
#16319=CARTESIAN_POINT('',(9.52487113059655,26.1,-18.20527435));
#16320=CARTESIAN_POINT('',(11.0203669869422,23.5097251943006,-18.20527435));
#16321=CARTESIAN_POINT('',(10.3623066958948,24.6495190528384,-16.38127435));
#16322=CARTESIAN_POINT('',(11.8054447645617,25.482715205261,-16.38127435));
#16323=CARTESIAN_POINT('',(11.6613448015713,25.3995190528383,-18.20527435));
#16324=CARTESIAN_POINT('',(13.8170340479035,21.6657557528611,-18.20527435));
#16325=CARTESIAN_POINT('',(10.5352341016783,27.35,-18.20527435));
#16326=CARTESIAN_POINT('',(-17.961075841257,27.6,-18.20527435));
#16327=CARTESIAN_POINT('',(10.1022213997861,27.6,-18.20527435));
#16328=CARTESIAN_POINT('',(4.09777860021395,27.6,-18.20527435));
#16329=CARTESIAN_POINT('',(0.209788638836961,22.4341961524227,-18.20527435));
#16330=CARTESIAN_POINT('',(-0.280391515069356,23.2832130838504,-17.2249140421874));
#16331=CARTESIAN_POINT('',(2.5204283310243,18.4320508075689,-11.62327435));
#16332=CARTESIAN_POINT('',(2.5204283310243,18.4320508075689,-14.1232743499568));
#16333=CARTESIAN_POINT('',(2.5204283310243,18.4320508075689,-13.7232743499568));
#16334=CARTESIAN_POINT('',(2.3204283310243,18.7784609690827,-13.7232743499568));
#16335=CARTESIAN_POINT('',(2.3204283310243,18.7784609690827,-14.1232743499568));
#16336=CARTESIAN_POINT('',(2.1204283310243,19.1248711305964,-14.1232743499568));
#16337=CARTESIAN_POINT('',(1.87042833102431,19.5578838324886,-14.1232743499568));
#16338=CARTESIAN_POINT('',(1.87042833102431,19.5578838324886,-11.1232743499568));
#16339=CARTESIAN_POINT('',(-0.930391515069348,24.4090461087701,-15.9249140421874));
#16340=CARTESIAN_POINT('',(1.22042833102431,20.6837168574084,-11.62327435));
#16341=CARTESIAN_POINT('',(1.22042833102431,20.6837168574084,-14.1232743499568));
#16342=CARTESIAN_POINT('',(1.22042833102431,20.6837168574084,-13.7232743499568));
#16343=CARTESIAN_POINT('',(1.02042833102431,21.0301270189222,-13.7232743499568));
#16344=CARTESIAN_POINT('',(1.02042833102431,21.0301270189222,-14.1232743499568));
#16345=CARTESIAN_POINT('',(0.820428331024311,21.376537180436,-14.1232743499568));
#16346=CARTESIAN_POINT('',(0.570428331024315,21.8095498823282,-14.1232743499568));
#16347=CARTESIAN_POINT('',(0.570428331024315,21.8095498823282,-11.1232743499568));
#16348=CARTESIAN_POINT('',(-1.58039151506935,25.5348791336899,-14.6249140421874));
#16349=CARTESIAN_POINT('',(-0.0795716689756802,22.935382907248,-11.62327435));
#16350=CARTESIAN_POINT('',(-0.0795716689756798,22.935382907248,-14.1232743499568));
#16351=CARTESIAN_POINT('',(-0.0795716689756799,22.935382907248,-13.7232743499568));
#16352=CARTESIAN_POINT('',(-0.279571668975678,23.2817930687617,-13.7232743499568));
#16353=CARTESIAN_POINT('',(-0.279571668975679,23.2817930687617,-14.1232743499568));
#16354=CARTESIAN_POINT('',(-0.479571668975679,23.6282032302755,-14.1232743499568));
#16355=CARTESIAN_POINT('',(-0.729571668975675,24.0612159321677,-14.1232743499568));
#16356=CARTESIAN_POINT('',(-0.729571668975675,24.0612159321677,-11.1232743499568));
#16357=CARTESIAN_POINT('',(-2.23039151506934,26.6607121586097,-13.3249140421874));
#16358=CARTESIAN_POINT('',(-1.37957166897567,25.1870489570875,-11.62327435));
#16359=CARTESIAN_POINT('',(-1.37957166897567,25.1870489570875,-14.1232743499568));
#16360=CARTESIAN_POINT('',(-1.37957166897567,25.1870489570875,-13.7232743499568));
#16361=CARTESIAN_POINT('',(-1.57957166897567,25.5334591186013,-13.7232743499568));
#16362=CARTESIAN_POINT('',(-1.57957166897567,25.5334591186013,-14.1232743499568));
#16363=CARTESIAN_POINT('',(-1.77957166897567,25.8798692801151,-14.1232743499568));
#16364=CARTESIAN_POINT('',(-2.02957166897566,26.3128819820073,-14.1232743499568));
#16365=CARTESIAN_POINT('',(-2.02957166897566,26.3128819820073,-11.1232743499568));
#16366=CARTESIAN_POINT('',(-2.88039151506934,27.7865451835295,-12.0249140421874));
#16367=CARTESIAN_POINT('',(-2.67957166897566,27.4387150069271,-11.62327435));
#16368=CARTESIAN_POINT('',(-2.67957166897566,27.4387150069271,-14.1232743499568));
#16369=CARTESIAN_POINT('',(-2.67957166897566,27.4387150069271,-13.7232743499568));
#16370=CARTESIAN_POINT('',(-2.87957166897566,27.7851251684408,-13.7232743499568));
#16371=CARTESIAN_POINT('',(-2.87957166897566,27.7851251684408,-14.1232743499568));
#16372=CARTESIAN_POINT('',(-3.07957166897566,28.1315353299546,-14.1232743499568));
#16373=CARTESIAN_POINT('',(-3.32957166897565,28.5645480318468,-14.1232743499568));
#16374=CARTESIAN_POINT('',(-3.32957166897565,28.5645480318468,-11.1232743499568));
#16375=CARTESIAN_POINT('',(-3.32957166897566,28.5645480318468,-11.123274349992));
#16376=CARTESIAN_POINT('',(-4.22733031539754,30.1195116203838,-11.1232743499841));
#16377=CARTESIAN_POINT('',(34.9170340479035,21.6657557528611,-18.20527435));
#16378=CARTESIAN_POINT('',(33.5113448015714,24.1004809471616,-16.38127435));
#16379=CARTESIAN_POINT('',(32.0682067329042,23.2672847947388,-16.38127435));
#16380=CARTESIAN_POINT('',(32.2123066958948,23.3504809471616,-18.20527435));
#16381=CARTESIAN_POINT('',(31.4711533765743,16.1658038475774,-18.20527435));
#16382=CARTESIAN_POINT('',(32.1203669869422,23.5097251943006,-18.20527435));
#16383=CARTESIAN_POINT('',(33.0497422611929,21.9000000000001,-18.20527435));
#16384=CARTESIAN_POINT('',(33.3004255266752,22.3341961524227,-18.20527435));
#16385=CARTESIAN_POINT('',(30.6248711305964,17.7,-18.20527435));
#16386=CARTESIAN_POINT('',(-16.9218453567158,17.7,-18.20527435));
#16387=CARTESIAN_POINT('',(23.0995744733248,21.4658038475773,-18.20527435));
#16388=CARTESIAN_POINT('',(25.7751288694036,26.1,-16.38127435));
#16389=CARTESIAN_POINT('',(-16.9218453567157,26.1,-16.38127435));
#16390=CARTESIAN_POINT('',(30.6248711305966,26.1,-18.20527435));
#16391=CARTESIAN_POINT('',(32.1203669869422,23.5097251943006,-18.20527435));
#16392=CARTESIAN_POINT('',(31.4623066958947,24.6495190528385,-16.38127435));
#16393=CARTESIAN_POINT('',(32.9054447645616,25.4827152052611,-16.38127435));
#16394=CARTESIAN_POINT('',(32.7613448015713,25.3995190528384,-18.20527435));
#16395=CARTESIAN_POINT('',(34.9170340479035,21.6657557528611,-18.20527435));
#16396=CARTESIAN_POINT('',(31.6352341016783,27.35,-18.20527435));
#16397=CARTESIAN_POINT('',(-17.961075841257,27.6,-18.20527435));
#16398=CARTESIAN_POINT('',(31.2022213997861,27.6,-18.20527435));
#16399=CARTESIAN_POINT('',(25.197778600214,27.6,-18.20527435));
#16400=CARTESIAN_POINT('',(-21.3500000000001,24.08,-19.09327435));
#16401=CARTESIAN_POINT('',(58.05,19.13,-15.22327435));
#16402=CARTESIAN_POINT('',(58.05,19.13,-15.74327435));
#16403=CARTESIAN_POINT('',(56.6500000000001,19.13,-15.74327435));
#16404=CARTESIAN_POINT('',(58.05,19.13,-16.20327435));
#16405=CARTESIAN_POINT('',(56.6500000000001,19.13,-16.20327435));
#16406=CARTESIAN_POINT('',(58.05,19.13,-17.59327435));
#16407=CARTESIAN_POINT('',(58.05,19.13,-17.4432743500001));
#16408=CARTESIAN_POINT('',(55.41,19.13,-17.4432743500001));
#16409=CARTESIAN_POINT('',(58.05,19.13,-14.8032743500001));
#16410=CARTESIAN_POINT('',(45.44638927148,28.1841961524226,-16.20527435));
#16411=CARTESIAN_POINT('',(44.6190993144938,26.751287914331,-15.8161056747251));
#16412=CARTESIAN_POINT('',(43.8386551984287,25.3995190528384,-11.44327435));
#16413=CARTESIAN_POINT('',(41.509788638837,22.4341961524228,-16.20527435));
#16414=CARTESIAN_POINT('',(41.9625444985358,21.65,-16.20527435));
#16415=CARTESIAN_POINT('',(51.6711533765743,16.1658038475773,-16.20527435));
#16416=CARTESIAN_POINT('',(54.0827172275047,20.3427549630851,-15.74327435));
#16417=CARTESIAN_POINT('',(54.8374555014643,21.6499999999999,-15.74327435));
#16418=CARTESIAN_POINT('',(54.8374555014643,21.6499999999999,-16.20527435));
#16419=CARTESIAN_POINT('',(53.5004255266752,22.3341961524227,-16.20527435));
#16420=CARTESIAN_POINT('',(50.8248711305964,17.7,-18.20527435));
#16421=CARTESIAN_POINT('',(53.2497422611929,21.9000000000001,-16.20527435));
#16422=CARTESIAN_POINT('',(-16.9218453567158,17.7,-18.20527435));
#16423=CARTESIAN_POINT('',(45.9751288694035,17.7,-16.20527435));
#16424=CARTESIAN_POINT('',(46.2258121348859,17.2658038475772,-16.20527435));
#16425=CARTESIAN_POINT('',(43.5502577388071,21.8999999999999,-16.20527435));
#16426=CARTESIAN_POINT('',(43.2995744733248,21.4658038475773,-16.20527435));
#16427=CARTESIAN_POINT('',(44.3876933041053,23.3504809471615,-11.44327435));
#16428=CARTESIAN_POINT('',(-16.9218453567157,26.1,-16.38127435));
#16429=CARTESIAN_POINT('',(50.8248711305965,26.1,-16.20527435));
#16430=CARTESIAN_POINT('',(52.3203669869423,23.5097251943004,-16.20527435));
#16431=CARTESIAN_POINT('',(55.1170340479034,21.6657557528611,-16.20527435));
#16432=CARTESIAN_POINT('',(54.8374555014643,22.1499999999999,-16.20527435));
#16433=CARTESIAN_POINT('',(54.8374555014643,22.1499999999999,-15.74327435));
#16434=CARTESIAN_POINT('',(58.6899723756378,15.4772450369149,-15.74327435));
#16435=CARTESIAN_POINT('',(52.1708055693666,26.7687731683932,-15.74327435));
#16436=CARTESIAN_POINT('',(51.9729863812339,27.1114060529512,-14.3161056747251));
#16437=CARTESIAN_POINT('',(-1.575,20.025,-17.69327435));
#16438=CARTESIAN_POINT('',(18.745,20.025,-17.69327435));
#16439=CARTESIAN_POINT('',(36.525,20.0250000000001,-17.69327435));
#16440=CARTESIAN_POINT('',(40.225,30.3811951555159,-18.04327435));
#16441=CARTESIAN_POINT('',(35.2756128667346,27.7343625921498,-16.04327435));
#16442=CARTESIAN_POINT('',(35.1355777078552,28.1397253344829,-14.4932575218299));
#16443=CARTESIAN_POINT('',(35.0480347469743,28.5472663547622,-12.9399523283498));
#16444=CARTESIAN_POINT('',(35.0066373628414,28.9566704740943,-11.3852612554413));
#16445=CARTESIAN_POINT('',(35.0066373628414,28.9566704740943,-11.3852612554413));
#16446=CARTESIAN_POINT('',(35.0090437678883,28.9868438475796,-11.1518158915854));
#16447=CARTESIAN_POINT('',(35.0054446972669,28.9869347772288,-11.2309139279756));
#16448=CARTESIAN_POINT('',(35.0045993213893,28.9768259158781,-11.3087220025804));
#16449=CARTESIAN_POINT('',(35.0066373628414,28.9566704740943,-11.3852612554413));
#16450=CARTESIAN_POINT('',(35.0090437678883,28.9868438475796,-11.1518158915854));
#16451=CARTESIAN_POINT('',(35.0090437678883,28.9868438475796,-11.1518158915854));
#16452=CARTESIAN_POINT('',(35.0291939535135,28.9863347580111,-10.7089682001895));
#16453=CARTESIAN_POINT('',(35.0493550547454,28.9858196428563,-10.2661210125466));
#16454=CARTESIAN_POINT('',(35.0695275257062,28.9852982829644,-9.82327434999999));
#16455=CARTESIAN_POINT('',(34.8891941384428,30.1432869384056,-9.82327435));
#16456=CARTESIAN_POINT('',(34.8682004233712,30.1103346111534,-10.3372501799919));
#16457=CARTESIAN_POINT('',(34.8474953967505,30.0773472344617,-10.8512355012151));
#16458=CARTESIAN_POINT('',(34.8270710205262,30.0443259987576,-11.3652298475981));
#16459=CARTESIAN_POINT('',(34.8270710205262,30.0443259987576,-11.3652298475981));
#16460=CARTESIAN_POINT('',(34.8270710205262,30.0443259987576,-11.3652298475981));
#16461=CARTESIAN_POINT('',(34.8192065450351,30.031611059705,-11.5631451178271));
#16462=CARTESIAN_POINT('',(34.8122623956629,30.0052345656166,-11.7592503257813));
#16463=CARTESIAN_POINT('',(34.8068437144376,29.9650160479481,-11.9535419485715));
#16464=CARTESIAN_POINT('',(34.8068437144376,29.9650160479481,-11.9535419485715));
#16465=CARTESIAN_POINT('',(34.8068437144376,29.9650160479481,-11.9535419485715));
#16466=CARTESIAN_POINT('',(34.751835531022,29.5567344929651,-13.9259091682354));
#16467=CARTESIAN_POINT('',(34.7413512896727,29.1467258193795,-15.8988636483195));
#16468=CARTESIAN_POINT('',(34.7756054882856,28.735458493776,-17.8710805891551));
#16469=CARTESIAN_POINT('',(-20.3058013582719,19.,-14.58327435));
#16470=CARTESIAN_POINT('',(-20.3058013582719,19.,-14.93327435));
#16471=CARTESIAN_POINT('',(-23.5824095354279,16.7056942545958,-14.93327435));
#16472=CARTESIAN_POINT('',(-28.275,30.3811951555159,-15.3155148074309));
#16473=CARTESIAN_POINT('',(-32.2749999903725,30.3809176305718,-11.7363817562828));
#16474=CARTESIAN_POINT('',(-32.2749999968271,30.3810106614555,-11.7359696076451));
#16475=CARTESIAN_POINT('',(-32.2750000000003,30.3811031697702,-11.7355573417481));
#16476=CARTESIAN_POINT('',(-32.2750000000003,30.3811951555159,-11.7351449585919));
#16477=CARTESIAN_POINT('',(-31.551608177156,28.0868894101117,-15.3155148074309));
#16478=CARTESIAN_POINT('',(-28.275,30.3811951555159,-14.6574782780486));
#16479=CARTESIAN_POINT('',(-28.275,30.3811951555159,-9.91847491821276));
#16480=CARTESIAN_POINT('',(-31.192,30.632332534663,-9.65738711853291));
#16481=CARTESIAN_POINT('',(-31.192,30.5119946956251,-11.3782983926685));
#16482=CARTESIAN_POINT('',(-30.575,30.5119946956251,-11.3782983926685));
#16483=CARTESIAN_POINT('',(-24.8202368096133,30.5119946956251,-11.3782983926685));
#16484=CARTESIAN_POINT('',(-24.025,31.1182936455137,-2.70781945851576));
#16485=CARTESIAN_POINT('',(-30.575,30.632332534663,-9.65738711853291));
#16486=CARTESIAN_POINT('',(-31.192,26.1117588383326,-11.0706039273686));
#16487=CARTESIAN_POINT('',(-24.7461756068152,30.4144887064315,-12.0418233495118));
#16488=CARTESIAN_POINT('',(-24.7878664046532,30.4634387118891,-11.824963342675));
#16489=CARTESIAN_POINT('',(-24.8095914254167,30.4962468741806,-11.6035027314166));
#16490=CARTESIAN_POINT('',(-24.820236809614,30.5119946956251,-11.3782983926687));
#16491=CARTESIAN_POINT('',(-30.575,26.1117588383326,-11.0706039273686));
#16492=CARTESIAN_POINT('',(-30.575,30.4758703683493,-11.7119166727227));
#16493=CARTESIAN_POINT('',(-30.575,26.1117588383326,-11.0706039273686));
#16494=CARTESIAN_POINT('',(-37.1082648768682,26.1117588137921,-11.0706039237623));
#16495=CARTESIAN_POINT('',(28.1702368097136,30.5119946957566,-11.3782983907875));
#16496=CARTESIAN_POINT('',(28.1595914254524,30.4962468742235,-11.6035027308025));
#16497=CARTESIAN_POINT('',(28.1378664045667,30.4634387117467,-11.8249633433057));
#16498=CARTESIAN_POINT('',(28.0961756064186,30.4144887060163,-12.0418233513512));
#16499=CARTESIAN_POINT('',(34.3087867294419,30.4144887060163,-12.0418233513511));
#16500=CARTESIAN_POINT('',(34.3139168222707,30.4638627570416,-11.8230847231769));
#16501=CARTESIAN_POINT('',(34.3207085925899,30.4963578905672,-11.6019151231221));
#16502=CARTESIAN_POINT('',(34.3285168127673,30.5119946957566,-11.3782983907875));
#16503=CARTESIAN_POINT('',(31.2500587948709,13.4760488379616,-11.12327435));
#16504=CARTESIAN_POINT('',(-2.030533563299,29.3145480318468,-11.12327435));
#16505=CARTESIAN_POINT('',(-1.62925410404424,29.6195116203838,-11.12327435));
#16506=CARTESIAN_POINT('',(-32.3581140761936,29.238699202248,-19.5707224602103));
#16507=CARTESIAN_POINT('',(58.05,19.13,-13.43327435));
#16508=CARTESIAN_POINT('',(58.05,19.13,-15.74327435));
#16509=CARTESIAN_POINT('',(56.4090470663019,16.6185714285714,-15.74327435));
#16510=CARTESIAN_POINT('',(59.6909529336981,16.6185714285714,-15.74327435));
#16511=CARTESIAN_POINT('',(56.4090470663019,16.6185714285714,-13.43327435));
#16512=CARTESIAN_POINT('',(59.6909529336981,16.6185714285714,-13.43327435));
#16513=CARTESIAN_POINT('',(60.6,16.58,-15.74327435));
#16514=CARTESIAN_POINT('',(52.6038182712589,27.0187731683932,-15.74327435));
#16515=CARTESIAN_POINT('',(54.4044427995721,21.8999999999999,-15.74327435));
#16516=CARTESIAN_POINT('',(56.1355549106856,16.2,-15.74327435));
#16517=CARTESIAN_POINT('',(59.9644450893144,16.2,-15.74327435));
#16518=CARTESIAN_POINT('',(62.8291612966819,16.7,-15.74327435));
#16519=CARTESIAN_POINT('',(63.0162936686887,16.6999999999999,-15.74327435));
#16520=CARTESIAN_POINT('',(63.3984336495426,16.8786084125075,-15.74327435));
#16521=CARTESIAN_POINT('',(63.4059989940008,17.3131066505608,-15.74327435));
#16522=CARTESIAN_POINT('',(63.2983588538444,17.4668327457372,-15.74327435));
#16523=CARTESIAN_POINT('',(43.0886551984286,24.1004809471615,-11.44327435));
#16524=CARTESIAN_POINT('',(45.1376933041054,24.6495190528384,-11.44327435));
#16525=CARTESIAN_POINT('',(41.5241795208724,15.6119042862342,-16.04327435));
#16526=CARTESIAN_POINT('',(35.5939497606693,17.8129544643593,-16.04327435));
#16527=CARTESIAN_POINT('',(35.7755999410337,17.7364978809944,-16.04327435));
#16528=CARTESIAN_POINT('',(35.9,17.549180555688,-16.04327435));
#16529=CARTESIAN_POINT('',(35.9,17.3520956178575,-16.04327435));
#16530=CARTESIAN_POINT('',(35.9,17.3520956178575,-16.04327435));
#16531=CARTESIAN_POINT('',(35.9,20.0250000000001,-16.04327435));
#16532=CARTESIAN_POINT('',(35.9,17.2,-16.04327435));
#16533=CARTESIAN_POINT('',(35.3999809608071,17.2,-16.04327435));
#16534=CARTESIAN_POINT('',(37.6500190391929,17.2,-16.04327435));
#16535=CARTESIAN_POINT('',(37.15,17.2,-16.04327435));
#16536=CARTESIAN_POINT('',(37.15,19.6996455934053,-16.04327435));
#16537=CARTESIAN_POINT('',(37.15,17.3520956178575,-16.04327435));
#16538=CARTESIAN_POINT('',(37.15,17.3520956178575,-16.04327435));
#16539=CARTESIAN_POINT('',(37.15,17.5491804081389,-16.04327435));
#16540=CARTESIAN_POINT('',(37.2744002142205,17.7364979463409,-16.04327435));
#16541=CARTESIAN_POINT('',(37.4560502393307,17.8129544643593,-16.04327435));
#16542=CARTESIAN_POINT('',(37.15,19.6996455934053,-16.04327435));
#16543=CARTESIAN_POINT('',(37.15,17.2,-16.04327435));
#16544=CARTESIAN_POINT('',(36.0250190384679,20.0250000000001,112.866775453136));
#16545=CARTESIAN_POINT('',(35.9,20.0250000000001,-16.04327435));
#16546=CARTESIAN_POINT('',(35.9,17.2,-16.04327435));
#16547=CARTESIAN_POINT('',(37.0249809615321,20.0250000000001,112.866775453135));
#16548=CARTESIAN_POINT('',(39.6344058702313,21.4392453117137,-16.04327435));
#16549=CARTESIAN_POINT('',(36.2382227018411,20.4345604267447,112.866775453135));
#16550=CARTESIAN_POINT('',(39.2252662504498,21.1529949100754,-16.0214746151631));
#16551=CARTESIAN_POINT('',(38.9174353247925,22.4631853670749,-16.04327435));
#16552=CARTESIAN_POINT('',(36.8117772981589,19.6154395732555,112.866775453134));
#16553=CARTESIAN_POINT('',(38.4269729905441,22.1408347759901,-18.0214746151631));
#16554=CARTESIAN_POINT('',(18.12,20.025,-16.04327435));
#16555=CARTESIAN_POINT('',(18.12,17.2,-16.04327435));
#16556=CARTESIAN_POINT('',(19.2449809615321,20.025,112.866775453135));
#16557=CARTESIAN_POINT('',(19.37,19.6641560817565,-16.04327435));
#16558=CARTESIAN_POINT('',(19.37,17.2,-16.04327435));
#16559=CARTESIAN_POINT('',(18.2450190384679,20.025,112.866775453135));
#16560=CARTESIAN_POINT('',(-2.20000000000001,16.7,-16.04327435));
#16561=CARTESIAN_POINT('',(-2.20000000000001,17.2,-16.04327435));
#16562=CARTESIAN_POINT('',(-1.07501903846791,20.025,112.866775453135));
#16563=CARTESIAN_POINT('',(-0.950000000000003,20.025,-16.04327435));
#16564=CARTESIAN_POINT('',(-0.950000000000009,17.2,-16.04327435));
#16565=CARTESIAN_POINT('',(-2.07498096153209,20.025,112.866775453134));
#16566=CARTESIAN_POINT('',(41.5241795208724,15.6119042862342,-16.04327435));
#16567=CARTESIAN_POINT('',(-23.8653407197729,20.9453448119298,-16.04327435));
#16568=CARTESIAN_POINT('',(-24.1521398583808,21.354936430068,-16.04327435));
#16569=CARTESIAN_POINT('',(-20.9915147272807,23.5680299723194,-16.04327435));
#16570=CARTESIAN_POINT('',(-23.0470670346951,22.1287167514834,-16.04327435));
#16571=CARTESIAN_POINT('',(-23.0470670346951,22.1287167514834,-16.04327435));
#16572=CARTESIAN_POINT('',(-22.8887693618893,22.2395579752631,-16.04327435));
#16573=CARTESIAN_POINT('',(-22.6697447476775,22.2474832450301,-16.04327435));
#16574=CARTESIAN_POINT('',(-22.5038441100647,22.1483831203707,-16.04327435));
#16575=CARTESIAN_POINT('',(-23.559764055873,23.6563930862561,-16.04327435));
#16576=CARTESIAN_POINT('',(-23.5233825809687,23.4666075257875,-16.04327435));
#16577=CARTESIAN_POINT('',(-23.6057434624448,23.2634955413048,-16.04327435));
#16578=CARTESIAN_POINT('',(-23.7640375801339,23.1526568068447,-16.04327435));
#16579=CARTESIAN_POINT('',(-23.7640375801339,23.1526568068447,-16.04327435));
#16580=CARTESIAN_POINT('',(-25.2786864259641,22.0920882672537,-16.04327435));
#16581=CARTESIAN_POINT('',(-24.8691104038196,22.3788764854293,-16.04327435));
#16582=CARTESIAN_POINT('',(-25.1559095424276,22.7884681035675,-16.04327435));
#16583=CARTESIAN_POINT('',(-20.9915147272807,23.5680299723194,-16.04327435));
#16584=CARTESIAN_POINT('',(-24.1521398583808,21.354936430068,-16.04327435));
#16585=CARTESIAN_POINT('',(-21.636777298159,24.4895604267446,112.866775453134));
#16586=CARTESIAN_POINT('',(-25.2786864259641,22.0920882672537,-16.04327435));
#16587=CARTESIAN_POINT('',(-24.8691104038196,22.3788764854293,-16.04327435));
#16588=CARTESIAN_POINT('',(-21.0632227018412,23.6704395732554,112.866775453135));
#16589=CARTESIAN_POINT('',(22.0243040144766,21.1966192190257,-16.54327435));
#16590=CARTESIAN_POINT('',(21.5912913125844,20.9466192190257,-16.54327435));
#16591=CARTESIAN_POINT('',(18.495009519234,20.4579962140954,112.366775453134));
#16592=CARTESIAN_POINT('',(56.1355549106856,16.2,-13.43327435));
#16593=CARTESIAN_POINT('',(59.9644450893144,16.2,-13.43327435));
#16594=CARTESIAN_POINT('',(44.1950340820532,27.0167853860204,-15.7515540594605));
#16595=CARTESIAN_POINT('',(52.8735460630423,26.5515909288108,-17.6892284251226));
#16596=CARTESIAN_POINT('',(63.1962814478546,17.466832745737,-15.9555482771108));
#16597=CARTESIAN_POINT('',(63.6323793855822,16.7000000000005,-16.1652572453612));
#16598=CARTESIAN_POINT('',(62.8152046858957,16.7000000000005,-15.7722976637485));
#16599=CARTESIAN_POINT('',(63.9809531213533,17.4668327451153,-14.3237930819416));
#16600=CARTESIAN_POINT('',(64.4170510293424,16.6999999911444,-14.533502042743));
#16601=CARTESIAN_POINT('',(63.5998763594078,16.7000000000005,-14.1405424685944));
#16602=CARTESIAN_POINT('',(64.7656247936029,17.466832746341,-12.6920378866796));
#16603=CARTESIAN_POINT('',(65.2017227592937,16.7000000080685,-12.901746859549));
#16604=CARTESIAN_POINT('',(64.3845480316244,16.6999999999995,-12.5087872733196));
#16605=CARTESIAN_POINT('',(65.5502964670948,17.4668327457366,-11.0602826914997));
#16606=CARTESIAN_POINT('',(65.9863944048238,16.6999999999995,-11.2699916597508));
#16607=CARTESIAN_POINT('',(65.1692197051363,16.6999999999995,-10.8770320781375));
#16608=CARTESIAN_POINT('',(65.5860655137523,17.3315573581669,-11.12327435));
#16609=CARTESIAN_POINT('',(65.5471073240668,17.3802843501232,-11.173625186896));
#16610=CARTESIAN_POINT('',(65.5016242279682,17.4254509298133,-11.2217549087388));
#16611=CARTESIAN_POINT('',(65.4507553140856,17.4668327457427,-11.2672823821027));
#16612=CARTESIAN_POINT('',(37.6685436785547,17.2,-18.165987768604));
#16613=CARTESIAN_POINT('',(35.3714856390114,17.2,-19.3085148095772));
#16614=CARTESIAN_POINT('',(37.167596546308,17.3595700837456,-18.0596388383674));
#16615=CARTESIAN_POINT('',(37.1675857844882,17.68924324357,-18.0584056559722));
#16616=CARTESIAN_POINT('',(37.4705813857973,17.8191269658615,-18.0552755706183));
#16617=CARTESIAN_POINT('',(37.1617082939532,17.3570459938598,-17.3849119494098));
#16618=CARTESIAN_POINT('',(37.1616932806474,17.6875102584363,-17.383191594939));
#16619=CARTESIAN_POINT('',(37.4657083493612,17.8170380638826,-17.3805486816606));
#16620=CARTESIAN_POINT('',(37.1558076716153,17.354539698752,-16.708767600787));
#16621=CARTESIAN_POINT('',(37.1557926497714,17.6857986208179,-16.7070462670043));
#16622=CARTESIAN_POINT('',(37.460825075708,17.8149638886253,-16.7044043330378));
#16623=CARTESIAN_POINT('',(37.149894832208,17.3520513569199,-16.0312233146742));
#16624=CARTESIAN_POINT('',(37.1498841905221,17.6841084470383,-16.0300038982581));
#16625=CARTESIAN_POINT('',(37.4559316913698,17.8129045712472,-16.026860046925));
#16626=CARTESIAN_POINT('',(35.900105167792,17.3520513569199,-16.0312233146741));
#16627=CARTESIAN_POINT('',(35.9001158094779,17.6841084470383,-16.030003898258));
#16628=CARTESIAN_POINT('',(35.5940683086302,17.8129045712472,-16.0268600469249));
#16629=CARTESIAN_POINT('',(35.8941923283839,17.3545396987485,-16.7087676008773));
#16630=CARTESIAN_POINT('',(35.8942073502353,17.6857986208174,-16.7070462670945));
#16631=CARTESIAN_POINT('',(35.589174924298,17.8149638886228,-16.7044043331281));
#16632=CARTESIAN_POINT('',(35.8882917060467,17.3570459938563,-17.3849119494251));
#16633=CARTESIAN_POINT('',(35.8883067193444,17.6875102584343,-17.3831915949528));
#16634=CARTESIAN_POINT('',(35.5842916506321,17.8170380638854,-17.3805486816758));
#16635=CARTESIAN_POINT('',(35.882403453692,17.3595700837456,-18.0596388383674));
#16636=CARTESIAN_POINT('',(35.8824142155118,17.68924324357,-18.0584056559722));
#16637=CARTESIAN_POINT('',(35.5794186142027,17.8191269658615,-18.0552755706182));
#16638=CARTESIAN_POINT('',(-2.7256129537179,17.2,-18.976046466947));
#16639=CARTESIAN_POINT('',(-0.428554914174564,17.2,-18.4984561112342));
#16640=CARTESIAN_POINT('',(-0.932366978423982,17.3595857197253,-18.0638184900979));
#16641=CARTESIAN_POINT('',(-0.932377740490162,17.6892539711754,-18.0625852794617));
#16642=CARTESIAN_POINT('',(-0.629388427773932,17.8191399059826,-18.0594552223487));
#16643=CARTESIAN_POINT('',(-0.940305891424589,17.3561824540227,-17.1541091658644));
#16644=CARTESIAN_POINT('',(-0.940324402491394,17.6869167260969,-17.1519880077288));
#16645=CARTESIAN_POINT('',(-0.635958562670226,17.8163234102285,-17.1497458981153));
#16646=CARTESIAN_POINT('',(-0.948267292014214,17.3528115360759,-16.2418230191603));
#16647=CARTESIAN_POINT('',(-0.948285868116236,17.684618301004,-16.2396944087043));
#16648=CARTESIAN_POINT('',(-0.642547307988111,17.8135336850292,-16.2374597514111));
#16649=CARTESIAN_POINT('',(-0.956250804353088,17.3494733536545,-15.3270031169582));
#16650=CARTESIAN_POINT('',(-0.956261404083667,17.6823589794759,-15.3257885081395));
#16651=CARTESIAN_POINT('',(-0.649154352680751,17.8107710513034,-15.322639849209));
#16652=CARTESIAN_POINT('',(-2.19374919564693,17.3494733536545,-15.3270031169583));
#16653=CARTESIAN_POINT('',(-2.19373859591635,17.6823589794759,-15.3257885081396));
#16654=CARTESIAN_POINT('',(-2.50084564731926,17.8107710513034,-15.3226398492091));
#16655=CARTESIAN_POINT('',(-2.20173270798605,17.3528115360759,-16.2418230191883));
#16656=CARTESIAN_POINT('',(-2.20171413188361,17.6846183010103,-16.2396944087397));
#16657=CARTESIAN_POINT('',(-2.5074526920166,17.8135336850311,-16.2374597514391));
#16658=CARTESIAN_POINT('',(-2.20969410857449,17.3561824540227,-17.1541091657569));
#16659=CARTESIAN_POINT('',(-2.20967559750864,17.6869167261007,-17.1519880076236));
#16660=CARTESIAN_POINT('',(-2.51404143732937,17.8163234102283,-17.1497458980077));
#16661=CARTESIAN_POINT('',(-2.21763302157603,17.3595857197253,-18.0638184900978));
#16662=CARTESIAN_POINT('',(-2.21762225950985,17.6892539711755,-18.0625852794616));
#16663=CARTESIAN_POINT('',(-2.52061157222608,17.8191399059826,-18.0594552223486));
#16664=CARTESIAN_POINT('',(19.8898976686144,17.2,-18.3211396618314));
#16665=CARTESIAN_POINT('',(17.592839629071,17.2,-19.1533629163498));
#16666=CARTESIAN_POINT('',(19.387633021576,17.3595857197253,-18.063818490098));
#16667=CARTESIAN_POINT('',(19.3876222595098,17.6892539711754,-18.0625852794618));
#16668=CARTESIAN_POINT('',(19.6906115722261,17.8191399059826,-18.0594552223488));
#16669=CARTESIAN_POINT('',(19.3796941085748,17.3561824540179,-17.154109165795));
#16670=CARTESIAN_POINT('',(19.3796755975071,17.6869167260964,-17.1519880076625));
#16671=CARTESIAN_POINT('',(19.6840414373247,17.8163234102263,-17.1497458980458));
#16672=CARTESIAN_POINT('',(19.3717327079862,17.3528115360711,-16.2418230192043));
#16673=CARTESIAN_POINT('',(19.3717141318831,17.6846183010044,-16.2396944087556));
#16674=CARTESIAN_POINT('',(19.6774526920168,17.8135336850312,-16.2374597514551));
#16675=CARTESIAN_POINT('',(19.3637491956469,17.3494733536545,-15.3270031169584));
#16676=CARTESIAN_POINT('',(19.3637385959163,17.6823589794759,-15.3257885081397));
#16677=CARTESIAN_POINT('',(19.6708456473193,17.8107710513034,-15.3226398492093));
#16678=CARTESIAN_POINT('',(18.1262508043531,17.3494733536545,-15.3270031169584));
#16679=CARTESIAN_POINT('',(18.1262614040836,17.6823589794759,-15.3257885081397));
#16680=CARTESIAN_POINT('',(17.8191543526807,17.8107710513034,-15.3226398492092));
#16681=CARTESIAN_POINT('',(18.1182672920142,17.3528115360775,-16.241823019155));
#16682=CARTESIAN_POINT('',(18.1182858681186,17.6846183010139,-16.2396944087032));
#16683=CARTESIAN_POINT('',(17.812547307981,17.8135336850321,-16.2374597514059));
#16684=CARTESIAN_POINT('',(18.1103058914252,17.3561824540243,-17.1541091657902));
#16685=CARTESIAN_POINT('',(18.1103244024942,17.6869167261016,-17.1519880076523));
#16686=CARTESIAN_POINT('',(17.8059585626677,17.8163234102296,-17.149745898041));
#16687=CARTESIAN_POINT('',(18.102366978424,17.3595857197253,-18.0638184900979));
#16688=CARTESIAN_POINT('',(18.1023777404902,17.6892539711755,-18.0625852794617));
#16689=CARTESIAN_POINT('',(17.7993884277739,17.8191399059826,-18.0594552223487));
#16690=CARTESIAN_POINT('',(38.3398141277661,22.0802120672701,-18.0596388383674));
#16691=CARTESIAN_POINT('',(38.0697678576749,21.8911104955307,-18.0584056559722));
#16692=CARTESIAN_POINT('',(37.7895822038111,22.0648117191817,-18.0552755706182));
#16693=CARTESIAN_POINT('',(38.3452591039607,22.0768364517994,-17.3849119493653));
#16694=CARTESIAN_POINT('',(38.0745672373492,21.887277638406,-17.3831915948978));
#16695=CARTESIAN_POINT('',(37.7940883910094,22.0620181063769,-17.3805486816161));
#16696=CARTESIAN_POINT('',(38.3506965986517,22.0734404967638,-16.7087676008093));
#16697=CARTESIAN_POINT('',(38.0793537916294,21.8834258795501,-16.7070462670304));
#16698=CARTESIAN_POINT('',(37.7985883866112,22.0592076608336,-16.7044043330601));
#16699=CARTESIAN_POINT('',(38.3561263943066,22.0700242365162,-16.0312233146742));
#16700=CARTESIAN_POINT('',(38.0841272539357,21.8795553969423,-16.030003898258));
#16701=CARTESIAN_POINT('',(37.8030820106032,22.0563804109716,-16.026860046925));
#16702=CARTESIAN_POINT('',(39.0729762962107,21.0462564779786,-16.0312233146741));
#16703=CARTESIAN_POINT('',(38.8009649481993,20.8558050727221,-16.0300038982579));
#16704=CARTESIAN_POINT('',(38.8710029746474,20.5312312148137,-16.0268600469249));
#16705=CARTESIAN_POINT('',(39.0743294312646,21.0399857092469,-16.7087676008668));
#16706=CARTESIAN_POINT('',(38.8029693918773,20.8499957023945,-16.7070462670854));
#16707=CARTESIAN_POINT('',(38.872122810558,20.5260416131049,-16.7044043331176));
#16708=CARTESIAN_POINT('',(39.0756608524381,21.0337146505821,-17.3849119493957));
#16709=CARTESIAN_POINT('',(38.8049517632724,20.8441804335476,-17.3831915949245));
#16710=CARTESIAN_POINT('',(38.8732246763558,20.5208517714553,-17.3805486816465));
#16711=CARTESIAN_POINT('',(39.0769706018518,21.0274435181476,-18.0596388383673));
#16712=CARTESIAN_POINT('',(38.8069119863081,20.8383595775416,-18.0584056559721));
#16713=CARTESIAN_POINT('',(38.8743086069021,20.5156618687467,-18.0552755706181));
#16714=CARTESIAN_POINT('',(38.1336491174658,22.547521895849,-18.177682807516));
#16715=CARTESIAN_POINT('',(39.4558080142684,20.6845807397067,-17.8453488551943));
#16716=CARTESIAN_POINT('',(-25.1691249731572,22.8073416946224,-18.6834427255121));
#16717=CARTESIAN_POINT('',(-23.8515866087445,20.92570190568,-18.7910598526691));
#16718=CARTESIAN_POINT('',(-23.7640221097365,23.152576117978,-16.034683649725));
#16719=CARTESIAN_POINT('',(-23.4987702945297,23.3382939442499,-16.0334170039258));
#16720=CARTESIAN_POINT('',(-23.5597449700963,23.6562935365912,-16.0303203819758));
#16721=CARTESIAN_POINT('',(-23.7648919604029,23.1571126268743,-16.5176766871774));
#16722=CARTESIAN_POINT('',(-23.5001276301141,23.3424862796567,-16.5161441314872));
#16723=CARTESIAN_POINT('',(-23.5604566660982,23.6600052256883,-16.5133134194282));
#16724=CARTESIAN_POINT('',(-23.7657499123476,23.1616488826705,-16.9998639196203));
#16725=CARTESIAN_POINT('',(-23.501472763647,23.3466813962481,-16.9983303337199));
#16726=CARTESIAN_POINT('',(-23.5611586267778,23.6637167077027,-16.9955006518711));
#16727=CARTESIAN_POINT('',(-23.7665959871394,23.1661847960491,-17.4812383808195));
#16728=CARTESIAN_POINT('',(-23.5028056694054,23.3508791636487,-17.4799616796975));
#16729=CARTESIAN_POINT('',(-23.5618508697895,23.6674279095585,-17.4768751130703));
#16730=CARTESIAN_POINT('',(-23.0352299097964,22.1216857904929,-17.4812383808136));
#16731=CARTESIAN_POINT('',(-22.771452373183,22.3063984114244,-17.4799616796916));
#16732=CARTESIAN_POINT('',(-22.4941885004307,22.142648024885,-17.4768751130644));
#16733=CARTESIAN_POINT('',(-23.0392028995053,22.1240322144749,-16.9998639196363));
#16734=CARTESIAN_POINT('',(-22.7749411036209,22.30908665414,-16.998330333736));
#16735=CARTESIAN_POINT('',(-22.4974391283737,22.144567826325,-16.9955006518871));
#16736=CARTESIAN_POINT('',(-23.043172148757,22.1263899164438,-16.5176766871397));
#16737=CARTESIAN_POINT('',(-22.7784231609583,22.311785480574,-16.5161441314501));
#16738=CARTESIAN_POINT('',(-22.5006866959448,22.1464968552074,-16.5133134193905));
#16739=CARTESIAN_POINT('',(-23.0471375662402,22.1287588861195,-16.0346836497248));
#16740=CARTESIAN_POINT('',(-22.7818984314897,22.3144948219597,-16.0334170039256));
#16741=CARTESIAN_POINT('',(-22.5039311284301,22.148435103125,-16.0303203819756));
#16742=CARTESIAN_POINT('',(-20.8558922468928,21.3747537028361,-16.4411675688134));
#16743=CARTESIAN_POINT('',(20.7357979448399,21.9113979682099,-18.0638187211689));
#16744=CARTESIAN_POINT('',(20.4497936266819,21.7462609052486,-18.062588892546));
#16745=CARTESIAN_POINT('',(20.1856682461281,21.9444986336292,-18.0594554534197));
#16746=CARTESIAN_POINT('',(20.7427015054576,21.9062165419821,-17.154096328174));
#16747=CARTESIAN_POINT('',(20.4557774890418,21.7405395333335,-17.1519775727));
#16748=CARTESIAN_POINT('',(20.1913815376764,21.9402105567479,-17.1497330604248));
#16749=CARTESIAN_POINT('',(20.7495882343552,21.9009995630801,-16.2418101678003));
#16750=CARTESIAN_POINT('',(20.4617350788238,21.7347860410973,-16.2396840065109));
#16751=CARTESIAN_POINT('',(20.197080899515,21.93589305697,-16.2374469000511));
#16752=CARTESIAN_POINT('',(20.7564576094717,21.89574716449,-15.3270033482726));
#16753=CARTESIAN_POINT('',(20.4676657866258,21.7290009228023,-15.3257921618071));
#16754=CARTESIAN_POINT('',(20.2027658996165,21.9315462443438,-15.3226400805234));
#16755=CARTESIAN_POINT('',(21.8484788561489,20.5011573264982,-18.1883145041844));
#16756=CARTESIAN_POINT('',(21.3708433732419,20.831599806193,-15.3270033482727));
#16757=CARTESIAN_POINT('',(21.0820409805318,20.6648718720471,-15.3257921618072));
#16758=CARTESIAN_POINT('',(21.1250004308998,20.3341891796666,-15.3226400805235));
#16759=CARTESIAN_POINT('',(21.3719573962905,20.8230245535372,-16.2418101678035));
#16760=CARTESIAN_POINT('',(21.0840856860353,20.6568431692859,-16.2396840065095));
#16761=CARTESIAN_POINT('',(21.1259223810084,20.3270924188485,-16.2374469000543));
#16762=CARTESIAN_POINT('',(21.3730320681058,20.8144519819151,-17.1540963280904));
#16763=CARTESIAN_POINT('',(21.086089561595,20.6488069990666,-17.1519775726125));
#16764=CARTESIAN_POINT('',(21.1268117645787,20.3199978768131,-17.1497330603412));
#16765=CARTESIAN_POINT('',(21.3740675345371,20.8058826099282,-18.0638187211684));
#16766=CARTESIAN_POINT('',(21.0880524838272,20.640764136292,-18.0625888925456));
#16767=CARTESIAN_POINT('',(21.1276687023165,20.3129059827578,-18.0594554534193));
#16768=CARTESIAN_POINT('',(-30.875,30.833553736239,-12.514024681502));
#16769=CARTESIAN_POINT('',(-30.875,30.911020315729,-11.4062009821662));
#16770=CARTESIAN_POINT('',(-30.5702214656481,30.2330114059741,-12.8458103613623));
#16771=CARTESIAN_POINT('',(-30.7035413292394,30.1350482421299,-12.8256408229585));
#16772=CARTESIAN_POINT('',(-30.8701911587287,30.1345266329308,-12.8279516740693));
#16773=CARTESIAN_POINT('',(-30.573409539085,30.2823915481804,-12.627044747882));
#16774=CARTESIAN_POINT('',(-30.7067384158962,30.1845679908224,-12.6062567198227));
#16775=CARTESIAN_POINT('',(-30.8733995119829,30.1842208898,-12.607794458893));
#16776=CARTESIAN_POINT('',(-30.575,30.3317907337982,-12.4081947675126));
#16777=CARTESIAN_POINT('',(-30.7083333333413,30.234106008853,-12.3867916795216));
#16778=CARTESIAN_POINT('',(-30.875000000001,30.2339324482534,-12.38756059364));
#16779=CARTESIAN_POINT('',(-30.575,30.3811951555159,-12.1893215900468));
#16780=CARTESIAN_POINT('',(-30.7083333333334,30.2836492790309,-12.1673033707543));
#16781=CARTESIAN_POINT('',(-30.8750000000002,30.2836492790309,-12.1673033707544));
#16782=CARTESIAN_POINT('',(-30.8750000000002,30.771378661455,-12.2773944672166));
#16783=CARTESIAN_POINT('',(-30.575,30.4755803997037,-11.7138868078269));
#16784=CARTESIAN_POINT('',(-30.7017238904285,30.3877094737463,-11.7221011687772));
#16785=CARTESIAN_POINT('',(-30.8551738065473,30.3864995598188,-11.7394037440537));
#16786=CARTESIAN_POINT('',(-30.5749999991794,30.4918098990695,-11.6037911734405));
#16787=CARTESIAN_POINT('',(-30.706557885274,30.3958500534417,-11.6056854554085));
#16788=CARTESIAN_POINT('',(-30.8689740401824,30.3950162010069,-11.6176101007945));
#16789=CARTESIAN_POINT('',(-30.5749999997251,30.5040887491706,-11.4913586973121));
#16790=CARTESIAN_POINT('',(-30.7083333336237,30.4040137080705,-11.4889397551451));
#16791=CARTESIAN_POINT('',(-30.8750000008725,30.4036154110901,-11.4946356673243));
#16792=CARTESIAN_POINT('',(-30.575,30.5119946956251,-11.3782983926685));
#16793=CARTESIAN_POINT('',(-30.7083333333333,30.4122382905991,-11.3713227452941));
#16794=CARTESIAN_POINT('',(-30.875,30.4122382905991,-11.3713227452941));
#16795=CARTESIAN_POINT('',(-30.8629417888416,30.3919702732777,-11.6611688966929));
#16796=CARTESIAN_POINT('',(-30.7596075986969,30.3913622983659,-11.6698633430056));
#16797=CARTESIAN_POINT('',(-30.6585279434125,30.4222862286048,-11.6873797268229));
#16798=CARTESIAN_POINT('',(-30.5750000000001,30.4758703683493,-11.7119166727225));
#16799=CARTESIAN_POINT('',(-30.8750000000002,30.6871551758935,-12.6505242653432));
#16800=CARTESIAN_POINT('',(-30.8750000000002,30.8046722123705,-12.1298962266816));
#16801=CARTESIAN_POINT('',(-30.575,30.4144887064315,-12.0418233495118));
#16802=CARTESIAN_POINT('',(-30.7083333333334,30.3169428299465,-12.0198051302193));
#16803=CARTESIAN_POINT('',(-30.8750000000003,30.3169428299465,-12.0198051302194));
#16804=CARTESIAN_POINT('',(-30.5749999997081,30.4393489761236,-11.9316865240645));
#16805=CARTESIAN_POINT('',(-30.7083333336392,30.3428050507314,-11.9052294254051));
#16806=CARTESIAN_POINT('',(-30.8750000009233,30.3440574966007,-11.8996807964005));
#16807=CARTESIAN_POINT('',(-30.5749999991862,30.460014502759,-11.8201584138804));
#16808=CARTESIAN_POINT('',(-30.7065624119484,30.3686474706046,-11.7907414432687));
#16809=CARTESIAN_POINT('',(-30.8689868874509,30.3712784948524,-11.7790853886618));
#16810=CARTESIAN_POINT('',(-30.575,30.4761597189152,-11.7099445543806));
#16811=CARTESIAN_POINT('',(-30.7017238094783,30.3943670231461,-11.6767977922292));
#16812=CARTESIAN_POINT('',(-30.8551735743664,30.3981860670449,-11.6598785318889));
#16813=CARTESIAN_POINT('',(-30.862941788847,30.3809176305718,-11.7363817562831));
#16814=CARTESIAN_POINT('',(-30.7596075987008,30.3828366675041,-11.7278799725037));
#16815=CARTESIAN_POINT('',(-30.6585279434159,30.4174925365967,-11.7200006387033));
#16816=CARTESIAN_POINT('',(-30.5750000000004,30.4758703683488,-11.7119166727241));
#16817=CARTESIAN_POINT('',(-24.025,30.6195116203838,-13.7131777048541));
#16818=CARTESIAN_POINT('',(-24.025,30.6195116203838,-2.6729412216437));
#16819=CARTESIAN_POINT('',(-24.4226184048066,30.3163621454395,-11.3434201557965));
#16820=CARTESIAN_POINT('',(-24.4226184048066,30.3163621454395,-11.3434201557965));
#16821=CARTESIAN_POINT('',(-24.4173643272159,30.3094707663574,-11.5405227803977));
#16822=CARTESIAN_POINT('',(-24.4067274265146,30.2951424443872,-11.7367401546707));
#16823=CARTESIAN_POINT('',(-24.3855878034077,30.2731354721957,-11.9317322530495));
#16824=CARTESIAN_POINT('',(-24.3855878034076,30.2731354721956,-11.9317322530495));
#16825=CARTESIAN_POINT('',(-24.025,30.6195116203838,-8.86267707473055));
#16826=CARTESIAN_POINT('',(27.375,30.6195116203838,-13.7131777048531));
#16827=CARTESIAN_POINT('',(27.375,30.6195116203838,-8.86267707473056));
#16828=CARTESIAN_POINT('',(27.7355878032082,30.273135471988,-11.9317322548888));
#16829=CARTESIAN_POINT('',(27.7355878032082,30.273135471988,-11.9317322548888));
#16830=CARTESIAN_POINT('',(27.756727426473,30.2951424443186,-11.7367401552784));
#16831=CARTESIAN_POINT('',(27.7673643272348,30.3094707663797,-11.5405227797638));
#16832=CARTESIAN_POINT('',(27.772618404857,30.3163621455053,-11.3434201539155));
#16833=CARTESIAN_POINT('',(27.7726184048568,30.3163621455052,-11.3434201539155));
#16834=CARTESIAN_POINT('',(27.375,30.6195116203838,-2.6729412216437));
#16835=CARTESIAN_POINT('',(34.8903392021987,30.1450837787407,-9.79524749633541));
#16836=CARTESIAN_POINT('',(34.8678875156742,30.6204318152897,-9.82757533450449));
#16837=CARTESIAN_POINT('',(34.3913036415819,30.621778556388,-9.8083160395248));
#16838=CARTESIAN_POINT('',(34.8691186313709,30.1117933096942,-10.3145172510193));
#16839=CARTESIAN_POINT('',(34.8439989637498,30.5842468453053,-10.3450445137573));
#16840=CARTESIAN_POINT('',(34.3702167536663,30.5854676779042,-10.3275857942087));
#16841=CARTESIAN_POINT('',(34.848027040835,30.0782067733044,-10.8378562894911));
#16842=CARTESIAN_POINT('',(34.8202294815001,30.5476723572567,-10.8680840608491));
#16843=CARTESIAN_POINT('',(34.3492858128792,30.5488722473783,-10.8509248326803));
#16844=CARTESIAN_POINT('',(34.827071020526,30.0443259987573,-11.3652298476039));
#16845=CARTESIAN_POINT('',(34.7965910512437,30.5107119597504,-11.3966423703066));
#16846=CARTESIAN_POINT('',(34.3285168127671,30.5119946957562,-11.3782983907933));
#16847=CARTESIAN_POINT('',(34.3285168127673,30.0132126706267,-11.3434201539155));
#16848=CARTESIAN_POINT('',(34.3087867294419,30.4144887060163,-12.0418233513511));
#16849=CARTESIAN_POINT('',(34.7681472204226,30.4118789856758,-12.0533850246462));
#16850=CARTESIAN_POINT('',(34.8068437144376,29.9650160479481,-11.9535419485715));
#16851=CARTESIAN_POINT('',(34.3139170896083,30.463865311316,-11.8230734071425));
#16852=CARTESIAN_POINT('',(34.7771243363035,30.4614176518121,-11.836664475439));
#16853=CARTESIAN_POINT('',(34.8122529762528,30.0051646511006,-11.7595880702482));
#16854=CARTESIAN_POINT('',(34.3207089359387,30.4963585791883,-11.6019052753821));
#16855=CARTESIAN_POINT('',(34.7868739232966,30.4942949301728,-11.6180473487297));
#16856=CARTESIAN_POINT('',(34.819192836083,30.0315888947786,-11.5634901148941));
#16857=CARTESIAN_POINT('',(34.3285168127673,30.5119946957566,-11.3782983907875));
#16858=CARTESIAN_POINT('',(34.796591051244,30.5107119597509,-11.3966423703009));
#16859=CARTESIAN_POINT('',(34.8270710205262,30.0443259987576,-11.3652298475981));
#16860=CARTESIAN_POINT('',(34.3087867294419,29.9267593235923,-11.9317322548888));
#16861=CARTESIAN_POINT('',(34.8068437144376,29.9650160479481,-11.9535419485715));
#16862=CARTESIAN_POINT('',(34.7681472204226,30.4118789856758,-12.0533850246462));
#16863=CARTESIAN_POINT('',(34.3087867294418,30.4144887060163,-12.0418233513511));
#16864=CARTESIAN_POINT('',(34.7517785335125,29.5563114462429,-13.9279528645032));
#16865=CARTESIAN_POINT('',(34.6854995953167,29.9823225358589,-13.9564208624159));
#16866=CARTESIAN_POINT('',(34.2565607291939,29.9688213535153,-14.016234267281));
#16867=CARTESIAN_POINT('',(34.7413282308596,29.1405552526928,-15.9285349972538));
#16868=CARTESIAN_POINT('',(34.6492990689295,29.529602088186,-15.9620786445249));
#16869=CARTESIAN_POINT('',(34.2530083857046,29.5172465899388,-16.0168164000319));
#16870=CARTESIAN_POINT('',(34.7762250664728,28.7280778323703,-17.9064735444305));
#16871=CARTESIAN_POINT('',(34.6680391345007,29.072598436562,-17.9867120247581));
#16872=CARTESIAN_POINT('',(34.2982163772091,29.0707829745796,-17.9947549472102));
#16873=CARTESIAN_POINT('',(-30.4075984738747,30.2886571830435,-10.3284398437615));
#16874=CARTESIAN_POINT('',(-29.7494736797202,29.348757570084,-14.4924156101963));
#16875=CARTESIAN_POINT('',(-30.1590497018659,29.0619693519102,-14.4924156101902));
#16876=CARTESIAN_POINT('',(-30.6792720291193,29.8049238316414,-14.7423387361537));
#16877=CARTESIAN_POINT('',(-29.7494736797211,29.8364869525094,-14.6025067066525));
#16878=CARTESIAN_POINT('',(-30.2675820530577,29.2169696129322,-13.9550079914053));
#16879=CARTESIAN_POINT('',(-30.6790325971196,29.9256396741888,-14.2075392362452));
#16880=CARTESIAN_POINT('',(-29.8344120423575,29.9577915040313,-14.0650990878697));
#16881=CARTESIAN_POINT('',(-30.3610809580815,29.3918114282066,-13.348806918222));
#16882=CARTESIAN_POINT('',(-30.6807747205372,30.0674460955215,-13.5793035248714));
#16883=CARTESIAN_POINT('',(-29.9075850971774,30.0946242297781,-13.4588980146817));
#16884=CARTESIAN_POINT('',(-30.4312176951233,29.5807420018352,-12.693758149965));
#16885=CARTESIAN_POINT('',(-30.6721345824282,30.2297109678169,-12.860432076613));
#16886=CARTESIAN_POINT('',(-29.9624747179226,30.2424829394072,-12.8038492464273));
#16887=CARTESIAN_POINT('',(27.7726184048568,30.3163621455052,-11.3434201539155));
#16888=CARTESIAN_POINT('',(27.9224720134058,30.5129138723956,-11.3651535524418));
#16889=CARTESIAN_POINT('',(28.1702368097136,30.5119946957566,-11.3782983907875));
#16890=CARTESIAN_POINT('',(27.7856542187496,30.3334602438217,-10.8543917594694));
#16891=CARTESIAN_POINT('',(27.9352903629204,30.5474447675703,-10.8713387450066));
#16892=CARTESIAN_POINT('',(28.1963084375835,30.5461908923301,-10.8892699963414));
#16893=CARTESIAN_POINT('',(27.7978432513405,30.3517432372401,-10.3314737839989));
#16894=CARTESIAN_POINT('',(27.9455472913421,30.5840989228608,-10.3471599032522));
#16895=CARTESIAN_POINT('',(28.2206865026248,30.5827568792626,-10.3663520208711));
#16896=CARTESIAN_POINT('',(27.8089126528922,30.3710769012722,-9.77850523083347));
#16897=CARTESIAN_POINT('',(27.9527106292431,30.6222324628703,-9.80182487440925));
#16898=CARTESIAN_POINT('',(28.2428253057844,30.6214242072905,-9.81338346770553));
#16899=CARTESIAN_POINT('',(28.1702368097136,30.0132126706267,-11.3434201539155));
#16900=CARTESIAN_POINT('',(28.1702368097136,30.5119946957566,-11.3782983907875));
#16901=CARTESIAN_POINT('',(27.9224720134058,30.5129138723956,-11.3651535524418));
#16902=CARTESIAN_POINT('',(27.7726184048568,30.3163621455052,-11.3434201539155));
#16903=CARTESIAN_POINT('',(28.1595716134554,30.4962175581504,-11.6039219701799));
#16904=CARTESIAN_POINT('',(27.916969508736,30.498551940862,-11.5801891432277));
#16905=CARTESIAN_POINT('',(27.7672858044709,30.3093677739661,-11.5434685165318));
#16906=CARTESIAN_POINT('',(28.1377727743107,30.4633288175798,-11.8254502002439));
#16907=CARTESIAN_POINT('',(27.9060002443649,30.4689231080647,-11.7901634879416));
#16908=CARTESIAN_POINT('',(27.7563863960969,30.2947874216209,-11.7398857524873));
#16909=CARTESIAN_POINT('',(28.0961756064176,30.4144887060163,-12.0418233513512));
#16910=CARTESIAN_POINT('',(27.8809958221279,30.4245095153614,-11.9974288152778));
#16911=CARTESIAN_POINT('',(27.7355878032091,30.2731354719877,-11.9317322548889));
#16912=CARTESIAN_POINT('',(28.0961756064164,29.9267593235923,-11.9317322548888));
#16913=CARTESIAN_POINT('',(27.375,30.1195116203838,-13.2929116540637));
#16914=CARTESIAN_POINT('',(27.375,30.1195116203838,-13.3486410362312));
#16915=CARTESIAN_POINT('',(27.375,30.1072410028078,-13.403002750526));
#16916=CARTESIAN_POINT('',(27.5085537516225,30.1195116203838,-13.292911829157));
#16917=CARTESIAN_POINT('',(27.5745011352978,30.1195115812047,-13.3486412097997));
#16918=CARTESIAN_POINT('',(27.6421075032413,30.1072409632854,-13.4030029256194));
#16919=CARTESIAN_POINT('',(27.6470480610992,30.18096298479,-12.7484237532269));
#16920=CARTESIAN_POINT('',(27.784993516406,30.2510619365392,-12.7658422767151));
#16921=CARTESIAN_POINT('',(27.9190961264999,30.2301437275025,-12.8585148496892));
#16922=CARTESIAN_POINT('',(27.7355878032082,30.273135471988,-11.9317322548888));
#16923=CARTESIAN_POINT('',(27.8809958221269,30.4245095153614,-11.9974288152777));
#16924=CARTESIAN_POINT('',(28.0961756064164,30.4144887060163,-12.0418233513511));
#16925=CARTESIAN_POINT('',(-24.3855878034076,30.2731354721956,-11.9317322530495));
#16926=CARTESIAN_POINT('',(-24.5309958223547,30.424509515773,-11.9974288134542));
#16927=CARTESIAN_POINT('',(-24.7461756068152,30.4144887064315,-12.0418233495118));
#16928=CARTESIAN_POINT('',(-24.297048061301,30.1809629848938,-12.7484237523336));
#16929=CARTESIAN_POINT('',(-24.4349935166905,30.2510619367598,-12.765842275721));
#16930=CARTESIAN_POINT('',(-24.5690961268873,30.230143727705,-12.8585148487924));
#16931=CARTESIAN_POINT('',(-24.1585537517213,30.1195116203838,-13.2929118291551));
#16932=CARTESIAN_POINT('',(-24.224501135449,30.1195115812047,-13.3486412097979));
#16933=CARTESIAN_POINT('',(-24.2921075034441,30.1072409632858,-13.4030029256177));
#16934=CARTESIAN_POINT('',(-24.025,30.1195116203838,-13.2929116540637));
#16935=CARTESIAN_POINT('',(-24.025,30.1195116203838,-13.3486410362312));
#16936=CARTESIAN_POINT('',(-24.025,30.1072410028078,-13.403002750526));
#16937=CARTESIAN_POINT('',(-24.7461756068152,29.9267593240075,-11.9317322530495));
#16938=CARTESIAN_POINT('',(-24.7461756068152,30.4144887064315,-12.0418233495118));
#16939=CARTESIAN_POINT('',(-24.5309958223547,30.424509515773,-11.9974288134542));
#16940=CARTESIAN_POINT('',(-24.3855878034076,30.2731354721956,-11.9317322530495));
#16941=CARTESIAN_POINT('',(-24.7877727747717,30.4633288177176,-11.8254501996334));
#16942=CARTESIAN_POINT('',(-24.5560002446971,30.4689231081982,-11.7901634873571));
#16943=CARTESIAN_POINT('',(-24.4063863962294,30.2947874217851,-11.7398857518747));
#16944=CARTESIAN_POINT('',(-24.8095716133057,30.4962175581094,-11.6039219707662));
#16945=CARTESIAN_POINT('',(-24.5669695086257,30.4985519408196,-11.5801891438189));
#16946=CARTESIAN_POINT('',(-24.4172858044318,30.3093677739168,-11.5434685171214));
#16947=CARTESIAN_POINT('',(-24.8202368096137,30.5119946956251,-11.3782983926686));
#16948=CARTESIAN_POINT('',(-24.5724720133573,30.5129138722642,-11.3651535543212));
#16949=CARTESIAN_POINT('',(-24.4226184048069,30.3163621454394,-11.3434201557966));
#16950=CARTESIAN_POINT('',(-24.8202368096133,30.0132126704951,-11.3434201557965));
#16951=CARTESIAN_POINT('',(-24.4589130601108,30.3710776125159,-9.77848488831645));
#16952=CARTESIAN_POINT('',(-24.6027108961634,30.6222338838105,-9.80180455401702));
#16953=CARTESIAN_POINT('',(-24.8928261202215,30.6214256297779,-9.81336312518851));
#16954=CARTESIAN_POINT('',(-24.447820790997,30.3517039346687,-10.3325978898465));
#16955=CARTESIAN_POINT('',(-24.595533005268,30.5840224282764,-10.3482538268144));
#16956=CARTESIAN_POINT('',(-24.8706415819282,30.5826782741244,-10.3674761267186));
#16957=CARTESIAN_POINT('',(-24.4356276312267,30.3334253709584,-10.8553891698953));
#16958=CARTESIAN_POINT('',(-24.5852639386811,30.5473735841907,-10.8723567147565));
#16959=CARTESIAN_POINT('',(-24.846255262543,30.5461211465988,-10.8902674067675));
#16960=CARTESIAN_POINT('',(-24.4226184048067,30.3163621454396,-11.3434201557928));
#16961=CARTESIAN_POINT('',(-24.5724720133571,30.5129138722645,-11.3651535543174));
#16962=CARTESIAN_POINT('',(-24.8202368096135,30.5119946956253,-11.3782983926649));
#16963=CARTESIAN_POINT('',(35.0066373628414,28.9566704740943,-11.3852612554413));
#16964=CARTESIAN_POINT('',(35.1078908130927,28.6002815732772,-11.2976465396062));
#16965=CARTESIAN_POINT('',(35.4885288477119,28.6020337334608,-11.290348267196));
#16966=CARTESIAN_POINT('',(35.0499445386337,28.528379253817,-13.0116751221832));
#16967=CARTESIAN_POINT('',(35.1693585410435,28.2193540744362,-12.8843237629549));
#16968=CARTESIAN_POINT('',(35.521510766956,28.2115663105828,-12.9167621339376));
#16969=CARTESIAN_POINT('',(35.1443959074149,28.1062715404548,-14.6209231636036));
#16970=CARTESIAN_POINT('',(35.2748928594494,27.8290492325977,-14.5100604309194));
#16971=CARTESIAN_POINT('',(35.601406887025,27.8252200377465,-14.5260101753578));
#16972=CARTESIAN_POINT('',(35.2867977260228,27.7023126332841,-16.1658367592669));
#16973=CARTESIAN_POINT('',(35.427872982329,27.4488691585785,-16.0936244058296));
#16974=CARTESIAN_POINT('',(35.725875375159,27.4543190988136,-16.0709237710216));
#16975=CARTESIAN_POINT('',(35.4885288477119,29.0882186936597,-11.407070949124));
#16976=CARTESIAN_POINT('',(35.0708900796527,28.9852630585434,-9.79336255625527));
#16977=CARTESIAN_POINT('',(35.1707374418275,28.615848773262,-9.79787904683041));
#16978=CARTESIAN_POINT('',(35.5530432797592,28.615848773262,-9.81517224993794));
#16979=CARTESIAN_POINT('',(35.0502628999984,28.9857964445803,-10.2461799239048));
#16980=CARTESIAN_POINT('',(35.1498079500144,28.6158487732623,-10.2508733713367));
#16981=CARTESIAN_POINT('',(35.5325605616547,28.615848773262,-10.2679896175876));
#16982=CARTESIAN_POINT('',(35.0296476247287,28.9863232961164,-10.6989977089032));
#16983=CARTESIAN_POINT('',(35.1289017120555,28.6158487732611,-10.7036723744362));
#16984=CARTESIAN_POINT('',(35.5120870285631,28.615848773262,-10.720807402586));
#16985=CARTESIAN_POINT('',(35.0090437678883,28.9868438475796,-11.1518158915854));
#16986=CARTESIAN_POINT('',(35.1080175735063,28.615848773262,-11.1562889216012));
#16987=CARTESIAN_POINT('',(35.491622327722,28.615848773262,-11.1736255852681));
#16988=CARTESIAN_POINT('',(35.491622327722,29.115848773262,-11.1736255852681));
#16989=CARTESIAN_POINT('',(35.0090437678883,28.9868438475796,-11.1518158915854));
#16990=CARTESIAN_POINT('',(35.1080175735063,28.615848773262,-11.1562889216012));
#16991=CARTESIAN_POINT('',(35.491622327722,28.615848773262,-11.1736255852681));
#16992=CARTESIAN_POINT('',(35.0054559108149,28.9869344841709,-11.2306675415743));
#16993=CARTESIAN_POINT('',(35.1054315472452,28.6172140252075,-11.2037841324284));
#16994=CARTESIAN_POINT('',(35.4880587025417,28.615848773262,-11.2130514102669));
#16995=CARTESIAN_POINT('',(35.0045929705515,28.9768887438467,-11.30848337049));
#16996=CARTESIAN_POINT('',(35.1053540123881,28.6120940450215,-11.2509846656287));
#16997=CARTESIAN_POINT('',(35.4869718817254,28.6112501028373,-11.251959325951));
#16998=CARTESIAN_POINT('',(35.0066373628414,28.9566704740943,-11.3852612554413));
#16999=CARTESIAN_POINT('',(35.1078908130927,28.6002815732772,-11.2976465396063));
#17000=CARTESIAN_POINT('',(35.4885288477119,28.6020337334608,-11.290348267196));
#17001=CARTESIAN_POINT('',(35.4885288477119,28.6020337334608,-11.290348267196));
#17002=CARTESIAN_POINT('',(35.4869702397665,28.6112597827857,-11.2519190060643));
#17003=CARTESIAN_POINT('',(35.4880623377855,28.615848773262,-11.2130111640285));
#17004=CARTESIAN_POINT('',(35.491622327722,28.615848773262,-11.1736255852681));
#17005=CARTESIAN_POINT('',(33.0458311494341,28.115848773262,-11.1736255852681));
#17006=CARTESIAN_POINT('',(55.5669027677828,28.6020337334568,-11.2903482672128));
#17007=CARTESIAN_POINT('',(55.5669027677668,28.6112011114606,-11.2521633897273));
#17008=CARTESIAN_POINT('',(55.5669027677509,28.6158487732618,-11.2128954934455));
#17009=CARTESIAN_POINT('',(55.5669027677349,28.615848773262,-11.1736255852708));
#17010=CARTESIAN_POINT('',(55.5669027677349,28.615848773262,-11.1736255852708));
#17011=CARTESIAN_POINT('',(55.5669027677592,28.615848773262,-11.2328044850986));
#17012=CARTESIAN_POINT('',(55.5669027677828,28.6020337334574,-11.290348267213));
#17013=CARTESIAN_POINT('',(55.586340737577,28.615848773262,-11.1736255772866));
#17014=CARTESIAN_POINT('',(55.5876313147191,28.6158487732596,-11.2331964379756));
#17015=CARTESIAN_POINT('',(55.5888824918736,28.6018532770227,-11.2910999223499));
#17016=CARTESIAN_POINT('',(55.6057583916123,28.615848773262,-11.1729910487066));
#17017=CARTESIAN_POINT('',(55.608324944587,28.6158487732649,-11.2329484585362));
#17018=CARTESIAN_POINT('',(55.6108147067891,28.6016541690599,-11.2912040737581));
#17019=CARTESIAN_POINT('',(55.6251569602259,28.615848773262,-11.1717604278397));
#17020=CARTESIAN_POINT('',(55.6289847887549,28.615848773262,-11.2320997466913));
#17021=CARTESIAN_POINT('',(55.6327022899058,28.6014375506502,-11.2906999388304));
#17022=CARTESIAN_POINT('',(55.6251569602259,28.115848773262,-11.1717604278397));
#17023=CARTESIAN_POINT('',(55.6251569602259,28.615848773262,-11.1717604278397));
#17024=CARTESIAN_POINT('',(55.6289847887549,28.615848773262,-11.2320997466913));
#17025=CARTESIAN_POINT('',(55.6327022899058,28.6014375506501,-11.2906999388304));
#17026=CARTESIAN_POINT('',(56.8674029069944,28.615848773262,-11.1029046956202));
#17027=CARTESIAN_POINT('',(56.8707865638278,28.6146420069492,-11.1842257478739));
#17028=CARTESIAN_POINT('',(56.8573653835764,28.5893171163823,-11.262492828316));
#17029=CARTESIAN_POINT('',(58.0709622682458,28.0086857677901,-11.158132706311));
#17030=CARTESIAN_POINT('',(58.0731382716387,28.0090285561571,-11.2543683711009));
#17031=CARTESIAN_POINT('',(58.0535299073179,27.9786871867984,-11.3437008013428));
#17032=CARTESIAN_POINT('',(58.8092294162296,27.0102664496565,-11.0869681225066));
#17033=CARTESIAN_POINT('',(58.8129320453861,27.0052590800507,-11.1819113657657));
#17034=CARTESIAN_POINT('',(58.7882768276858,26.9798242362484,-11.2702187358686));
#17035=CARTESIAN_POINT('',(58.7882768276858,26.9798242362484,-11.2702187358686));
#17036=CARTESIAN_POINT('',(58.8045194384512,26.9965804568903,-11.2120427238888));
#17037=CARTESIAN_POINT('',(58.8116686712761,27.0069676446549,-11.1495157813351));
#17038=CARTESIAN_POINT('',(58.8092294162296,27.0102664496565,-11.0869681225066));
#17039=CARTESIAN_POINT('',(58.8443621954421,26.9017284535826,-11.2673029572588));
#17040=CARTESIAN_POINT('',(58.8731509836386,26.9212703773865,-11.1789803968304));
#17041=CARTESIAN_POINT('',(58.8734196059197,26.9208851492592,-11.0840523438967));
#17042=CARTESIAN_POINT('',(58.8260115181241,26.9280449501962,-11.2671442327832));
#17043=CARTESIAN_POINT('',(58.853423111916,26.9495542793218,-11.1788208462692));
#17044=CARTESIAN_POINT('',(58.8524170960354,26.9510046074039,-11.0838936194208));
#17045=CARTESIAN_POINT('',(58.8073129724735,26.9540800940188,-11.2681185941496));
#17046=CARTESIAN_POINT('',(58.8333455023638,26.9775553632701,-11.1798004027628));
#17047=CARTESIAN_POINT('',(58.8310164488199,26.9808020555245,-11.0848679807875));
#17048=CARTESIAN_POINT('',(58.7882768276795,26.9798242362571,-11.2702187358687));
#17049=CARTESIAN_POINT('',(58.8129320453812,27.0052590800574,-11.1819113657657));
#17050=CARTESIAN_POINT('',(58.8092294162262,27.0102664496611,-11.0869681225066));
#17051=CARTESIAN_POINT('',(58.8440383147018,26.9022024591556,-11.2672862757466));
#17052=CARTESIAN_POINT('',(58.8628373865603,26.915311262535,-11.2090999172949));
#17053=CARTESIAN_POINT('',(58.8725621751852,26.9221142855838,-11.146583335722));
#17054=CARTESIAN_POINT('',(58.872533652022,26.9221551562516,-11.0840463218742));
#17055=CARTESIAN_POINT('',(58.8725376169339,26.9221578719113,-11.0840356624669));
#17056=CARTESIAN_POINT('',(58.8725376353397,26.922157845625,-11.1789636285202));
#17057=CARTESIAN_POINT('',(58.8440383567479,26.9022023994729,-11.267286275829));
#17058=CARTESIAN_POINT('',(61.6715886535905,22.9246987131406,-11.0840340128324));
#17059=CARTESIAN_POINT('',(61.6715886718502,22.9246986867928,-11.1789619787353));
#17060=CARTESIAN_POINT('',(61.6430893934058,22.9047432406965,-11.2672846261888));
#17061=CARTESIAN_POINT('',(64.4712527468679,18.9263640187791,-11.0840323627485));
#17062=CARTESIAN_POINT('',(64.4712527645583,18.926363992476,-11.1789603287735));
#17063=CARTESIAN_POINT('',(64.442753486703,18.9064085463853,-11.2672829760704));
#17064=CARTESIAN_POINT('',(67.2706103397052,14.92846705241,-11.0840307129913));
#17065=CARTESIAN_POINT('',(67.2706103581111,14.9284670261237,-11.1789586790446));
#17066=CARTESIAN_POINT('',(67.2421110795192,14.9085115799717,-11.2672813263534));
#17067=CARTESIAN_POINT('',(54.4044427995721,21.8999999999999,-16.20527435));
#17068=CARTESIAN_POINT('',(42.395557200428,21.9,-16.20527435));
#17069=CARTESIAN_POINT('',(31.2022213997861,27.1,-18.20527435));
#17070=CARTESIAN_POINT('',(25.197778600214,27.1,-18.20527435));
#17071=CARTESIAN_POINT('',(13.1044427995721,21.9,-18.20527435));
#17072=CARTESIAN_POINT('',(10.1022213997861,27.1,-18.20527435));
#17073=CARTESIAN_POINT('',(4.09777860021395,27.1,-18.20527435));
#17074=CARTESIAN_POINT('',(-7.99555720042787,21.8999999999999,-18.20527435));
#17075=CARTESIAN_POINT('',(-10.9977786002139,27.1,-18.20527435));
#17076=CARTESIAN_POINT('',(-17.0022213997861,27.1,-18.20527435));
#17077=CARTESIAN_POINT('',(-32.457,29.8931882481478,-11.6262906598206));
#17078=CARTESIAN_POINT('',(-30.8629417888416,29.8931882481478,-11.6262906598206));
#17079=CARTESIAN_POINT('',(-30.5750000000041,30.4758703683446,-11.7119166727356));
#17080=CARTESIAN_POINT('',(-30.5750000000027,30.4758703683473,-11.7119166727235));
#17081=CARTESIAN_POINT('',(-30.5750000000013,30.4758703683501,-11.7119166727114));
#17082=CARTESIAN_POINT('',(-30.659907690104,30.4165178691669,-11.7202046719092));
#17083=CARTESIAN_POINT('',(-30.6599076927565,30.4189646642382,-11.7035542936879));
#17084=CARTESIAN_POINT('',(-30.6599076909691,30.4214114646459,-11.6869039162503));
#17085=CARTESIAN_POINT('',(-30.7610146883959,30.3828105358796,-11.727995741733));
#17086=CARTESIAN_POINT('',(-30.7617312860711,30.3886616120217,-11.6991012149582));
#17087=CARTESIAN_POINT('',(-30.7610146883972,30.3913705771922,-11.6697449502667));
#17088=CARTESIAN_POINT('',(-30.862941788844,30.3809176305718,-11.7363817562829));
#17089=CARTESIAN_POINT('',(-30.862941788844,30.389311113016,-11.6991966601174));
#17090=CARTESIAN_POINT('',(-30.862941788844,30.3919702732777,-11.6611688966927));
#17091=CARTESIAN_POINT('',(15.002339705967,26.5622461305964,-14.1232743499568));
#17092=CARTESIAN_POINT('',(2.75344103291652,19.0284609690826,-14.1232743499568));
#17093=CARTESIAN_POINT('',(3.0998511944303,19.2284609690826,-14.1232743499568));
#17094=CARTESIAN_POINT('',(12.3715778694417,16.7441092940712,-14.1232743499568));
#17095=CARTESIAN_POINT('',(3.18645373480875,19.2784609690827,-14.1232743499568));
#17096=CARTESIAN_POINT('',(2.84004357329497,19.0784609690827,-14.1232743499568));
#17097=CARTESIAN_POINT('',(12.316674058874,16.5392054835035,-14.1232743499568));
#17098=CARTESIAN_POINT('',(15.002339705967,26.5622461305964,-11.1232743499568));
#17099=CARTESIAN_POINT('',(2.55344103291653,19.3748711305964,-14.1232743499568));
#17100=CARTESIAN_POINT('',(2.55344103291653,19.3748711305964,-11.62327435));
#17101=CARTESIAN_POINT('',(2.55344103291653,19.3748711305964,-13.7232743499568));
#17102=CARTESIAN_POINT('',(3.41946643670098,19.8748711305964,-13.7232743499568));
#17103=CARTESIAN_POINT('',(2.1204283310243,19.1248711305964,-11.62327435));
#17104=CARTESIAN_POINT('',(15.402339705967,25.8694258075688,-14.1232743499568));
#17105=CARTESIAN_POINT('',(3.38645373480875,18.9320508075689,-14.1232743499568));
#17106=CARTESIAN_POINT('',(3.38645373480875,18.9320508075689,-11.62327435));
#17107=CARTESIAN_POINT('',(3.38645373480875,18.9320508075689,-13.7232743499568));
#17108=CARTESIAN_POINT('',(2.5204283310243,18.4320508075689,-13.7232743499568));
#17109=CARTESIAN_POINT('',(3.81946643670097,19.1820508075689,-11.62327435));
#17110=CARTESIAN_POINT('',(13.702339705967,28.8139121804359,-14.1232743499568));
#17111=CARTESIAN_POINT('',(1.45344103291653,21.2801270189222,-14.1232743499568));
#17112=CARTESIAN_POINT('',(1.7998511944303,21.4801270189222,-14.1232743499568));
#17113=CARTESIAN_POINT('',(11.0715778694417,18.9957753439107,-14.1232743499568));
#17114=CARTESIAN_POINT('',(1.88645373480876,21.5301270189222,-14.1232743499568));
#17115=CARTESIAN_POINT('',(1.54004357329498,21.3301270189222,-14.1232743499568));
#17116=CARTESIAN_POINT('',(11.0166740588741,18.7908715333431,-14.1232743499568));
#17117=CARTESIAN_POINT('',(13.702339705967,28.8139121804359,-11.1232743499568));
#17118=CARTESIAN_POINT('',(1.25344103291653,21.626537180436,-14.1232743499568));
#17119=CARTESIAN_POINT('',(1.25344103291653,21.626537180436,-11.62327435));
#17120=CARTESIAN_POINT('',(1.25344103291653,21.626537180436,-13.7232743499568));
#17121=CARTESIAN_POINT('',(2.11946643670098,22.126537180436,-13.7232743499568));
#17122=CARTESIAN_POINT('',(0.820428331024314,21.376537180436,-11.62327435));
#17123=CARTESIAN_POINT('',(14.102339705967,28.1210918574084,-14.1232743499568));
#17124=CARTESIAN_POINT('',(2.08645373480876,21.1837168574084,-14.1232743499568));
#17125=CARTESIAN_POINT('',(2.08645373480876,21.1837168574084,-11.62327435));
#17126=CARTESIAN_POINT('',(2.08645373480876,21.1837168574084,-13.7232743499568));
#17127=CARTESIAN_POINT('',(1.22042833102431,20.6837168574084,-13.7232743499568));
#17128=CARTESIAN_POINT('',(2.51946643670098,21.4337168574084,-11.62327435));
#17129=CARTESIAN_POINT('',(12.402339705967,31.0655782302755,-14.1232743499568));
#17130=CARTESIAN_POINT('',(0.153441032916538,23.5317930687617,-14.1232743499568));
#17131=CARTESIAN_POINT('',(0.499851194430311,23.7317930687617,-14.1232743499568));
#17132=CARTESIAN_POINT('',(9.77157786944166,21.2474413937502,-14.1232743499568));
#17133=CARTESIAN_POINT('',(0.586453734808761,23.7817930687617,-14.1232743499568));
#17134=CARTESIAN_POINT('',(0.240043573294983,23.5817930687617,-14.1232743499568));
#17135=CARTESIAN_POINT('',(9.71667405887404,21.0425375831826,-14.1232743499568));
#17136=CARTESIAN_POINT('',(12.402339705967,31.0655782302755,-11.1232743499568));
#17137=CARTESIAN_POINT('',(-0.046558967083459,23.8782032302755,-14.1232743499568));
#17138=CARTESIAN_POINT('',(-0.046558967083459,23.8782032302755,-11.62327435));
#17139=CARTESIAN_POINT('',(-0.046558967083459,23.8782032302755,-13.7232743499568));
#17140=CARTESIAN_POINT('',(0.81946643670099,24.3782032302755,-13.7232743499568));
#17141=CARTESIAN_POINT('',(-0.479571668975676,23.6282032302755,-11.62327435));
#17142=CARTESIAN_POINT('',(12.802339705967,30.3727579072479,-14.1232743499568));
#17143=CARTESIAN_POINT('',(0.786453734808761,23.435382907248,-14.1232743499568));
#17144=CARTESIAN_POINT('',(0.786453734808761,23.435382907248,-11.62327435));
#17145=CARTESIAN_POINT('',(0.786453734808761,23.435382907248,-13.7232743499568));
#17146=CARTESIAN_POINT('',(-0.0795716689756769,22.935382907248,-13.7232743499568));
#17147=CARTESIAN_POINT('',(1.21946643670099,23.685382907248,-11.62327435));
#17148=CARTESIAN_POINT('',(11.102339705967,33.317244280115,-14.1232743499568));
#17149=CARTESIAN_POINT('',(-1.14655896708344,25.7834591186013,-14.1232743499568));
#17150=CARTESIAN_POINT('',(-0.80014880556967,25.9834591186013,-14.1232743499568));
#17151=CARTESIAN_POINT('',(8.47157786944171,23.4991074435898,-14.1232743499568));
#17152=CARTESIAN_POINT('',(-0.713546265191238,26.0334591186013,-14.1232743499568));
#17153=CARTESIAN_POINT('',(-1.05995642670502,25.8334591186013,-14.1232743499568));
#17154=CARTESIAN_POINT('',(8.41667405887411,23.2942036330222,-14.1232743499568));
#17155=CARTESIAN_POINT('',(11.102339705967,33.317244280115,-11.1232743499568));
#17156=CARTESIAN_POINT('',(-1.34655896708344,26.1298692801151,-14.1232743499568));
#17157=CARTESIAN_POINT('',(-1.34655896708344,26.1298692801151,-11.62327435));
#17158=CARTESIAN_POINT('',(-1.34655896708344,26.1298692801151,-13.7232743499568));
#17159=CARTESIAN_POINT('',(-0.480533563299005,26.6298692801151,-13.7232743499568));
#17160=CARTESIAN_POINT('',(-1.77957166897567,25.8798692801151,-11.62327435));
#17161=CARTESIAN_POINT('',(11.502339705967,32.6244239570875,-14.1232743499568));
#17162=CARTESIAN_POINT('',(-0.513546265191235,25.6870489570875,-14.1232743499568));
#17163=CARTESIAN_POINT('',(-0.513546265191235,25.6870489570875,-11.62327435));
#17164=CARTESIAN_POINT('',(-0.513546265191235,25.6870489570875,-13.7232743499568));
#17165=CARTESIAN_POINT('',(-1.37957166897567,25.1870489570875,-13.7232743499568));
#17166=CARTESIAN_POINT('',(-0.0805335632990112,25.9370489570875,-11.62327435));
#17167=CARTESIAN_POINT('',(9.802339705967,35.5689103299546,-14.1232743499568));
#17168=CARTESIAN_POINT('',(-2.44655896708344,28.0351251684408,-14.1232743499568));
#17169=CARTESIAN_POINT('',(-2.10014880556966,28.2351251684408,-14.1232743499568));
#17170=CARTESIAN_POINT('',(7.17157786944172,25.7507734934293,-14.1232743499568));
#17171=CARTESIAN_POINT('',(-2.01354626519123,28.2851251684408,-14.1232743499568));
#17172=CARTESIAN_POINT('',(-2.359956426705,28.0851251684408,-14.1232743499568));
#17173=CARTESIAN_POINT('',(7.11667405887401,25.5458696828617,-14.1232743499568));
#17174=CARTESIAN_POINT('',(9.80233970596701,35.5689103299546,-11.1232743499568));
#17175=CARTESIAN_POINT('',(-2.64655896708344,28.3815353299546,-14.1232743499568));
#17176=CARTESIAN_POINT('',(-2.64655896708344,28.3815353299546,-11.62327435));
#17177=CARTESIAN_POINT('',(-2.64655896708344,28.3815353299546,-13.7232743499568));
#17178=CARTESIAN_POINT('',(-1.780533563299,28.8815353299546,-13.7232743499568));
#17179=CARTESIAN_POINT('',(-3.07957166897565,28.1315353299546,-11.62327435));
#17180=CARTESIAN_POINT('',(10.202339705967,34.876090006927,-14.1232743499568));
#17181=CARTESIAN_POINT('',(-1.81354626519123,27.9387150069271,-14.1232743499568));
#17182=CARTESIAN_POINT('',(-1.81354626519123,27.9387150069271,-11.62327435));
#17183=CARTESIAN_POINT('',(-1.81354626519123,27.9387150069271,-13.7232743499568));
#17184=CARTESIAN_POINT('',(-2.67957166897566,27.4387150069271,-13.7232743499568));
#17185=CARTESIAN_POINT('',(-1.380533563299,28.1887150069271,-11.62327435));
#17186=CARTESIAN_POINT('',(11.102339705967,33.317244280115,-11.62327435));
#17187=CARTESIAN_POINT('',(5.19886559060001,24.3760280557649,-16.4148576833333));
#17188=CARTESIAN_POINT('',(-1.34655896708345,26.1298692801151,-11.1232743499568));
#17189=CARTESIAN_POINT('',(-0.800148805569665,25.9834591186013,-13.7232743499568));
#17190=CARTESIAN_POINT('',(4.06946643670097,18.7490381056767,-18.20527435));
#17191=CARTESIAN_POINT('',(2.84004357329498,19.0784609690827,-13.7232743499568));
#17192=CARTESIAN_POINT('',(0.844735800167174,19.6131020755438,-13.4839410166667));
#17193=CARTESIAN_POINT('',(22.1716393754666,29.20033252479,-11.12327435));
#17194=CARTESIAN_POINT('',(15.002339705967,26.5622461305964,-11.62327435));
#17195=CARTESIAN_POINT('',(9.09886559060005,17.6210299062463,-16.4148576833333));
#17196=CARTESIAN_POINT('',(2.55344103291653,19.3748711305964,-11.1232743499568));
#17197=CARTESIAN_POINT('',(3.0998511944303,19.2284609690826,-13.7232743499568));
#17198=CARTESIAN_POINT('',(2.76946643670097,21.0007041555162,-18.20527435));
#17199=CARTESIAN_POINT('',(1.54004357329498,21.3301270189222,-13.7232743499568));
#17200=CARTESIAN_POINT('',(-0.455264199832827,21.8647681253833,-13.4839410166667));
#17201=CARTESIAN_POINT('',(20.8716393754666,31.4519985746296,-11.12327435));
#17202=CARTESIAN_POINT('',(13.702339705967,28.8139121804359,-11.62327435));
#17203=CARTESIAN_POINT('',(7.79886559059994,19.8726959560858,-16.4148576833333));
#17204=CARTESIAN_POINT('',(1.25344103291653,21.626537180436,-11.1232743499568));
#17205=CARTESIAN_POINT('',(1.79985119443031,21.4801270189222,-13.7232743499568));
#17206=CARTESIAN_POINT('',(1.46946643670098,23.2523702053557,-18.20527435));
#17207=CARTESIAN_POINT('',(0.24004357329499,23.5817930687617,-13.7232743499568));
#17208=CARTESIAN_POINT('',(-1.75526419983284,24.1164341752229,-13.4839410166667));
#17209=CARTESIAN_POINT('',(19.5716393754666,33.7036646244691,-11.12327435));
#17210=CARTESIAN_POINT('',(12.402339705967,31.0655782302755,-11.62327435));
#17211=CARTESIAN_POINT('',(6.49886559059993,22.1243620059253,-16.4148576833333));
#17212=CARTESIAN_POINT('',(-0.0465589670834553,23.8782032302755,-11.1232743499568));
#17213=CARTESIAN_POINT('',(0.499851194430313,23.7317930687617,-13.7232743499568));
#17214=CARTESIAN_POINT('',(0.169466436700986,25.5040362551953,-18.20527435));
#17215=CARTESIAN_POINT('',(-1.05995642670501,25.8334591186013,-13.7232743499568));
#17216=CARTESIAN_POINT('',(-3.05526419983281,26.3681002250624,-13.4839410166667));
#17217=CARTESIAN_POINT('',(18.2716393754666,35.9553306743087,-11.12327435));
#17218=CARTESIAN_POINT('',(-1.13053356329901,27.7557023050348,-18.20527435));
#17219=CARTESIAN_POINT('',(-2.359956426705,28.0851251684408,-13.7232743499568));
#17220=CARTESIAN_POINT('',(-4.35526419983281,28.619766274902,-13.4839410166667));
#17221=CARTESIAN_POINT('',(16.9716393754666,38.2069967241482,-11.12327435));
#17222=CARTESIAN_POINT('',(9.80233970596701,35.5689103299546,-11.62327435));
#17223=CARTESIAN_POINT('',(3.8988655906,26.6276941056044,-16.4148576833333));
#17224=CARTESIAN_POINT('',(-2.64655896708344,28.3815353299546,-11.1232743499568));
#17225=CARTESIAN_POINT('',(-2.10014880556966,28.2351251684408,-13.7232743499568));
#17226=CARTESIAN_POINT('',(12.602339705967,30.7191680687617,-13.7232743499568));
#17227=CARTESIAN_POINT('',(11.302339705967,32.9708341186013,-13.7232743499568));
#17228=CARTESIAN_POINT('',(10.002339705967,35.2225001684408,-13.7232743499568));
#17229=CARTESIAN_POINT('',(10.002339705967,35.2225001684408,-13.7232743499568));
#17230=CARTESIAN_POINT('',(11.302339705967,32.9708341186013,-13.7232743499568));
#17231=CARTESIAN_POINT('',(12.602339705967,30.7191680687617,-13.7232743499568));
#17232=CARTESIAN_POINT('',(13.902339705967,28.4675020189222,-13.7232743499568));
#17233=CARTESIAN_POINT('',(13.902339705967,28.4675020189222,-13.7232743499568));
#17234=CARTESIAN_POINT('',(15.202339705967,26.2158359690826,-13.7232743499568));
#17235=CARTESIAN_POINT('',(15.202339705967,26.2158359690826,-13.7232743499568));
#17236=CARTESIAN_POINT('',(36.1023397059672,26.5622461305965,-14.1232743499568));
#17237=CARTESIAN_POINT('',(23.8534410329166,19.0284609690826,-14.1232743499568));
#17238=CARTESIAN_POINT('',(24.1998511944303,19.2284609690826,-14.1232743499568));
#17239=CARTESIAN_POINT('',(33.4715778694419,16.7441092940712,-14.1232743499568));
#17240=CARTESIAN_POINT('',(24.2864537348087,19.2784609690826,-14.1232743499568));
#17241=CARTESIAN_POINT('',(23.9400435732949,19.0784609690826,-14.1232743499568));
#17242=CARTESIAN_POINT('',(33.4166740588742,16.5392054835034,-14.1232743499568));
#17243=CARTESIAN_POINT('',(36.1023397059672,26.5622461305965,-11.1232743499568));
#17244=CARTESIAN_POINT('',(23.6534410329166,19.3748711305964,-14.1232743499568));
#17245=CARTESIAN_POINT('',(23.6534410329166,19.3748711305964,-11.62327435));
#17246=CARTESIAN_POINT('',(23.6534410329166,19.3748711305964,-13.7232743499568));
#17247=CARTESIAN_POINT('',(24.519466436701,19.8748711305964,-13.7232743499568));
#17248=CARTESIAN_POINT('',(23.2204283310244,19.1248711305964,-11.62327435));
#17249=CARTESIAN_POINT('',(36.5023397059672,25.8694258075689,-14.1232743499568));
#17250=CARTESIAN_POINT('',(24.4864537348087,18.9320508075688,-14.1232743499568));
#17251=CARTESIAN_POINT('',(24.4864537348087,18.9320508075688,-11.62327435));
#17252=CARTESIAN_POINT('',(24.4864537348087,18.9320508075688,-13.7232743499568));
#17253=CARTESIAN_POINT('',(23.6204283310244,18.4320508075689,-13.7232743499568));
#17254=CARTESIAN_POINT('',(24.919466436701,19.1820508075689,-11.62327435));
#17255=CARTESIAN_POINT('',(34.8023397059672,28.813912180436,-14.1232743499568));
#17256=CARTESIAN_POINT('',(22.5534410329166,21.2801270189222,-14.1232743499568));
#17257=CARTESIAN_POINT('',(22.8998511944304,21.4801270189222,-14.1232743499568));
#17258=CARTESIAN_POINT('',(32.1715778694419,18.9957753439107,-14.1232743499568));
#17259=CARTESIAN_POINT('',(22.9864537348087,21.5301270189221,-14.1232743499568));
#17260=CARTESIAN_POINT('',(22.640043573295,21.3301270189221,-14.1232743499568));
#17261=CARTESIAN_POINT('',(32.1166740588742,18.790871533343,-14.1232743499568));
#17262=CARTESIAN_POINT('',(34.8023397059672,28.813912180436,-11.1232743499568));
#17263=CARTESIAN_POINT('',(22.3534410329166,21.626537180436,-14.1232743499568));
#17264=CARTESIAN_POINT('',(22.3534410329166,21.626537180436,-11.62327435));
#17265=CARTESIAN_POINT('',(22.3534410329166,21.626537180436,-13.7232743499568));
#17266=CARTESIAN_POINT('',(23.219466436701,22.126537180436,-13.7232743499568));
#17267=CARTESIAN_POINT('',(21.9204283310244,21.376537180436,-11.62327435));
#17268=CARTESIAN_POINT('',(35.2023397059672,28.1210918574085,-14.1232743499568));
#17269=CARTESIAN_POINT('',(23.1864537348087,21.1837168574084,-14.1232743499568));
#17270=CARTESIAN_POINT('',(23.1864537348087,21.1837168574084,-11.62327435));
#17271=CARTESIAN_POINT('',(23.1864537348087,21.1837168574084,-13.7232743499568));
#17272=CARTESIAN_POINT('',(22.3204283310244,20.6837168574084,-13.7232743499568));
#17273=CARTESIAN_POINT('',(23.619466436701,21.4337168574084,-11.62327435));
#17274=CARTESIAN_POINT('',(33.5023397059672,31.0655782302756,-14.1232743499568));
#17275=CARTESIAN_POINT('',(21.2534410329166,23.5317930687617,-14.1232743499568));
#17276=CARTESIAN_POINT('',(21.5998511944304,23.7317930687617,-14.1232743499568));
#17277=CARTESIAN_POINT('',(30.8715778694418,21.2474413937502,-14.1232743499568));
#17278=CARTESIAN_POINT('',(21.6864537348087,23.7817930687617,-14.1232743499568));
#17279=CARTESIAN_POINT('',(21.340043573295,23.5817930687617,-14.1232743499568));
#17280=CARTESIAN_POINT('',(30.8166740588742,21.0425375831825,-14.1232743499568));
#17281=CARTESIAN_POINT('',(33.5023397059672,31.0655782302756,-11.1232743499568));
#17282=CARTESIAN_POINT('',(21.0534410329166,23.8782032302755,-14.1232743499568));
#17283=CARTESIAN_POINT('',(21.0534410329166,23.8782032302755,-11.62327435));
#17284=CARTESIAN_POINT('',(21.0534410329166,23.8782032302755,-13.7232743499568));
#17285=CARTESIAN_POINT('',(21.9194664367011,24.3782032302755,-13.7232743499568));
#17286=CARTESIAN_POINT('',(20.6204283310244,23.6282032302755,-11.62327435));
#17287=CARTESIAN_POINT('',(33.9023397059672,30.372757907248,-14.1232743499568));
#17288=CARTESIAN_POINT('',(21.8864537348087,23.4353829072479,-14.1232743499568));
#17289=CARTESIAN_POINT('',(21.8864537348087,23.4353829072479,-11.62327435));
#17290=CARTESIAN_POINT('',(21.8864537348087,23.4353829072479,-13.7232743499568));
#17291=CARTESIAN_POINT('',(21.0204283310244,22.935382907248,-13.7232743499568));
#17292=CARTESIAN_POINT('',(22.319466436701,23.685382907248,-11.62327435));
#17293=CARTESIAN_POINT('',(32.2023397059672,33.3172442801151,-14.1232743499568));
#17294=CARTESIAN_POINT('',(19.9534410329166,25.7834591186013,-14.1232743499568));
#17295=CARTESIAN_POINT('',(20.2998511944304,25.9834591186013,-14.1232743499568));
#17296=CARTESIAN_POINT('',(29.5715778694418,23.4991074435897,-14.1232743499568));
#17297=CARTESIAN_POINT('',(20.3864537348087,26.0334591186012,-14.1232743499568));
#17298=CARTESIAN_POINT('',(20.040043573295,25.8334591186012,-14.1232743499568));
#17299=CARTESIAN_POINT('',(29.5166740588743,23.2942036330221,-14.1232743499568));
#17300=CARTESIAN_POINT('',(32.2023397059672,33.3172442801151,-11.1232743499568));
#17301=CARTESIAN_POINT('',(19.7534410329166,26.1298692801151,-14.1232743499568));
#17302=CARTESIAN_POINT('',(19.7534410329166,26.1298692801151,-11.62327435));
#17303=CARTESIAN_POINT('',(19.7534410329166,26.1298692801151,-13.7232743499568));
#17304=CARTESIAN_POINT('',(20.6194664367011,26.6298692801151,-13.7232743499568));
#17305=CARTESIAN_POINT('',(19.3204283310244,25.8798692801151,-11.62327435));
#17306=CARTESIAN_POINT('',(32.6023397059672,32.6244239570876,-14.1232743499568));
#17307=CARTESIAN_POINT('',(20.5864537348087,25.6870489570875,-14.1232743499568));
#17308=CARTESIAN_POINT('',(20.5864537348087,25.6870489570875,-11.62327435));
#17309=CARTESIAN_POINT('',(20.5864537348087,25.6870489570875,-13.7232743499568));
#17310=CARTESIAN_POINT('',(19.7204283310244,25.1870489570875,-13.7232743499568));
#17311=CARTESIAN_POINT('',(21.0194664367011,25.9370489570875,-11.62327435));
#17312=CARTESIAN_POINT('',(30.9023397059672,35.5689103299547,-14.1232743499568));
#17313=CARTESIAN_POINT('',(18.6534410329166,28.0351251684408,-14.1232743499568));
#17314=CARTESIAN_POINT('',(18.9998511944304,28.2351251684408,-14.1232743499568));
#17315=CARTESIAN_POINT('',(28.2715778694419,25.7507734934293,-14.1232743499568));
#17316=CARTESIAN_POINT('',(19.0864537348088,28.2851251684408,-14.1232743499568));
#17317=CARTESIAN_POINT('',(18.740043573295,28.0851251684408,-14.1232743499568));
#17318=CARTESIAN_POINT('',(28.2166740588741,25.5458696828616,-14.1232743499568));
#17319=CARTESIAN_POINT('',(30.9023397059672,35.5689103299547,-11.1232743499568));
#17320=CARTESIAN_POINT('',(18.4534410329166,28.3815353299546,-14.1232743499568));
#17321=CARTESIAN_POINT('',(18.4534410329166,28.3815353299546,-11.62327435));
#17322=CARTESIAN_POINT('',(18.4534410329166,28.3815353299546,-13.7232743499568));
#17323=CARTESIAN_POINT('',(19.3194664367011,28.8815353299546,-13.7232743499568));
#17324=CARTESIAN_POINT('',(18.0204283310244,28.1315353299546,-11.62327435));
#17325=CARTESIAN_POINT('',(31.3023397059672,34.8760900069271,-14.1232743499568));
#17326=CARTESIAN_POINT('',(19.2864537348088,27.938715006927,-14.1232743499568));
#17327=CARTESIAN_POINT('',(19.2864537348088,27.938715006927,-11.62327435));
#17328=CARTESIAN_POINT('',(19.2864537348088,27.938715006927,-13.7232743499568));
#17329=CARTESIAN_POINT('',(18.4204283310244,27.4387150069271,-13.7232743499568));
#17330=CARTESIAN_POINT('',(19.7194664367011,28.1887150069271,-11.62327435));
#17331=CARTESIAN_POINT('',(32.2023397059672,33.3172442801151,-11.62327435));
#17332=CARTESIAN_POINT('',(26.2988655906001,24.3760280557648,-16.4148576833334));
#17333=CARTESIAN_POINT('',(19.7534410329166,26.1298692801151,-11.1232743499568));
#17334=CARTESIAN_POINT('',(20.2998511944304,25.9834591186013,-13.7232743499568));
#17335=CARTESIAN_POINT('',(25.1694664367009,18.7490381056766,-18.20527435));
#17336=CARTESIAN_POINT('',(23.9400435732949,19.0784609690826,-13.7232743499568));
#17337=CARTESIAN_POINT('',(21.9447358001671,19.6131020755438,-13.4839410166667));
#17338=CARTESIAN_POINT('',(27.4466393754665,20.0637645148642,-11.12327435));
#17339=CARTESIAN_POINT('',(36.1023397059672,26.5622461305965,-11.62327435));
#17340=CARTESIAN_POINT('',(30.1988655906002,17.6210299062462,-16.4148576833334));
#17341=CARTESIAN_POINT('',(23.6534410329166,19.3748711305964,-11.1232743499568));
#17342=CARTESIAN_POINT('',(24.1998511944303,19.2284609690826,-13.7232743499568));
#17343=CARTESIAN_POINT('',(23.869466436701,21.0007041555161,-18.20527435));
#17344=CARTESIAN_POINT('',(22.640043573295,21.3301270189221,-13.7232743499568));
#17345=CARTESIAN_POINT('',(20.6447358001672,21.8647681253833,-13.4839410166667));
#17346=CARTESIAN_POINT('',(26.1466393754665,22.3154305647038,-11.12327435));
#17347=CARTESIAN_POINT('',(34.8023397059672,28.813912180436,-11.62327435));
#17348=CARTESIAN_POINT('',(28.8988655906002,19.8726959560858,-16.4148576833334));
#17349=CARTESIAN_POINT('',(22.3534410329166,21.626537180436,-11.1232743499568));
#17350=CARTESIAN_POINT('',(22.8998511944304,21.4801270189222,-13.7232743499568));
#17351=CARTESIAN_POINT('',(22.569466436701,23.2523702053557,-18.20527435));
#17352=CARTESIAN_POINT('',(21.340043573295,23.5817930687617,-13.7232743499568));
#17353=CARTESIAN_POINT('',(19.3447358001672,24.1164341752229,-13.4839410166667));
#17354=CARTESIAN_POINT('',(24.8466393754665,24.5670966145433,-11.12327435));
#17355=CARTESIAN_POINT('',(33.5023397059672,31.0655782302756,-11.62327435));
#17356=CARTESIAN_POINT('',(27.5988655906,22.1243620059253,-16.4148576833334));
#17357=CARTESIAN_POINT('',(21.0534410329166,23.8782032302755,-11.1232743499568));
#17358=CARTESIAN_POINT('',(21.5998511944304,23.7317930687617,-13.7232743499568));
#17359=CARTESIAN_POINT('',(21.269466436701,25.5040362551952,-18.20527435));
#17360=CARTESIAN_POINT('',(20.040043573295,25.8334591186012,-13.7232743499568));
#17361=CARTESIAN_POINT('',(18.0447358001672,26.3681002250624,-13.4839410166667));
#17362=CARTESIAN_POINT('',(23.5466393754665,26.8187626643829,-11.12327435));
#17363=CARTESIAN_POINT('',(19.969466436701,27.7557023050348,-18.20527435));
#17364=CARTESIAN_POINT('',(18.740043573295,28.0851251684408,-13.7232743499568));
#17365=CARTESIAN_POINT('',(16.7447358001672,28.619766274902,-13.4839410166667));
#17366=CARTESIAN_POINT('',(22.2466393754665,29.0704287142224,-11.12327435));
#17367=CARTESIAN_POINT('',(30.9023397059672,35.5689103299547,-11.62327435));
#17368=CARTESIAN_POINT('',(24.9988655906001,26.6276941056044,-16.4148576833334));
#17369=CARTESIAN_POINT('',(18.4534410329166,28.3815353299546,-11.1232743499568));
#17370=CARTESIAN_POINT('',(18.9998511944304,28.2351251684408,-13.7232743499568));
#17371=CARTESIAN_POINT('',(33.7023397059672,30.7191680687618,-13.7232743499568));
#17372=CARTESIAN_POINT('',(32.4023397059672,32.9708341186013,-13.7232743499568));
#17373=CARTESIAN_POINT('',(31.1023397059672,35.2225001684409,-13.7232743499568));
#17374=CARTESIAN_POINT('',(31.1023397059672,35.2225001684409,-13.7232743499568));
#17375=CARTESIAN_POINT('',(32.4023397059672,32.9708341186013,-13.7232743499568));
#17376=CARTESIAN_POINT('',(33.7023397059672,30.7191680687618,-13.7232743499568));
#17377=CARTESIAN_POINT('',(35.0023397059672,28.4675020189222,-13.7232743499568));
#17378=CARTESIAN_POINT('',(35.0023397059672,28.4675020189222,-13.7232743499568));
#17379=CARTESIAN_POINT('',(36.3023397059672,26.2158359690827,-13.7232743499568));
#17380=CARTESIAN_POINT('',(36.3023397059672,26.2158359690827,-13.7232743499568));
#17381=CARTESIAN_POINT('',(30.3524791385931,14.7174665251543,-14.54327435));
#17382=CARTESIAN_POINT('',(30.3524791385931,15.5,-14.54327435));
#17383=CARTESIAN_POINT('',(30.3524791385931,15.5,-11.8303811311865));
#17384=CARTESIAN_POINT('',(30.3524791385931,15.5,-14.14327435));
#17385=CARTESIAN_POINT('',(30.3524791385931,16.2,-14.14327435));
#17386=CARTESIAN_POINT('',(30.3524791385931,16.2,-14.14327435));
#17387=CARTESIAN_POINT('',(30.3524791385931,16.2,-11.62327435));
#17388=CARTESIAN_POINT('',(30.3524791385931,16.2,-11.8303811311865));
#17389=CARTESIAN_POINT('',(30.3524791385931,15.5,-11.8303811311865));
#17390=CARTESIAN_POINT('',(31.1524791385931,14.7174665251543,-11.1232743499568));
#17391=CARTESIAN_POINT('',(31.1524791385931,16.2,-14.54327435));
#17392=CARTESIAN_POINT('',(31.1524791385931,16.2,-11.8303811311865));
#17393=CARTESIAN_POINT('',(31.1524791385931,16.2,-14.14327435));
#17394=CARTESIAN_POINT('',(31.1524791385931,15.5,-14.14327435));
#17395=CARTESIAN_POINT('',(31.1524791385931,15.5,-14.14327435));
#17396=CARTESIAN_POINT('',(31.1524791385931,15.5,-11.62327435));
#17397=CARTESIAN_POINT('',(31.1524791385931,15.5,-11.8303811311865));
#17398=CARTESIAN_POINT('',(31.1524791385931,16.2,-11.8303811311865));
#17399=CARTESIAN_POINT('',(31.1524791385931,14.7174665251543,-14.54327435));
#17400=CARTESIAN_POINT('',(31.6524791385931,15.5,-14.54327435));
#17401=CARTESIAN_POINT('',(30.7580519475932,15.4,-14.54327435));
#17402=CARTESIAN_POINT('',(30.7524791385931,15.5,-14.54327435));
#17403=CARTESIAN_POINT('',(29.8524791385931,15.5,-14.54327435));
#17404=CARTESIAN_POINT('',(30.746906329593,15.4,-14.54327435));
#17405=CARTESIAN_POINT('',(31.6524791385931,15.4,-14.54327435));
#17406=CARTESIAN_POINT('',(29.8524791385931,13.4760488379616,-11.12327435));
#17407=CARTESIAN_POINT('',(29.8524791385931,15.5,-11.12327435));
#17408=CARTESIAN_POINT('',(30.2060325291864,15.5,-11.4768277405933));
#17409=CARTESIAN_POINT('',(30.2060325291864,16.2,-11.4768277405933));
#17410=CARTESIAN_POINT('',(30.2060325291864,16.2,-11.4768277405933));
#17411=CARTESIAN_POINT('',(29.8524791385931,16.2,-11.12327435));
#17412=CARTESIAN_POINT('',(31.1524791385931,14.7174665251543,-11.62327435));
#17413=CARTESIAN_POINT('',(31.2989257479998,15.5,-11.4768277405933));
#17414=CARTESIAN_POINT('',(31.2989257479998,16.2,-11.4768277405933));
#17415=CARTESIAN_POINT('',(31.2989257479998,15.5,-11.4768277405933));
#17416=CARTESIAN_POINT('',(31.1524791385931,15.5,-11.62327435));
#17417=CARTESIAN_POINT('',(31.1524791385931,16.2,-11.62327435));
#17418=CARTESIAN_POINT('',(29.8524791385931,15.5,-8.91927435));
#17419=CARTESIAN_POINT('',(29.8524791385931,15.5,-14.14327435));
#17420=CARTESIAN_POINT('',(29.8524791385931,15.5,-11.8303811311865));
#17421=CARTESIAN_POINT('',(31.6524791385931,15.5,-8.91927435));
#17422=CARTESIAN_POINT('',(31.6524791385931,15.5,-14.14327435));
#17423=CARTESIAN_POINT('',(31.6524791385931,15.5,-11.8303811311865));
#17424=CARTESIAN_POINT('',(29.8524791385931,16.2,-14.54327435));
#17425=CARTESIAN_POINT('',(29.8524791385931,16.2,-14.14327435));
#17426=CARTESIAN_POINT('',(29.8524791385931,16.2,-11.8303811311865));
#17427=CARTESIAN_POINT('',(31.6524791385931,16.2,-11.1232743499568));
#17428=CARTESIAN_POINT('',(31.6524791385931,16.2,-14.14327435));
#17429=CARTESIAN_POINT('',(31.6524791385931,16.2,-11.8303811311865));
#17430=CARTESIAN_POINT('',(29.4989257479998,16.2,-11.4768277405933));
#17431=CARTESIAN_POINT('',(29.8524791385931,16.2,-11.8303811311865));
#17432=CARTESIAN_POINT('',(29.8524791385931,16.2,-11.8303811311865));
#17433=CARTESIAN_POINT('',(29.8524791385931,16.2,-11.8303811311865));
#17434=CARTESIAN_POINT('',(29.8524791385931,14.7174665251543,-11.8303811311865));
#17435=CARTESIAN_POINT('',(29.8524791385931,15.5,-11.8303811311865));
#17436=CARTESIAN_POINT('',(29.8524791385931,15.5,-11.8303811311865));
#17437=CARTESIAN_POINT('',(29.8524791385931,15.5,-11.8303811311865));
#17438=CARTESIAN_POINT('',(-1.15451701204257,15.5,19.1766150194491));
#17439=CARTESIAN_POINT('',(-2.10235755105942,16.2,-45.5852178208391));
#17440=CARTESIAN_POINT('',(31.6524791385931,16.2,-11.8303811311865));
#17441=CARTESIAN_POINT('',(31.6524791385931,16.2,-11.8303811311865));
#17442=CARTESIAN_POINT('',(31.6524791385931,16.2,-11.8303811311865));
#17443=CARTESIAN_POINT('',(31.6524791385931,14.7174665251543,-11.8303811311865));
#17444=CARTESIAN_POINT('',(31.6524791385931,15.5,-11.8303811311865));
#17445=CARTESIAN_POINT('',(31.6524791385931,15.5,-11.8303811311865));
#17446=CARTESIAN_POINT('',(31.6524791385931,15.5,-11.8303811311865));
#17447=CARTESIAN_POINT('',(31.5060325291864,15.5,-11.9768277405933));
#17448=CARTESIAN_POINT('',(35.3524791385931,14.7174665251543,-14.54327435));
#17449=CARTESIAN_POINT('',(35.3524791385931,15.5,-14.54327435));
#17450=CARTESIAN_POINT('',(35.3524791385931,15.5,-11.8303811311865));
#17451=CARTESIAN_POINT('',(35.3524791385931,15.5,-14.14327435));
#17452=CARTESIAN_POINT('',(35.3524791385931,16.2,-14.14327435));
#17453=CARTESIAN_POINT('',(35.3524791385931,16.2,-14.14327435));
#17454=CARTESIAN_POINT('',(35.3524791385931,16.2,-11.62327435));
#17455=CARTESIAN_POINT('',(35.3524791385931,16.2,-11.8303811311865));
#17456=CARTESIAN_POINT('',(35.3524791385931,15.5,-11.8303811311865));
#17457=CARTESIAN_POINT('',(36.1524791385931,14.7174665251543,-11.1232743499568));
#17458=CARTESIAN_POINT('',(36.1524791385931,16.2,-14.54327435));
#17459=CARTESIAN_POINT('',(36.1524791385931,16.2,-11.8303811311865));
#17460=CARTESIAN_POINT('',(36.1524791385931,16.2,-14.14327435));
#17461=CARTESIAN_POINT('',(36.1524791385931,15.5,-14.14327435));
#17462=CARTESIAN_POINT('',(36.1524791385931,15.5,-14.14327435));
#17463=CARTESIAN_POINT('',(36.1524791385931,15.5,-11.62327435));
#17464=CARTESIAN_POINT('',(36.1524791385931,15.5,-11.8303811311865));
#17465=CARTESIAN_POINT('',(36.1524791385931,16.2,-11.8303811311865));
#17466=CARTESIAN_POINT('',(36.1524791385931,14.7174665251543,-14.54327435));
#17467=CARTESIAN_POINT('',(34.8524791385931,16.2,-14.54327435));
#17468=CARTESIAN_POINT('',(35.7524791385931,16.2,-14.54327435));
#17469=CARTESIAN_POINT('',(36.6524791385931,16.2,-14.54327435));
#17470=CARTESIAN_POINT('',(34.8524791385931,13.4760488379616,-11.12327435));
#17471=CARTESIAN_POINT('',(34.8524791385931,15.5,-11.12327435));
#17472=CARTESIAN_POINT('',(35.2060325291864,15.5,-11.4768277405933));
#17473=CARTESIAN_POINT('',(35.2060325291864,16.2,-11.4768277405933));
#17474=CARTESIAN_POINT('',(35.2060325291864,16.2,-11.4768277405933));
#17475=CARTESIAN_POINT('',(34.8524791385931,16.2,-11.12327435));
#17476=CARTESIAN_POINT('',(36.1524791385931,14.7174665251543,-11.62327435));
#17477=CARTESIAN_POINT('',(36.2989257479999,15.5,-11.4768277405933));
#17478=CARTESIAN_POINT('',(36.2989257479999,16.2,-11.4768277405933));
#17479=CARTESIAN_POINT('',(36.2989257479999,15.5,-11.4768277405933));
#17480=CARTESIAN_POINT('',(36.1524791385931,15.5,-11.62327435));
#17481=CARTESIAN_POINT('',(36.1524791385931,16.2,-11.62327435));
#17482=CARTESIAN_POINT('',(34.8524791385931,15.5,-8.91927435));
#17483=CARTESIAN_POINT('',(34.8524791385931,15.5,-14.14327435));
#17484=CARTESIAN_POINT('',(34.8524791385931,15.5,-11.8303811311866));
#17485=CARTESIAN_POINT('',(36.6524791385931,15.5,-8.91927435));
#17486=CARTESIAN_POINT('',(36.6524791385931,15.5,-14.14327435));
#17487=CARTESIAN_POINT('',(36.6524791385931,15.5,-11.8303811311865));
#17488=CARTESIAN_POINT('',(34.8524791385931,16.2,-14.54327435));
#17489=CARTESIAN_POINT('',(34.8524791385931,16.2,-14.14327435));
#17490=CARTESIAN_POINT('',(34.8524791385931,16.2,-11.8303811311865));
#17491=CARTESIAN_POINT('',(36.6524791385931,16.2,-11.1232743499568));
#17492=CARTESIAN_POINT('',(36.6524791385931,16.2,-14.14327435));
#17493=CARTESIAN_POINT('',(36.6524791385931,16.2,-11.8303811311865));
#17494=CARTESIAN_POINT('',(34.4989257479999,16.2,-11.4768277405933));
#17495=CARTESIAN_POINT('',(34.8524791385931,16.2,-11.8303811311865));
#17496=CARTESIAN_POINT('',(34.8524791385931,16.2,-11.8303811311865));
#17497=CARTESIAN_POINT('',(34.8524791385931,16.2,-11.8303811311865));
#17498=CARTESIAN_POINT('',(34.8524791385931,14.7174665251543,-11.8303811311865));
#17499=CARTESIAN_POINT('',(34.8524791385931,15.5,-11.8303811311865));
#17500=CARTESIAN_POINT('',(34.8524791385931,15.5,-11.8303811311866));
#17501=CARTESIAN_POINT('',(34.8524791385931,15.5,-11.8303811311866));
#17502=CARTESIAN_POINT('',(1.34548298795744,15.5,21.6766150194491));
#17503=CARTESIAN_POINT('',(0.397642448940586,16.2,-48.0852178208391));
#17504=CARTESIAN_POINT('',(36.6524791385931,16.2,-11.8303811311865));
#17505=CARTESIAN_POINT('',(36.6524791385931,16.2,-11.8303811311865));
#17506=CARTESIAN_POINT('',(36.6524791385931,16.2,-11.8303811311865));
#17507=CARTESIAN_POINT('',(36.6524791385931,14.7174665251543,-11.8303811311865));
#17508=CARTESIAN_POINT('',(36.6524791385931,15.5,-11.8303811311865));
#17509=CARTESIAN_POINT('',(36.6524791385931,15.5,-11.8303811311865));
#17510=CARTESIAN_POINT('',(36.6524791385931,15.5,-11.8303811311865));
#17511=CARTESIAN_POINT('',(36.5060325291864,15.5,-11.9768277405933));
#17512=CARTESIAN_POINT('',(40.3524791385931,14.7174665251543,-14.54327435));
#17513=CARTESIAN_POINT('',(40.3524791385931,15.5,-14.54327435));
#17514=CARTESIAN_POINT('',(40.3524791385931,15.5,-11.8303811311865));
#17515=CARTESIAN_POINT('',(40.3524791385931,15.5,-14.14327435));
#17516=CARTESIAN_POINT('',(40.3524791385931,16.2,-14.14327435));
#17517=CARTESIAN_POINT('',(40.3524791385931,16.2,-14.14327435));
#17518=CARTESIAN_POINT('',(40.3524791385931,16.2,-11.62327435));
#17519=CARTESIAN_POINT('',(40.3524791385931,16.2,-11.8303811311865));
#17520=CARTESIAN_POINT('',(40.3524791385931,15.5,-11.8303811311865));
#17521=CARTESIAN_POINT('',(41.1524791385931,14.7174665251543,-11.1232743499568));
#17522=CARTESIAN_POINT('',(41.1524791385931,16.2,-14.54327435));
#17523=CARTESIAN_POINT('',(41.1524791385931,16.2,-11.8303811311865));
#17524=CARTESIAN_POINT('',(41.1524791385931,16.2,-14.14327435));
#17525=CARTESIAN_POINT('',(41.1524791385931,15.5,-14.14327435));
#17526=CARTESIAN_POINT('',(41.1524791385931,15.5,-14.14327435));
#17527=CARTESIAN_POINT('',(41.1524791385931,15.5,-11.62327435));
#17528=CARTESIAN_POINT('',(41.1524791385931,15.5,-11.8303811311865));
#17529=CARTESIAN_POINT('',(41.1524791385931,16.2,-11.8303811311865));
#17530=CARTESIAN_POINT('',(41.1524791385931,14.7174665251543,-14.54327435));
#17531=CARTESIAN_POINT('',(39.8524791385931,15.5,-14.54327435));
#17532=CARTESIAN_POINT('',(40.7524791385931,15.5,-14.54327435));
#17533=CARTESIAN_POINT('',(40.746906329593,15.4,-14.54327435));
#17534=CARTESIAN_POINT('',(41.6524791385931,15.4,-14.54327435));
#17535=CARTESIAN_POINT('',(40.7580519475932,15.4,-14.54327435));
#17536=CARTESIAN_POINT('',(41.6524791385931,15.5,-14.54327435));
#17537=CARTESIAN_POINT('',(39.8524791385931,13.4760488379616,-11.12327435));
#17538=CARTESIAN_POINT('',(39.8524791385931,15.5,-11.12327435));
#17539=CARTESIAN_POINT('',(40.2060325291864,15.5,-11.4768277405933));
#17540=CARTESIAN_POINT('',(40.2060325291864,16.2,-11.4768277405933));
#17541=CARTESIAN_POINT('',(40.2060325291864,16.2,-11.4768277405933));
#17542=CARTESIAN_POINT('',(39.8524791385931,16.2,-11.12327435));
#17543=CARTESIAN_POINT('',(41.1524791385931,14.7174665251543,-11.62327435));
#17544=CARTESIAN_POINT('',(41.2989257479999,15.5,-11.4768277405933));
#17545=CARTESIAN_POINT('',(41.2989257479999,16.2,-11.4768277405933));
#17546=CARTESIAN_POINT('',(41.2989257479999,15.5,-11.4768277405933));
#17547=CARTESIAN_POINT('',(41.1524791385931,15.5,-11.62327435));
#17548=CARTESIAN_POINT('',(41.1524791385931,16.2,-11.62327435));
#17549=CARTESIAN_POINT('',(39.8524791385931,15.5,-8.91927435));
#17550=CARTESIAN_POINT('',(39.8524791385931,15.5,-14.14327435));
#17551=CARTESIAN_POINT('',(39.8524791385931,15.5,-11.8303811311865));
#17552=CARTESIAN_POINT('',(41.6524791385931,15.5,-8.91927435));
#17553=CARTESIAN_POINT('',(41.6524791385931,15.5,-14.14327435));
#17554=CARTESIAN_POINT('',(41.6524791385931,15.5,-11.8303811311865));
#17555=CARTESIAN_POINT('',(39.8524791385931,16.2,-14.54327435));
#17556=CARTESIAN_POINT('',(39.8524791385931,16.2,-14.14327435));
#17557=CARTESIAN_POINT('',(39.8524791385931,16.2,-11.8303811311865));
#17558=CARTESIAN_POINT('',(41.6524791385931,16.2,-11.1232743499568));
#17559=CARTESIAN_POINT('',(41.6524791385931,16.2,-14.14327435));
#17560=CARTESIAN_POINT('',(41.6524791385931,16.2,-11.8303811311865));
#17561=CARTESIAN_POINT('',(39.4989257479999,16.2,-11.4768277405933));
#17562=CARTESIAN_POINT('',(39.8524791385931,16.2,-11.8303811311865));
#17563=CARTESIAN_POINT('',(39.8524791385931,16.2,-11.8303811311865));
#17564=CARTESIAN_POINT('',(39.8524791385931,16.2,-11.8303811311865));
#17565=CARTESIAN_POINT('',(39.8524791385931,14.7174665251543,-11.8303811311865));
#17566=CARTESIAN_POINT('',(39.8524791385931,15.5,-11.8303811311865));
#17567=CARTESIAN_POINT('',(39.8524791385931,15.5,-11.8303811311865));
#17568=CARTESIAN_POINT('',(39.8524791385931,15.5,-11.8303811311865));
#17569=CARTESIAN_POINT('',(3.84548298795744,15.5,24.1766150194491));
#17570=CARTESIAN_POINT('',(2.89764244894058,16.2,-50.5852178208391));
#17571=CARTESIAN_POINT('',(41.6524791385931,16.2,-11.8303811311865));
#17572=CARTESIAN_POINT('',(41.6524791385931,16.2,-11.8303811311865));
#17573=CARTESIAN_POINT('',(41.6524791385931,16.2,-11.8303811311865));
#17574=CARTESIAN_POINT('',(41.6524791385931,14.7174665251543,-11.8303811311865));
#17575=CARTESIAN_POINT('',(41.6524791385931,15.5,-11.8303811311865));
#17576=CARTESIAN_POINT('',(41.6524791385931,15.5,-11.8303811311865));
#17577=CARTESIAN_POINT('',(41.6524791385931,15.5,-11.8303811311865));
#17578=CARTESIAN_POINT('',(41.5060325291864,15.5,-11.9768277405933));
#17579=CARTESIAN_POINT('',(45.3524791385931,14.7174665251543,-14.54327435));
#17580=CARTESIAN_POINT('',(45.3524791385931,15.5,-14.54327435));
#17581=CARTESIAN_POINT('',(45.3524791385931,15.5,-11.8303811311865));
#17582=CARTESIAN_POINT('',(45.3524791385931,15.5,-14.14327435));
#17583=CARTESIAN_POINT('',(45.3524791385931,14.7174665251543,-14.14327435));
#17584=CARTESIAN_POINT('',(45.3524791385931,16.2,-14.14327435));
#17585=CARTESIAN_POINT('',(45.3524791385931,16.2,-11.62327435));
#17586=CARTESIAN_POINT('',(45.3524791385931,16.2,-11.8303811311865));
#17587=CARTESIAN_POINT('',(45.3524791385931,15.5,-11.8303811311865));
#17588=CARTESIAN_POINT('',(46.1524791385931,14.7174665251543,-11.1232743499568));
#17589=CARTESIAN_POINT('',(46.1524791385931,16.2,-14.54327435));
#17590=CARTESIAN_POINT('',(46.1524791385931,16.2,-11.8303811311865));
#17591=CARTESIAN_POINT('',(46.1524791385931,16.2,-14.14327435));
#17592=CARTESIAN_POINT('',(46.1524791385931,14.7174665251543,-14.14327435));
#17593=CARTESIAN_POINT('',(46.1524791385931,15.5,-14.14327435));
#17594=CARTESIAN_POINT('',(46.1524791385931,15.5,-11.62327435));
#17595=CARTESIAN_POINT('',(46.1524791385931,15.5,-11.8303811311865));
#17596=CARTESIAN_POINT('',(46.1524791385931,16.2,-11.8303811311865));
#17597=CARTESIAN_POINT('',(44.8524791385931,13.4760488379616,-11.12327435));
#17598=CARTESIAN_POINT('',(44.8524791385931,15.5,-11.12327435));
#17599=CARTESIAN_POINT('',(45.2060325291864,15.5,-11.4768277405933));
#17600=CARTESIAN_POINT('',(45.2060325291864,16.2,-11.4768277405933));
#17601=CARTESIAN_POINT('',(45.2060325291864,16.2,-11.4768277405933));
#17602=CARTESIAN_POINT('',(44.8524791385931,16.2,-11.12327435));
#17603=CARTESIAN_POINT('',(46.1524791385931,14.7174665251543,-11.62327435));
#17604=CARTESIAN_POINT('',(46.2989257479999,15.5,-11.4768277405933));
#17605=CARTESIAN_POINT('',(46.2989257479999,16.2,-11.4768277405933));
#17606=CARTESIAN_POINT('',(46.2989257479999,15.5,-11.4768277405933));
#17607=CARTESIAN_POINT('',(46.1524791385931,15.5,-11.62327435));
#17608=CARTESIAN_POINT('',(46.1524791385931,16.2,-11.62327435));
#17609=CARTESIAN_POINT('',(44.8524791385931,15.5,-8.91927435));
#17610=CARTESIAN_POINT('',(44.8524791385931,15.5,-14.14327435));
#17611=CARTESIAN_POINT('',(44.8524791385931,15.5,-11.8303811311865));
#17612=CARTESIAN_POINT('',(46.6524791385931,15.5,-8.91927435));
#17613=CARTESIAN_POINT('',(46.6524791385931,15.5,-14.14327435));
#17614=CARTESIAN_POINT('',(46.6524791385931,15.5,-11.8303811311865));
#17615=CARTESIAN_POINT('',(44.8524791385931,16.2,-14.54327435));
#17616=CARTESIAN_POINT('',(44.8524791385931,16.2,-14.14327435));
#17617=CARTESIAN_POINT('',(44.8524791385931,16.2,-11.8303811311865));
#17618=CARTESIAN_POINT('',(46.6524791385931,16.2,-11.1232743499568));
#17619=CARTESIAN_POINT('',(46.6524791385931,16.2,-14.14327435));
#17620=CARTESIAN_POINT('',(46.6524791385931,16.2,-11.8303811311865));
#17621=CARTESIAN_POINT('',(44.4989257479998,16.2,-11.4768277405933));
#17622=CARTESIAN_POINT('',(44.8524791385931,16.2,-11.8303811311865));
#17623=CARTESIAN_POINT('',(44.8524791385931,16.2,-11.8303811311865));
#17624=CARTESIAN_POINT('',(44.8524791385931,16.2,-11.8303811311865));
#17625=CARTESIAN_POINT('',(44.8524791385931,14.7174665251543,-11.8303811311865));
#17626=CARTESIAN_POINT('',(44.8524791385931,15.5,-11.8303811311865));
#17627=CARTESIAN_POINT('',(44.8524791385931,15.5,-11.8303811311865));
#17628=CARTESIAN_POINT('',(44.8524791385931,15.5,-11.8303811311865));
#17629=CARTESIAN_POINT('',(6.34548298795744,15.5,26.6766150194491));
#17630=CARTESIAN_POINT('',(5.39764244894059,16.2,-53.0852178208391));
#17631=CARTESIAN_POINT('',(46.6524791385931,16.2,-11.8303811311865));
#17632=CARTESIAN_POINT('',(46.6524791385931,16.2,-11.8303811311865));
#17633=CARTESIAN_POINT('',(46.6524791385931,16.2,-11.8303811311865));
#17634=CARTESIAN_POINT('',(46.6524791385931,14.7174665251543,-11.8303811311865));
#17635=CARTESIAN_POINT('',(46.6524791385931,15.5,-11.8303811311865));
#17636=CARTESIAN_POINT('',(46.6524791385931,15.5,-11.8303811311865));
#17637=CARTESIAN_POINT('',(46.6524791385931,15.5,-11.8303811311865));
#17638=CARTESIAN_POINT('',(46.5060325291864,15.5,-11.9768277405933));
#17639=CARTESIAN_POINT('',(50.3524791385931,14.7174665251543,-14.54327435));
#17640=CARTESIAN_POINT('',(50.3524791385931,15.5,-14.54327435));
#17641=CARTESIAN_POINT('',(50.3524791385931,15.5,-11.8303811311865));
#17642=CARTESIAN_POINT('',(50.3524791385931,15.5,-14.14327435));
#17643=CARTESIAN_POINT('',(50.3524791385931,14.7174665251543,-14.14327435));
#17644=CARTESIAN_POINT('',(50.3524791385931,16.2,-14.14327435));
#17645=CARTESIAN_POINT('',(50.3524791385931,16.2,-11.62327435));
#17646=CARTESIAN_POINT('',(50.3524791385931,16.2,-11.8303811311865));
#17647=CARTESIAN_POINT('',(50.3524791385931,15.5,-11.8303811311865));
#17648=CARTESIAN_POINT('',(51.1524791385931,14.7174665251543,-11.1232743499568));
#17649=CARTESIAN_POINT('',(51.1524791385931,16.2,-14.54327435));
#17650=CARTESIAN_POINT('',(51.1524791385931,16.2,-11.8303811311865));
#17651=CARTESIAN_POINT('',(51.1524791385931,16.2,-14.14327435));
#17652=CARTESIAN_POINT('',(51.1524791385931,14.7174665251543,-14.14327435));
#17653=CARTESIAN_POINT('',(51.1524791385931,15.5,-14.14327435));
#17654=CARTESIAN_POINT('',(51.1524791385931,15.5,-11.62327435));
#17655=CARTESIAN_POINT('',(51.1524791385931,15.5,-11.8303811311865));
#17656=CARTESIAN_POINT('',(51.1524791385931,16.2,-11.8303811311865));
#17657=CARTESIAN_POINT('',(49.8524791385931,13.4760488379616,-11.12327435));
#17658=CARTESIAN_POINT('',(49.8524791385931,15.5,-11.12327435));
#17659=CARTESIAN_POINT('',(50.2060325291864,15.5,-11.4768277405933));
#17660=CARTESIAN_POINT('',(50.2060325291864,16.2,-11.4768277405933));
#17661=CARTESIAN_POINT('',(50.2060325291864,16.2,-11.4768277405933));
#17662=CARTESIAN_POINT('',(49.8524791385931,16.2,-11.12327435));
#17663=CARTESIAN_POINT('',(51.1524791385931,14.7174665251543,-11.62327435));
#17664=CARTESIAN_POINT('',(51.2989257479999,15.5,-11.4768277405933));
#17665=CARTESIAN_POINT('',(51.2989257479999,16.2,-11.4768277405933));
#17666=CARTESIAN_POINT('',(51.2989257479999,15.5,-11.4768277405933));
#17667=CARTESIAN_POINT('',(51.1524791385931,15.5,-11.62327435));
#17668=CARTESIAN_POINT('',(51.1524791385931,16.2,-11.62327435));
#17669=CARTESIAN_POINT('',(49.8524791385931,15.5,-8.91927435));
#17670=CARTESIAN_POINT('',(49.8524791385931,15.5,-14.14327435));
#17671=CARTESIAN_POINT('',(49.8524791385931,15.5,-11.8303811311865));
#17672=CARTESIAN_POINT('',(51.6524791385931,15.5,-8.91927435));
#17673=CARTESIAN_POINT('',(51.6524791385931,15.5,-14.14327435));
#17674=CARTESIAN_POINT('',(51.6524791385931,15.5,-11.8303811311866));
#17675=CARTESIAN_POINT('',(49.8524791385931,16.2,-14.54327435));
#17676=CARTESIAN_POINT('',(49.8524791385931,16.2,-14.14327435));
#17677=CARTESIAN_POINT('',(49.8524791385931,16.2,-11.8303811311865));
#17678=CARTESIAN_POINT('',(51.6524791385931,16.2,-11.1232743499568));
#17679=CARTESIAN_POINT('',(51.6524791385931,16.2,-14.14327435));
#17680=CARTESIAN_POINT('',(51.6524791385931,16.2,-11.8303811311865));
#17681=CARTESIAN_POINT('',(49.4989257479999,16.2,-11.4768277405933));
#17682=CARTESIAN_POINT('',(49.8524791385931,16.2,-11.8303811311865));
#17683=CARTESIAN_POINT('',(49.8524791385931,16.2,-11.8303811311865));
#17684=CARTESIAN_POINT('',(49.8524791385931,16.2,-11.8303811311865));
#17685=CARTESIAN_POINT('',(49.8524791385931,14.7174665251543,-11.8303811311865));
#17686=CARTESIAN_POINT('',(49.8524791385931,15.5,-11.8303811311865));
#17687=CARTESIAN_POINT('',(49.8524791385931,15.5,-11.8303811311865));
#17688=CARTESIAN_POINT('',(49.8524791385931,15.5,-11.8303811311865));
#17689=CARTESIAN_POINT('',(8.84548298795745,15.5,29.1766150194491));
#17690=CARTESIAN_POINT('',(7.89764244894058,16.2,-55.5852178208391));
#17691=CARTESIAN_POINT('',(51.6524791385931,16.2,-11.8303811311865));
#17692=CARTESIAN_POINT('',(51.6524791385931,16.2,-11.8303811311865));
#17693=CARTESIAN_POINT('',(51.6524791385931,16.2,-11.8303811311865));
#17694=CARTESIAN_POINT('',(51.6524791385931,14.7174665251543,-11.8303811311865));
#17695=CARTESIAN_POINT('',(51.6524791385931,15.5,-11.8303811311865));
#17696=CARTESIAN_POINT('',(51.6524791385931,15.5,-11.8303811311866));
#17697=CARTESIAN_POINT('',(51.6524791385931,15.5,-11.8303811311866));
#17698=CARTESIAN_POINT('',(51.5060325291864,15.5,-11.9768277405933));
#17699=CARTESIAN_POINT('',(5.54115427318799,17.2,-18.20527435));
#17700=CARTESIAN_POINT('',(26.6411542731879,17.2,-18.20527435));
#17701=CARTESIAN_POINT('',(18.3200152003697,31.6126356509679,-4.46290465287024));
#17702=CARTESIAN_POINT('',(19.4707458959557,29.6195116203838,-13.2929116540637));
#17703=CARTESIAN_POINT('',(19.4707458959557,29.6195116203838,-9.68127435));
#17704=CARTESIAN_POINT('',(19.4707458959557,29.6195116203838,-13.2929116540637));
#17705=CARTESIAN_POINT('',(19.4707458959557,29.6195116203838,-13.2929116540637));
#17706=CARTESIAN_POINT('',(-19.0394974747902,25.5713343290484,-16.4411675688134));
#17707=CARTESIAN_POINT('',(1.38423233502271,24.4,-18.20527435));
#17708=CARTESIAN_POINT('',(-2.44442999427022,31.0314376793604,-7.03774800412411));
#17709=CARTESIAN_POINT('',(-1.62925410404424,29.6195116203838,-13.2929116540637));
#17710=CARTESIAN_POINT('',(-1.62925410404424,29.6195116203838,-13.2929116540637));
#17711=CARTESIAN_POINT('',(-1.62925410404424,29.6195116203838,-13.2929116540637));
#17712=CARTESIAN_POINT('',(-1.62925410404424,29.6195116203838,-9.68127435));
#17713=CARTESIAN_POINT('',(20.7163008318184,22.4621471878516,-16.5389110822508));
#17714=CARTESIAN_POINT('',(22.4842323350227,24.3999999999999,-18.20527435));
#17715=CARTESIAN_POINT('',(30.7580519475932,15.,-14.94327435));
#17716=CARTESIAN_POINT('',(30.7580519475932,15.,-14.54327435));
#17717=CARTESIAN_POINT('',(30.7580519475932,15.4,-14.54327435));
#17718=CARTESIAN_POINT('',(30.9750204394491,15.,-14.9432742999691));
#17719=CARTESIAN_POINT('',(30.8662552323144,15.0000000000004,-14.5550767709793));
#17720=CARTESIAN_POINT('',(30.8678754994379,15.3880208563379,-14.54327435));
#17721=CARTESIAN_POINT('',(31.2909743164129,15.,-14.8066873158271));
#17722=CARTESIAN_POINT('',(31.023661542103,14.9999999999889,-14.5254109914059));
#17723=CARTESIAN_POINT('',(31.032903224772,15.3711427740825,-14.474980827229));
#17724=CARTESIAN_POINT('',(31.5428404401454,15.,-14.4496098142188));
#17725=CARTESIAN_POINT('',(31.3133689940281,15.0000000000153,-14.3777837530807));
#17726=CARTESIAN_POINT('',(31.1918250938861,15.190826753043,-14.2964420832441));
#17727=CARTESIAN_POINT('',(31.6166708954393,15.,-14.2445502914991));
#17728=CARTESIAN_POINT('',(31.5450536249822,14.9999999999705,-14.2192317022842));
#17729=CARTESIAN_POINT('',(31.4734361323726,15.,-14.1939123207551));
#17730=CARTESIAN_POINT('',(31.6524791385931,15.,-14.14327435));
#17731=CARTESIAN_POINT('',(31.6524791385931,15.,-14.14327435));
#17732=CARTESIAN_POINT('',(31.6524791385931,15.,-14.14327435));
#17733=CARTESIAN_POINT('',(30.7580519475932,15.4,-14.54327435));
#17734=CARTESIAN_POINT('',(30.9404973805017,15.3800994931625,-14.54327435));
#17735=CARTESIAN_POINT('',(31.1822352712047,15.2242278823436,-14.2779759186825));
#17736=CARTESIAN_POINT('',(31.4776162250758,15.,-14.1927344620507));
#17737=CARTESIAN_POINT('',(31.6524791385931,15.,-14.14327435));
#17738=CARTESIAN_POINT('',(30.7580519475932,15.4,-14.94327435));
#17739=CARTESIAN_POINT('',(-29.2504063814917,15.4,-14.94327435));
#17740=CARTESIAN_POINT('',(30.746906329593,15.4,-14.94327435));
#17741=CARTESIAN_POINT('',(31.6524791385931,16.2,-14.14327435));
#17742=CARTESIAN_POINT('',(30.7524791385931,16.2,-14.14327435));
#17743=CARTESIAN_POINT('',(31.6524791385931,15.5,-14.14327435));
#17744=CARTESIAN_POINT('',(30.7524791385931,15.5,-14.14327435));
#17745=CARTESIAN_POINT('',(30.746906329593,15.4,-14.54327435));
#17746=CARTESIAN_POINT('',(30.746906329593,15.,-14.54327435));
#17747=CARTESIAN_POINT('',(30.746906329593,15.,-14.94327435));
#17748=CARTESIAN_POINT('',(30.6370827777484,15.3880208563379,-14.54327435));
#17749=CARTESIAN_POINT('',(30.6387030448719,15.0000000000004,-14.5550767709793));
#17750=CARTESIAN_POINT('',(30.5299378377372,15.,-14.9432742999691));
#17751=CARTESIAN_POINT('',(30.4720550523794,15.3711427740825,-14.4749808272274));
#17752=CARTESIAN_POINT('',(30.4812967350675,15.0000000005815,-14.5254109914018));
#17753=CARTESIAN_POINT('',(30.2139839607731,15.,-14.806687315827));
#17754=CARTESIAN_POINT('',(30.3131331833583,15.190826753043,-14.2964420832466));
#17755=CARTESIAN_POINT('',(30.1915892831799,14.9999999991893,-14.3777837530864));
#17756=CARTESIAN_POINT('',(29.9621178370412,15.,-14.449609814219));
#17757=CARTESIAN_POINT('',(30.0315221446857,15.,-14.1939123207495));
#17758=CARTESIAN_POINT('',(29.9599046521622,15.0000000015657,-14.2192317022733));
#17759=CARTESIAN_POINT('',(29.8882873817462,15.,-14.2445502914987));
#17760=CARTESIAN_POINT('',(29.8524791385931,15.,-14.14327435));
#17761=CARTESIAN_POINT('',(29.8524791385931,15.,-14.14327435));
#17762=CARTESIAN_POINT('',(29.8524791385931,15.,-14.14327435));
#17763=CARTESIAN_POINT('',(30.746906329593,15.4,-14.54327435));
#17764=CARTESIAN_POINT('',(30.5644608966845,15.3800994931625,-14.54327435));
#17765=CARTESIAN_POINT('',(30.3227230059816,15.2242278823436,-14.2779759186823));
#17766=CARTESIAN_POINT('',(30.0273420521103,15.,-14.192734462051));
#17767=CARTESIAN_POINT('',(29.8524791385931,15.,-14.14327435));
#17768=CARTESIAN_POINT('',(30.7524791385931,14.7174665251543,-14.14327435));
#17769=CARTESIAN_POINT('',(30.7524791385931,16.2,-14.14327435));
#17770=CARTESIAN_POINT('',(30.7524791385931,15.5,-14.14327435));
#17771=CARTESIAN_POINT('',(29.8524791385931,15.5,-14.14327435));
#17772=CARTESIAN_POINT('',(29.8524791385931,16.2,-14.14327435));
#17773=CARTESIAN_POINT('',(34.8524791385931,16.2,-14.14327435));
#17774=CARTESIAN_POINT('',(35.7524791385931,16.2,-14.14327435));
#17775=CARTESIAN_POINT('',(35.7524791385931,14.7174665251543,-14.14327435));
#17776=CARTESIAN_POINT('',(35.7524791385931,15.5,-14.14327435));
#17777=CARTESIAN_POINT('',(35.7524791385931,15.5,-14.14327435));
#17778=CARTESIAN_POINT('',(35.7524791385931,16.2,-14.14327435));
#17779=CARTESIAN_POINT('',(36.6524791385931,16.2,-14.14327435));
#17780=CARTESIAN_POINT('',(34.8524791385931,15.5,-14.14327435));
#17781=CARTESIAN_POINT('',(35.7469063295931,15.4,-14.54327435));
#17782=CARTESIAN_POINT('',(35.5644608966845,15.3800994931625,-14.54327435));
#17783=CARTESIAN_POINT('',(35.3227230059817,15.2242278823436,-14.2779759186821));
#17784=CARTESIAN_POINT('',(35.0273420521102,15.,-14.1927344620514));
#17785=CARTESIAN_POINT('',(34.8524791385931,15.,-14.14327435));
#17786=CARTESIAN_POINT('',(35.7469063295931,15.4,-14.54327435));
#17787=CARTESIAN_POINT('',(35.7469063295931,15.,-14.54327435));
#17788=CARTESIAN_POINT('',(35.7469063295931,15.,-14.94327435));
#17789=CARTESIAN_POINT('',(35.6370827777495,15.3880208563379,-14.54327435));
#17790=CARTESIAN_POINT('',(35.6387030448737,15.0000000000004,-14.5550767709793));
#17791=CARTESIAN_POINT('',(35.5299378377391,15.,-14.9432742999691));
#17792=CARTESIAN_POINT('',(35.4720550523799,15.3711427740825,-14.4749808272274));
#17793=CARTESIAN_POINT('',(35.4812967350692,15.0000000005816,-14.5254109914013));
#17794=CARTESIAN_POINT('',(35.2139839607729,15.,-14.8066873158271));
#17795=CARTESIAN_POINT('',(35.3131331833571,15.190826753043,-14.2964420832466));
#17796=CARTESIAN_POINT('',(35.191589283177,14.9999999991891,-14.377783753087));
#17797=CARTESIAN_POINT('',(34.9621178370409,15.,-14.4496098142188));
#17798=CARTESIAN_POINT('',(35.0315221446885,15.,-14.1939123207495));
#17799=CARTESIAN_POINT('',(34.9599046521679,15.0000000015661,-14.2192317022722));
#17800=CARTESIAN_POINT('',(34.8882873817469,15.,-14.2445502914991));
#17801=CARTESIAN_POINT('',(34.8524791385931,15.,-14.14327435));
#17802=CARTESIAN_POINT('',(34.8524791385931,15.,-14.14327435));
#17803=CARTESIAN_POINT('',(34.8524791385931,15.,-14.14327435));
#17804=CARTESIAN_POINT('',(35.7469063295931,15.4,-14.94327435));
#17805=CARTESIAN_POINT('',(36.6524791385931,15.5,-14.14327435));
#17806=CARTESIAN_POINT('',(35.7580519475932,15.4,-14.54327435));
#17807=CARTESIAN_POINT('',(35.9404973805017,15.3800994931625,-14.54327435));
#17808=CARTESIAN_POINT('',(36.1822352712046,15.2242278823436,-14.2779759186821));
#17809=CARTESIAN_POINT('',(36.4776162250761,15.,-14.1927344620514));
#17810=CARTESIAN_POINT('',(36.6524791385931,15.,-14.14327435));
#17811=CARTESIAN_POINT('',(-29.2504063814917,15.4,-14.94327435));
#17812=CARTESIAN_POINT('',(35.7580519475932,15.4,-14.94327435));
#17813=CARTESIAN_POINT('',(35.7580519475932,15.,-14.94327435));
#17814=CARTESIAN_POINT('',(35.7580519475932,15.,-14.54327435));
#17815=CARTESIAN_POINT('',(35.7580519475932,15.4,-14.54327435));
#17816=CARTESIAN_POINT('',(35.9750204394472,15.,-14.9432742999691));
#17817=CARTESIAN_POINT('',(35.8662552323126,15.0000000000004,-14.5550767709793));
#17818=CARTESIAN_POINT('',(35.8678754994368,15.3880208563379,-14.54327435));
#17819=CARTESIAN_POINT('',(36.2909743164133,15.,-14.8066873158271));
#17820=CARTESIAN_POINT('',(36.0236615421033,14.9999999999889,-14.5254109914059));
#17821=CARTESIAN_POINT('',(36.0329032247722,15.3711427740825,-14.474980827229));
#17822=CARTESIAN_POINT('',(36.5428404401453,15.,-14.4496098142188));
#17823=CARTESIAN_POINT('',(36.3133689940283,15.0000000000153,-14.3777837530807));
#17824=CARTESIAN_POINT('',(36.1918250938861,15.190826753043,-14.2964420832441));
#17825=CARTESIAN_POINT('',(36.6166708954393,15.,-14.2445502914991));
#17826=CARTESIAN_POINT('',(36.5450536249819,14.9999999999705,-14.2192317022842));
#17827=CARTESIAN_POINT('',(36.4734361323726,15.,-14.1939123207551));
#17828=CARTESIAN_POINT('',(36.6524791385931,15.,-14.14327435));
#17829=CARTESIAN_POINT('',(36.6524791385931,15.,-14.14327435));
#17830=CARTESIAN_POINT('',(36.6524791385931,15.,-14.14327435));
#17831=CARTESIAN_POINT('',(39.8524791385931,16.2,-14.14327435));
#17832=CARTESIAN_POINT('',(40.7524791385931,16.2,-14.14327435));
#17833=CARTESIAN_POINT('',(40.7524791385931,14.7174665251543,-14.14327435));
#17834=CARTESIAN_POINT('',(40.7524791385931,15.5,-14.14327435));
#17835=CARTESIAN_POINT('',(40.7524791385931,15.5,-14.14327435));
#17836=CARTESIAN_POINT('',(40.7524791385931,16.2,-14.14327435));
#17837=CARTESIAN_POINT('',(41.6524791385931,16.2,-14.14327435));
#17838=CARTESIAN_POINT('',(39.8524791385931,15.5,-14.14327435));
#17839=CARTESIAN_POINT('',(40.746906329593,15.4,-14.54327435));
#17840=CARTESIAN_POINT('',(40.5644608966845,15.3800994931625,-14.54327435));
#17841=CARTESIAN_POINT('',(40.3227230059817,15.2242278823436,-14.2779759186821));
#17842=CARTESIAN_POINT('',(40.0273420521102,15.,-14.1927344620514));
#17843=CARTESIAN_POINT('',(39.8524791385931,15.,-14.14327435));
#17844=CARTESIAN_POINT('',(40.746906329593,15.4,-14.54327435));
#17845=CARTESIAN_POINT('',(40.746906329593,15.,-14.54327435));
#17846=CARTESIAN_POINT('',(40.746906329593,15.,-14.94327435));
#17847=CARTESIAN_POINT('',(40.6370827777495,15.3880208563379,-14.54327435));
#17848=CARTESIAN_POINT('',(40.6387030448734,15.0000000000004,-14.5550767709793));
#17849=CARTESIAN_POINT('',(40.5299378377391,15.,-14.9432742999691));
#17850=CARTESIAN_POINT('',(40.4720550523799,15.3711427740825,-14.4749808272274));
#17851=CARTESIAN_POINT('',(40.4812967350693,15.0000000005816,-14.5254109914013));
#17852=CARTESIAN_POINT('',(40.2139839607729,15.,-14.8066873158271));
#17853=CARTESIAN_POINT('',(40.3131331833571,15.190826753043,-14.2964420832466));
#17854=CARTESIAN_POINT('',(40.191589283177,14.9999999991891,-14.377783753087));
#17855=CARTESIAN_POINT('',(39.9621178370409,15.,-14.4496098142188));
#17856=CARTESIAN_POINT('',(40.0315221446885,15.,-14.1939123207495));
#17857=CARTESIAN_POINT('',(39.9599046521679,15.0000000015661,-14.2192317022722));
#17858=CARTESIAN_POINT('',(39.8882873817469,15.,-14.2445502914991));
#17859=CARTESIAN_POINT('',(39.8524791385931,15.,-14.14327435));
#17860=CARTESIAN_POINT('',(39.8524791385931,15.,-14.14327435));
#17861=CARTESIAN_POINT('',(39.8524791385931,15.,-14.14327435));
#17862=CARTESIAN_POINT('',(40.746906329593,15.4,-14.94327435));
#17863=CARTESIAN_POINT('',(41.6524791385931,15.5,-14.14327435));
#17864=CARTESIAN_POINT('',(40.7580519475932,15.4,-14.54327435));
#17865=CARTESIAN_POINT('',(40.9404973805017,15.3800994931625,-14.54327435));
#17866=CARTESIAN_POINT('',(41.1822352712046,15.2242278823436,-14.2779759186821));
#17867=CARTESIAN_POINT('',(41.4776162250761,15.,-14.1927344620514));
#17868=CARTESIAN_POINT('',(41.6524791385931,15.,-14.14327435));
#17869=CARTESIAN_POINT('',(-29.2504063814917,15.4,-14.94327435));
#17870=CARTESIAN_POINT('',(40.7580519475932,15.4,-14.94327435));
#17871=CARTESIAN_POINT('',(40.7580519475932,15.,-14.94327435));
#17872=CARTESIAN_POINT('',(40.7580519475932,15.,-14.54327435));
#17873=CARTESIAN_POINT('',(40.7580519475932,15.4,-14.54327435));
#17874=CARTESIAN_POINT('',(40.9750204394472,15.,-14.9432742999691));
#17875=CARTESIAN_POINT('',(40.8662552323122,15.0000000000004,-14.5550767709793));
#17876=CARTESIAN_POINT('',(40.8678754994368,15.3880208563379,-14.54327435));
#17877=CARTESIAN_POINT('',(41.2909743164133,15.,-14.8066873158271));
#17878=CARTESIAN_POINT('',(41.0236615421034,14.9999999999889,-14.5254109914059));
#17879=CARTESIAN_POINT('',(41.0329032247722,15.3711427740825,-14.474980827229));
#17880=CARTESIAN_POINT('',(41.5428404401453,15.,-14.4496098142188));
#17881=CARTESIAN_POINT('',(41.3133689940282,15.0000000000153,-14.3777837530807));
#17882=CARTESIAN_POINT('',(41.1918250938861,15.190826753043,-14.2964420832441));
#17883=CARTESIAN_POINT('',(41.6166708954393,15.,-14.2445502914991));
#17884=CARTESIAN_POINT('',(41.5450536249819,14.9999999999705,-14.2192317022842));
#17885=CARTESIAN_POINT('',(41.4734361323726,15.,-14.1939123207551));
#17886=CARTESIAN_POINT('',(41.6524791385931,15.,-14.14327435));
#17887=CARTESIAN_POINT('',(41.6524791385931,15.,-14.14327435));
#17888=CARTESIAN_POINT('',(41.6524791385931,15.,-14.14327435));
#17889=CARTESIAN_POINT('',(-28.9403010218985,17.1,-14.14327435));
#17890=CARTESIAN_POINT('',(51.6524791385931,17.1,-14.14327435));
#17891=CARTESIAN_POINT('',(50.7580519475932,15.,-14.94327435));
#17892=CARTESIAN_POINT('',(50.7580519475932,15.,-14.54327435));
#17893=CARTESIAN_POINT('',(50.7580519475932,15.4,-14.54327435));
#17894=CARTESIAN_POINT('',(50.9750204394472,15.,-14.9432742999691));
#17895=CARTESIAN_POINT('',(50.8662552323138,15.0000000000004,-14.5550767709793));
#17896=CARTESIAN_POINT('',(50.8678754994368,15.3880208563379,-14.54327435));
#17897=CARTESIAN_POINT('',(51.2909743164133,15.,-14.8066873158271));
#17898=CARTESIAN_POINT('',(51.0236615421012,14.9999999998638,-14.5254109914055));
#17899=CARTESIAN_POINT('',(51.0329032247722,15.3711427740825,-14.474980827229));
#17900=CARTESIAN_POINT('',(51.5428404401453,15.,-14.4496098142188));
#17901=CARTESIAN_POINT('',(51.313368994031,15.0000000001897,-14.3777837530813));
#17902=CARTESIAN_POINT('',(51.1918250938861,15.190826753043,-14.2964420832441));
#17903=CARTESIAN_POINT('',(51.6166708954393,15.,-14.2445502914991));
#17904=CARTESIAN_POINT('',(51.5450536249767,14.9999999996336,-14.2192317022831));
#17905=CARTESIAN_POINT('',(51.4734361323725,15.,-14.1939123207551));
#17906=CARTESIAN_POINT('',(51.6524791385931,15.,-14.14327435));
#17907=CARTESIAN_POINT('',(51.6524791385931,15.,-14.14327435));
#17908=CARTESIAN_POINT('',(51.6524791385931,15.,-14.14327435));
#17909=CARTESIAN_POINT('',(50.7580519475932,15.4,-14.54327435));
#17910=CARTESIAN_POINT('',(50.9404973805017,15.3800994931625,-14.54327435));
#17911=CARTESIAN_POINT('',(51.1822352712046,15.2242278823436,-14.2779759186821));
#17912=CARTESIAN_POINT('',(51.4776162250761,15.,-14.1927344620514));
#17913=CARTESIAN_POINT('',(51.6524791385931,15.,-14.14327435));
#17914=CARTESIAN_POINT('',(50.7580519475932,15.4,-14.94327435));
#17915=CARTESIAN_POINT('',(-29.2504063814917,15.4,-14.94327435));
#17916=CARTESIAN_POINT('',(50.746906329593,15.4,-14.94327435));
#17917=CARTESIAN_POINT('',(51.6524791385931,16.2,-14.14327435));
#17918=CARTESIAN_POINT('',(50.7524791385931,16.2,-14.14327435));
#17919=CARTESIAN_POINT('',(51.6524791385931,15.5,-14.14327435));
#17920=CARTESIAN_POINT('',(50.7524791385931,15.5,-14.14327435));
#17921=CARTESIAN_POINT('',(50.746906329593,15.4,-14.54327435));
#17922=CARTESIAN_POINT('',(50.746906329593,15.,-14.54327435));
#17923=CARTESIAN_POINT('',(50.746906329593,15.,-14.94327435));
#17924=CARTESIAN_POINT('',(50.6370827777495,15.3880208563379,-14.54327435));
#17925=CARTESIAN_POINT('',(50.6387030448728,15.0000000000004,-14.5550767709793));
#17926=CARTESIAN_POINT('',(50.5299378377391,15.,-14.9432742999691));
#17927=CARTESIAN_POINT('',(50.4720550523799,15.3711427740825,-14.4749808272274));
#17928=CARTESIAN_POINT('',(50.4812967350694,15.0000000005894,-14.5254109914013));
#17929=CARTESIAN_POINT('',(50.2139839607729,15.,-14.8066873158271));
#17930=CARTESIAN_POINT('',(50.3131331833571,15.190826753043,-14.2964420832466));
#17931=CARTESIAN_POINT('',(50.191589283177,14.9999999991782,-14.377783753087));
#17932=CARTESIAN_POINT('',(49.9621178370409,15.,-14.4496098142188));
#17933=CARTESIAN_POINT('',(50.0315221446885,15.,-14.1939123207495));
#17934=CARTESIAN_POINT('',(49.9599046521678,15.0000000015871,-14.2192317022722));
#17935=CARTESIAN_POINT('',(49.8882873817469,15.,-14.2445502914991));
#17936=CARTESIAN_POINT('',(49.8524791385931,15.,-14.14327435));
#17937=CARTESIAN_POINT('',(49.8524791385931,15.,-14.14327435));
#17938=CARTESIAN_POINT('',(49.8524791385931,15.,-14.14327435));
#17939=CARTESIAN_POINT('',(50.746906329593,15.4,-14.54327435));
#17940=CARTESIAN_POINT('',(50.5644608966845,15.3800994931625,-14.54327435));
#17941=CARTESIAN_POINT('',(50.3227230059817,15.2242278823436,-14.2779759186821));
#17942=CARTESIAN_POINT('',(50.0273420521102,15.,-14.1927344620514));
#17943=CARTESIAN_POINT('',(49.8524791385931,15.,-14.14327435));
#17944=CARTESIAN_POINT('',(50.7524791385931,15.598,-14.14327435));
#17945=CARTESIAN_POINT('',(50.7524791385931,16.2,-14.14327435));
#17946=CARTESIAN_POINT('',(50.7524791385931,15.5,-14.14327435));
#17947=CARTESIAN_POINT('',(49.8524791385931,15.5,-14.14327435));
#17948=CARTESIAN_POINT('',(-28.9403010218985,17.1,-14.14327435));
#17949=CARTESIAN_POINT('',(44.8524791385931,17.1,-14.14327435));
#17950=CARTESIAN_POINT('',(49.8524791385931,16.2,-14.14327435));
#17951=CARTESIAN_POINT('',(49.8524791385931,17.1,-14.14327435));
#17952=CARTESIAN_POINT('',(44.8524791385931,16.2,-14.14327435));
#17953=CARTESIAN_POINT('',(45.7524791385931,16.2,-14.14327435));
#17954=CARTESIAN_POINT('',(-28.9403010218985,17.1,-14.14327435));
#17955=CARTESIAN_POINT('',(46.6524791385931,17.1,-14.14327435));
#17956=CARTESIAN_POINT('',(45.7524791385931,14.7174665251543,-14.14327435));
#17957=CARTESIAN_POINT('',(45.7524791385931,15.5,-14.14327435));
#17958=CARTESIAN_POINT('',(45.7524791385931,15.5,-14.14327435));
#17959=CARTESIAN_POINT('',(45.7524791385931,16.2,-14.14327435));
#17960=CARTESIAN_POINT('',(46.6524791385931,16.2,-14.14327435));
#17961=CARTESIAN_POINT('',(44.8524791385931,15.5,-14.14327435));
#17962=CARTESIAN_POINT('',(45.746906329593,15.4,-14.54327435));
#17963=CARTESIAN_POINT('',(45.5644608966845,15.3800994931625,-14.54327435));
#17964=CARTESIAN_POINT('',(45.3227230059817,15.2242278823436,-14.2779759186821));
#17965=CARTESIAN_POINT('',(45.0273420521102,15.,-14.1927344620514));
#17966=CARTESIAN_POINT('',(44.8524791385931,15.,-14.14327435));
#17967=CARTESIAN_POINT('',(45.746906329593,15.4,-14.54327435));
#17968=CARTESIAN_POINT('',(45.746906329593,15.,-14.54327435));
#17969=CARTESIAN_POINT('',(45.746906329593,15.,-14.94327435));
#17970=CARTESIAN_POINT('',(45.6370827777495,15.3880208563379,-14.54327435));
#17971=CARTESIAN_POINT('',(45.638703044871,15.0000000000004,-14.5550767709793));
#17972=CARTESIAN_POINT('',(45.5299378377391,15.,-14.9432742999691));
#17973=CARTESIAN_POINT('',(45.4720550523799,15.3711427740825,-14.4749808272274));
#17974=CARTESIAN_POINT('',(45.4812967350698,15.0000000005894,-14.5254109914013));
#17975=CARTESIAN_POINT('',(45.2139839607729,15.,-14.8066873158271));
#17976=CARTESIAN_POINT('',(45.3131331833571,15.190826753043,-14.2964420832466));
#17977=CARTESIAN_POINT('',(45.1915892831769,14.9999999991782,-14.377783753087));
#17978=CARTESIAN_POINT('',(44.9621178370409,15.,-14.4496098142188));
#17979=CARTESIAN_POINT('',(45.0315221446885,15.,-14.1939123207495));
#17980=CARTESIAN_POINT('',(44.9599046521678,15.0000000015871,-14.2192317022722));
#17981=CARTESIAN_POINT('',(44.8882873817469,15.,-14.2445502914991));
#17982=CARTESIAN_POINT('',(44.8524791385931,15.,-14.14327435));
#17983=CARTESIAN_POINT('',(44.8524791385931,15.,-14.14327435));
#17984=CARTESIAN_POINT('',(44.8524791385931,15.,-14.14327435));
#17985=CARTESIAN_POINT('',(45.746906329593,15.4,-14.94327435));
#17986=CARTESIAN_POINT('',(46.6524791385931,15.5,-14.14327435));
#17987=CARTESIAN_POINT('',(45.7580519475932,15.4,-14.54327435));
#17988=CARTESIAN_POINT('',(45.9404973805017,15.3800994931625,-14.54327435));
#17989=CARTESIAN_POINT('',(46.1822352712046,15.2242278823436,-14.2779759186821));
#17990=CARTESIAN_POINT('',(46.4776162250761,15.,-14.1927344620514));
#17991=CARTESIAN_POINT('',(46.6524791385931,15.,-14.14327435));
#17992=CARTESIAN_POINT('',(-29.2504063814917,15.4,-14.94327435));
#17993=CARTESIAN_POINT('',(45.7580519475932,15.4,-14.94327435));
#17994=CARTESIAN_POINT('',(45.7580519475932,15.,-14.94327435));
#17995=CARTESIAN_POINT('',(45.7580519475932,15.,-14.54327435));
#17996=CARTESIAN_POINT('',(45.7580519475932,15.4,-14.54327435));
#17997=CARTESIAN_POINT('',(45.9750204394472,15.,-14.9432742999691));
#17998=CARTESIAN_POINT('',(45.8662552323162,15.0000000000004,-14.5550767709793));
#17999=CARTESIAN_POINT('',(45.8678754994368,15.3880208563379,-14.54327435));
#18000=CARTESIAN_POINT('',(46.2909743164133,15.,-14.8066873158271));
#18001=CARTESIAN_POINT('',(46.0236615421023,14.9999999999811,-14.5254109914058));
#18002=CARTESIAN_POINT('',(46.0329032247722,15.3711427740825,-14.474980827229));
#18003=CARTESIAN_POINT('',(46.5428404401453,15.,-14.4496098142188));
#18004=CARTESIAN_POINT('',(46.3133689940287,15.0000000000262,-14.3777837530808));
#18005=CARTESIAN_POINT('',(46.1918250938861,15.190826753043,-14.2964420832441));
#18006=CARTESIAN_POINT('',(46.6166708954393,15.,-14.2445502914991));
#18007=CARTESIAN_POINT('',(46.5450536249812,14.9999999999494,-14.2192317022841));
#18008=CARTESIAN_POINT('',(46.4734361323726,15.,-14.1939123207551));
#18009=CARTESIAN_POINT('',(46.6524791385931,15.,-14.14327435));
#18010=CARTESIAN_POINT('',(46.6524791385931,15.,-14.14327435));
#18011=CARTESIAN_POINT('',(46.6524791385931,15.,-14.14327435));
#18012=CARTESIAN_POINT('',(18.4095859527588,23.3532104492188,90.1946029663086));
#18013=CARTESIAN_POINT('',(0.,0.,0.));
#18014=CARTESIAN_POINT('',(-26.0931801977162,-26.0931801977162,104.654029846191));
#18015=CARTESIAN_POINT('',(18.4095859527588,-81.3008193969727,-14.4594268798828));
#18016=CARTESIAN_POINT('',(0.,0.,0.));
#18017=CARTESIAN_POINT('',(-26.0931801977162,-26.0931801977162,104.654029846191));
#18018=CARTESIAN_POINT('',(17.4310474395752,23.3532104492188,-14.4594268798828));
#18019=CARTESIAN_POINT('',(0.,0.,0.));
#18020=CARTESIAN_POINT('',(-4.34604823669221,-4.34604823669221,17.4310474395752));
#18021=CARTESIAN_POINT('',(18.4095859527588,128.007247924805,-14.4594268798828));
#18022=CARTESIAN_POINT('',(0.,0.,0.));
#18023=CARTESIAN_POINT('',(-26.0931820999378,-26.0931820999378,104.654037475586));
#18024=CARTESIAN_POINT('',(18.4095859527588,23.3532104492188,-119.113456726074));
#18025=CARTESIAN_POINT('',(0.,0.,0.));
#18026=CARTESIAN_POINT('',(-26.0931801977162,-26.0931801977162,104.654029846191));
#18027=CARTESIAN_POINT('',(-17.4310474395752,23.3532104492188,-14.4594268798828));
#18028=CARTESIAN_POINT('',(0.,0.,0.));
#18029=CARTESIAN_POINT('',(-4.34604823669221,-4.34604823669221,17.4310474395752));
#18030=CARTESIAN_POINT('',(76.9743639628092,-35.2115675608317,44.1053511301677));
#18031=CARTESIAN_POINT('',(0.,0.,0.));
#18032=CARTESIAN_POINT('',(-22.4980659435344,-22.4980659435344,90.2348141121683));
#18033=CARTESIAN_POINT('',(79.8273534788084,-26.6311061980505,17.6149565178295));
#18034=CARTESIAN_POINT('',(0.,0.,0.));
#18035=CARTESIAN_POINT('',(-19.841328206856,-19.841328206856,79.5792210307173));
#18036=MECHANICAL_DESIGN_GEOMETRIC_PRESENTATION_REPRESENTATION('',(#10075),
#18037);
#18037=(
GEOMETRIC_REPRESENTATION_CONTEXT(3)
GLOBAL_UNCERTAINTY_ASSIGNED_CONTEXT((#18038))
GLOBAL_UNIT_ASSIGNED_CONTEXT((#18041,#18040,#18039))
REPRESENTATION_CONTEXT('antenna-rail-A.3','TOP_LEVEL_ASSEMBLY_PART')
);
#18038=UNCERTAINTY_MEASURE_WITH_UNIT(LENGTH_MEASURE(0.005),#18041,
'DISTANCE_ACCURACY_VALUE','Maximum Tolerance applied to model');
#18039=(
NAMED_UNIT(*)
SI_UNIT($,.STERADIAN.)
SOLID_ANGLE_UNIT()
);
#18040=(
NAMED_UNIT(*)
PLANE_ANGLE_UNIT()
SI_UNIT($,.RADIAN.)
);
#18041=(
LENGTH_UNIT()
NAMED_UNIT(*)
SI_UNIT(.MILLI.,.METRE.)
);
#18042=PRODUCT_DEFINITION_SHAPE('','',#18043);
#18043=PRODUCT_DEFINITION('','',#18045,#18044);
#18044=PRODUCT_DEFINITION_CONTEXT('',#18051,'design');
#18045=PRODUCT_DEFINITION_FORMATION_WITH_SPECIFIED_SOURCE('','',#18047,
 .NOT_KNOWN.);
#18046=PRODUCT_RELATED_PRODUCT_CATEGORY('','',(#18047));
#18047=PRODUCT('antenna-rail-A.3','antenna-rail-A.3','antenna-rail-A.3',
(#18049));
#18048=PRODUCT_CATEGORY('','');
#18049=PRODUCT_CONTEXT('',#18051,'mechanical');
#18050=APPLICATION_PROTOCOL_DEFINITION('international standard',
'ap242_managed_model_based_3d_engineering',2020,#18051);
#18051=APPLICATION_CONTEXT('managed model based 3d engineering');
ENDSEC;
END-ISO-10303-21;
